scheme_code,scheme_name,full_date,nav,daily_return
118989,ICICI Prudential Technology Fund - Direct Growth,2022-01-01,222.1312,0.0
118989,ICICI Prudential Technology Fund - Direct Growth,2022-01-02,221.1422,-0.0044523236717759485
118989,ICICI Prudential Technology Fund - Direct Growth,2022-01-03,219.4095,-0.007835230001329463
118989,ICICI Prudential Technology Fund - Direct Growth,2022-01-04,215.7252,-0.01679188913880214
118989,ICICI Prudential Technology Fund - Direct Growth,2022-01-05,216.189,0.002149957445861661
118989,ICICI Prudential Technology Fund - Direct Growth,2022-01-06,217.7939,0.00742359694526562
118989,ICICI Prudential Technology Fund - Direct Growth,2022-01-07,219.2267,0.006578696648528615
118989,ICICI Prudential Technology Fund - Direct Growth,2022-01-08,221.4714,0.010239172509552974
118989,ICICI Prudential Technology Fund - Direct Growth,2022-01-09,222.422,0.0042922020631106506
118989,ICICI Prudential Technology Fund - Direct Growth,2022-01-10,221.0891,-0.005992662596325915
118989,ICICI Prudential Technology Fund - Direct Growth,2022-01-11,223.4052,0.01047586696947067
118989,ICICI Prudential Technology Fund - Direct Growth,2022-01-12,219.8552,-0.015890408996746763
118989,ICICI Prudential Technology Fund - Direct Growth,2022-01-13,217.5669,-0.010408214133666105
118989,ICICI Prudential Technology Fund - Direct Growth,2022-01-14,215.1366,-0.011170357255630425
118989,ICICI Prudential Technology Fund - Direct Growth,2022-01-15,218.011,0.013360813548229489
118989,ICICI Prudential Technology Fund - Direct Growth,2022-01-16,220.5647,0.011713629128805358
118989,ICICI Prudential Technology Fund - Direct Growth,2022-01-17,221.9427,0.0062475999105930935
118989,ICICI Prudential Technology Fund - Direct Growth,2022-01-18,224.8864,0.01326333328377105
118989,ICICI Prudential Technology Fund - Direct Growth,2022-01-19,222.6035,-0.01015134752479474
118989,ICICI Prudential Technology Fund - Direct Growth,2022-01-20,223.6237,0.004583036654859596
118989,ICICI Prudential Technology Fund - Direct Growth,2022-01-21,223.3772,-0.0011022981911131824
118989,ICICI Prudential Technology Fund - Direct Growth,2022-01-22,225.7366,0.010562402966820317
118989,ICICI Prudential Technology Fund - Direct Growth,2022-01-23,225.5148,-0.0009825610911123883
118989,ICICI Prudential Technology Fund - Direct Growth,2022-01-24,224.5633,-0.004219235278571598
118989,ICICI Prudential Technology Fund - Direct Growth,2022-01-25,226.1107,0.006890707430822429
118989,ICICI Prudential Technology Fund - Direct Growth,2022-01-26,228.5785,0.010914123037963241
118989,ICICI Prudential Technology Fund - Direct Growth,2022-01-27,226.8367,-0.0076201392519418265
118989,ICICI Prudential Technology Fund - Direct Growth,2022-01-28,226.7612,-0.0003328385574292714
118989,ICICI Prudential Technology Fund - Direct Growth,2022-01-29,223.9717,-0.012301487203278172
118989,ICICI Prudential Technology Fund - Direct Growth,2022-01-30,217.3473,-0.02957695101657931
118989,ICICI Prudential Technology Fund - Direct Growth,2022-01-31,217.9571,0.0028056479192517525
118989,ICICI Prudential Technology Fund - Direct Growth,2022-02-01,219.6369,0.007707021244088841
118989,ICICI Prudential Technology Fund - Direct Growth,2022-02-02,220.4155,0.003544941674190394
118989,ICICI Prudential Technology Fund - Direct Growth,2022-02-03,215.3471,-0.022994753091320708
118989,ICICI Prudential Technology Fund - Direct Growth,2022-02-04,214.5266,-0.0038101279283538902
118989,ICICI Prudential Technology Fund - Direct Growth,2022-02-05,208.9017,-0.026220058491580933
118989,ICICI Prudential Technology Fund - Direct Growth,2022-02-06,212.4189,0.01683662698771715
118989,ICICI Prudential Technology Fund - Direct Growth,2022-02-07,209.7355,-0.012632585895134607
118989,ICICI Prudential Technology Fund - Direct Growth,2022-02-08,212.979,0.01546471627359236
118989,ICICI Prudential Technology Fund - Direct Growth,2022-02-09,215.4816,0.01175045427013921
118989,ICICI Prudential Technology Fund - Direct Growth,2022-02-10,213.2391,-0.010406921054976315
118989,ICICI Prudential Technology Fund - Direct Growth,2022-02-11,210.4257,-0.013193640378335925
118989,ICICI Prudential Technology Fund - Direct Growth,2022-02-12,211.3946,0.004604475593998236
118989,ICICI Prudential Technology Fund - Direct Growth,2022-02-13,209.3373,-0.009732036674541367
118989,ICICI Prudential Technology Fund - Direct Growth,2022-02-14,209.6785,0.0016299054205821673
118989,ICICI Prudential Technology Fund - Direct Growth,2022-02-15,208.5475,-0.005393972200297137
118989,ICICI Prudential Technology Fund - Direct Growth,2022-02-16,204.1734,-0.020974118606073122
118989,ICICI Prudential Technology Fund - Direct Growth,2022-02-17,198.7902,-0.026365824343425714
118989,ICICI Prudential Technology Fund - Direct Growth,2022-02-18,199.4105,0.0031203751492780984
118989,ICICI Prudential Technology Fund - Direct Growth,2022-02-19,198.1465,-0.0063386832689352746
118989,ICICI Prudential Technology Fund - Direct Growth,2022-02-20,196.9106,-0.006237304216829553
118989,ICICI Prudential Technology Fund - Direct Growth,2022-02-21,198.6336,0.008750163779908338
118989,ICICI Prudential Technology Fund - Direct Growth,2022-02-22,201.5101,0.014481437178805567
118989,ICICI Prudential Technology Fund - Direct Growth,2022-02-23,200.9317,-0.002870327591520172
118989,ICICI Prudential Technology Fund - Direct Growth,2022-02-24,200.1908,-0.0036873226076323817
118989,ICICI Prudential Technology Fund - Direct Growth,2022-02-25,201.4724,0.006401892594464886
118989,ICICI Prudential Technology Fund - Direct Growth,2022-02-26,198.2724,-0.015883068847147297
118989,ICICI Prudential Technology Fund - Direct Growth,2022-02-27,198.8827,0.0030780885287109427
118989,ICICI Prudential Technology Fund - Direct Growth,2022-02-28,200.2794,0.007022732495083783
118989,ICICI Prudential Technology Fund - Direct Growth,2022-03-01,201.9943,0.008562538134226472
118989,ICICI Prudential Technology Fund - Direct Growth,2022-03-02,197.3805,-0.022841238589405677
118989,ICICI Prudential Technology Fund - Direct Growth,2022-03-03,195.6561,-0.008736425330769793
118989,ICICI Prudential Technology Fund - Direct Growth,2022-03-04,193.6723,-0.01013921876189905
118989,ICICI Prudential Technology Fund - Direct Growth,2022-03-05,193.9819,0.0015985765646402417
118989,ICICI Prudential Technology Fund - Direct Growth,2022-03-06,195.1786,0.0061691322747121635
118989,ICICI Prudential Technology Fund - Direct Growth,2022-03-07,198.7622,0.018360619453157367
118989,ICICI Prudential Technology Fund - Direct Growth,2022-03-08,197.6611,-0.005539785733907121
118989,ICICI Prudential Technology Fund - Direct Growth,2022-03-09,196.56,-0.00557064591869616
118989,ICICI Prudential Technology Fund - Direct Growth,2022-03-10,199.3504,0.01419617419617425
118989,ICICI Prudential Technology Fund - Direct Growth,2022-03-11,200.1396,0.00395885837199228
118989,ICICI Prudential Technology Fund - Direct Growth,2022-03-12,203.2641,0.015611603101035598
118989,ICICI Prudential Technology Fund - Direct Growth,2022-03-13,204.0497,0.00386492253181947
118989,ICICI Prudential Technology Fund - Direct Growth,2022-03-14,201.298,-0.013485440066807297
118989,ICICI Prudential Technology Fund - Direct Growth,2022-03-15,198.1582,-0.01559777046965205
118989,ICICI Prudential Technology Fund - Direct Growth,2022-03-16,194.5481,-0.018218272067469288
118989,ICICI Prudential Technology Fund - Direct Growth,2022-03-17,196.1715,0.008344465970112402
118989,ICICI Prudential Technology Fund - Direct Growth,2022-03-18,199.048,0.014663190116811053
118989,ICICI Prudential Technology Fund - Direct Growth,2022-03-19,203.545,0.022592540492745394
118989,ICICI Prudential Technology Fund - Direct Growth,2022-03-20,205.6857,0.01051708467415069
118989,ICICI Prudential Technology Fund - Direct Growth,2022-03-21,208.6381,0.014353939043890707
118989,ICICI Prudential Technology Fund - Direct Growth,2022-03-22,207.2694,-0.006560163268358066
118989,ICICI Prudential Technology Fund - Direct Growth,2022-03-23,204.476,-0.013477146168223486
118989,ICICI Prudential Technology Fund - Direct Growth,2022-03-24,206.6436,0.010600755100843129
118989,ICICI Prudential Technology Fund - Direct Growth,2022-03-25,207.762,0.005412216976475426
118989,ICICI Prudential Technology Fund - Direct Growth,2022-03-26,208.113,0.0016894331013370678
118989,ICICI Prudential Technology Fund - Direct Growth,2022-03-27,209.1636,0.005048218996410725
118989,ICICI Prudential Technology Fund - Direct Growth,2022-03-28,210.0584,0.004277991007995752
118989,ICICI Prudential Technology Fund - Direct Growth,2022-03-29,213.3785,0.015805604536643036
118989,ICICI Prudential Technology Fund - Direct Growth,2022-03-30,216.7797,0.015939750256000362
118989,ICICI Prudential Technology Fund - Direct Growth,2022-03-31,218.2821,0.006930538237667205
118989,ICICI Prudential Technology Fund - Direct Growth,2022-04-01,220.5849,0.01054965111660544
118989,ICICI Prudential Technology Fund - Direct Growth,2022-04-02,222.0339,0.0065688993217576375
118989,ICICI Prudential Technology Fund - Direct Growth,2022-04-03,220.894,-0.0051339007241686385
118989,ICICI Prudential Technology Fund - Direct Growth,2022-04-04,222.9878,0.009478754515740428
118989,ICICI Prudential Technology Fund - Direct Growth,2022-04-05,219.3455,-0.016334077469709163
118989,ICICI Prudential Technology Fund - Direct Growth,2022-04-06,222.2072,0.013046540731403322
118989,ICICI Prudential Technology Fund - Direct Growth,2022-04-07,219.1109,-0.013934291958136447
118989,ICICI Prudential Technology Fund - Direct Growth,2022-04-08,219.95,0.0038295675842690002
118989,ICICI Prudential Technology Fund - Direct Growth,2022-04-09,217.8073,-0.009741759490793367
118989,ICICI Prudential Technology Fund - Direct Growth,2022-04-10,219.3408,0.007040627196609028
118989,ICICI Prudential Technology Fund - Direct Growth,2022-04-11,219.3392,-7.294584500439072e-06
118989,ICICI Prudential Technology Fund - Direct Growth,2022-04-12,215.2294,-0.018737188792518622
118989,ICICI Prudential Technology Fund - Direct Growth,2022-04-13,216.4021,0.0054486050697535315
118989,ICICI Prudential Technology Fund - Direct Growth,2022-04-14,214.9879,-0.006535056730040956
118989,ICICI Prudential Technology Fund - Direct Growth,2022-04-15,217.3471,0.010973640842112609
118989,ICICI Prudential Technology Fund - Direct Growth,2022-04-16,217.4375,0.0004159245741028883
118989,ICICI Prudential Technology Fund - Direct Growth,2022-04-17,218.5562,0.005144926703075647
118989,ICICI Prudential Technology Fund - Direct Growth,2022-04-18,216.1322,-0.011090968821749203
118989,ICICI Prudential Technology Fund - Direct Growth,2022-04-19,214.6902,-0.006671842511203785
118989,ICICI Prudential Technology Fund - Direct Growth,2022-04-20,213.5945,-0.005103633048923473
118989,ICICI Prudential Technology Fund - Direct Growth,2022-04-21,215.8758,0.01068051845904261
118989,ICICI Prudential Technology Fund - Direct Growth,2022-04-22,220.3074,0.020528470537225507
118989,ICICI Prudential Technology Fund - Direct Growth,2022-04-23,218.2669,-0.009262058378429416
118989,ICICI Prudential Technology Fund - Direct Growth,2022-04-24,221.1747,0.013322221555352787
118989,ICICI Prudential Technology Fund - Direct Growth,2022-04-25,215.5046,-0.025636295652260332
118989,ICICI Prudential Technology Fund - Direct Growth,2022-04-26,212.5026,-0.013930097083774573
118989,ICICI Prudential Technology Fund - Direct Growth,2022-04-27,210.1427,-0.011105275888389166
118989,ICICI Prudential Technology Fund - Direct Growth,2022-04-28,206.8161,-0.015830195386277945
118989,ICICI Prudential Technology Fund - Direct Growth,2022-04-29,202.9687,-0.01860300044338903
118989,ICICI Prudential Technology Fund - Direct Growth,2022-04-30,204.0558,0.0053559982401227835
118989,ICICI Prudential Technology Fund - Direct Growth,2022-05-01,203.6132,-0.002169014553862203
118989,ICICI Prudential Technology Fund - Direct Growth,2022-05-02,204.6217,0.004953018763027117
118989,ICICI Prudential Technology Fund - Direct Growth,2022-05-03,206.399,0.008685784547777686
118989,ICICI Prudential Technology Fund - Direct Growth,2022-05-04,207.1394,0.0035872266822998267
118989,ICICI Prudential Technology Fund - Direct Growth,2022-05-05,208.8572,0.008292965992949819
118989,ICICI Prudential Technology Fund - Direct Growth,2022-05-06,208.7665,-0.00043426800704016166
118989,ICICI Prudential Technology Fund - Direct Growth,2022-05-07,205.8764,-0.013843696186888299
118989,ICICI Prudential Technology Fund - Direct Growth,2022-05-08,208.5721,0.013093778597255579
118989,ICICI Prudential Technology Fund - Direct Growth,2022-05-09,207.1811,-0.006669156612989058
118989,ICICI Prudential Technology Fund - Direct Growth,2022-05-10,204.9379,-0.0108272424463427
118989,ICICI Prudential Technology Fund - Direct Growth,2022-05-11,204.5823,-0.0017351597727897072
118989,ICICI Prudential Technology Fund - Direct Growth,2022-05-12,202.4232,-0.010553698927033284
118989,ICICI Prudential Technology Fund - Direct Growth,2022-05-13,201.4902,-0.004609155472297788
118989,ICICI Prudential Technology Fund - Direct Growth,2022-05-14,202.4027,0.004528756237276221
118989,ICICI Prudential Technology Fund - Direct Growth,2022-05-15,203.3297,0.004579978429141374
118989,ICICI Prudential Technology Fund - Direct Growth,2022-05-16,201.2204,-0.010373791925134324
118989,ICICI Prudential Technology Fund - Direct Growth,2022-05-17,200.1233,-0.0054522304895527895
118989,ICICI Prudential Technology Fund - Direct Growth,2022-05-18,202.7833,0.013291805601846507
118989,ICICI Prudential Technology Fund - Direct Growth,2022-05-19,204.0724,0.006357032359173509
118989,ICICI Prudential Technology Fund - Direct Growth,2022-05-20,209.2356,0.025300824609305383
118989,ICICI Prudential Technology Fund - Direct Growth,2022-05-21,212.2824,0.01456157556362303
118989,ICICI Prudential Technology Fund - Direct Growth,2022-05-22,215.2823,0.014131647277400239
118989,ICICI Prudential Technology Fund - Direct Growth,2022-05-23,211.783,-0.016254471454457686
118989,ICICI Prudential Technology Fund - Direct Growth,2022-05-24,213.809,0.009566395791919202
118989,ICICI Prudential Technology Fund - Direct Growth,2022-05-25,213.7583,-0.00023712752971116746
118989,ICICI Prudential Technology Fund - Direct Growth,2022-05-26,212.4305,-0.0062116886221493806
118989,ICICI Prudential Technology Fund - Direct Growth,2022-05-27,212.9438,0.002416319690440094
118989,ICICI Prudential Technology Fund - Direct Growth,2022-05-28,215.4443,0.011742534884791045
118989,ICICI Prudential Technology Fund - Direct Growth,2022-05-29,216.8253,0.006410009454880017
118989,ICICI Prudential Technology Fund - Direct Growth,2022-05-30,214.6263,-0.010141805407394844
118989,ICICI Prudential Technology Fund - Direct Growth,2022-05-31,216.6244,0.009309669877363591
118989,ICICI Prudential Technology Fund - Direct Growth,2022-06-01,215.0536,-0.007251260707473506
118989,ICICI Prudential Technology Fund - Direct Growth,2022-06-02,215.6988,0.0030001822801386524
118989,ICICI Prudential Technology Fund - Direct Growth,2022-06-03,214.9999,-0.0032401663801561176
118989,ICICI Prudential Technology Fund - Direct Growth,2022-06-04,214.5212,-0.0022265126634942733
118989,ICICI Prudential Technology Fund - Direct Growth,2022-06-05,216.5795,0.009594855893030552
118989,ICICI Prudential Technology Fund - Direct Growth,2022-06-06,213.9627,-0.012082399303719793
118989,ICICI Prudential Technology Fund - Direct Growth,2022-06-07,219.0427,0.023742456044908655
118989,ICICI Prudential Technology Fund - Direct Growth,2022-06-08,214.3436,-0.021452894800876643
118989,ICICI Prudential Technology Fund - Direct Growth,2022-06-09,212.8921,-0.006771837367665845
118989,ICICI Prudential Technology Fund - Direct Growth,2022-06-10,213.923,0.004842359110554195
118989,ICICI Prudential Technology Fund - Direct Growth,2022-06-11,215.5085,0.0074115452756364775
118989,ICICI Prudential Technology Fund - Direct Growth,2022-06-12,215.3349,-0.0008055366725674418
118989,ICICI Prudential Technology Fund - Direct Growth,2022-06-13,215.2727,-0.00028885238760656406
118989,ICICI Prudential Technology Fund - Direct Growth,2022-06-14,216.4194,0.005326732093758224
118989,ICICI Prudential Technology Fund - Direct Growth,2022-06-15,215.9059,-0.002372707807155927
118989,ICICI Prudential Technology Fund - Direct Growth,2022-06-16,219.6018,0.01711810561916094
118989,ICICI Prudential Technology Fund - Direct Growth,2022-06-17,221.9015,0.010472136385038855
118989,ICICI Prudential Technology Fund - Direct Growth,2022-06-18,224.3144,0.01087374353035031
118989,ICICI Prudential Technology Fund - Direct Growth,2022-06-19,221.8035,-0.01119366389317844
118989,ICICI Prudential Technology Fund - Direct Growth,2022-06-20,221.6809,-0.0005527415031774119
118989,ICICI Prudential Technology Fund - Direct Growth,2022-06-21,220.9703,-0.0032055084583290094
118989,ICICI Prudential Technology Fund - Direct Growth,2022-06-22,218.3922,-0.011667178801857081
118989,ICICI Prudential Technology Fund - Direct Growth,2022-06-23,219.4234,0.004721780356624405
118989,ICICI Prudential Technology Fund - Direct Growth,2022-06-24,218.0955,-0.006051770230522391
118989,ICICI Prudential Technology Fund - Direct Growth,2022-06-25,219.898,0.008264728066374571
118989,ICICI Prudential Technology Fund - Direct Growth,2022-06-26,217.162,-0.01244213226132107
118989,ICICI Prudential Technology Fund - Direct Growth,2022-06-27,221.7286,0.021028540904946436
118989,ICICI Prudential Technology Fund - Direct Growth,2022-06-28,219.4324,-0.010355903568596947
118989,ICICI Prudential Technology Fund - Direct Growth,2022-06-29,220.0976,0.003031457524048431
118989,ICICI Prudential Technology Fund - Direct Growth,2022-06-30,222.2771,0.009902425105952961
118989,ICICI Prudential Technology Fund - Direct Growth,2022-07-01,220.8439,-0.00644780771388509
118989,ICICI Prudential Technology Fund - Direct Growth,2022-07-02,223.1914,0.01062968005908238
118989,ICICI Prudential Technology Fund - Direct Growth,2022-07-03,219.9886,-0.014350015278366435
118989,ICICI Prudential Technology Fund - Direct Growth,2022-07-04,223.91,0.017825469137946248
118989,ICICI Prudential Technology Fund - Direct Growth,2022-07-05,224.0376,0.0005698718235005451
118989,ICICI Prudential Technology Fund - Direct Growth,2022-07-06,222.5238,-0.006756901520101999
118989,ICICI Prudential Technology Fund - Direct Growth,2022-07-07,221.8139,-0.003190220551689271
118989,ICICI Prudential Technology Fund - Direct Growth,2022-07-08,224.0558,0.010107121330088065
118989,ICICI Prudential Technology Fund - Direct Growth,2022-07-09,222.574,-0.006613531093593639
118989,ICICI Prudential Technology Fund - Direct Growth,2022-07-10,220.6616,-0.00859219854969595
118989,ICICI Prudential Technology Fund - Direct Growth,2022-07-11,220.1632,-0.00225866213242365
118989,ICICI Prudential Technology Fund - Direct Growth,2022-07-12,217.1418,-0.013723456054417826
118989,ICICI Prudential Technology Fund - Direct Growth,2022-07-13,221.9725,0.022246753043402956
118989,ICICI Prudential Technology Fund - Direct Growth,2022-07-14,220.5526,-0.006396738334703556
118989,ICICI Prudential Technology Fund - Direct Growth,2022-07-15,222.8418,0.010379383421460497
118989,ICICI Prudential Technology Fund - Direct Growth,2022-07-16,223.4911,0.0029137262398706287
118989,ICICI Prudential Technology Fund - Direct Growth,2022-07-17,220.9401,-0.011414324776243823
118989,ICICI Prudential Technology Fund - Direct Growth,2022-07-18,221.0127,0.0003285958501875186
118989,ICICI Prudential Technology Fund - Direct Growth,2022-07-19,223.1804,0.009808033655984483
118989,ICICI Prudential Technology Fund - Direct Growth,2022-07-20,222.7655,-0.0018590342162662088
118989,ICICI Prudential Technology Fund - Direct Growth,2022-07-21,226.044,0.014717269954279244
118989,ICICI Prudential Technology Fund - Direct Growth,2022-07-22,228.9053,0.01265815504945933
118989,ICICI Prudential Technology Fund - Direct Growth,2022-07-23,231.521,0.011426996229445097
118989,ICICI Prudential Technology Fund - Direct Growth,2022-07-24,230.3366,-0.005115734641781833
118989,ICICI Prudential Technology Fund - Direct Growth,2022-07-25,227.444,-0.012558143169604907
118989,ICICI Prudential Technology Fund - Direct Growth,2022-07-26,225.8603,-0.006963032658588442
118989,ICICI Prudential Technology Fund - Direct Growth,2022-07-27,226.4825,0.0027548002017174777
118989,ICICI Prudential Technology Fund - Direct Growth,2022-07-28,228.0564,0.006949322795359425
118989,ICICI Prudential Technology Fund - Direct Growth,2022-07-29,222.2047,-0.02565900364997431
118989,ICICI Prudential Technology Fund - Direct Growth,2022-07-30,222.2719,0.00030242384612022555
118989,ICICI Prudential Technology Fund - Direct Growth,2022-07-31,222.7825,0.002297186463966039
118989,ICICI Prudential Technology Fund - Direct Growth,2022-08-01,222.1296,-0.00293066107077522
118989,ICICI Prudential Technology Fund - Direct Growth,2022-08-02,225.6604,0.0158952251298341
118989,ICICI Prudential Technology Fund - Direct Growth,2022-08-03,226.8928,0.005461303799869199
118989,ICICI Prudential Technology Fund - Direct Growth,2022-08-04,230.5508,0.016122151077513358
118989,ICICI Prudential Technology Fund - Direct Growth,2022-08-05,230.0455,-0.0021917078578778115
118989,ICICI Prudential Technology Fund - Direct Growth,2022-08-06,232.7255,0.01164986926499334
118989,ICICI Prudential Technology Fund - Direct Growth,2022-08-07,237.3848,0.02002058218802838
118989,ICICI Prudential Technology Fund - Direct Growth,2022-08-08,241.2163,0.01614046055181273
118989,ICICI Prudential Technology Fund - Direct Growth,2022-08-09,238.1515,-0.012705609032225396
118989,ICICI Prudential Technology Fund - Direct Growth,2022-08-10,237.5218,-0.0026441151955792774
118989,ICICI Prudential Technology Fund - Direct Growth,2022-08-11,236.633,-0.0037419723158043094
118989,ICICI Prudential Technology Fund - Direct Growth,2022-08-12,238.1169,0.006270892056475574
118989,ICICI Prudential Technology Fund - Direct Growth,2022-08-13,240.1733,0.008636094288141827
118989,ICICI Prudential Technology Fund - Direct Growth,2022-08-14,237.8516,-0.009666769786649931
118989,ICICI Prudential Technology Fund - Direct Growth,2022-08-15,238.1404,0.0012142024691026432
118989,ICICI Prudential Technology Fund - Direct Growth,2022-08-16,232.4633,-0.02383929816192465
118989,ICICI Prudential Technology Fund - Direct Growth,2022-08-17,236.5787,0.017703439639719543
118989,ICICI Prudential Technology Fund - Direct Growth,2022-08-18,235.2187,-0.005748615576972815
118989,ICICI Prudential Technology Fund - Direct Growth,2022-08-19,235.4705,0.0010704931198071144
118989,ICICI Prudential Technology Fund - Direct Growth,2022-08-20,234.6897,-0.0033159143077370334
118989,ICICI Prudential Technology Fund - Direct Growth,2022-08-21,238.0111,0.014152304084925849
118989,ICICI Prudential Technology Fund - Direct Growth,2022-08-22,230.002,-0.03365011127632278
118989,ICICI Prudential Technology Fund - Direct Growth,2022-08-23,230.0482,0.00020086781854078417
118989,ICICI Prudential Technology Fund - Direct Growth,2022-08-24,229.8481,-0.0008698177164612186
118989,ICICI Prudential Technology Fund - Direct Growth,2022-08-25,228.6888,-0.005043765861018623
118989,ICICI Prudential Technology Fund - Direct Growth,2022-08-26,233.5175,0.021114720091233163
118989,ICICI Prudential Technology Fund - Direct Growth,2022-08-27,231.1244,-0.010248054214352265
118989,ICICI Prudential Technology Fund - Direct Growth,2022-08-28,233.3574,0.009661463696606587
118989,ICICI Prudential Technology Fund - Direct Growth,2022-08-29,234.4484,0.004675232068920732
118989,ICICI Prudential Technology Fund - Direct Growth,2022-08-30,238.0913,0.01553817385829892
118989,ICICI Prudential Technology Fund - Direct Growth,2022-08-31,236.2803,-0.007606325808628744
118989,ICICI Prudential Technology Fund - Direct Growth,2022-09-01,234.2966,-0.00839553699567841
118989,ICICI Prudential Technology Fund - Direct Growth,2022-09-02,237.472,0.013552906871034498
118989,ICICI Prudential Technology Fund - Direct Growth,2022-09-03,238.779,0.005503806764586949
118989,ICICI Prudential Technology Fund - Direct Growth,2022-09-04,234.4477,-0.018139367364801706
118989,ICICI Prudential Technology Fund - Direct Growth,2022-09-05,233.0242,-0.006071716634456159
118989,ICICI Prudential Technology Fund - Direct Growth,2022-09-06,234.1978,0.00503638677871221
118989,ICICI Prudential Technology Fund - Direct Growth,2022-09-07,236.6459,0.01045312979028834
118989,ICICI Prudential Technology Fund - Direct Growth,2022-09-08,234.8117,-0.007750820952317383
118989,ICICI Prudential Technology Fund - Direct Growth,2022-09-09,226.694,-0.034571105272863334
118989,ICICI Prudential Technology Fund - Direct Growth,2022-09-10,228.208,0.0066786064033454995
118989,ICICI Prudential Technology Fund - Direct Growth,2022-09-11,224.9574,-0.014244022996564465
118989,ICICI Prudential Technology Fund - Direct Growth,2022-09-12,219.6016,-0.023808063215524422
118989,ICICI Prudential Technology Fund - Direct Growth,2022-09-13,212.2256,-0.03358809771877802
118989,ICICI Prudential Technology Fund - Direct Growth,2022-09-14,214.3835,0.01016795334775833
118989,ICICI Prudential Technology Fund - Direct Growth,2022-09-15,214.8001,0.001943246565150769
118989,ICICI Prudential Technology Fund - Direct Growth,2022-09-16,214.3044,-0.0023077270448198517
118989,ICICI Prudential Technology Fund - Direct Growth,2022-09-17,217.9622,0.017068244982370917
118989,ICICI Prudential Technology Fund - Direct Growth,2022-09-18,219.7163,0.008047725706567421
118989,ICICI Prudential Technology Fund - Direct Growth,2022-09-19,224.0657,0.019795527232162602
118989,ICICI Prudential Technology Fund - Direct Growth,2022-09-20,220.4106,-0.016312626162772847
118989,ICICI Prudential Technology Fund - Direct Growth,2022-09-21,220.4074,-1.4518358009918408e-05
118989,ICICI Prudential Technology Fund - Direct Growth,2022-09-22,216.2195,-0.019000723206208048
118989,ICICI Prudential Technology Fund - Direct Growth,2022-09-23,215.7108,-0.0023527017683419027
118989,ICICI Prudential Technology Fund - Direct Growth,2022-09-24,215.1535,-0.0025835516812324766
118989,ICICI Prudential Technology Fund - Direct Growth,2022-09-25,216.8574,0.007919462151440682
118989,ICICI Prudential Technology Fund - Direct Growth,2022-09-26,217.0627,0.0009467050697831159
118989,ICICI Prudential Technology Fund - Direct Growth,2022-09-27,218.7733,0.007880672266584732
118989,ICICI Prudential Technology Fund - Direct Growth,2022-09-28,220.7075,0.008841115437761449
118989,ICICI Prudential Technology Fund - Direct Growth,2022-09-29,226.5031,0.026259189198373223
118989,ICICI Prudential Technology Fund - Direct Growth,2022-09-30,225.7367,-0.003383618149155443
118989,ICICI Prudential Technology Fund - Direct Growth,2022-10-01,223.2779,-0.010892336071183895
118989,ICICI Prudential Technology Fund - Direct Growth,2022-10-02,224.0266,0.003353220359023412
118989,ICICI Prudential Technology Fund - Direct Growth,2022-10-03,221.9594,-0.009227475665836149
118989,ICICI Prudential Technology Fund - Direct Growth,2022-10-04,225.9954,0.01818350563211113
118989,ICICI Prudential Technology Fund - Direct Growth,2022-10-05,225.3177,-0.002998733602542325
118989,ICICI Prudential Technology Fund - Direct Growth,2022-10-06,223.8786,-0.006386981582006235
118989,ICICI Prudential Technology Fund - Direct Growth,2022-10-07,222.7019,-0.0052559735499507765
118989,ICICI Prudential Technology Fund - Direct Growth,2022-10-08,224.7109,0.009021027660742975
118989,ICICI Prudential Technology Fund - Direct Growth,2022-10-09,224.3754,-0.0014930294881111417
118989,ICICI Prudential Technology Fund - Direct Growth,2022-10-10,222.7375,-0.007299819855474343
118989,ICICI Prudential Technology Fund - Direct Growth,2022-10-11,227.2778,0.020384084404287517
118989,ICICI Prudential Technology Fund - Direct Growth,2022-10-12,225.0337,-0.009873819616346147
118989,ICICI Prudential Technology Fund - Direct Growth,2022-10-13,225.2198,0.0008269872467989714
118989,ICICI Prudential Technology Fund - Direct Growth,2022-10-14,227.0728,0.008227518184457994
118989,ICICI Prudential Technology Fund - Direct Growth,2022-10-15,222.7184,-0.019176228945078422
118989,ICICI Prudential Technology Fund - Direct Growth,2022-10-16,224.091,0.00616293938893242
118989,ICICI Prudential Technology Fund - Direct Growth,2022-10-17,221.3434,-0.012261090360612403
118989,ICICI Prudential Technology Fund - Direct Growth,2022-10-18,223.6173,0.010273177334404249
118989,ICICI Prudential Technology Fund - Direct Growth,2022-10-19,221.1236,-0.011151641666364731
118989,ICICI Prudential Technology Fund - Direct Growth,2022-10-20,223.0503,0.008713226448918032
118989,ICICI Prudential Technology Fund - Direct Growth,2022-10-21,226.0994,0.013670010755421513
118989,ICICI Prudential Technology Fund - Direct Growth,2022-10-22,228.5271,0.010737312880971794
118989,ICICI Prudential Technology Fund - Direct Growth,2022-10-23,229.3077,0.0034157874492786178
118989,ICICI Prudential Technology Fund - Direct Growth,2022-10-24,228.763,-0.002375410856242488
118989,ICICI Prudential Technology Fund - Direct Growth,2022-10-25,227.2721,-0.006517225250586844
118989,ICICI Prudential Technology Fund - Direct Growth,2022-10-26,231.3749,0.018052369824540726
118989,ICICI Prudential Technology Fund - Direct Growth,2022-10-27,229.5253,-0.007993952671616511
118989,ICICI Prudential Technology Fund - Direct Growth,2022-10-28,226.7607,-0.012044859542716946
118989,ICICI Prudential Technology Fund - Direct Growth,2022-10-29,228.662,0.008384609855234926
118989,ICICI Prudential Technology Fund - Direct Growth,2022-10-30,226.5689,-0.009153685352179197
118989,ICICI Prudential Technology Fund - Direct Growth,2022-10-31,224.0765,-0.011000627182283229
118989,ICICI Prudential Technology Fund - Direct Growth,2022-11-01,220.2844,-0.01692323826907327
118989,ICICI Prudential Technology Fund - Direct Growth,2022-11-02,219.096,-0.005394844119692599
118989,ICICI Prudential Technology Fund - Direct Growth,2022-11-03,218.9662,-0.0005924343666704468
118989,ICICI Prudential Technology Fund - Direct Growth,2022-11-04,219.6925,0.0033169502873047207
118989,ICICI Prudential Technology Fund - Direct Growth,2022-11-05,222.2883,0.011815605903706228
118989,ICICI Prudential Technology Fund - Direct Growth,2022-11-06,223.7827,0.0067228009751301165
118989,ICICI Prudential Technology Fund - Direct Growth,2022-11-07,223.3596,-0.0018906734077299703
118989,ICICI Prudential Technology Fund - Direct Growth,2022-11-08,222.9177,-0.0019784240301290446
118989,ICICI Prudential Technology Fund - Direct Growth,2022-11-09,224.3715,0.006521689394785701
118989,ICICI Prudential Technology Fund - Direct Growth,2022-11-10,227.8876,0.01567088511687098
118989,ICICI Prudential Technology Fund - Direct Growth,2022-11-11,228.3242,0.0019158567644750324
118989,ICICI Prudential Technology Fund - Direct Growth,2022-11-12,227.1302,-0.005229406256542224
118989,ICICI Prudential Technology Fund - Direct Growth,2022-11-13,224.5149,-0.011514540998951217
118989,ICICI Prudential Technology Fund - Direct Growth,2022-11-14,220.7111,-0.016942305388194856
118989,ICICI Prudential Technology Fund - Direct Growth,2022-11-15,222.564,0.008395137353762516
118989,ICICI Prudential Technology Fund - Direct Growth,2022-11-16,224.1967,0.007335867435883658
118989,ICICI Prudential Technology Fund - Direct Growth,2022-11-17,225.8397,0.0073283861894488656
118989,ICICI Prudential Technology Fund - Direct Growth,2022-11-18,225.5814,-0.0011437315936922987
118989,ICICI Prudential Technology Fund - Direct Growth,2022-11-19,229.4802,0.017283339849827994
118989,ICICI Prudential Technology Fund - Direct Growth,2022-11-20,228.2388,-0.005409617038855674
118989,ICICI Prudential Technology Fund - Direct Growth,2022-11-21,230.9464,0.01186301365061504
118989,ICICI Prudential Technology Fund - Direct Growth,2022-11-22,230.9314,-6.495013561591545e-05
118989,ICICI Prudential Technology Fund - Direct Growth,2022-11-23,229.3379,-0.00690031758349019
118989,ICICI Prudential Technology Fund - Direct Growth,2022-11-24,231.0603,0.007510315564937198
118989,ICICI Prudential Technology Fund - Direct Growth,2022-11-25,232.2885,0.005315495565443307
118989,ICICI Prudential Technology Fund - Direct Growth,2022-11-26,233.3765,0.00468383066746747
118989,ICICI Prudential Technology Fund - Direct Growth,2022-11-27,233.6975,0.0013754598256465744
118989,ICICI Prudential Technology Fund - Direct Growth,2022-11-28,233.6847,-5.4771659945052065e-05
118989,ICICI Prudential Technology Fund - Direct Growth,2022-11-29,240.4757,0.029060524715567526
118989,ICICI Prudential Technology Fund - Direct Growth,2022-11-30,243.9893,0.014611039701724504
118989,ICICI Prudential Technology Fund - Direct Growth,2022-12-01,246.2032,0.009073758562363254
118989,ICICI Prudential Technology Fund - Direct Growth,2022-12-02,246.632,0.0017416507990146712
118989,ICICI Prudential Technology Fund - Direct Growth,2022-12-03,249.7114,0.012485808816374178
118989,ICICI Prudential Technology Fund - Direct Growth,2022-12-04,251.3635,0.006616037553752063
118989,ICICI Prudential Technology Fund - Direct Growth,2022-12-05,251.5431,0.0007145031000921342
118989,ICICI Prudential Technology Fund - Direct Growth,2022-12-06,250.7274,-0.0032427842385659433
118989,ICICI Prudential Technology Fund - Direct Growth,2022-12-07,250.5842,-0.0005711382162458811
118989,ICICI Prudential Technology Fund - Direct Growth,2022-12-08,241.1509,-0.0376452306250753
118989,ICICI Prudential Technology Fund - Direct Growth,2022-12-09,241.8568,0.0029272127949759863
118989,ICICI Prudential Technology Fund - Direct Growth,2022-12-10,240.5358,-0.005461909692016098
118989,ICICI Prudential Technology Fund - Direct Growth,2022-12-11,245.2291,0.019511856447148368
118989,ICICI Prudential Technology Fund - Direct Growth,2022-12-12,245.3841,0.0006320620187407755
118989,ICICI Prudential Technology Fund - Direct Growth,2022-12-13,241.9812,-0.013867646681264167
118989,ICICI Prudential Technology Fund - Direct Growth,2022-12-14,241.9332,-0.00019836251741867095
118989,ICICI Prudential Technology Fund - Direct Growth,2022-12-15,238.9929,-0.012153354727668653
118989,ICICI Prudential Technology Fund - Direct Growth,2022-12-16,240.4462,0.006080933785062248
118989,ICICI Prudential Technology Fund - Direct Growth,2022-12-17,241.3819,0.00389151502498275
118989,ICICI Prudential Technology Fund - Direct Growth,2022-12-18,244.2529,0.011894015251350698
118989,ICICI Prudential Technology Fund - Direct Growth,2022-12-19,242.0325,-0.009090577839608094
118989,ICICI Prudential Technology Fund - Direct Growth,2022-12-20,242.2281,0.000808155929472365
118989,ICICI Prudential Technology Fund - Direct Growth,2022-12-21,238.3572,-0.015980392035440993
118989,ICICI Prudential Technology Fund - Direct Growth,2022-12-22,240.459,0.008817858239650311
118989,ICICI Prudential Technology Fund - Direct Growth,2022-12-23,242.0524,0.006626493497851937
118989,ICICI Prudential Technology Fund - Direct Growth,2022-12-24,243.5894,0.006349864740031519
118989,ICICI Prudential Technology Fund - Direct Growth,2022-12-25,243.6916,0.0004195584865349655
118989,ICICI Prudential Technology Fund - Direct Growth,2022-12-26,245.002,0.0053772883431353335
118989,ICICI Prudential Technology Fund - Direct Growth,2022-12-27,249.8168,0.019652084472779885
118989,ICICI Prudential Technology Fund - Direct Growth,2022-12-28,249.0621,-0.0030210137989119534
118989,ICICI Prudential Technology Fund - Direct Growth,2022-12-29,249.5761,0.0020637423357467988
118989,ICICI Prudential Technology Fund - Direct Growth,2022-12-30,246.4231,-0.01263342122903588
118989,ICICI Prudential Technology Fund - Direct Growth,2022-12-31,243.9542,-0.010018947087346963
118989,ICICI Prudential Technology Fund - Direct Growth,2023-01-01,244.3381,0.0015736560387156207
118989,ICICI Prudential Technology Fund - Direct Growth,2023-01-02,247.6726,0.013647073460913317
118989,ICICI Prudential Technology Fund - Direct Growth,2023-01-03,247.01,-0.0026753060290076736
118989,ICICI Prudential Technology Fund - Direct Growth,2023-01-04,246.4095,-0.00243107566495282
118989,ICICI Prudential Technology Fund - Direct Growth,2023-01-05,245.3049,-0.004482781710932415
118989,ICICI Prudential Technology Fund - Direct Growth,2023-01-06,243.8289,-0.00601700169870234
118989,ICICI Prudential Technology Fund - Direct Growth,2023-01-07,244.7895,0.003939647843221206
118989,ICICI Prudential Technology Fund - Direct Growth,2023-01-08,240.4893,-0.017566929954103472
118989,ICICI Prudential Technology Fund - Direct Growth,2023-01-09,244.2821,0.015771179840433858
118989,ICICI Prudential Technology Fund - Direct Growth,2023-01-10,242.4292,-0.00758508298397631
118989,ICICI Prudential Technology Fund - Direct Growth,2023-01-11,244.6263,0.009062852164673174
118989,ICICI Prudential Technology Fund - Direct Growth,2023-01-12,240.996,-0.014840186848266046
118989,ICICI Prudential Technology Fund - Direct Growth,2023-01-13,243.0267,0.008426280934123342
118989,ICICI Prudential Technology Fund - Direct Growth,2023-01-14,245.0835,0.00846326761627414
118989,ICICI Prudential Technology Fund - Direct Growth,2023-01-15,246.3115,0.005010537225068168
118989,ICICI Prudential Technology Fund - Direct Growth,2023-01-16,243.4708,-0.011532957251285447
118989,ICICI Prudential Technology Fund - Direct Growth,2023-01-17,244.2973,0.0033946575934362677
118989,ICICI Prudential Technology Fund - Direct Growth,2023-01-18,240.9268,-0.013796714085665407
118989,ICICI Prudential Technology Fund - Direct Growth,2023-01-19,240.2924,-0.002633164928102616
118989,ICICI Prudential Technology Fund - Direct Growth,2023-01-20,243.3568,0.012752796176658032
118989,ICICI Prudential Technology Fund - Direct Growth,2023-01-21,245.7807,0.009960272324422537
118989,ICICI Prudential Technology Fund - Direct Growth,2023-01-22,245.9238,0.0005822263505637082
118989,ICICI Prudential Technology Fund - Direct Growth,2023-01-23,243.1454,-0.011297808508163976
118989,ICICI Prudential Technology Fund - Direct Growth,2023-01-24,245.1263,0.00814697707626788
118989,ICICI Prudential Technology Fund - Direct Growth,2023-01-25,245.2814,0.0006327350431185597
118989,ICICI Prudential Technology Fund - Direct Growth,2023-01-26,238.5499,-0.02744398882263388
118989,ICICI Prudential Technology Fund - Direct Growth,2023-01-27,240.8857,0.009791662038005411
118989,ICICI Prudential Technology Fund - Direct Growth,2023-01-28,240.912,0.00010918041212071294
118989,ICICI Prudential Technology Fund - Direct Growth,2023-01-29,244.4846,0.01482948130437678
118989,ICICI Prudential Technology Fund - Direct Growth,2023-01-30,241.3691,-0.012743133923363681
118989,ICICI Prudential Technology Fund - Direct Growth,2023-01-31,232.2645,-0.03772065272646752
118989,ICICI Prudential Technology Fund - Direct Growth,2023-02-01,233.1353,0.0037491738944177566
118989,ICICI Prudential Technology Fund - Direct Growth,2023-02-02,234.0442,0.0038985945071381423
118989,ICICI Prudential Technology Fund - Direct Growth,2023-02-03,229.3895,-0.019888123696293225
118989,ICICI Prudential Technology Fund - Direct Growth,2023-02-04,226.7878,-0.01134184433027663
118989,ICICI Prudential Technology Fund - Direct Growth,2023-02-05,234.3767,0.03346255839158885
118989,ICICI Prudential Technology Fund - Direct Growth,2023-02-06,233.6109,-0.0032673896338671904
118989,ICICI Prudential Technology Fund - Direct Growth,2023-02-07,235.7535,0.00917166108259515
118989,ICICI Prudential Technology Fund - Direct Growth,2023-02-08,234.0071,-0.007407737318852137
118989,ICICI Prudential Technology Fund - Direct Growth,2023-02-09,228.231,-0.024683439092232695
118989,ICICI Prudential Technology Fund - Direct Growth,2023-02-10,227.856,-0.001643072150584235
118989,ICICI Prudential Technology Fund - Direct Growth,2023-02-11,227.2209,-0.002787286707394143
118989,ICICI Prudential Technology Fund - Direct Growth,2023-02-12,226.2215,-0.004398363002699135
118989,ICICI Prudential Technology Fund - Direct Growth,2023-02-13,226.0008,-0.0009755925055752179
118989,ICICI Prudential Technology Fund - Direct Growth,2023-02-14,226.8079,0.003571226296543939
118989,ICICI Prudential Technology Fund - Direct Growth,2023-02-15,226.4901,-0.0014011857611661016
118989,ICICI Prudential Technology Fund - Direct Growth,2023-02-16,223.1453,-0.014767974405945461
118989,ICICI Prudential Technology Fund - Direct Growth,2023-02-17,224.5364,0.006234054672000777
118989,ICICI Prudential Technology Fund - Direct Growth,2023-02-18,219.3738,-0.022992263169802296
118989,ICICI Prudential Technology Fund - Direct Growth,2023-02-19,214.064,-0.02420434892407386
118989,ICICI Prudential Technology Fund - Direct Growth,2023-02-20,216.0484,0.009270124822482906
118989,ICICI Prudential Technology Fund - Direct Growth,2023-02-21,217.4493,0.006484195208110721
118989,ICICI Prudential Technology Fund - Direct Growth,2023-02-22,217.3865,-0.0002888029531480374
118989,ICICI Prudential Technology Fund - Direct Growth,2023-02-23,213.8332,-0.01634554123646137
118989,ICICI Prudential Technology Fund - Direct Growth,2023-02-24,212.1022,-0.008095094681274895
118989,ICICI Prudential Technology Fund - Direct Growth,2023-02-25,211.5183,-0.002752918168694163
118989,ICICI Prudential Technology Fund - Direct Growth,2023-02-26,207.5522,-0.018750623468513195
118989,ICICI Prudential Technology Fund - Direct Growth,2023-02-27,205.7946,-0.008468231124507453
118989,ICICI Prudential Technology Fund - Direct Growth,2023-02-28,207.4879,0.008228107054315315
118989,ICICI Prudential Technology Fund - Direct Growth,2023-03-01,211.1247,0.01752776908918552
118989,ICICI Prudential Technology Fund - Direct Growth,2023-03-02,210.1465,-0.004633280710404697
118989,ICICI Prudential Technology Fund - Direct Growth,2023-03-03,212.1382,0.00947767390844012
118989,ICICI Prudential Technology Fund - Direct Growth,2023-03-04,207.3505,-0.022568778277556767
118989,ICICI Prudential Technology Fund - Direct Growth,2023-03-05,209.0743,0.008313459576899884
118989,ICICI Prudential Technology Fund - Direct Growth,2023-03-06,207.1409,-0.009247430219783137
118989,ICICI Prudential Technology Fund - Direct Growth,2023-03-07,207.9877,0.00408803862491669
118989,ICICI Prudential Technology Fund - Direct Growth,2023-03-08,207.4525,-0.0025732290899894705
118989,ICICI Prudential Technology Fund - Direct Growth,2023-03-09,210.8226,0.016245164555741765
118989,ICICI Prudential Technology Fund - Direct Growth,2023-03-10,208.6947,-0.010093320165864506
118989,ICICI Prudential Technology Fund - Direct Growth,2023-03-11,210.3499,0.007931202852779595
118989,ICICI Prudential Technology Fund - Direct Growth,2023-03-12,209.7285,-0.0029541254833018726
118989,ICICI Prudential Technology Fund - Direct Growth,2023-03-13,209.414,-0.001499557761582282
118989,ICICI Prudential Technology Fund - Direct Growth,2023-03-14,209.0357,-0.0018064694815055349
118989,ICICI Prudential Technology Fund - Direct Growth,2023-03-15,206.998,-0.00974809566021495
118989,ICICI Prudential Technology Fund - Direct Growth,2023-03-16,207.0458,0.00023092010550840314
118989,ICICI Prudential Technology Fund - Direct Growth,2023-03-17,206.973,-0.00035161302475106293
118989,ICICI Prudential Technology Fund - Direct Growth,2023-03-18,207.655,0.0032951157880496407
118989,ICICI Prudential Technology Fund - Direct Growth,2023-03-19,207.9486,0.0014138836050179293
118989,ICICI Prudential Technology Fund - Direct Growth,2023-03-20,210.0231,0.009976022921048822
118989,ICICI Prudential Technology Fund - Direct Growth,2023-03-21,212.4346,0.011482070305599779
118989,ICICI Prudential Technology Fund - Direct Growth,2023-03-22,209.8413,-0.012207521750223327
118989,ICICI Prudential Technology Fund - Direct Growth,2023-03-23,212.1129,0.01082532370891709
118989,ICICI Prudential Technology Fund - Direct Growth,2023-03-24,209.1781,-0.013836027888921354
118989,ICICI Prudential Technology Fund - Direct Growth,2023-03-25,210.7374,0.007454413248805691
118989,ICICI Prudential Technology Fund - Direct Growth,2023-03-26,212.3889,0.007836767465101202
118989,ICICI Prudential Technology Fund - Direct Growth,2023-03-27,207.6025,-0.022536017654406715
118989,ICICI Prudential Technology Fund - Direct Growth,2023-03-28,207.9172,0.0015158776989681044
118989,ICICI Prudential Technology Fund - Direct Growth,2023-03-29,206.8315,-0.005221790212642352
118989,ICICI Prudential Technology Fund - Direct Growth,2023-03-30,205.031,-0.008705153712079583
118989,ICICI Prudential Technology Fund - Direct Growth,2023-03-31,208.4366,0.016610171144851194
118989,ICICI Prudential Technology Fund - Direct Growth,2023-04-01,206.885,-0.007443990162956049
118989,ICICI Prudential Technology Fund - Direct Growth,2023-04-02,204.9658,-0.009276651279696346
118989,ICICI Prudential Technology Fund - Direct Growth,2023-04-03,205.234,0.001308510980856381
118989,ICICI Prudential Technology Fund - Direct Growth,2023-04-04,207.0046,0.00862722550844408
118989,ICICI Prudential Technology Fund - Direct Growth,2023-04-05,206.7355,-0.0012999711117530621
118989,ICICI Prudential Technology Fund - Direct Growth,2023-04-06,209.7118,0.014396656597439828
118989,ICICI Prudential Technology Fund - Direct Growth,2023-04-07,211.1319,0.006771674269163697
118989,ICICI Prudential Technology Fund - Direct Growth,2023-04-08,205.6977,-0.025738412812085776
118989,ICICI Prudential Technology Fund - Direct Growth,2023-04-09,204.4731,-0.005953396659272414
118989,ICICI Prudential Technology Fund - Direct Growth,2023-04-10,203.1763,-0.006342154542577916
118989,ICICI Prudential Technology Fund - Direct Growth,2023-04-11,204.4263,0.006152292368745815
118989,ICICI Prudential Technology Fund - Direct Growth,2023-04-12,198.0691,-0.031097759926193458
118989,ICICI Prudential Technology Fund - Direct Growth,2023-04-13,204.2069,0.0309881753388086
118989,ICICI Prudential Technology Fund - Direct Growth,2023-04-14,205.5899,0.006772542945414628
118989,ICICI Prudential Technology Fund - Direct Growth,2023-04-15,206.0394,0.002186391452109193
118989,ICICI Prudential Technology Fund - Direct Growth,2023-04-16,209.0432,0.01457876503231903
118989,ICICI Prudential Technology Fund - Direct Growth,2023-04-17,215.0059,0.028523769249609643
118989,ICICI Prudential Technology Fund - Direct Growth,2023-04-18,217.3385,0.010849004608710855
118989,ICICI Prudential Technology Fund - Direct Growth,2023-04-19,219.9,0.011785762761774787
118989,ICICI Prudential Technology Fund - Direct Growth,2023-04-20,220.3328,0.0019681673487947915
118989,ICICI Prudential Technology Fund - Direct Growth,2023-04-21,220.0467,-0.0012984902837889223
118989,ICICI Prudential Technology Fund - Direct Growth,2023-04-22,218.8784,-0.005309327520021778
118989,ICICI Prudential Technology Fund - Direct Growth,2023-04-23,216.7961,-0.009513501560683979
118989,ICICI Prudential Technology Fund - Direct Growth,2023-04-24,215.0955,-0.007844237050389835
118989,ICICI Prudential Technology Fund - Direct Growth,2023-04-25,211.6956,-0.015806467359847032
118989,ICICI Prudential Technology Fund - Direct Growth,2023-04-26,211.5875,-0.0005106388607037937
118989,ICICI Prudential Technology Fund - Direct Growth,2023-04-27,207.3947,-0.019815915401429685
118989,ICICI Prudential Technology Fund - Direct Growth,2023-04-28,207.9528,0.0026910041577725696
118989,ICICI Prudential Technology Fund - Direct Growth,2023-04-29,207.9453,-3.6065876487301196e-05
118989,ICICI Prudential Technology Fund - Direct Growth,2023-04-30,208.3951,0.0021630688455089864
118989,ICICI Prudential Technology Fund - Direct Growth,2023-05-01,207.1727,-0.005865780913274943
118989,ICICI Prudential Technology Fund - Direct Growth,2023-05-02,214.9049,0.03732248505715274
118989,ICICI Prudential Technology Fund - Direct Growth,2023-05-03,218.4984,0.016721349769130534
118989,ICICI Prudential Technology Fund - Direct Growth,2023-05-04,215.3226,-0.014534660208038175
118989,ICICI Prudential Technology Fund - Direct Growth,2023-05-05,216.0104,0.003194276866432144
118989,ICICI Prudential Technology Fund - Direct Growth,2023-05-06,214.5208,-0.0068959642683870115
118989,ICICI Prudential Technology Fund - Direct Growth,2023-05-07,211.9951,-0.01177368348430552
118989,ICICI Prudential Technology Fund - Direct Growth,2023-05-08,208.6708,-0.015681022816093404
118989,ICICI Prudential Technology Fund - Direct Growth,2023-05-10,208.2048,-0.002233182601494854
118989,ICICI Prudential Technology Fund - Direct Growth,2023-05-11,210.7062,0.012014132239026143
118989,ICICI Prudential Technology Fund - Direct Growth,2023-05-12,213.3032,0.012325218716867425
118989,ICICI Prudential Technology Fund - Direct Growth,2023-05-13,216.9052,0.016886760254886113
118989,ICICI Prudential Technology Fund - Direct Growth,2023-05-14,214.7733,-0.009828717799296616
118989,ICICI Prudential Technology Fund - Direct Growth,2023-05-15,216.0844,0.00610457631372241
118989,ICICI Prudential Technology Fund - Direct Growth,2023-05-16,217.8108,0.007989470780861652
118989,ICICI Prudential Technology Fund - Direct Growth,2023-05-17,216.6586,-0.005289912162298571
118989,ICICI Prudential Technology Fund - Direct Growth,2023-05-18,214.7387,-0.008861406840070085
118989,ICICI Prudential Technology Fund - Direct Growth,2023-05-19,218.9721,0.019714192178680534
118989,ICICI Prudential Technology Fund - Direct Growth,2023-05-20,219.6575,0.0031300791288022545
118989,ICICI Prudential Technology Fund - Direct Growth,2023-05-21,221.4217,0.008031594641658035
118989,ICICI Prudential Technology Fund - Direct Growth,2023-05-22,219.326,-0.009464745325322599
118989,ICICI Prudential Technology Fund - Direct Growth,2023-05-23,216.2047,-0.014231326883269557
118989,ICICI Prudential Technology Fund - Direct Growth,2023-05-24,214.8138,-0.006433255151252593
118989,ICICI Prudential Technology Fund - Direct Growth,2023-05-25,214.58,-0.0010883844520229724
118989,ICICI Prudential Technology Fund - Direct Growth,2023-05-26,211.9255,-0.012370677602758895
118989,ICICI Prudential Technology Fund - Direct Growth,2023-05-27,211.9852,0.0002817027681896178
118989,ICICI Prudential Technology Fund - Direct Growth,2023-05-28,207.7747,-0.01986223566550871
118989,ICICI Prudential Technology Fund - Direct Growth,2023-05-29,205.0652,-0.01304056749931537
118989,ICICI Prudential Technology Fund - Direct Growth,2023-05-30,206.7982,0.00845097071565526
118989,ICICI Prudential Technology Fund - Direct Growth,2023-05-31,208.3793,0.007645617805184024
118989,ICICI Prudential Technology Fund - Direct Growth,2023-06-01,207.4827,-0.004302730645510455
118989,ICICI Prudential Technology Fund - Direct Growth,2023-06-02,205.0317,-0.011813033086613967
118989,ICICI Prudential Technology Fund - Direct Growth,2023-06-03,202.5859,-0.011928887094044494
118989,ICICI Prudential Technology Fund - Direct Growth,2023-06-04,201.7595,-0.00407925724347058
118989,ICICI Prudential Technology Fund - Direct Growth,2023-06-05,203.4007,0.008134437287959262
118989,ICICI Prudential Technology Fund - Direct Growth,2023-06-06,205.7477,0.01153880001396268
118989,ICICI Prudential Technology Fund - Direct Growth,2023-06-07,204.6041,-0.005558263834784194
118989,ICICI Prudential Technology Fund - Direct Growth,2023-06-08,201.8538,-0.013442057123977391
118989,ICICI Prudential Technology Fund - Direct Growth,2023-06-09,202.5833,0.0036140018171568755
118989,ICICI Prudential Technology Fund - Direct Growth,2023-06-10,200.6623,-0.009482519042783966
118989,ICICI Prudential Technology Fund - Direct Growth,2023-06-11,199.4946,-0.0058192296211097005
118989,ICICI Prudential Technology Fund - Direct Growth,2023-06-12,202.747,0.01630319818180559
118989,ICICI Prudential Technology Fund - Direct Growth,2023-06-13,204.8404,0.010325183603209886
118989,ICICI Prudential Technology Fund - Direct Growth,2023-06-14,205.3107,0.0022959338099319826
118989,ICICI Prudential Technology Fund - Direct Growth,2023-06-15,202.2592,-0.014862839588974164
118989,ICICI Prudential Technology Fund - Direct Growth,2023-06-16,202.8532,0.0029368256178210483
118989,ICICI Prudential Technology Fund - Direct Growth,2023-06-17,205.5211,0.013151875346309572
118989,ICICI Prudential Technology Fund - Direct Growth,2023-06-18,204.6769,-0.004107607442739414
118989,ICICI Prudential Technology Fund - Direct Growth,2023-06-19,208.0773,0.01661350157247843
118989,ICICI Prudential Technology Fund - Direct Growth,2023-06-20,211.3884,0.01591283623922446
118989,ICICI Prudential Technology Fund - Direct Growth,2023-06-21,215.6933,0.020364882841253262
118989,ICICI Prudential Technology Fund - Direct Growth,2023-06-22,216.5696,0.004062713120899009
118989,ICICI Prudential Technology Fund - Direct Growth,2023-06-23,218.1828,0.0074488755577881705
118989,ICICI Prudential Technology Fund - Direct Growth,2023-06-24,221.9727,0.017370296833664423
118989,ICICI Prudential Technology Fund - Direct Growth,2023-06-25,223.2532,0.005768727415578434
118989,ICICI Prudential Technology Fund - Direct Growth,2023-06-26,221.9997,-0.005614701155459367
118989,ICICI Prudential Technology Fund - Direct Growth,2023-06-27,220.8936,-0.004982439165458374
118989,ICICI Prudential Technology Fund - Direct Growth,2023-06-28,221.6143,0.0032626567723101907
118989,ICICI Prudential Technology Fund - Direct Growth,2023-06-29,218.2709,-0.015086571579541408
118989,ICICI Prudential Technology Fund - Direct Growth,2023-06-30,217.983,-0.00131900312868094
118989,ICICI Prudential Technology Fund - Direct Growth,2023-07-01,220.9385,0.013558396755710245
118989,ICICI Prudential Technology Fund - Direct Growth,2023-07-02,215.2173,-0.025894988876995262
118989,ICICI Prudential Technology Fund - Direct Growth,2023-07-03,219.2664,0.018814007981700298
118989,ICICI Prudential Technology Fund - Direct Growth,2023-07-04,222.3073,0.013868517930699875
118989,ICICI Prudential Technology Fund - Direct Growth,2023-07-05,221.1697,-0.005117240864335071
118989,ICICI Prudential Technology Fund - Direct Growth,2023-07-06,222.7003,0.0069204778050520055
118989,ICICI Prudential Technology Fund - Direct Growth,2023-07-07,222.7978,0.0004378081214977403
118989,ICICI Prudential Technology Fund - Direct Growth,2023-07-08,226.1754,0.015159934254288077
118989,ICICI Prudential Technology Fund - Direct Growth,2023-07-09,228.933,0.012192307386214463
118989,ICICI Prudential Technology Fund - Direct Growth,2023-07-10,225.1783,-0.01640086837633714
118989,ICICI Prudential Technology Fund - Direct Growth,2023-07-11,226.8552,0.007446987564965202
118989,ICICI Prudential Technology Fund - Direct Growth,2023-07-12,226.3862,-0.0020673980583209017
118989,ICICI Prudential Technology Fund - Direct Growth,2023-07-13,226.7018,0.0013940779075756193
118989,ICICI Prudential Technology Fund - Direct Growth,2023-07-14,224.8115,-0.008338266392238558
118989,ICICI Prudential Technology Fund - Direct Growth,2023-07-15,229.6174,0.021377465120778982
118989,ICICI Prudential Technology Fund - Direct Growth,2023-07-16,232.575,0.012880556961275547
118989,ICICI Prudential Technology Fund - Direct Growth,2023-07-17,230.6034,-0.00847726539825866
118989,ICICI Prudential Technology Fund - Direct Growth,2023-07-18,227.0025,-0.015615121025969292
118989,ICICI Prudential Technology Fund - Direct Growth,2023-07-19,226.0427,-0.004228147267100635
118989,ICICI Prudential Technology Fund - Direct Growth,2023-07-20,227.3117,0.0056139835526651805
118989,ICICI Prudential Technology Fund - Direct Growth,2023-07-21,228.0578,0.003282277155113311
118989,ICICI Prudential Technology Fund - Direct Growth,2023-07-22,231.5785,0.015437753060846937
118989,ICICI Prudential Technology Fund - Direct Growth,2023-07-23,233.8663,0.009879155448368593
118989,ICICI Prudential Technology Fund - Direct Growth,2023-07-24,236.6808,0.012034653988197475
118989,ICICI Prudential Technology Fund - Direct Growth,2023-07-25,237.7038,0.004322277092184912
118989,ICICI Prudential Technology Fund - Direct Growth,2023-07-26,233.836,-0.016271511014969042
118989,ICICI Prudential Technology Fund - Direct Growth,2023-07-27,233.3804,-0.0019483740741373934
118989,ICICI Prudential Technology Fund - Direct Growth,2023-07-28,236.4426,0.013121067578939716
118989,ICICI Prudential Technology Fund - Direct Growth,2023-07-29,236.391,-0.0002182347851021893
118989,ICICI Prudential Technology Fund - Direct Growth,2023-07-30,237.9127,0.0064372163068815436
118989,ICICI Prudential Technology Fund - Direct Growth,2023-07-31,237.0979,-0.003424785646163442
118989,ICICI Prudential Technology Fund - Direct Growth,2023-08-01,234.2627,-0.011957929614728857
118989,ICICI Prudential Technology Fund - Direct Growth,2023-08-02,234.0097,-0.0010799841374661279
118989,ICICI Prudential Technology Fund - Direct Growth,2023-08-03,234.9711,0.004108376704042627
118989,ICICI Prudential Technology Fund - Direct Growth,2023-08-04,233.2163,-0.00746815246640975
118989,ICICI Prudential Technology Fund - Direct Growth,2023-08-05,232.6499,-0.002428646711228999
118989,ICICI Prudential Technology Fund - Direct Growth,2023-08-06,230.1202,-0.010873419674798823
118989,ICICI Prudential Technology Fund - Direct Growth,2023-08-07,233.303,0.013831032651631547
118989,ICICI Prudential Technology Fund - Direct Growth,2023-08-08,232.572,-0.0031332644672378285
118989,ICICI Prudential Technology Fund - Direct Growth,2023-08-09,236.7195,0.017833187142046292
118989,ICICI Prudential Technology Fund - Direct Growth,2023-08-10,241.1568,0.018744970312965403
118989,ICICI Prudential Technology Fund - Direct Growth,2023-08-11,241.0187,-0.0005726564625173625
118989,ICICI Prudential Technology Fund - Direct Growth,2023-08-12,238.1984,-0.011701581661505922
118989,ICICI Prudential Technology Fund - Direct Growth,2023-08-13,232.3314,-0.024630727998172897
118989,ICICI Prudential Technology Fund - Direct Growth,2023-08-14,228.3203,-0.017264562603246936
118989,ICICI Prudential Technology Fund - Direct Growth,2023-08-15,224.6475,-0.01608617367794274
118989,ICICI Prudential Technology Fund - Direct Growth,2023-08-16,228.4534,0.016941653034197923
118989,ICICI Prudential Technology Fund - Direct Growth,2023-08-17,228.8623,0.001789861739855958
118989,ICICI Prudential Technology Fund - Direct Growth,2023-08-18,230.0238,0.005075104112822304
118989,ICICI Prudential Technology Fund - Direct Growth,2023-08-19,223.9868,-0.02624511028858756
118989,ICICI Prudential Technology Fund - Direct Growth,2023-08-20,220.8565,-0.013975377120437393
118989,ICICI Prudential Technology Fund - Direct Growth,2023-08-21,223.2959,0.011045180920642883
118989,ICICI Prudential Technology Fund - Direct Growth,2023-08-22,224.1536,0.003841091574005695
118989,ICICI Prudential Technology Fund - Direct Growth,2023-08-23,223.8473,-0.0013664737037460961
118989,ICICI Prudential Technology Fund - Direct Growth,2023-08-24,225.4541,0.007178107576012893
118989,ICICI Prudential Technology Fund - Direct Growth,2023-08-25,229.9698,0.02002935409025608
118989,ICICI Prudential Technology Fund - Direct Growth,2023-08-26,229.4518,-0.0022524696721047954
118989,ICICI Prudential Technology Fund - Direct Growth,2023-08-27,229.7346,0.0012325028611674949
118989,ICICI Prudential Technology Fund - Direct Growth,2023-08-28,230.3574,0.002710954292475032
118989,ICICI Prudential Technology Fund - Direct Growth,2023-08-29,237.062,0.029105207820543155
118989,ICICI Prudential Technology Fund - Direct Growth,2023-08-30,231.1847,-0.024792248441336096
118989,ICICI Prudential Technology Fund - Direct Growth,2023-08-31,233.1726,0.008598752426090428
118989,ICICI Prudential Technology Fund - Direct Growth,2023-09-01,232.9446,-0.0009778164329770078
118989,ICICI Prudential Technology Fund - Direct Growth,2023-09-02,234.6221,0.0072012830518499715
118989,ICICI Prudential Technology Fund - Direct Growth,2023-09-03,232.8651,-0.00748863811209588
118989,ICICI Prudential Technology Fund - Direct Growth,2023-09-04,232.8214,-0.00018766229890176955
118989,ICICI Prudential Technology Fund - Direct Growth,2023-09-05,234.9021,0.008936893258093992
118989,ICICI Prudential Technology Fund - Direct Growth,2023-09-06,243.7708,0.03775487745746009
118989,ICICI Prudential Technology Fund - Direct Growth,2023-09-07,246.232,0.01009636921239121
118989,ICICI Prudential Technology Fund - Direct Growth,2023-09-08,243.8246,-0.009776958315734774
118989,ICICI Prudential Technology Fund - Direct Growth,2023-09-09,242.6823,-0.004684925147011465
118989,ICICI Prudential Technology Fund - Direct Growth,2023-09-10,241.4589,-0.005041158749525598
118989,ICICI Prudential Technology Fund - Direct Growth,2023-09-11,236.3526,-0.021147698428179762
118989,ICICI Prudential Technology Fund - Direct Growth,2023-09-12,235.5109,-0.0035612047424060655
118989,ICICI Prudential Technology Fund - Direct Growth,2023-09-13,237.6762,0.009194054287933184
118989,ICICI Prudential Technology Fund - Direct Growth,2023-09-14,234.137,-0.014890847295606302
118989,ICICI Prudential Technology Fund - Direct Growth,2023-09-15,237.1765,0.012981715833037866
118989,ICICI Prudential Technology Fund - Direct Growth,2023-09-16,238.6596,0.006253149026147264
118989,ICICI Prudential Technology Fund - Direct Growth,2023-09-17,236.6523,-0.008410723892942173
118989,ICICI Prudential Technology Fund - Direct Growth,2023-09-18,236.345,-0.0012985295304546174
118989,ICICI Prudential Technology Fund - Direct Growth,2023-09-19,240.9726,0.019579851488290334
118989,ICICI Prudential Technology Fund - Direct Growth,2023-09-20,243.1902,0.009202706033798025
118989,ICICI Prudential Technology Fund - Direct Growth,2023-09-21,243.3131,0.0005053657589819682
118989,ICICI Prudential Technology Fund - Direct Growth,2023-09-22,242.7164,-0.0024523956992039686
118989,ICICI Prudential Technology Fund - Direct Growth,2023-09-23,,0.0
118989,ICICI Prudential Technology Fund - Direct Growth,2023-09-24,241.6413,-0.004429449349116932
118989,ICICI Prudential Technology Fund - Direct Growth,2023-09-25,235.6348,-0.024857091896128614
118989,ICICI Prudential Technology Fund - Direct Growth,2023-09-26,241.5036,0.0249063381130461
118989,ICICI Prudential Technology Fund - Direct Growth,2023-09-27,242.0503,0.0022637343708333812
118989,ICICI Prudential Technology Fund - Direct Growth,2023-09-28,243.3036,0.00517784939741861
118989,ICICI Prudential Technology Fund - Direct Growth,2023-09-29,243.2319,-0.00029469354337541276
118989,ICICI Prudential Technology Fund - Direct Growth,2023-09-30,241.1835,-0.008421592726940763
118989,ICICI Prudential Technology Fund - Direct Growth,2023-10-01,240.7419,-0.0018309710241373178
118989,ICICI Prudential Technology Fund - Direct Growth,2023-10-02,236.2177,-0.018792740274958253
118989,ICICI Prudential Technology Fund - Direct Growth,2023-10-03,242.7668,0.027724848730641183
118989,ICICI Prudential Technology Fund - Direct Growth,2023-10-04,239.2675,-0.014414244451877223
118989,ICICI Prudential Technology Fund - Direct Growth,2023-10-05,236.4002,-0.01198365845758409
118989,ICICI Prudential Technology Fund - Direct Growth,2023-10-06,235.2458,-0.004883244599623859
118989,ICICI Prudential Technology Fund - Direct Growth,2023-10-07,238.9761,0.015857031241365505
118989,ICICI Prudential Technology Fund - Direct Growth,2023-10-08,239.1133,0.0005741159890046976
118989,ICICI Prudential Technology Fund - Direct Growth,2023-10-09,235.662,-0.014433743334226978
118989,ICICI Prudential Technology Fund - Direct Growth,2023-10-10,239.3035,0.015452215461126517
118989,ICICI Prudential Technology Fund - Direct Growth,2023-10-11,241.4984,0.009172034675631435
118989,ICICI Prudential Technology Fund - Direct Growth,2023-10-12,243.1554,0.006861329101973235
118989,ICICI Prudential Technology Fund - Direct Growth,2023-10-13,245.3411,0.008988901747606803
118989,ICICI Prudential Technology Fund - Direct Growth,2023-10-14,252.4885,0.029132501647705977
118989,ICICI Prudential Technology Fund - Direct Growth,2023-10-15,259.21,0.026621014422439027
118989,ICICI Prudential Technology Fund - Direct Growth,2023-10-16,257.1776,-0.007840746884765215
118989,ICICI Prudential Technology Fund - Direct Growth,2023-10-17,262.292,0.019886646426438448
118989,ICICI Prudential Technology Fund - Direct Growth,2023-10-18,263.6029,0.004997864974913391
118989,ICICI Prudential Technology Fund - Direct Growth,2023-10-19,265.2871,0.0063891558097426415
118989,ICICI Prudential Technology Fund - Direct Growth,2023-10-20,260.006,-0.019907111955311918
118989,ICICI Prudential Technology Fund - Direct Growth,2023-10-21,259.5784,-0.0016445774328284202
118989,ICICI Prudential Technology Fund - Direct Growth,2023-10-22,257.1503,-0.009354014047393666
118989,ICICI Prudential Technology Fund - Direct Growth,2023-10-23,259.8084,0.010336756363885202
118989,ICICI Prudential Technology Fund - Direct Growth,2023-10-24,263.2516,0.01325284324910192
118989,ICICI Prudential Technology Fund - Direct Growth,2023-10-25,256.8036,-0.024493678291034104
118989,ICICI Prudential Technology Fund - Direct Growth,2023-10-26,256.8384,0.00013551211898876758
118989,ICICI Prudential Technology Fund - Direct Growth,2023-10-27,260.3988,0.013862413097107007
118989,ICICI Prudential Technology Fund - Direct Growth,2023-10-28,259.9196,-0.0018402542561639645
118989,ICICI Prudential Technology Fund - Direct Growth,2023-10-29,262.2975,0.009148598258846175
118989,ICICI Prudential Technology Fund - Direct Growth,2023-10-30,263.5077,0.004613844966116609
118989,ICICI Prudential Technology Fund - Direct Growth,2023-10-31,264.6935,0.004500058252567163
118989,ICICI Prudential Technology Fund - Direct Growth,2023-11-01,263.9376,-0.0028557558081327983
118989,ICICI Prudential Technology Fund - Direct Growth,2023-11-02,260.19,-0.014198810627966574
118989,ICICI Prudential Technology Fund - Direct Growth,2023-11-03,256.7923,-0.013058534148122525
118989,ICICI Prudential Technology Fund - Direct Growth,2023-11-04,259.0809,0.00891226099847997
118989,ICICI Prudential Technology Fund - Direct Growth,2023-11-05,259.245,0.0006333928900201791
118989,ICICI Prudential Technology Fund - Direct Growth,2023-11-06,258.9178,-0.0012621265598179443
118989,ICICI Prudential Technology Fund - Direct Growth,2023-11-07,257.7043,-0.004686815661186672
118989,ICICI Prudential Technology Fund - Direct Growth,2023-11-08,256.8636,-0.0032622660933480097
118989,ICICI Prudential Technology Fund - Direct Growth,2023-11-09,260.1933,0.01296291105473868
118989,ICICI Prudential Technology Fund - Direct Growth,2023-11-10,259.2506,-0.0036230756133996955
118989,ICICI Prudential Technology Fund - Direct Growth,2023-11-11,255.1822,-0.01569292414366652
118989,ICICI Prudential Technology Fund - Direct Growth,2023-11-12,257.5615,0.009323926198614219
118989,ICICI Prudential Technology Fund - Direct Growth,2023-11-13,257.0313,-0.002058537475515654
118989,ICICI Prudential Technology Fund - Direct Growth,2023-11-14,257.2309,0.0007765591194537347
118989,ICICI Prudential Technology Fund - Direct Growth,2023-11-15,262.296,0.01969086917629248
118989,ICICI Prudential Technology Fund - Direct Growth,2023-11-16,262.3362,0.00015326196358333988
118989,ICICI Prudential Technology Fund - Direct Growth,2023-11-17,263.3515,0.0038702245439248273
118989,ICICI Prudential Technology Fund - Direct Growth,2023-11-18,259.7312,-0.013747026312741717
118989,ICICI Prudential Technology Fund - Direct Growth,2023-11-19,259.1504,-0.002236157997191013
118989,ICICI Prudential Technology Fund - Direct Growth,2023-11-20,261.1496,0.007714439182806787
118989,ICICI Prudential Technology Fund - Direct Growth,2023-11-21,256.3798,-0.018264626865214573
118989,ICICI Prudential Technology Fund - Direct Growth,2023-11-22,257.1003,0.002810283805510405
118989,ICICI Prudential Technology Fund - Direct Growth,2023-11-23,257.5141,0.0016094885925841407
118989,ICICI Prudential Technology Fund - Direct Growth,2023-11-24,257.7447,0.000895484946261238
118989,ICICI Prudential Technology Fund - Direct Growth,2023-11-25,261.0557,0.012846044942922186
118989,ICICI Prudential Technology Fund - Direct Growth,2023-11-26,262.2078,0.004413234417022904
118989,ICICI Prudential Technology Fund - Direct Growth,2023-11-27,266.9634,0.01813676023367705
118989,ICICI Prudential Technology Fund - Direct Growth,2023-11-28,263.8872,-0.01152292786202147
118989,ICICI Prudential Technology Fund - Direct Growth,2023-11-29,264.4232,0.0020311708942306606
118989,ICICI Prudential Technology Fund - Direct Growth,2023-11-30,264.797,0.0014136429783770943
118989,ICICI Prudential Technology Fund - Direct Growth,2023-12-01,261.5053,-0.012431032073626391
118989,ICICI Prudential Technology Fund - Direct Growth,2023-12-02,264.6108,0.011875476328778056
118989,ICICI Prudential Technology Fund - Direct Growth,2023-12-03,272.0982,0.028295897219614785
118989,ICICI Prudential Technology Fund - Direct Growth,2023-12-04,272.1515,0.0001958851620480484
118989,ICICI Prudential Technology Fund - Direct Growth,2023-12-05,273.9097,0.006460372255894242
118989,ICICI Prudential Technology Fund - Direct Growth,2023-12-06,274.2971,0.0014143347241810655
118989,ICICI Prudential Technology Fund - Direct Growth,2023-12-07,272.058,-0.008163046565202503
118989,ICICI Prudential Technology Fund - Direct Growth,2023-12-08,266.2226,-0.02144910276485157
118989,ICICI Prudential Technology Fund - Direct Growth,2023-12-09,264.0744,-0.008069187214008067
118989,ICICI Prudential Technology Fund - Direct Growth,2023-12-10,259.7691,-0.016303359962192676
118989,ICICI Prudential Technology Fund - Direct Growth,2023-12-11,265.1851,0.020849284999640005
118989,ICICI Prudential Technology Fund - Direct Growth,2023-12-12,264.9249,-0.0009812014325087937
118989,ICICI Prudential Technology Fund - Direct Growth,2023-12-13,263.9312,-0.00375087430437826
118989,ICICI Prudential Technology Fund - Direct Growth,2023-12-14,266.8529,0.01106993034548398
118989,ICICI Prudential Technology Fund - Direct Growth,2023-12-15,263.3675,-0.013061128434429525
118989,ICICI Prudential Technology Fund - Direct Growth,2023-12-16,261.0492,-0.008802528785822217
118989,ICICI Prudential Technology Fund - Direct Growth,2023-12-17,261.3669,0.001217011965560566
118989,ICICI Prudential Technology Fund - Direct Growth,2023-12-18,264.6981,0.012745301719536917
118989,ICICI Prudential Technology Fund - Direct Growth,2023-12-19,266.3975,0.006420144307798026
118989,ICICI Prudential Technology Fund - Direct Growth,2023-12-20,267.2979,0.0033799115982697803
118989,ICICI Prudential Technology Fund - Direct Growth,2023-12-21,267.6554,0.0013374590672052822
118989,ICICI Prudential Technology Fund - Direct Growth,2023-12-22,269.048,0.005202958729769724
118989,ICICI Prudential Technology Fund - Direct Growth,2023-12-23,269.8067,0.002819942909815243
118989,ICICI Prudential Technology Fund - Direct Growth,2023-12-24,266.5799,-0.011959673351328859
118989,ICICI Prudential Technology Fund - Direct Growth,2023-12-25,266.8339,0.0009528100205604684
118989,ICICI Prudential Technology Fund - Direct Growth,2023-12-26,263.5027,-0.012484170864346833
118989,ICICI Prudential Technology Fund - Direct Growth,2023-12-27,263.8645,0.001373040959352645
118989,ICICI Prudential Technology Fund - Direct Growth,2023-12-28,262.4481,-0.005367906633897412
118989,ICICI Prudential Technology Fund - Direct Growth,2023-12-29,270.5505,0.030872389626749097
118989,ICICI Prudential Technology Fund - Direct Growth,2023-12-30,270.5292,-7.872837048905623e-05
118989,ICICI Prudential Technology Fund - Direct Growth,2023-12-31,266.0788,-0.01645071955263977
118989,ICICI Prudential Technology Fund - Direct Growth,2024-01-01,265.7568,-0.0012101678149480932
118989,ICICI Prudential Technology Fund - Direct Growth,2024-01-02,267.5194,0.006632379679466505
118989,ICICI Prudential Technology Fund - Direct Growth,2024-01-03,272.9983,0.020480383852535367
118989,ICICI Prudential Technology Fund - Direct Growth,2024-01-04,271.1765,-0.006673301628618233
118989,ICICI Prudential Technology Fund - Direct Growth,2024-01-05,266.1356,-0.018589000153036772
118989,ICICI Prudential Technology Fund - Direct Growth,2024-01-06,268.8507,0.010201942167827216
118989,ICICI Prudential Technology Fund - Direct Growth,2024-01-07,264.5041,-0.016167337485080147
118989,ICICI Prudential Technology Fund - Direct Growth,2024-01-08,263.2255,-0.004833951534210512
118989,ICICI Prudential Technology Fund - Direct Growth,2024-01-09,262.517,-0.002691608525769773
118989,ICICI Prudential Technology Fund - Direct Growth,2024-01-10,262.4026,-0.0004357813017823453
118989,ICICI Prudential Technology Fund - Direct Growth,2024-01-11,264.6776,0.008669883606336137
118989,ICICI Prudential Technology Fund - Direct Growth,2024-01-12,262.6122,-0.007803455978141027
118989,ICICI Prudential Technology Fund - Direct Growth,2024-01-13,261.8546,-0.002884862165580926
118989,ICICI Prudential Technology Fund - Direct Growth,2024-01-14,261.9145,0.00022875290332868836
118989,ICICI Prudential Technology Fund - Direct Growth,2024-01-15,262.4894,0.002194991113512179
118989,ICICI Prudential Technology Fund - Direct Growth,2024-01-16,262.9025,0.0015737778363620336
118989,ICICI Prudential Technology Fund - Direct Growth,2024-01-17,264.3832,0.005632125978261904
118989,ICICI Prudential Technology Fund - Direct Growth,2024-01-18,267.1661,0.01052600921692437
118989,ICICI Prudential Technology Fund - Direct Growth,2024-01-19,268.5317,0.005111426936276864
118989,ICICI Prudential Technology Fund - Direct Growth,2024-01-20,270.1007,0.005842885588554392
118989,ICICI Prudential Technology Fund - Direct Growth,2024-01-21,265.0804,-0.018586771526323376
118989,ICICI Prudential Technology Fund - Direct Growth,2024-01-22,265.3462,0.001002714648084213
118989,ICICI Prudential Technology Fund - Direct Growth,2024-01-23,266.9792,0.006154224179581114
118989,ICICI Prudential Technology Fund - Direct Growth,2024-01-24,269.4213,0.009147154534885127
118989,ICICI Prudential Technology Fund - Direct Growth,2024-01-25,267.2907,-0.007908060721256827
118989,ICICI Prudential Technology Fund - Direct Growth,2024-01-26,265.2838,-0.007508304628631057
118989,ICICI Prudential Technology Fund - Direct Growth,2024-01-27,263.5623,-0.006489276766994401
118989,ICICI Prudential Technology Fund - Direct Growth,2024-01-28,265.3643,0.006837093165449115
118989,ICICI Prudential Technology Fund - Direct Growth,2024-01-29,268.7627,0.01280654556773464
118989,ICICI Prudential Technology Fund - Direct Growth,2024-01-30,267.5561,-0.004489462265411026
118989,ICICI Prudential Technology Fund - Direct Growth,2024-01-31,270.5783,0.011295575021462723
118989,ICICI Prudential Technology Fund - Direct Growth,2024-02-01,271.0875,0.0018818951852384025
118989,ICICI Prudential Technology Fund - Direct Growth,2024-02-02,270.7916,-0.0010915294877114068
118989,ICICI Prudential Technology Fund - Direct Growth,2024-02-03,270.213,-0.002136698479568766
118989,ICICI Prudential Technology Fund - Direct Growth,2024-02-04,272.742,0.009359283232116766
118989,ICICI Prudential Technology Fund - Direct Growth,2024-02-05,273.9167,0.004307000755292556
118989,ICICI Prudential Technology Fund - Direct Growth,2024-02-06,281.5069,0.027709884063293666
118989,ICICI Prudential Technology Fund - Direct Growth,2024-02-07,278.7406,-0.009826757354793103
118989,ICICI Prudential Technology Fund - Direct Growth,2024-02-08,280.5851,0.006617263505926507
118989,ICICI Prudential Technology Fund - Direct Growth,2024-02-09,278.9155,-0.00595042288418024
118989,ICICI Prudential Technology Fund - Direct Growth,2024-02-10,276.1176,-0.010031353581998914
118989,ICICI Prudential Technology Fund - Direct Growth,2024-02-11,276.192,0.00026945040808712406
118989,ICICI Prudential Technology Fund - Direct Growth,2024-02-12,276.7577,0.0020482128374463837
118989,ICICI Prudential Technology Fund - Direct Growth,2024-02-13,286.5599,0.0354179847570637
118989,ICICI Prudential Technology Fund - Direct Growth,2024-02-14,286.0413,-0.0018097437917867776
118989,ICICI Prudential Technology Fund - Direct Growth,2024-02-15,282.2764,-0.013162085335229445
118989,ICICI Prudential Technology Fund - Direct Growth,2024-02-16,283.3141,0.0036761840522268052
118989,ICICI Prudential Technology Fund - Direct Growth,2024-02-17,276.3741,-0.02449578047827483
118989,ICICI Prudential Technology Fund - Direct Growth,2024-02-18,276.1797,-0.0007033944208230114
118989,ICICI Prudential Technology Fund - Direct Growth,2024-02-19,276.3433,0.0005923679401489412
118989,ICICI Prudential Technology Fund - Direct Growth,2024-02-20,279.0888,0.009935106080009914
118989,ICICI Prudential Technology Fund - Direct Growth,2024-02-21,282.4612,0.01208360923118379
118989,ICICI Prudential Technology Fund - Direct Growth,2024-02-22,280.8673,-0.005642898918506445
118989,ICICI Prudential Technology Fund - Direct Growth,2024-02-23,280.472,-0.0014074262115953973
118989,ICICI Prudential Technology Fund - Direct Growth,2024-02-24,278.0057,-0.008793391140648588
118989,ICICI Prudential Technology Fund - Direct Growth,2024-02-25,274.3536,-0.013136781008447063
118989,ICICI Prudential Technology Fund - Direct Growth,2024-02-26,275.4836,0.0041187722705298135
118989,ICICI Prudential Technology Fund - Direct Growth,2024-02-27,271.3836,-0.01488291862020108
118989,ICICI Prudential Technology Fund - Direct Growth,2024-02-28,270.1419,-0.004575442289069698
118989,ICICI Prudential Technology Fund - Direct Growth,2024-02-29,267.0239,-0.011542082142755317
118989,ICICI Prudential Technology Fund - Direct Growth,2024-03-01,268.8921,0.006996377477821225
118989,ICICI Prudential Technology Fund - Direct Growth,2024-03-02,274.8123,0.022017009796866382
118989,ICICI Prudential Technology Fund - Direct Growth,2024-03-03,270.6299,-0.015219115010499773
118989,ICICI Prudential Technology Fund - Direct Growth,2024-03-04,264.7204,-0.02183609423792432
118989,ICICI Prudential Technology Fund - Direct Growth,2024-03-05,264.4296,-0.0010985175301940764
118989,ICICI Prudential Technology Fund - Direct Growth,2024-03-06,264.5852,0.0005884363929000713
118989,ICICI Prudential Technology Fund - Direct Growth,2024-03-07,265.3853,0.003023978665473326
118989,ICICI Prudential Technology Fund - Direct Growth,2024-03-08,264.0701,-0.004955813302394474
118989,ICICI Prudential Technology Fund - Direct Growth,2024-03-09,263.5399,-0.0020078002015375684
118989,ICICI Prudential Technology Fund - Direct Growth,2024-03-10,264.8076,0.0048102773052580705
118989,ICICI Prudential Technology Fund - Direct Growth,2024-03-11,268.2197,0.012885204201087852
118989,ICICI Prudential Technology Fund - Direct Growth,2024-03-12,262.0344,-0.023060573104809134
118989,ICICI Prudential Technology Fund - Direct Growth,2024-03-13,260.9791,-0.004027333815712741
118989,ICICI Prudential Technology Fund - Direct Growth,2024-03-14,261.7531,0.0029657547290184993
118989,ICICI Prudential Technology Fund - Direct Growth,2024-03-15,258.9744,-0.010615729097382287
118989,ICICI Prudential Technology Fund - Direct Growth,2024-03-16,264.4579,0.021173907536806702
118989,ICICI Prudential Technology Fund - Direct Growth,2024-03-17,262.5472,-0.00722496851105614
118989,ICICI Prudential Technology Fund - Direct Growth,2024-03-18,262.5221,-9.560185749435401e-05
118989,ICICI Prudential Technology Fund - Direct Growth,2024-03-19,264.3787,0.007072166495696752
118989,ICICI Prudential Technology Fund - Direct Growth,2024-03-20,262.6086,-0.006695320008760053
118989,ICICI Prudential Technology Fund - Direct Growth,2024-03-21,256.8945,-0.021758997991688123
118989,ICICI Prudential Technology Fund - Direct Growth,2024-03-22,255.6758,-0.004743970773994688
118989,ICICI Prudential Technology Fund - Direct Growth,2024-03-23,258.9365,0.01275326018340417
118989,ICICI Prudential Technology Fund - Direct Growth,2024-03-24,257.9933,-0.0036425919095995907
118989,ICICI Prudential Technology Fund - Direct Growth,2024-03-25,255.476,-0.009757230129619598
118989,ICICI Prudential Technology Fund - Direct Growth,2024-03-26,258.416,0.011507930294822222
118989,ICICI Prudential Technology Fund - Direct Growth,2024-03-27,257.4936,-0.0035694384248652344
118989,ICICI Prudential Technology Fund - Direct Growth,2024-03-28,256.0202,-0.005722083966358871
118989,ICICI Prudential Technology Fund - Direct Growth,2024-03-29,256.5818,0.0021935769130716487
118989,ICICI Prudential Technology Fund - Direct Growth,2024-03-30,259.0576,0.009649164515955544
118989,ICICI Prudential Technology Fund - Direct Growth,2024-03-31,266.5652,0.028980427518822127
118989,ICICI Prudential Technology Fund - Direct Growth,2024-04-01,269.318,0.010326929396635265
118989,ICICI Prudential Technology Fund - Direct Growth,2024-04-02,273.1741,0.014318018104991115
118989,ICICI Prudential Technology Fund - Direct Growth,2024-04-03,271.6248,-0.0056714747115484965
118989,ICICI Prudential Technology Fund - Direct Growth,2024-04-04,268.3896,-0.011910547195985166
118989,ICICI Prudential Technology Fund - Direct Growth,2024-04-05,268.6977,0.0011479580430837633
118989,ICICI Prudential Technology Fund - Direct Growth,2024-04-06,269.1507,0.0016859094811751962
118989,ICICI Prudential Technology Fund - Direct Growth,2024-04-07,265.775,-0.012542044289685972
118989,ICICI Prudential Technology Fund - Direct Growth,2024-04-08,265.3222,-0.0017036967359607136
118989,ICICI Prudential Technology Fund - Direct Growth,2024-04-09,266.6997,0.005191800761489285
118989,ICICI Prudential Technology Fund - Direct Growth,2024-04-10,267.9598,0.004724789716673783
118989,ICICI Prudential Technology Fund - Direct Growth,2024-04-11,269.6885,0.006451340835453623
118989,ICICI Prudential Technology Fund - Direct Growth,2024-04-12,270.738,0.0038915267058106107
118989,ICICI Prudential Technology Fund - Direct Growth,2024-04-13,269.1991,-0.005684093108466515
118989,ICICI Prudential Technology Fund - Direct Growth,2024-04-14,267.6467,-0.005766735475712825
118989,ICICI Prudential Technology Fund - Direct Growth,2024-04-15,263.903,-0.013987469301881883
118989,ICICI Prudential Technology Fund - Direct Growth,2024-04-16,269.6607,0.021817485970223816
118989,ICICI Prudential Technology Fund - Direct Growth,2024-04-17,269.8121,0.0005614462915803919
118989,ICICI Prudential Technology Fund - Direct Growth,2024-04-18,269.192,-0.0022982660896230245
118989,ICICI Prudential Technology Fund - Direct Growth,2024-04-19,266.2994,-0.010745490207732855
118989,ICICI Prudential Technology Fund - Direct Growth,2024-04-20,275.7871,0.03562794358530286
118989,ICICI Prudential Technology Fund - Direct Growth,2024-04-21,272.3453,-0.01247991657332781
118989,ICICI Prudential Technology Fund - Direct Growth,2024-04-22,271.0527,-0.004746180675781808
118989,ICICI Prudential Technology Fund - Direct Growth,2024-04-23,272.5137,0.0053900957267718486
118989,ICICI Prudential Technology Fund - Direct Growth,2024-04-24,274.5855,0.0076025535596928595
118989,ICICI Prudential Technology Fund - Direct Growth,2024-04-25,277.8517,0.011895019948249264
118989,ICICI Prudential Technology Fund - Direct Growth,2024-04-26,283.9898,0.022091281068282065
118989,ICICI Prudential Technology Fund - Direct Growth,2024-04-27,285.8283,0.006473824059878286
118989,ICICI Prudential Technology Fund - Direct Growth,2024-04-28,282.3205,-0.012272402697703577
118989,ICICI Prudential Technology Fund - Direct Growth,2024-04-29,281.5629,-0.0026834749867613583
118989,ICICI Prudential Technology Fund - Direct Growth,2024-04-30,282.7156,0.004093934250570586
118989,ICICI Prudential Technology Fund - Direct Growth,2024-05-01,289.8453,0.02521862960515797
118989,ICICI Prudential Technology Fund - Direct Growth,2024-05-02,285.0995,-0.01637356203464413
118989,ICICI Prudential Technology Fund - Direct Growth,2024-05-03,289.3278,0.01483096252361027
118989,ICICI Prudential Technology Fund - Direct Growth,2024-05-04,290.0682,0.0025590351151876245
118989,ICICI Prudential Technology Fund - Direct Growth,2024-05-05,293.1006,0.010454093209803839
118989,ICICI Prudential Technology Fund - Direct Growth,2024-05-06,292.8591,-0.0008239491833178514
118989,ICICI Prudential Technology Fund - Direct Growth,2024-05-07,290.0157,-0.00970910584646345
118989,ICICI Prudential Technology Fund - Direct Growth,2024-05-08,292.7449,0.00941052501640427
118989,ICICI Prudential Technology Fund - Direct Growth,2024-05-09,295.161,0.00825326077414168
118989,ICICI Prudential Technology Fund - Direct Growth,2024-05-10,298.722,0.012064602030755989
118989,ICICI Prudential Technology Fund - Direct Growth,2024-05-11,298.7938,0.0002403572552407418
118989,ICICI Prudential Technology Fund - Direct Growth,2024-05-12,296.7626,-0.006797999155270129
118989,ICICI Prudential Technology Fund - Direct Growth,2024-05-13,291.3302,-0.018305541196902975
118989,ICICI Prudential Technology Fund - Direct Growth,2024-05-14,294.3112,0.010232375496944668
118989,ICICI Prudential Technology Fund - Direct Growth,2024-05-15,295.926,0.005486709306339765
118989,ICICI Prudential Technology Fund - Direct Growth,2024-05-16,292.6148,-0.011189283807438333
118989,ICICI Prudential Technology Fund - Direct Growth,2024-05-17,290.8407,-0.006062919578913917
118989,ICICI Prudential Technology Fund - Direct Growth,2024-05-18,289.328,-0.0052011290029216894
118989,ICICI Prudential Technology Fund - Direct Growth,2024-05-19,284.2949,-0.017395827572858402
118989,ICICI Prudential Technology Fund - Direct Growth,2024-05-20,281.6191,-0.009412057690799225
118989,ICICI Prudential Technology Fund - Direct Growth,2024-05-21,277.9,-0.013206135521347862
118989,ICICI Prudential Technology Fund - Direct Growth,2024-05-22,276.6356,-0.004549838071248535
118989,ICICI Prudential Technology Fund - Direct Growth,2024-05-23,274.2941,-0.008464203450315178
118989,ICICI Prudential Technology Fund - Direct Growth,2024-05-24,269.0485,-0.019123998656916164
118989,ICICI Prudential Technology Fund - Direct Growth,2024-05-25,275.6862,0.024671016563928116
118989,ICICI Prudential Technology Fund - Direct Growth,2024-05-26,279.9402,0.015430587385222738
118989,ICICI Prudential Technology Fund - Direct Growth,2024-05-27,277.4352,-0.008948339681117634
118989,ICICI Prudential Technology Fund - Direct Growth,2024-05-28,278.4531,0.003668964860983781
118989,ICICI Prudential Technology Fund - Direct Growth,2024-05-29,279.9594,0.005409528570520461
118989,ICICI Prudential Technology Fund - Direct Growth,2024-05-30,284.0729,0.014693201942853173
118989,ICICI Prudential Technology Fund - Direct Growth,2024-05-31,281.396,-0.009423285360905531
118989,ICICI Prudential Technology Fund - Direct Growth,2024-06-01,285.1963,0.013505167095481108
118989,ICICI Prudential Technology Fund - Direct Growth,2024-06-02,283.4353,-0.006174694412234727
118989,ICICI Prudential Technology Fund - Direct Growth,2024-06-03,279.0051,-0.015630374903902067
118989,ICICI Prudential Technology Fund - Direct Growth,2024-06-04,281.5412,0.009089798000108118
118989,ICICI Prudential Technology Fund - Direct Growth,2024-06-05,286.0146,0.01588897113459753
118989,ICICI Prudential Technology Fund - Direct Growth,2024-06-06,295.0112,0.03145503760996826
118989,ICICI Prudential Technology Fund - Direct Growth,2024-06-07,290.882,-0.013996756733303584
118989,ICICI Prudential Technology Fund - Direct Growth,2024-06-08,293.438,0.008787068295734946
118989,ICICI Prudential Technology Fund - Direct Growth,2024-06-09,292.1124,-0.004517478990451185
118989,ICICI Prudential Technology Fund - Direct Growth,2024-06-10,294.9752,0.009800337130501768
118989,ICICI Prudential Technology Fund - Direct Growth,2024-06-11,289.8881,-0.017245856600826004
118989,ICICI Prudential Technology Fund - Direct Growth,2024-06-12,285.6113,-0.014753278937631342
118989,ICICI Prudential Technology Fund - Direct Growth,2024-06-13,283.0664,-0.008910361739889239
118989,ICICI Prudential Technology Fund - Direct Growth,2024-06-14,283.4479,0.001347740318172752
118989,ICICI Prudential Technology Fund - Direct Growth,2024-06-15,281.3807,-0.007293051033364528
118989,ICICI Prudential Technology Fund - Direct Growth,2024-06-16,283.7186,0.00830867220104281
118989,ICICI Prudential Technology Fund - Direct Growth,2024-06-17,287.3283,0.012722817608715298
118989,ICICI Prudential Technology Fund - Direct Growth,2024-06-18,289.5105,0.007594796614186494
118989,ICICI Prudential Technology Fund - Direct Growth,2024-06-19,295.2502,0.01982553309810875
118989,ICICI Prudential Technology Fund - Direct Growth,2024-06-20,296.8416,0.00539000481625429
118989,ICICI Prudential Technology Fund - Direct Growth,2024-06-21,292.6256,-0.014202861054515292
118989,ICICI Prudential Technology Fund - Direct Growth,2024-06-22,297.5302,0.01676066618915084
118989,ICICI Prudential Technology Fund - Direct Growth,2024-06-23,295.4886,-0.006861824446728337
118989,ICICI Prudential Technology Fund - Direct Growth,2024-06-24,298.835,0.011324971589428356
118989,ICICI Prudential Technology Fund - Direct Growth,2024-06-25,304.598,0.01928488965482633
118989,ICICI Prudential Technology Fund - Direct Growth,2024-06-26,306.3891,0.005880209325077601
118989,ICICI Prudential Technology Fund - Direct Growth,2024-06-27,301.0108,-0.017553822900357674
118989,ICICI Prudential Technology Fund - Direct Growth,2024-06-28,297.8145,-0.010618555879058134
118989,ICICI Prudential Technology Fund - Direct Growth,2024-06-29,302.6608,0.01627288127341009
118989,ICICI Prudential Technology Fund - Direct Growth,2024-06-30,302.1676,-0.0016295470044352944
118989,ICICI Prudential Technology Fund - Direct Growth,2024-07-01,302.577,0.0013548772270752796
118989,ICICI Prudential Technology Fund - Direct Growth,2024-07-02,305.4533,0.009506010040419621
118989,ICICI Prudential Technology Fund - Direct Growth,2024-07-03,308.1278,0.00875583927232082
118989,ICICI Prudential Technology Fund - Direct Growth,2024-07-04,309.2819,0.0037455237729280277
118989,ICICI Prudential Technology Fund - Direct Growth,2024-07-05,308.6312,-0.0021039058541738598
118989,ICICI Prudential Technology Fund - Direct Growth,2024-07-06,307.5967,-0.0033518970214287958
118989,ICICI Prudential Technology Fund - Direct Growth,2024-07-07,310.8864,0.010694848156693526
118989,ICICI Prudential Technology Fund - Direct Growth,2024-07-08,313.0759,0.007042765460309575
118989,ICICI Prudential Technology Fund - Direct Growth,2024-07-09,312.2345,-0.0026875272098554337
118989,ICICI Prudential Technology Fund - Direct Growth,2024-07-10,316.4139,0.013385452280257226
118989,ICICI Prudential Technology Fund - Direct Growth,2024-07-11,316.0505,-0.0011484956887166664
118989,ICICI Prudential Technology Fund - Direct Growth,2024-07-12,312.9469,-0.009819949659943483
118989,ICICI Prudential Technology Fund - Direct Growth,2024-07-13,310.2219,-0.008707547510456326
118989,ICICI Prudential Technology Fund - Direct Growth,2024-07-14,306.7025,-0.011344782557259903
118989,ICICI Prudential Technology Fund - Direct Growth,2024-07-15,305.8226,-0.0028689039052500753
118989,ICICI Prudential Technology Fund - Direct Growth,2024-07-16,310.4725,0.015204566307395195
118989,ICICI Prudential Technology Fund - Direct Growth,2024-07-17,307.5972,-0.009261045664269885
118989,ICICI Prudential Technology Fund - Direct Growth,2024-07-18,308.4159,0.002661597699849194
118989,ICICI Prudential Technology Fund - Direct Growth,2024-07-19,306.1089,-0.007480159096855954
118989,ICICI Prudential Technology Fund - Direct Growth,2024-07-20,305.2751,-0.002723867225030041
118989,ICICI Prudential Technology Fund - Direct Growth,2024-07-21,299.8655,-0.017720410213607374
118989,ICICI Prudential Technology Fund - Direct Growth,2024-07-22,299.1919,-0.0022463404426318334
118989,ICICI Prudential Technology Fund - Direct Growth,2024-07-23,298.6161,-0.0019245173415455286
118989,ICICI Prudential Technology Fund - Direct Growth,2024-07-24,300.6716,0.006883419882585118
118989,ICICI Prudential Technology Fund - Direct Growth,2024-07-25,301.5975,0.0030794394947843973
118989,ICICI Prudential Technology Fund - Direct Growth,2024-07-26,297.381,-0.013980553552333963
118989,ICICI Prudential Technology Fund - Direct Growth,2024-07-27,301.369,0.013410406179278578
118989,ICICI Prudential Technology Fund - Direct Growth,2024-07-28,302.2501,0.0029236583722942466
118989,ICICI Prudential Technology Fund - Direct Growth,2024-07-29,303.0906,0.0027808096672259364
118989,ICICI Prudential Technology Fund - Direct Growth,2024-07-30,303.1784,0.00028968235900417305
118989,ICICI Prudential Technology Fund - Direct Growth,2024-07-31,301.416,-0.005813079032015556
118989,ICICI Prudential Technology Fund - Direct Growth,2024-08-01,302.3244,0.0030137749820846604
118989,ICICI Prudential Technology Fund - Direct Growth,2024-08-02,304.1707,0.0061070161720324645
118989,ICICI Prudential Technology Fund - Direct Growth,2024-08-03,297.9161,-0.02056279582484455
118989,ICICI Prudential Technology Fund - Direct Growth,2024-08-04,296.1092,-0.006065130417590714
118989,ICICI Prudential Technology Fund - Direct Growth,2024-08-05,295.3217,-0.0026594918361197983
118989,ICICI Prudential Technology Fund - Direct Growth,2024-08-06,296.3477,0.003474177481708862
118989,ICICI Prudential Technology Fund - Direct Growth,2024-08-07,300.7099,0.014719871286330344
118989,ICICI Prudential Technology Fund - Direct Growth,2024-08-08,298.0453,-0.008861031844977552
118989,ICICI Prudential Technology Fund - Direct Growth,2024-08-09,296.3835,-0.0055756624915741515
118989,ICICI Prudential Technology Fund - Direct Growth,2024-08-10,294.6792,-0.005750320108913076
118989,ICICI Prudential Technology Fund - Direct Growth,2024-08-11,291.9627,-0.009218499303649486
118989,ICICI Prudential Technology Fund - Direct Growth,2024-08-12,290.8631,-0.0037662345224236393
118989,ICICI Prudential Technology Fund - Direct Growth,2024-08-13,293.6698,0.009649556784617985
118989,ICICI Prudential Technology Fund - Direct Growth,2024-08-14,290.0735,-0.012246066841057446
118989,ICICI Prudential Technology Fund - Direct Growth,2024-08-15,291.6787,0.005533769889355611
118989,ICICI Prudential Technology Fund - Direct Growth,2024-08-16,285.8385,-0.02002271677705636
118989,ICICI Prudential Technology Fund - Direct Growth,2024-08-17,284.0274,-0.006336095382532436
118989,ICICI Prudential Technology Fund - Direct Growth,2024-08-18,283.018,-0.0035538824775357414
118989,ICICI Prudential Technology Fund - Direct Growth,2024-08-19,288.8194,0.020498342861584806
118989,ICICI Prudential Technology Fund - Direct Growth,2024-08-20,287.9825,-0.002897658536787917
118989,ICICI Prudential Technology Fund - Direct Growth,2024-08-21,280.4907,-0.02601477520335438
118989,ICICI Prudential Technology Fund - Direct Growth,2024-08-22,273.8749,-0.02358652176346654
118989,ICICI Prudential Technology Fund - Direct Growth,2024-08-23,274.0963,0.0008083982869548922
118989,ICICI Prudential Technology Fund - Direct Growth,2024-08-24,276.2247,0.007765154071762259
118989,ICICI Prudential Technology Fund - Direct Growth,2024-08-25,277.5797,0.004905426632737742
118989,ICICI Prudential Technology Fund - Direct Growth,2024-08-26,278.2489,0.0024108391211605795
118989,ICICI Prudential Technology Fund - Direct Growth,2024-08-27,282.241,0.014347226529916268
118989,ICICI Prudential Technology Fund - Direct Growth,2024-08-28,280.5264,-0.006074950131270684
118989,ICICI Prudential Technology Fund - Direct Growth,2024-08-29,283.6512,0.011139058569888505
118989,ICICI Prudential Technology Fund - Direct Growth,2024-08-30,278.2096,-0.019184124727834706
118989,ICICI Prudential Technology Fund - Direct Growth,2024-08-31,275.2997,-0.010459380265814167
118989,ICICI Prudential Technology Fund - Direct Growth,2024-09-01,269.4401,-0.021284440193723442
118989,ICICI Prudential Technology Fund - Direct Growth,2024-09-02,268.6592,-0.0028982322972711527
118989,ICICI Prudential Technology Fund - Direct Growth,2024-09-03,268.6175,-0.00015521523178807506
118989,ICICI Prudential Technology Fund - Direct Growth,2024-09-04,269.0927,0.0017690582333613758
118989,ICICI Prudential Technology Fund - Direct Growth,2024-09-05,269.4002,0.0011427288811625136
118989,ICICI Prudential Technology Fund - Direct Growth,2024-09-06,266.5094,-0.010730504283218645
118989,ICICI Prudential Technology Fund - Direct Growth,2024-09-07,266.0076,-0.001882860416930865
118989,ICICI Prudential Technology Fund - Direct Growth,2024-09-08,261.334,-0.01756942282852081
118989,ICICI Prudential Technology Fund - Direct Growth,2024-09-09,265.7136,0.016758630717778722
118989,ICICI Prudential Technology Fund - Direct Growth,2024-09-10,264.8518,-0.003243341703247249
118989,ICICI Prudential Technology Fund - Direct Growth,2024-09-11,263.404,-0.005466453314646236
118989,ICICI Prudential Technology Fund - Direct Growth,2024-09-12,268.5318,0.019467434055671085
118989,ICICI Prudential Technology Fund - Direct Growth,2024-09-13,264.6362,-0.014507034176213018
118989,ICICI Prudential Technology Fund - Direct Growth,2024-09-14,261.1676,-0.01310705035818982
118989,ICICI Prudential Technology Fund - Direct Growth,2024-09-15,257.8365,-0.01275464491001177
118989,ICICI Prudential Technology Fund - Direct Growth,2024-09-16,257.7296,-0.00041460382839508814
118989,ICICI Prudential Technology Fund - Direct Growth,2024-09-17,259.1676,0.0055794910635020845
118989,ICICI Prudential Technology Fund - Direct Growth,2024-09-18,261.5717,0.009276236690080264
118989,ICICI Prudential Technology Fund - Direct Growth,2024-09-19,269.7495,0.03126408552607174
118989,ICICI Prudential Technology Fund - Direct Growth,2024-09-20,262.576,-0.026593191090252266
118989,ICICI Prudential Technology Fund - Direct Growth,2024-09-21,264.5991,0.007704816891109578
118989,ICICI Prudential Technology Fund - Direct Growth,2024-09-22,262.9359,-0.006285735665767622
118989,ICICI Prudential Technology Fund - Direct Growth,2024-09-23,261.1908,-0.006636978822595063
118989,ICICI Prudential Technology Fund - Direct Growth,2024-09-24,259.3527,-0.0070373841651389935
118989,ICICI Prudential Technology Fund - Direct Growth,2024-09-25,256.6281,-0.010505385137690948
118989,ICICI Prudential Technology Fund - Direct Growth,2024-09-26,261.9183,0.020614266325472475
118989,ICICI Prudential Technology Fund - Direct Growth,2024-09-27,264.6704,0.01050747504088112
118989,ICICI Prudential Technology Fund - Direct Growth,2024-09-28,264.8499,0.0006782020203242034
118989,ICICI Prudential Technology Fund - Direct Growth,2024-09-29,269.2496,0.016612050825769664
118989,ICICI Prudential Technology Fund - Direct Growth,2024-09-30,264.4703,-0.017750444197502935
118989,ICICI Prudential Technology Fund - Direct Growth,2024-10-01,260.3529,-0.015568477821517268
118989,ICICI Prudential Technology Fund - Direct Growth,2024-10-02,253.6526,-0.025735453686131282
118989,ICICI Prudential Technology Fund - Direct Growth,2024-10-03,251.6252,-0.007992821678153517
118989,ICICI Prudential Technology Fund - Direct Growth,2024-10-04,252.2141,0.0023403856211539065
118989,ICICI Prudential Technology Fund - Direct Growth,2024-10-05,252.6263,0.0016343257573623315
118989,ICICI Prudential Technology Fund - Direct Growth,2024-10-06,253.1801,0.0021921708072358825
118989,ICICI Prudential Technology Fund - Direct Growth,2024-10-07,248.9944,-0.01653249998716333
118989,ICICI Prudential Technology Fund - Direct Growth,2024-10-08,251.4938,0.010037976757710121
118989,ICICI Prudential Technology Fund - Direct Growth,2024-10-09,252.3176,0.0032756274707368416
118989,ICICI Prudential Technology Fund - Direct Growth,2024-10-10,254.6381,0.009196742518159606
118989,ICICI Prudential Technology Fund - Direct Growth,2024-10-11,248.9563,-0.022313235921882946
118989,ICICI Prudential Technology Fund - Direct Growth,2024-10-12,249.9865,0.0041380756381743655
118989,ICICI Prudential Technology Fund - Direct Growth,2024-10-13,246.5234,-0.013853148069995713
118989,ICICI Prudential Technology Fund - Direct Growth,2024-10-14,245.4466,-0.004367942353545429
118989,ICICI Prudential Technology Fund - Direct Growth,2024-10-15,247.1187,0.006812479781753034
118989,ICICI Prudential Technology Fund - Direct Growth,2024-10-16,247.4877,0.001493209538574014
118989,ICICI Prudential Technology Fund - Direct Growth,2024-10-17,245.0577,-0.009818669776316069
118989,ICICI Prudential Technology Fund - Direct Growth,2024-10-18,245.1742,0.0004753982429444026
118989,ICICI Prudential Technology Fund - Direct Growth,2024-10-19,240.7664,-0.017978237514387763
118989,ICICI Prudential Technology Fund - Direct Growth,2024-10-20,244.1861,0.014203393829039346
118989,ICICI Prudential Technology Fund - Direct Growth,2024-10-21,243.6822,-0.0020635900241660066
118989,ICICI Prudential Technology Fund - Direct Growth,2024-10-22,247.0505,0.013822511451390351
118989,ICICI Prudential Technology Fund - Direct Growth,2024-10-23,245.5884,-0.005918223197281525
118989,ICICI Prudential Technology Fund - Direct Growth,2024-10-24,244.1436,-0.005883014018577493
118989,ICICI Prudential Technology Fund - Direct Growth,2024-10-25,242.0024,-0.008770248329261987
118989,ICICI Prudential Technology Fund - Direct Growth,2024-10-26,244.6436,0.010913941349341982
118989,ICICI Prudential Technology Fund - Direct Growth,2024-10-27,242.6588,-0.008113026459715234
118989,ICICI Prudential Technology Fund - Direct Growth,2024-10-28,244.6329,0.008135291199000472
118989,ICICI Prudential Technology Fund - Direct Growth,2024-10-29,243.608,-0.004189542780222988
118989,ICICI Prudential Technology Fund - Direct Growth,2024-10-30,237.9291,-0.023311631801911314
118989,ICICI Prudential Technology Fund - Direct Growth,2024-10-31,236.3959,-0.006443936449975984
118989,ICICI Prudential Technology Fund - Direct Growth,2024-11-01,233.1456,-0.013749392438701435
118989,ICICI Prudential Technology Fund - Direct Growth,2024-11-02,233.3337,0.0008067919789178646
118989,ICICI Prudential Technology Fund - Direct Growth,2024-11-03,230.0939,-0.013884835323830225
118989,ICICI Prudential Technology Fund - Direct Growth,2024-11-04,232.7427,0.011511821912706166
118989,ICICI Prudential Technology Fund - Direct Growth,2024-11-05,232.5814,-0.0006930399965283662
118989,ICICI Prudential Technology Fund - Direct Growth,2024-11-06,232.1788,-0.0017310068646934074
118989,ICICI Prudential Technology Fund - Direct Growth,2024-11-07,234.0991,0.008270780967082336
118989,ICICI Prudential Technology Fund - Direct Growth,2024-11-08,236.9005,0.011966726911807779
118989,ICICI Prudential Technology Fund - Direct Growth,2024-11-09,236.9381,0.00015871642313958212
118989,ICICI Prudential Technology Fund - Direct Growth,2024-11-10,234.8402,-0.00885421128978403
118989,ICICI Prudential Technology Fund - Direct Growth,2024-11-11,229.9349,-0.020887820739379448
118989,ICICI Prudential Technology Fund - Direct Growth,2024-11-12,228.1339,-0.007832651763607812
118989,ICICI Prudential Technology Fund - Direct Growth,2024-11-13,226.5355,-0.007006411585476768
118989,ICICI Prudential Technology Fund - Direct Growth,2024-11-14,226.9171,0.0016845041947066708
118989,ICICI Prudential Technology Fund - Direct Growth,2024-11-15,226.068,-0.003741895167882814
118989,ICICI Prudential Technology Fund - Direct Growth,2024-11-16,228.0247,0.00865536033405867
118989,ICICI Prudential Technology Fund - Direct Growth,2024-11-17,226.4386,-0.0069558253996167
118989,ICICI Prudential Technology Fund - Direct Growth,2024-11-18,226.3742,-0.00028440380747807303
118989,ICICI Prudential Technology Fund - Direct Growth,2024-11-19,229.681,0.014607671722307591
118989,ICICI Prudential Technology Fund - Direct Growth,2024-11-20,230.715,0.004501896108080272
118989,ICICI Prudential Technology Fund - Direct Growth,2024-11-21,230.6411,-0.00032030860585574583
118989,ICICI Prudential Technology Fund - Direct Growth,2024-11-22,229.0674,-0.006823155109822121
118989,ICICI Prudential Technology Fund - Direct Growth,2024-11-23,227.4184,-0.0071987546023571936
118989,ICICI Prudential Technology Fund - Direct Growth,2024-11-24,225.188,-0.009807473801592193
118989,ICICI Prudential Technology Fund - Direct Growth,2024-11-25,223.8161,-0.006092242925910707
118989,ICICI Prudential Technology Fund - Direct Growth,2024-11-26,225.9352,0.009468040949690337
118989,ICICI Prudential Technology Fund - Direct Growth,2024-11-27,225.424,-0.0022625956468934616
118989,ICICI Prudential Technology Fund - Direct Growth,2024-11-28,221.8629,-0.01579734189793458
118989,ICICI Prudential Technology Fund - Direct Growth,2024-11-29,226.6591,0.021617854990627183
118989,ICICI Prudential Technology Fund - Direct Growth,2024-11-30,227.62,0.004239406227237286
118989,ICICI Prudential Technology Fund - Direct Growth,2024-12-01,223.8681,-0.016483173710570287
118989,ICICI Prudential Technology Fund - Direct Growth,2024-12-02,222.7707,-0.00490199362928434
118989,ICICI Prudential Technology Fund - Direct Growth,2024-12-03,223.1562,0.0017304789184573455
118989,ICICI Prudential Technology Fund - Direct Growth,2024-12-04,227.8101,0.020854898945223077
118989,ICICI Prudential Technology Fund - Direct Growth,2024-12-05,224.872,-0.012897145473356963
118989,ICICI Prudential Technology Fund - Direct Growth,2024-12-06,227.5958,0.012112668540325
118989,ICICI Prudential Technology Fund - Direct Growth,2024-12-07,231.509,0.01719363889843306
118989,ICICI Prudential Technology Fund - Direct Growth,2024-12-08,229.8551,-0.00714399872143201
118989,ICICI Prudential Technology Fund - Direct Growth,2024-12-09,229.1816,-0.002930106836872448
118989,ICICI Prudential Technology Fund - Direct Growth,2024-12-10,226.4232,-0.012035870244382574
118989,ICICI Prudential Technology Fund - Direct Growth,2024-12-11,225.9609,-0.0020417519052817745
118989,ICICI Prudential Technology Fund - Direct Growth,2024-12-12,225.9521,-3.894479089083802e-05
118989,ICICI Prudential Technology Fund - Direct Growth,2024-12-13,227.8311,0.008315921825909012
118989,ICICI Prudential Technology Fund - Direct Growth,2024-12-14,230.9028,0.013482356008464258
118989,ICICI Prudential Technology Fund - Direct Growth,2024-12-15,228.9223,-0.00857720218204372
118989,ICICI Prudential Technology Fund - Direct Growth,2024-12-16,223.6095,-0.0232078744622084
118989,ICICI Prudential Technology Fund - Direct Growth,2024-12-17,223.6419,0.00014489545390516945
118989,ICICI Prudential Technology Fund - Direct Growth,2024-12-18,224.5191,0.003922341922510952
118989,ICICI Prudential Technology Fund - Direct Growth,2024-12-19,225.2809,0.0033930298134992043
118989,ICICI Prudential Technology Fund - Direct Growth,2024-12-20,224.4879,-0.0035200498577553363
118989,ICICI Prudential Technology Fund - Direct Growth,2024-12-21,224.9138,0.0018972069318659024
118989,ICICI Prudential Technology Fund - Direct Growth,2024-12-22,229.0939,0.01858534247342747
118989,ICICI Prudential Technology Fund - Direct Growth,2024-12-23,230.235,0.0049809270347225265
118989,ICICI Prudential Technology Fund - Direct Growth,2024-12-24,229.2955,-0.004080613286424728
118989,ICICI Prudential Technology Fund - Direct Growth,2024-12-25,228.0109,-0.0056023777178357825
118989,ICICI Prudential Technology Fund - Direct Growth,2024-12-26,227.6374,-0.0016380795830374106
118989,ICICI Prudential Technology Fund - Direct Growth,2024-12-27,232.1995,0.020041082880053906
118989,ICICI Prudential Technology Fund - Direct Growth,2024-12-28,231.7816,-0.0017997454774880683
118989,ICICI Prudential Technology Fund - Direct Growth,2024-12-29,231.8193,0.00016265311828034257
118989,ICICI Prudential Technology Fund - Direct Growth,2024-12-30,230.5703,-0.0053878171489604165
118989,ICICI Prudential Technology Fund - Direct Growth,2024-12-31,233.7032,0.013587612975305197
119551,Axis Bluechip Fund - Direct Growth,2022-01-01,143.3259,0.0
119551,Axis Bluechip Fund - Direct Growth,2022-01-02,143.1454,-0.0012593676369727635
119551,Axis Bluechip Fund - Direct Growth,2022-01-03,144.3152,0.008172110315804781
119551,Axis Bluechip Fund - Direct Growth,2022-01-04,147.0105,0.018676480370743986
119551,Axis Bluechip Fund - Direct Growth,2022-01-05,146.6562,-0.00241003193649425
119551,Axis Bluechip Fund - Direct Growth,2022-01-06,146.3028,-0.0024097174207433625
119551,Axis Bluechip Fund - Direct Growth,2022-01-07,149.1338,0.01935027901038122
119551,Axis Bluechip Fund - Direct Growth,2022-01-08,150.5669,0.009609491610889087
119551,Axis Bluechip Fund - Direct Growth,2022-01-09,149.7789,-0.0052335539882936155
119551,Axis Bluechip Fund - Direct Growth,2022-01-10,150.814,0.006910853264378458
119551,Axis Bluechip Fund - Direct Growth,2022-01-11,150.0356,-0.0051613245454665835
119551,Axis Bluechip Fund - Direct Growth,2022-01-12,149.2571,-0.00518876853226824
119551,Axis Bluechip Fund - Direct Growth,2022-01-13,149.7502,0.003303695435594056
119551,Axis Bluechip Fund - Direct Growth,2022-01-14,146.3719,-0.022559569202578622
119551,Axis Bluechip Fund - Direct Growth,2022-01-15,143.4007,-0.020298978150861013
119551,Axis Bluechip Fund - Direct Growth,2022-01-16,142.4905,-0.0063472493509446615
119551,Axis Bluechip Fund - Direct Growth,2022-01-17,140.8157,-0.011753766040543123
119551,Axis Bluechip Fund - Direct Growth,2022-01-18,141.403,0.004170699716011805
119551,Axis Bluechip Fund - Direct Growth,2022-01-19,139.9188,-0.010496241239577597
119551,Axis Bluechip Fund - Direct Growth,2022-01-20,137.6035,-0.01654745466656382
119551,Axis Bluechip Fund - Direct Growth,2022-01-21,140.0787,0.017987914551591988
119551,Axis Bluechip Fund - Direct Growth,2022-01-22,139.7552,-0.002309416063969727
119551,Axis Bluechip Fund - Direct Growth,2022-01-23,139.9244,0.0012106884037230703
119551,Axis Bluechip Fund - Direct Growth,2022-01-24,137.5881,-0.01669687345452253
119551,Axis Bluechip Fund - Direct Growth,2022-01-25,136.7443,-0.006132797821904568
119551,Axis Bluechip Fund - Direct Growth,2022-01-26,136.981,0.001730967945281714
119551,Axis Bluechip Fund - Direct Growth,2022-01-27,135.1438,-0.013412079047459113
119551,Axis Bluechip Fund - Direct Growth,2022-01-28,135.8071,0.004908105292288578
119551,Axis Bluechip Fund - Direct Growth,2022-01-29,134.8826,-0.006807449684147593
119551,Axis Bluechip Fund - Direct Growth,2022-01-30,134.4644,-0.0031004740418704158
119551,Axis Bluechip Fund - Direct Growth,2022-01-31,133.5473,-0.006820392609493742
119551,Axis Bluechip Fund - Direct Growth,2022-02-01,136.5691,0.022627189018422644
119551,Axis Bluechip Fund - Direct Growth,2022-02-02,136.6016,0.00023797476881659563
119551,Axis Bluechip Fund - Direct Growth,2022-02-03,134.9224,-0.012292681784107806
119551,Axis Bluechip Fund - Direct Growth,2022-02-04,136.3081,0.01027034799262383
119551,Axis Bluechip Fund - Direct Growth,2022-02-05,134.3657,-0.014250070245275137
119551,Axis Bluechip Fund - Direct Growth,2022-02-06,134.7562,0.0029062476510002266
119551,Axis Bluechip Fund - Direct Growth,2022-02-07,131.6412,-0.02311581953186581
119551,Axis Bluechip Fund - Direct Growth,2022-02-08,129.5957,-0.01553844844926966
119551,Axis Bluechip Fund - Direct Growth,2022-02-09,129.9537,0.002762437333954759
119551,Axis Bluechip Fund - Direct Growth,2022-02-10,131.1573,0.009261760149961162
119551,Axis Bluechip Fund - Direct Growth,2022-02-11,131.4795,0.0024565921988330963
119551,Axis Bluechip Fund - Direct Growth,2022-02-12,131.3496,-0.0009879867203631543
119551,Axis Bluechip Fund - Direct Growth,2022-02-13,130.9275,-0.00321356136600337
119551,Axis Bluechip Fund - Direct Growth,2022-02-14,128.6569,-0.017342422332970564
119551,Axis Bluechip Fund - Direct Growth,2022-02-15,127.597,-0.008238190100958498
119551,Axis Bluechip Fund - Direct Growth,2022-02-16,126.9427,-0.00512786350776262
119551,Axis Bluechip Fund - Direct Growth,2022-02-17,128.6038,0.013085431458445429
119551,Axis Bluechip Fund - Direct Growth,2022-02-18,129.1855,0.004523194493475158
119551,Axis Bluechip Fund - Direct Growth,2022-02-19,126.5041,-0.020756199418665355
119551,Axis Bluechip Fund - Direct Growth,2022-02-20,127.0467,0.004289189046046804
119551,Axis Bluechip Fund - Direct Growth,2022-02-21,126.5104,-0.004221282410326266
119551,Axis Bluechip Fund - Direct Growth,2022-02-22,125.5334,-0.007722685249592187
119551,Axis Bluechip Fund - Direct Growth,2022-02-23,126.505,0.007739772841331538
119551,Axis Bluechip Fund - Direct Growth,2022-02-24,128.1207,0.012771827200505959
119551,Axis Bluechip Fund - Direct Growth,2022-02-25,129.6037,0.011575022615393227
119551,Axis Bluechip Fund - Direct Growth,2022-02-26,128.3504,-0.009670248611729382
119551,Axis Bluechip Fund - Direct Growth,2022-02-27,127.9255,-0.003310468841546288
119551,Axis Bluechip Fund - Direct Growth,2022-02-28,128.4852,0.004375202754728358
119551,Axis Bluechip Fund - Direct Growth,2022-03-01,130.0407,0.012106452727629335
119551,Axis Bluechip Fund - Direct Growth,2022-03-02,129.345,-0.005349863542721489
119551,Axis Bluechip Fund - Direct Growth,2022-03-03,129.1086,-0.0018276701843905618
119551,Axis Bluechip Fund - Direct Growth,2022-03-04,127.4462,-0.012875981925293822
119551,Axis Bluechip Fund - Direct Growth,2022-03-05,125.6678,-0.013954123386966444
119551,Axis Bluechip Fund - Direct Growth,2022-03-06,126.9434,0.010150571586357016
119551,Axis Bluechip Fund - Direct Growth,2022-03-07,129.0602,0.01667514813688631
119551,Axis Bluechip Fund - Direct Growth,2022-03-08,129.0003,-0.0004641244938408118
119551,Axis Bluechip Fund - Direct Growth,2022-03-09,130.6054,0.012442606722619987
119551,Axis Bluechip Fund - Direct Growth,2022-03-10,131.2244,0.004739467127699237
119551,Axis Bluechip Fund - Direct Growth,2022-03-11,130.261,-0.00734162244216785
119551,Axis Bluechip Fund - Direct Growth,2022-03-12,130.878,0.0047366441221854405
119551,Axis Bluechip Fund - Direct Growth,2022-03-13,133.3459,0.018856492305811656
119551,Axis Bluechip Fund - Direct Growth,2022-03-14,133.3419,-2.9997172766416114e-05
119551,Axis Bluechip Fund - Direct Growth,2022-03-15,135.8988,0.019175517972970013
119551,Axis Bluechip Fund - Direct Growth,2022-03-16,131.6809,-0.031037065816622245
119551,Axis Bluechip Fund - Direct Growth,2022-03-17,133.0323,0.010262688058784386
119551,Axis Bluechip Fund - Direct Growth,2022-03-18,133.2245,0.001444761911205017
119551,Axis Bluechip Fund - Direct Growth,2022-03-19,132.7998,-0.0031878520842637537
119551,Axis Bluechip Fund - Direct Growth,2022-03-20,132.9991,0.00150075527222171
119551,Axis Bluechip Fund - Direct Growth,2022-03-21,129.8802,-0.023450534627677877
119551,Axis Bluechip Fund - Direct Growth,2022-03-22,129.5898,-0.002235906627800155
119551,Axis Bluechip Fund - Direct Growth,2022-03-23,130.197,0.004685553955635413
119551,Axis Bluechip Fund - Direct Growth,2022-03-24,132.5581,0.018134826455294517
119551,Axis Bluechip Fund - Direct Growth,2022-03-25,131.7867,-0.005819335068924514
119551,Axis Bluechip Fund - Direct Growth,2022-03-26,130.5608,-0.009302152645145445
119551,Axis Bluechip Fund - Direct Growth,2022-03-27,129.8269,-0.005621135899902652
119551,Axis Bluechip Fund - Direct Growth,2022-03-28,131.305,0.011385159778135368
119551,Axis Bluechip Fund - Direct Growth,2022-03-29,131.8755,0.004344845969308064
119551,Axis Bluechip Fund - Direct Growth,2022-03-30,131.0899,-0.005957133811814841
119551,Axis Bluechip Fund - Direct Growth,2022-03-31,131.9497,0.006558857699944909
119551,Axis Bluechip Fund - Direct Growth,2022-04-01,132.1562,0.0015649902955445771
119551,Axis Bluechip Fund - Direct Growth,2022-04-02,133.7452,0.012023650801097574
119551,Axis Bluechip Fund - Direct Growth,2022-04-03,132.6719,-0.008024960895793076
119551,Axis Bluechip Fund - Direct Growth,2022-04-04,132.2033,-0.0035320214755346635
119551,Axis Bluechip Fund - Direct Growth,2022-04-05,131.6341,-0.004305490105012688
119551,Axis Bluechip Fund - Direct Growth,2022-04-06,129.375,-0.01716196639016787
119551,Axis Bluechip Fund - Direct Growth,2022-04-08,130.3453,0.007499903381642525
119551,Axis Bluechip Fund - Direct Growth,2022-04-09,130.4054,0.0004610829849636122
119551,Axis Bluechip Fund - Direct Growth,2022-04-10,130.0905,-0.0024147773021668817
119551,Axis Bluechip Fund - Direct Growth,2022-04-11,127.933,-0.01658460840722409
119551,Axis Bluechip Fund - Direct Growth,2022-04-12,127.3384,-0.004647745304182771
119551,Axis Bluechip Fund - Direct Growth,2022-04-13,126.8656,-0.0037129412651643046
119551,Axis Bluechip Fund - Direct Growth,2022-04-14,125.695,-0.009227087563531855
119551,Axis Bluechip Fund - Direct Growth,2022-04-15,125.502,-0.001535462826683598
119551,Axis Bluechip Fund - Direct Growth,2022-04-16,126.1607,0.005248521935905526
119551,Axis Bluechip Fund - Direct Growth,2022-04-17,129.0667,0.023034114427075814
119551,Axis Bluechip Fund - Direct Growth,2022-04-18,129.3887,0.002494834066416818
119551,Axis Bluechip Fund - Direct Growth,2022-04-19,129.8403,0.0034902584228762024
119551,Axis Bluechip Fund - Direct Growth,2022-04-20,129.7762,-0.0004936833941390217
119551,Axis Bluechip Fund - Direct Growth,2022-04-21,126.84,-0.02262510383259786
119551,Axis Bluechip Fund - Direct Growth,2022-04-22,126.8504,8.199306212541835e-05
119551,Axis Bluechip Fund - Direct Growth,2022-04-23,126.9928,0.0011225821913056766
119551,Axis Bluechip Fund - Direct Growth,2022-04-24,130.7974,0.029959178788088847
119551,Axis Bluechip Fund - Direct Growth,2022-04-25,130.5478,-0.0019082948131997624
119551,Axis Bluechip Fund - Direct Growth,2022-04-26,131.0724,0.004018451479075091
119551,Axis Bluechip Fund - Direct Growth,2022-04-27,131.0702,-1.678461674603504e-05
119551,Axis Bluechip Fund - Direct Growth,2022-04-28,129.2845,-0.013623996911578562
119551,Axis Bluechip Fund - Direct Growth,2022-04-29,131.1092,0.014113834218332233
119551,Axis Bluechip Fund - Direct Growth,2022-04-30,132.3447,0.009423442443398322
119551,Axis Bluechip Fund - Direct Growth,2022-05-01,133.6539,0.009892349296949599
119551,Axis Bluechip Fund - Direct Growth,2022-05-02,132.2488,-0.010512974181823398
119551,Axis Bluechip Fund - Direct Growth,2022-05-03,134.5279,0.017233426692718545
119551,Axis Bluechip Fund - Direct Growth,2022-05-04,132.3187,-0.01642187234023562
119551,Axis Bluechip Fund - Direct Growth,2022-05-05,133.3035,0.007442636603896657
119551,Axis Bluechip Fund - Direct Growth,2022-05-06,136.8608,0.026685720930058165
119551,Axis Bluechip Fund - Direct Growth,2022-05-07,135.2888,-0.011486123126563608
119551,Axis Bluechip Fund - Direct Growth,2022-05-08,134.4236,-0.006395207881214282
119551,Axis Bluechip Fund - Direct Growth,2022-05-09,134.6381,0.0015957019451942056
119551,Axis Bluechip Fund - Direct Growth,2022-05-10,133.8785,-0.005641790845236305
119551,Axis Bluechip Fund - Direct Growth,2022-05-11,131.4408,-0.01820830081006286
119551,Axis Bluechip Fund - Direct Growth,2022-05-12,131.6015,0.001222603636009456
119551,Axis Bluechip Fund - Direct Growth,2022-05-13,129.9765,-0.012347883572755625
119551,Axis Bluechip Fund - Direct Growth,2022-05-14,130.7672,0.006083407385181205
119551,Axis Bluechip Fund - Direct Growth,2022-05-15,129.3767,-0.010633400424571282
119551,Axis Bluechip Fund - Direct Growth,2022-05-16,131.8348,0.01899955710726897
119551,Axis Bluechip Fund - Direct Growth,2022-05-17,130.6484,-0.008999141349628426
119551,Axis Bluechip Fund - Direct Growth,2022-05-18,130.1957,-0.003465025212708417
119551,Axis Bluechip Fund - Direct Growth,2022-05-19,131.5188,0.010162393996115071
119551,Axis Bluechip Fund - Direct Growth,2022-05-20,129.6288,-0.014370569074535267
119551,Axis Bluechip Fund - Direct Growth,2022-05-21,130.0345,0.0031297057444024112
119551,Axis Bluechip Fund - Direct Growth,2022-05-22,132.1262,0.016085731094440447
119551,Axis Bluechip Fund - Direct Growth,2022-05-23,129.6304,-0.018889516235235715
119551,Axis Bluechip Fund - Direct Growth,2022-05-24,129.9695,0.0026158987398017253
119551,Axis Bluechip Fund - Direct Growth,2022-05-25,130.4268,0.003518517806100574
119551,Axis Bluechip Fund - Direct Growth,2022-05-26,131.7026,0.009781731975330166
119551,Axis Bluechip Fund - Direct Growth,2022-05-27,129.8004,-0.014443146908261428
119551,Axis Bluechip Fund - Direct Growth,2022-05-28,127.7956,-0.015445252865168402
119551,Axis Bluechip Fund - Direct Growth,2022-05-29,128.6471,0.006662983702099279
119551,Axis Bluechip Fund - Direct Growth,2022-05-30,129.157,0.003963556115917255
119551,Axis Bluechip Fund - Direct Growth,2022-05-31,129.5969,0.003405932314934468
119551,Axis Bluechip Fund - Direct Growth,2022-06-01,130.1875,0.0045572077727167315
119551,Axis Bluechip Fund - Direct Growth,2022-06-02,129.1772,-0.007760345655304812
119551,Axis Bluechip Fund - Direct Growth,2022-06-03,129.5889,0.003187094936258017
119551,Axis Bluechip Fund - Direct Growth,2022-06-04,130.0965,0.003917002150647164
119551,Axis Bluechip Fund - Direct Growth,2022-06-05,129.0333,-0.008172395106709196
119551,Axis Bluechip Fund - Direct Growth,2022-06-06,131.9739,0.022789465975062262
119551,Axis Bluechip Fund - Direct Growth,2022-06-07,132.7771,0.006086051863285036
119551,Axis Bluechip Fund - Direct Growth,2022-06-08,130.9321,-0.013895468420382695
119551,Axis Bluechip Fund - Direct Growth,2022-06-09,132.016,0.00827833663402644
119551,Axis Bluechip Fund - Direct Growth,2022-06-10,130.5247,-0.011296358017209962
119551,Axis Bluechip Fund - Direct Growth,2022-06-11,131.8097,0.00984487993460248
119551,Axis Bluechip Fund - Direct Growth,2022-06-12,133.695,0.014303196198762302
119551,Axis Bluechip Fund - Direct Growth,2022-06-13,132.4318,-0.009448371292868019
119551,Axis Bluechip Fund - Direct Growth,2022-06-14,134.0158,0.011960873445803877
119551,Axis Bluechip Fund - Direct Growth,2022-06-15,134.7332,0.005353100156847201
119551,Axis Bluechip Fund - Direct Growth,2022-06-16,136.1162,0.010264730593498639
119551,Axis Bluechip Fund - Direct Growth,2022-06-17,139.2689,0.023161827908801502
119551,Axis Bluechip Fund - Direct Growth,2022-06-18,138.9145,-0.0025447174494808156
119551,Axis Bluechip Fund - Direct Growth,2022-06-19,137.7136,-0.00864488588304313
119551,Axis Bluechip Fund - Direct Growth,2022-06-20,136.2987,-0.010274221282429719
119551,Axis Bluechip Fund - Direct Growth,2022-06-21,135.0189,-0.009389671361502261
119551,Axis Bluechip Fund - Direct Growth,2022-06-22,134.948,-0.0005251116695513813
119551,Axis Bluechip Fund - Direct Growth,2022-06-23,135.5544,0.004493582713341215
119551,Axis Bluechip Fund - Direct Growth,2022-06-24,136.0587,0.0037202776154812156
119551,Axis Bluechip Fund - Direct Growth,2022-06-25,137.4637,0.010326425285556828
119551,Axis Bluechip Fund - Direct Growth,2022-06-26,137.5401,0.0005557830903721861
119551,Axis Bluechip Fund - Direct Growth,2022-06-27,139.9941,0.017842069331053256
119551,Axis Bluechip Fund - Direct Growth,2022-06-28,139.6055,-0.002775831267174844
119551,Axis Bluechip Fund - Direct Growth,2022-06-29,144.2183,0.03304167815737924
119551,Axis Bluechip Fund - Direct Growth,2022-06-30,145.3588,0.007908150352625265
119551,Axis Bluechip Fund - Direct Growth,2022-07-01,143.9218,-0.009885882382078104
119551,Axis Bluechip Fund - Direct Growth,2022-07-02,142.1299,-0.012450511319341495
119551,Axis Bluechip Fund - Direct Growth,2022-07-03,143.0096,0.006189408421451104
119551,Axis Bluechip Fund - Direct Growth,2022-07-04,142.6833,-0.002281665007104472
119551,Axis Bluechip Fund - Direct Growth,2022-07-05,143.9629,0.008968113297071145
119551,Axis Bluechip Fund - Direct Growth,2022-07-06,144.838,0.006078649429818395
119551,Axis Bluechip Fund - Direct Growth,2022-07-07,144.7694,-0.0004736326102265931
119551,Axis Bluechip Fund - Direct Growth,2022-07-08,143.3562,-0.009761731415616759
119551,Axis Bluechip Fund - Direct Growth,2022-07-09,140.8076,-0.01777809400639796
119551,Axis Bluechip Fund - Direct Growth,2022-07-10,140.1095,-0.004957828980822088
119551,Axis Bluechip Fund - Direct Growth,2022-07-11,141.6054,0.010676649334984356
119551,Axis Bluechip Fund - Direct Growth,2022-07-12,142.0258,0.002968813336214682
119551,Axis Bluechip Fund - Direct Growth,2022-07-13,139.9595,-0.014548765083527204
119551,Axis Bluechip Fund - Direct Growth,2022-07-14,140.3063,0.002477859666546456
119551,Axis Bluechip Fund - Direct Growth,2022-07-15,141.0112,0.005024008187800577
119551,Axis Bluechip Fund - Direct Growth,2022-07-16,139.572,-0.010206281486860647
119551,Axis Bluechip Fund - Direct Growth,2022-07-17,139.8853,0.0022447195712607115
119551,Axis Bluechip Fund - Direct Growth,2022-07-18,140.039,0.0010987573390484062
119551,Axis Bluechip Fund - Direct Growth,2022-07-19,138.1743,-0.013315576375152682
119551,Axis Bluechip Fund - Direct Growth,2022-07-20,138.8228,0.004693347460417829
119551,Axis Bluechip Fund - Direct Growth,2022-07-21,139.8125,0.0071292323739327035
119551,Axis Bluechip Fund - Direct Growth,2022-07-22,141.6855,0.013396513187304393
119551,Axis Bluechip Fund - Direct Growth,2022-07-23,143.5339,0.013045795088417744
119551,Axis Bluechip Fund - Direct Growth,2022-07-24,141.2184,-0.016132077509215526
119551,Axis Bluechip Fund - Direct Growth,2022-07-25,139.6856,-0.010854109662763567
119551,Axis Bluechip Fund - Direct Growth,2022-07-26,140.6048,0.006580492191034848
119551,Axis Bluechip Fund - Direct Growth,2022-07-27,141.5279,0.006565209722569687
119551,Axis Bluechip Fund - Direct Growth,2022-07-28,142.4592,0.006580327977734557
119551,Axis Bluechip Fund - Direct Growth,2022-07-29,149.1025,0.046633000887271514
119551,Axis Bluechip Fund - Direct Growth,2022-07-30,150.1836,0.0072507167887863044
119551,Axis Bluechip Fund - Direct Growth,2022-07-31,152.2902,0.014026831158661768
119551,Axis Bluechip Fund - Direct Growth,2022-08-01,154.0945,0.011847774840403558
119551,Axis Bluechip Fund - Direct Growth,2022-08-02,155.3606,0.008216386697773137
119551,Axis Bluechip Fund - Direct Growth,2022-08-03,154.835,-0.003383097130160384
119551,Axis Bluechip Fund - Direct Growth,2022-08-04,156.3071,0.00950754028481926
119551,Axis Bluechip Fund - Direct Growth,2022-08-05,154.92,-0.008874197013443386
119551,Axis Bluechip Fund - Direct Growth,2022-08-06,154.5417,-0.002441905499612651
119551,Axis Bluechip Fund - Direct Growth,2022-08-07,153.7034,-0.005424425899288043
119551,Axis Bluechip Fund - Direct Growth,2022-08-08,153.9159,0.0013825328522336644
119551,Axis Bluechip Fund - Direct Growth,2022-08-09,158.2526,0.028175776511718542
119551,Axis Bluechip Fund - Direct Growth,2022-08-10,154.7699,-0.02200722136634714
119551,Axis Bluechip Fund - Direct Growth,2022-08-11,156.1064,0.008635400035795104
119551,Axis Bluechip Fund - Direct Growth,2022-08-12,153.1478,-0.018952458067062028
119551,Axis Bluechip Fund - Direct Growth,2022-08-13,152.3418,-0.0052628898358316745
119551,Axis Bluechip Fund - Direct Growth,2022-08-14,154.3934,0.013467085199203366
119551,Axis Bluechip Fund - Direct Growth,2022-08-15,154.5743,0.001171682209213376
119551,Axis Bluechip Fund - Direct Growth,2022-08-16,152.637,-0.012533131316137203
119551,Axis Bluechip Fund - Direct Growth,2022-08-17,151.3879,-0.008183467966482505
119551,Axis Bluechip Fund - Direct Growth,2022-08-18,152.683,0.008554844872014078
119551,Axis Bluechip Fund - Direct Growth,2022-08-19,151.4059,-0.008364388962752822
119551,Axis Bluechip Fund - Direct Growth,2022-08-20,151.8597,0.00299724119073308
119551,Axis Bluechip Fund - Direct Growth,2022-08-21,152.0035,0.0009469266698143297
119551,Axis Bluechip Fund - Direct Growth,2022-08-22,150.8758,-0.007418908117247325
119551,Axis Bluechip Fund - Direct Growth,2022-08-23,154.8178,0.02612745052553156
119551,Axis Bluechip Fund - Direct Growth,2022-08-24,156.0574,0.008006831255837454
119551,Axis Bluechip Fund - Direct Growth,2022-08-25,152.3274,-0.023901461897993914
119551,Axis Bluechip Fund - Direct Growth,2022-08-26,152.7292,0.0026377395005756643
119551,Axis Bluechip Fund - Direct Growth,2022-08-27,151.5774,-0.007541452453099895
119551,Axis Bluechip Fund - Direct Growth,2022-08-28,153.1885,0.010628893225507197
119551,Axis Bluechip Fund - Direct Growth,2022-08-29,151.7929,-0.009110344444915874
119551,Axis Bluechip Fund - Direct Growth,2022-08-30,151.6446,-0.0009769890423070304
119551,Axis Bluechip Fund - Direct Growth,2022-08-31,152.6242,0.006459840970268749
119551,Axis Bluechip Fund - Direct Growth,2022-09-01,154.2709,0.01078924574215634
119551,Axis Bluechip Fund - Direct Growth,2022-09-02,152.1106,-0.014003289019510534
119551,Axis Bluechip Fund - Direct Growth,2022-09-03,151.5609,-0.0036138178404397925
119551,Axis Bluechip Fund - Direct Growth,2022-09-04,150.7577,-0.005299519862972613
119551,Axis Bluechip Fund - Direct Growth,2022-09-05,149.6361,-0.007439752662716459
119551,Axis Bluechip Fund - Direct Growth,2022-09-06,152.8661,0.021585700242120698
119551,Axis Bluechip Fund - Direct Growth,2022-09-07,153.6701,0.00525950488695659
119551,Axis Bluechip Fund - Direct Growth,2022-09-08,151.4064,-0.01473090731378457
119551,Axis Bluechip Fund - Direct Growth,2022-09-09,153.1346,0.011414312737110244
119551,Axis Bluechip Fund - Direct Growth,2022-09-10,157.0956,0.02586613345383726
119551,Axis Bluechip Fund - Direct Growth,2022-09-11,159.1048,0.012789664382707233
119551,Axis Bluechip Fund - Direct Growth,2022-09-12,156.2676,-0.017832271559374835
119551,Axis Bluechip Fund - Direct Growth,2022-09-13,155.4221,-0.005410590551080285
119551,Axis Bluechip Fund - Direct Growth,2022-09-14,157.8471,0.01560267169212115
119551,Axis Bluechip Fund - Direct Growth,2022-09-15,156.5698,-0.008092008025488151
119551,Axis Bluechip Fund - Direct Growth,2022-09-16,157.4663,0.0057258807254017
119551,Axis Bluechip Fund - Direct Growth,2022-09-17,158.993,0.00969540784282108
119551,Axis Bluechip Fund - Direct Growth,2022-09-18,157.2881,-0.010723113596196154
119551,Axis Bluechip Fund - Direct Growth,2022-09-19,157.2387,-0.0003140733469346735
119551,Axis Bluechip Fund - Direct Growth,2022-09-20,151.1858,-0.03849497610957098
119551,Axis Bluechip Fund - Direct Growth,2022-09-21,149.3878,-0.011892651293970768
119551,Axis Bluechip Fund - Direct Growth,2022-09-22,148.9948,-0.002630736914259413
119551,Axis Bluechip Fund - Direct Growth,2022-09-23,146.8234,-0.014573662973472956
119551,Axis Bluechip Fund - Direct Growth,2022-09-24,149.7582,0.019988639413063503
119551,Axis Bluechip Fund - Direct Growth,2022-09-25,147.248,-0.016761686505313178
119551,Axis Bluechip Fund - Direct Growth,2022-09-26,146.5294,-0.004880202108008103
119551,Axis Bluechip Fund - Direct Growth,2022-09-27,146.8179,0.001968888154868509
119551,Axis Bluechip Fund - Direct Growth,2022-09-28,149.4159,0.017695390003534817
119551,Axis Bluechip Fund - Direct Growth,2022-09-29,146.9012,-0.016830203479013983
119551,Axis Bluechip Fund - Direct Growth,2022-09-30,149.0104,0.014357949424511185
119551,Axis Bluechip Fund - Direct Growth,2022-10-01,149.0883,0.0005227823024434031
119551,Axis Bluechip Fund - Direct Growth,2022-10-02,147.392,-0.011377821063088156
119551,Axis Bluechip Fund - Direct Growth,2022-10-03,148.2683,0.005945370169344377
119551,Axis Bluechip Fund - Direct Growth,2022-10-04,148.6818,0.0027888631622539073
119551,Axis Bluechip Fund - Direct Growth,2022-10-05,147.6704,-0.006802446567098386
119551,Axis Bluechip Fund - Direct Growth,2022-10-06,147.8532,0.0012378919539730582
119551,Axis Bluechip Fund - Direct Growth,2022-10-07,147.2287,-0.00422378413182789
119551,Axis Bluechip Fund - Direct Growth,2022-10-08,147.4881,0.0017618847412224081
119551,Axis Bluechip Fund - Direct Growth,2022-10-09,148.719,0.008345758064548958
119551,Axis Bluechip Fund - Direct Growth,2022-10-10,151.6089,0.019431948843120272
119551,Axis Bluechip Fund - Direct Growth,2022-10-11,149.4176,-0.014453636956669458
119551,Axis Bluechip Fund - Direct Growth,2022-10-12,153.3019,0.025996268177242765
119551,Axis Bluechip Fund - Direct Growth,2022-10-13,149.7721,-0.023025154939371184
119551,Axis Bluechip Fund - Direct Growth,2022-10-14,149.5592,-0.001421493055114964
119551,Axis Bluechip Fund - Direct Growth,2022-10-15,150.6749,0.007459922224777982
119551,Axis Bluechip Fund - Direct Growth,2022-10-16,151.2432,0.0037716965466709773
119551,Axis Bluechip Fund - Direct Growth,2022-10-17,150.1735,-0.0070727146741143
119551,Axis Bluechip Fund - Direct Growth,2022-10-18,149.8585,-0.0020975738062973814
119551,Axis Bluechip Fund - Direct Growth,2022-10-19,149.0319,-0.005515869970672216
119551,Axis Bluechip Fund - Direct Growth,2022-10-20,148.0375,-0.006672396983464668
119551,Axis Bluechip Fund - Direct Growth,2022-10-21,149.606,0.010595288355990773
119551,Axis Bluechip Fund - Direct Growth,2022-10-22,150.3068,0.00468430410545051
119551,Axis Bluechip Fund - Direct Growth,2022-10-23,149.1171,-0.007915144225011939
119551,Axis Bluechip Fund - Direct Growth,2022-10-24,150.7865,0.011195228447978156
119551,Axis Bluechip Fund - Direct Growth,2022-10-25,151.4029,0.004087899115637006
119551,Axis Bluechip Fund - Direct Growth,2022-10-26,152.9403,0.010154362961343644
119551,Axis Bluechip Fund - Direct Growth,2022-10-27,154.157,0.00795539174436044
119551,Axis Bluechip Fund - Direct Growth,2022-10-28,152.6851,-0.009548058148511007
119551,Axis Bluechip Fund - Direct Growth,2022-10-29,151.7198,-0.006322162411394494
119551,Axis Bluechip Fund - Direct Growth,2022-10-30,153.141,0.009367267818702674
119551,Axis Bluechip Fund - Direct Growth,2022-10-31,154.3239,0.0077242541187534375
119551,Axis Bluechip Fund - Direct Growth,2022-11-01,154.3469,0.00014903718737024896
119551,Axis Bluechip Fund - Direct Growth,2022-11-02,154.6259,0.0018076164795015615
119551,Axis Bluechip Fund - Direct Growth,2022-11-03,157.0585,0.015732163887162587
119551,Axis Bluechip Fund - Direct Growth,2022-11-04,156.0064,-0.006698777843924364
119551,Axis Bluechip Fund - Direct Growth,2022-11-05,157.093,0.006965098867738551
119551,Axis Bluechip Fund - Direct Growth,2022-11-06,156.7747,-0.002026188308836163
119551,Axis Bluechip Fund - Direct Growth,2022-11-07,156.4279,-0.0022120916193748563
119551,Axis Bluechip Fund - Direct Growth,2022-11-08,158.553,0.013585172466037188
119551,Axis Bluechip Fund - Direct Growth,2022-11-09,160.1869,0.010305071490290363
119551,Axis Bluechip Fund - Direct Growth,2022-11-10,161.8147,0.010161879654328576
119551,Axis Bluechip Fund - Direct Growth,2022-11-11,164.4144,0.0160659074855376
119551,Axis Bluechip Fund - Direct Growth,2022-11-12,164.5216,0.0006520110160668224
119551,Axis Bluechip Fund - Direct Growth,2022-11-13,165.9338,0.008583675335031904
119551,Axis Bluechip Fund - Direct Growth,2022-11-14,165.3824,-0.0033230119481383324
119551,Axis Bluechip Fund - Direct Growth,2022-11-15,166.0919,0.004290057466816322
119551,Axis Bluechip Fund - Direct Growth,2022-11-16,165.8989,-0.0011620072983692387
119551,Axis Bluechip Fund - Direct Growth,2022-11-17,166.1584,0.0015642056698386142
119551,Axis Bluechip Fund - Direct Growth,2022-11-18,167.4115,0.007541598859883036
119551,Axis Bluechip Fund - Direct Growth,2022-11-19,165.8347,-0.009418707794864645
119551,Axis Bluechip Fund - Direct Growth,2022-11-20,170.0649,0.02550853349751292
119551,Axis Bluechip Fund - Direct Growth,2022-11-21,168.0799,-0.01167201462500489
119551,Axis Bluechip Fund - Direct Growth,2022-11-22,165.6982,-0.014170046507643086
119551,Axis Bluechip Fund - Direct Growth,2022-11-23,168.0672,0.014297077457691154
119551,Axis Bluechip Fund - Direct Growth,2022-11-24,169.7311,0.009900206584033011
119551,Axis Bluechip Fund - Direct Growth,2022-11-25,171.0702,0.00788953821662619
119551,Axis Bluechip Fund - Direct Growth,2022-11-26,172.4285,0.007940015268585787
119551,Axis Bluechip Fund - Direct Growth,2022-11-27,172.4721,0.0002528584311758397
119551,Axis Bluechip Fund - Direct Growth,2022-11-28,170.6841,-0.010366894123745252
119551,Axis Bluechip Fund - Direct Growth,2022-11-29,170.9076,0.001309436555601895
119551,Axis Bluechip Fund - Direct Growth,2022-11-30,169.5872,-0.0077258120762330185
119551,Axis Bluechip Fund - Direct Growth,2022-12-01,171.6394,0.012101149143331602
119551,Axis Bluechip Fund - Direct Growth,2022-12-02,171.4052,-0.0013644885731364242
119551,Axis Bluechip Fund - Direct Growth,2022-12-03,169.7758,-0.009506129335632774
119551,Axis Bluechip Fund - Direct Growth,2022-12-04,169.1889,-0.0034569119980587537
119551,Axis Bluechip Fund - Direct Growth,2022-12-05,170.0949,0.005354961229726118
119551,Axis Bluechip Fund - Direct Growth,2022-12-06,169.0123,-0.006364682303819702
119551,Axis Bluechip Fund - Direct Growth,2022-12-07,167.4123,-0.009466766619944389
119551,Axis Bluechip Fund - Direct Growth,2022-12-08,167.9688,0.003324128513854774
119551,Axis Bluechip Fund - Direct Growth,2022-12-09,168.5297,0.0033393106338797107
119551,Axis Bluechip Fund - Direct Growth,2022-12-10,167.5719,-0.005683271257232336
119551,Axis Bluechip Fund - Direct Growth,2022-12-11,166.6917,-0.0052526706446606175
119551,Axis Bluechip Fund - Direct Growth,2022-12-12,167.2225,0.0031843217148783687
119551,Axis Bluechip Fund - Direct Growth,2022-12-13,164.3836,-0.016976782430593973
119551,Axis Bluechip Fund - Direct Growth,2022-12-14,161.673,-0.01648947948578816
119551,Axis Bluechip Fund - Direct Growth,2022-12-15,160.3438,-0.008221533589405916
119551,Axis Bluechip Fund - Direct Growth,2022-12-16,159.9972,-0.002161605250717513
119551,Axis Bluechip Fund - Direct Growth,2022-12-17,160.6581,0.0041306972872026115
119551,Axis Bluechip Fund - Direct Growth,2022-12-18,163.5667,0.01810428481352644
119551,Axis Bluechip Fund - Direct Growth,2022-12-19,165.3155,0.010691662789553025
119551,Axis Bluechip Fund - Direct Growth,2022-12-20,165.0643,-0.0015195187384121622
119551,Axis Bluechip Fund - Direct Growth,2022-12-21,165.0927,0.0001720541631351491
119551,Axis Bluechip Fund - Direct Growth,2022-12-22,163.1726,-0.01163043550683962
119551,Axis Bluechip Fund - Direct Growth,2022-12-23,163.2016,0.00017772591721909592
119551,Axis Bluechip Fund - Direct Growth,2022-12-24,162.7016,-0.00306369545396612
119551,Axis Bluechip Fund - Direct Growth,2022-12-25,163.3968,0.004272852879135813
119551,Axis Bluechip Fund - Direct Growth,2022-12-26,161.8402,-0.009526502355003297
119551,Axis Bluechip Fund - Direct Growth,2022-12-27,162.9135,0.006631850430239172
119551,Axis Bluechip Fund - Direct Growth,2022-12-28,165.9751,0.018792794949467062
119551,Axis Bluechip Fund - Direct Growth,2022-12-29,165.8249,-0.0009049550203613643
119551,Axis Bluechip Fund - Direct Growth,2022-12-30,166.6906,0.005220566995668197
119551,Axis Bluechip Fund - Direct Growth,2022-12-31,168.1378,0.008681953271510334
119551,Axis Bluechip Fund - Direct Growth,2023-01-01,167.3955,-0.004414831168244149
119551,Axis Bluechip Fund - Direct Growth,2023-01-02,167.9126,0.003089091403293498
119551,Axis Bluechip Fund - Direct Growth,2023-01-03,168.0051,0.0005508818278079364
119551,Axis Bluechip Fund - Direct Growth,2023-01-04,168.2692,0.001571976088821092
119551,Axis Bluechip Fund - Direct Growth,2023-01-05,166.7756,-0.008876253051657734
119551,Axis Bluechip Fund - Direct Growth,2023-01-06,166.8914,0.0006943461753399216
119551,Axis Bluechip Fund - Direct Growth,2023-01-07,167.9555,0.006376002598096786
119551,Axis Bluechip Fund - Direct Growth,2023-01-08,170.9474,0.017813647067228988
119551,Axis Bluechip Fund - Direct Growth,2023-01-09,172.9836,0.011911266272549348
119551,Axis Bluechip Fund - Direct Growth,2023-01-10,177.5224,0.02623832548287819
119551,Axis Bluechip Fund - Direct Growth,2023-01-11,175.9588,-0.008807902552016023
119551,Axis Bluechip Fund - Direct Growth,2023-01-12,177.8711,0.010867884982166398
119551,Axis Bluechip Fund - Direct Growth,2023-01-13,178.3336,0.0026001975587939263
119551,Axis Bluechip Fund - Direct Growth,2023-01-14,183.0911,0.026677530201824062
119551,Axis Bluechip Fund - Direct Growth,2023-01-15,181.3884,-0.00929974204098405
119551,Axis Bluechip Fund - Direct Growth,2023-01-16,179.6332,-0.009676473247462347
119551,Axis Bluechip Fund - Direct Growth,2023-01-17,178.413,-0.0067927309650999135
119551,Axis Bluechip Fund - Direct Growth,2023-01-18,173.9372,-0.02508673695302488
119551,Axis Bluechip Fund - Direct Growth,2023-01-19,172.9094,-0.005909029235839025
119551,Axis Bluechip Fund - Direct Growth,2023-01-20,171.4034,-0.008709763610306953
119551,Axis Bluechip Fund - Direct Growth,2023-01-21,171.7813,0.0022047403960481216
119551,Axis Bluechip Fund - Direct Growth,2023-01-22,172.5545,0.004501072002598638
119551,Axis Bluechip Fund - Direct Growth,2023-01-23,176.5084,0.022913919949928863
119551,Axis Bluechip Fund - Direct Growth,2023-01-24,178.5921,0.011805103893072433
119551,Axis Bluechip Fund - Direct Growth,2023-01-25,177.4272,-0.006522684933991996
119551,Axis Bluechip Fund - Direct Growth,2023-01-26,175.5853,-0.010381159145835595
119551,Axis Bluechip Fund - Direct Growth,2023-01-27,176.692,0.006302919435738685
119551,Axis Bluechip Fund - Direct Growth,2023-01-28,173.9634,-0.015442691236728368
119551,Axis Bluechip Fund - Direct Growth,2023-01-29,177.8563,0.02237769553825686
119551,Axis Bluechip Fund - Direct Growth,2023-01-30,180.4447,0.014553321979598133
119551,Axis Bluechip Fund - Direct Growth,2023-01-31,179.501,-0.005229857125202408
119551,Axis Bluechip Fund - Direct Growth,2023-02-01,175.8827,-0.020157547868814074
119551,Axis Bluechip Fund - Direct Growth,2023-02-02,178.8105,0.01664632166779323
119551,Axis Bluechip Fund - Direct Growth,2023-02-03,178.6363,-0.0009742157199940094
119551,Axis Bluechip Fund - Direct Growth,2023-02-04,181.3612,0.015253898563729607
119551,Axis Bluechip Fund - Direct Growth,2023-02-05,177.9637,-0.01873333436258695
119551,Axis Bluechip Fund - Direct Growth,2023-02-06,176.7549,-0.006792396426911762
119551,Axis Bluechip Fund - Direct Growth,2023-02-07,176.8367,0.0004627877360119381
119551,Axis Bluechip Fund - Direct Growth,2023-02-08,177.0071,0.0009636008814912778
119551,Axis Bluechip Fund - Direct Growth,2023-02-09,176.1219,-0.0050009293412524025
119551,Axis Bluechip Fund - Direct Growth,2023-02-10,177.5087,0.007874091751224555
119551,Axis Bluechip Fund - Direct Growth,2023-02-11,175.3056,-0.012411222661199206
119551,Axis Bluechip Fund - Direct Growth,2023-02-12,175.0762,-0.0013085720022634195
119551,Axis Bluechip Fund - Direct Growth,2023-02-13,175.399,0.0018437685990442265
119551,Axis Bluechip Fund - Direct Growth,2023-02-14,176.5519,0.006573013529153515
119551,Axis Bluechip Fund - Direct Growth,2023-02-15,178.1302,0.008939580939089309
119551,Axis Bluechip Fund - Direct Growth,2023-02-16,175.7975,-0.013095477353082141
119551,Axis Bluechip Fund - Direct Growth,2023-02-17,172.6315,-0.018009357357186673
119551,Axis Bluechip Fund - Direct Growth,2023-02-18,175.3474,0.015732354755650046
119551,Axis Bluechip Fund - Direct Growth,2023-02-19,176.1168,0.004387860897852036
119551,Axis Bluechip Fund - Direct Growth,2023-02-20,174.6054,-0.008581804802267667
119551,Axis Bluechip Fund - Direct Growth,2023-02-21,177.9253,0.019013730388636185
119551,Axis Bluechip Fund - Direct Growth,2023-02-22,178.2434,0.0017878289372001976
119551,Axis Bluechip Fund - Direct Growth,2023-02-23,180.8371,0.01455145043238626
119551,Axis Bluechip Fund - Direct Growth,2023-02-24,181.056,0.0012104816987223987
119551,Axis Bluechip Fund - Direct Growth,2023-02-25,185.6058,0.025129241781548073
119551,Axis Bluechip Fund - Direct Growth,2023-02-26,189.5897,0.0214643076886607
119551,Axis Bluechip Fund - Direct Growth,2023-02-27,189.0991,-0.0025876933187826134
119551,Axis Bluechip Fund - Direct Growth,2023-02-28,191.3794,0.01205875649328858
119551,Axis Bluechip Fund - Direct Growth,2023-03-01,192.9381,0.008144554743091392
119551,Axis Bluechip Fund - Direct Growth,2023-03-02,196.184,0.016823530448366597
119551,Axis Bluechip Fund - Direct Growth,2023-03-03,193.9908,-0.011179301064306979
119551,Axis Bluechip Fund - Direct Growth,2023-03-04,195.6654,0.008632368132921675
119551,Axis Bluechip Fund - Direct Growth,2023-03-05,198.2288,0.013100936598908097
119551,Axis Bluechip Fund - Direct Growth,2023-03-06,194.1245,-0.020704862260176093
119551,Axis Bluechip Fund - Direct Growth,2023-03-07,191.4458,-0.013798876494208745
119551,Axis Bluechip Fund - Direct Growth,2023-03-08,186.8375,-0.024071042561393252
119551,Axis Bluechip Fund - Direct Growth,2023-03-09,186.3082,-0.0028329430654980836
119551,Axis Bluechip Fund - Direct Growth,2023-03-10,187.9869,0.009010338782726723
119551,Axis Bluechip Fund - Direct Growth,2023-03-11,191.4512,0.01842841176699017
119551,Axis Bluechip Fund - Direct Growth,2023-03-12,191.698,0.0012891013480198499
119551,Axis Bluechip Fund - Direct Growth,2023-03-13,195.5211,0.019943348391741056
119551,Axis Bluechip Fund - Direct Growth,2023-03-14,192.3612,-0.016161427078714263
119551,Axis Bluechip Fund - Direct Growth,2023-03-15,188.5062,-0.020040423952439435
119551,Axis Bluechip Fund - Direct Growth,2023-03-16,188.4559,-0.0002668347247994918
119551,Axis Bluechip Fund - Direct Growth,2023-03-17,189.3998,0.005008598828691424
119551,Axis Bluechip Fund - Direct Growth,2023-03-18,189.4013,7.919754930973966e-06
119551,Axis Bluechip Fund - Direct Growth,2023-03-19,184.7781,-0.0244095473473519
119551,Axis Bluechip Fund - Direct Growth,2023-03-20,184.6544,-0.0006694516287373276
119551,Axis Bluechip Fund - Direct Growth,2023-03-21,181.8377,-0.015253901342182963
119551,Axis Bluechip Fund - Direct Growth,2023-03-22,183.3717,0.008436094385267712
119551,Axis Bluechip Fund - Direct Growth,2023-03-23,184.2517,0.004798995701081443
119551,Axis Bluechip Fund - Direct Growth,2023-03-24,182.2473,-0.010878597049579497
119551,Axis Bluechip Fund - Direct Growth,2023-03-25,181.1964,-0.005766340571300543
119551,Axis Bluechip Fund - Direct Growth,2023-03-26,178.9658,-0.012310399102852032
119551,Axis Bluechip Fund - Direct Growth,2023-03-27,178.9028,-0.00035202256520516784
119551,Axis Bluechip Fund - Direct Growth,2023-03-28,181.0249,0.011861748390746163
119551,Axis Bluechip Fund - Direct Growth,2023-03-29,178.956,-0.011428814489056527
119551,Axis Bluechip Fund - Direct Growth,2023-03-30,180.11,0.006448512483515634
119551,Axis Bluechip Fund - Direct Growth,2023-03-31,179.036,-0.005963022597301748
119551,Axis Bluechip Fund - Direct Growth,2023-04-01,177.4042,-0.009114368060054945
119551,Axis Bluechip Fund - Direct Growth,2023-04-02,177.2473,-0.0008844210001792696
119551,Axis Bluechip Fund - Direct Growth,2023-04-03,175.1163,-0.012022750134980886
119551,Axis Bluechip Fund - Direct Growth,2023-04-04,174.0229,-0.006243850515343263
119551,Axis Bluechip Fund - Direct Growth,2023-04-05,171.591,-0.013974597596063454
119551,Axis Bluechip Fund - Direct Growth,2023-04-06,175.7052,0.02397678199905573
119551,Axis Bluechip Fund - Direct Growth,2023-04-07,175.8498,0.000822969382807015
119551,Axis Bluechip Fund - Direct Growth,2023-04-08,174.4436,-0.007996597095930591
119551,Axis Bluechip Fund - Direct Growth,2023-04-09,174.9613,0.0029677213724090823
119551,Axis Bluechip Fund - Direct Growth,2023-04-10,174.7954,-0.000948209689799917
119551,Axis Bluechip Fund - Direct Growth,2023-04-11,174.4018,-0.002251775504389708
119551,Axis Bluechip Fund - Direct Growth,2023-04-12,175.7569,0.007769988612502887
119551,Axis Bluechip Fund - Direct Growth,2023-04-13,177.4248,0.009489812348761228
119551,Axis Bluechip Fund - Direct Growth,2023-04-14,176.3663,-0.005965907809956761
119551,Axis Bluechip Fund - Direct Growth,2023-04-15,175.2182,-0.006509747043511149
119551,Axis Bluechip Fund - Direct Growth,2023-04-16,174.71,-0.0029003836359464685
119551,Axis Bluechip Fund - Direct Growth,2023-04-17,169.9539,-0.027222826398031086
119551,Axis Bluechip Fund - Direct Growth,2023-04-18,166.9317,-0.017782469246071964
119551,Axis Bluechip Fund - Direct Growth,2023-04-19,169.7366,0.016802680377663526
119551,Axis Bluechip Fund - Direct Growth,2023-04-20,173.155,0.02013943957873554
119551,Axis Bluechip Fund - Direct Growth,2023-04-21,172.7068,-0.0025884323294159683
119551,Axis Bluechip Fund - Direct Growth,2023-04-22,173.9708,0.007318762202762175
119551,Axis Bluechip Fund - Direct Growth,2023-04-23,174.6902,0.004135176707815269
119551,Axis Bluechip Fund - Direct Growth,2023-04-24,181.2143,0.0373466857328002
119551,Axis Bluechip Fund - Direct Growth,2023-04-25,183.7214,0.01383500088017331
119551,Axis Bluechip Fund - Direct Growth,2023-04-26,183.5129,-0.0011348705159006656
119551,Axis Bluechip Fund - Direct Growth,2023-04-27,181.4821,-0.01106625201825051
119551,Axis Bluechip Fund - Direct Growth,2023-04-28,178.0562,-0.018877343826195547
119551,Axis Bluechip Fund - Direct Growth,2023-04-29,178.5622,0.0028417993869351843
119551,Axis Bluechip Fund - Direct Growth,2023-04-30,177.013,-0.008675968374045495
119551,Axis Bluechip Fund - Direct Growth,2023-05-01,174.0627,-0.01666713744188275
119551,Axis Bluechip Fund - Direct Growth,2023-05-02,172.7818,-0.007358842532030119
119551,Axis Bluechip Fund - Direct Growth,2023-05-03,170.6085,-0.012578292389592072
119551,Axis Bluechip Fund - Direct Growth,2023-05-04,174.1308,0.020645512972683022
119551,Axis Bluechip Fund - Direct Growth,2023-05-05,176.0427,0.010979677345995142
119551,Axis Bluechip Fund - Direct Growth,2023-05-06,176.0963,0.0003044715855871072
119551,Axis Bluechip Fund - Direct Growth,2023-05-07,179.2941,0.018159382110810807
119551,Axis Bluechip Fund - Direct Growth,2023-05-08,179.5323,0.001328543437848717
119551,Axis Bluechip Fund - Direct Growth,2023-05-09,177.7486,-0.009935259560535759
119551,Axis Bluechip Fund - Direct Growth,2023-05-10,181.0685,0.0186775029451709
119551,Axis Bluechip Fund - Direct Growth,2023-05-11,182.3119,0.006867014417195838
119551,Axis Bluechip Fund - Direct Growth,2023-05-12,180.1156,-0.012046937144530978
119551,Axis Bluechip Fund - Direct Growth,2023-05-13,179.7763,-0.0018837901880792707
119551,Axis Bluechip Fund - Direct Growth,2023-05-14,177.9592,-0.010107561452760927
119551,Axis Bluechip Fund - Direct Growth,2023-05-16,177.0933,-0.004865722030667707
119551,Axis Bluechip Fund - Direct Growth,2023-05-17,181.2219,0.023313134940734725
119551,Axis Bluechip Fund - Direct Growth,2023-05-18,178.253,-0.01638267781101521
119551,Axis Bluechip Fund - Direct Growth,2023-05-19,179.5285,0.007155559794225219
119551,Axis Bluechip Fund - Direct Growth,2023-05-20,178.1986,-0.007407737490147892
119551,Axis Bluechip Fund - Direct Growth,2023-05-21,177.2282,-0.005445609561466891
119551,Axis Bluechip Fund - Direct Growth,2023-05-22,176.0392,-0.006708864616353338
119551,Axis Bluechip Fund - Direct Growth,2023-05-23,174.2845,-0.009967666292507449
119551,Axis Bluechip Fund - Direct Growth,2023-05-24,174.4557,0.0009823019258741184
119551,Axis Bluechip Fund - Direct Growth,2023-05-25,172.7859,-0.009571484336711289
119551,Axis Bluechip Fund - Direct Growth,2023-05-26,173.4158,0.00364555209655415
119551,Axis Bluechip Fund - Direct Growth,2023-05-27,173.3806,-0.0002029803512713091
119551,Axis Bluechip Fund - Direct Growth,2023-05-28,172.9528,-0.0024674040809640196
119551,Axis Bluechip Fund - Direct Growth,2023-05-29,171.1384,-0.010490723480625963
119551,Axis Bluechip Fund - Direct Growth,2023-05-30,170.0224,-0.0065210379435590715
119551,Axis Bluechip Fund - Direct Growth,2023-05-31,171.6316,0.009464635248061404
119551,Axis Bluechip Fund - Direct Growth,2023-06-01,172.7319,0.006410824113974423
119551,Axis Bluechip Fund - Direct Growth,2023-06-02,170.7747,-0.011330854347112451
119551,Axis Bluechip Fund - Direct Growth,2023-06-03,171.0466,0.0015921562151772761
119551,Axis Bluechip Fund - Direct Growth,2023-06-04,172.6573,0.009416732048459275
119551,Axis Bluechip Fund - Direct Growth,2023-06-05,169.2675,-0.01963311137148549
119551,Axis Bluechip Fund - Direct Growth,2023-06-06,170.4389,0.006920407048015553
119551,Axis Bluechip Fund - Direct Growth,2023-06-07,169.1518,-0.00755167981018412
119551,Axis Bluechip Fund - Direct Growth,2023-06-08,170.3777,0.007247336416165817
119551,Axis Bluechip Fund - Direct Growth,2023-06-09,168.8853,-0.008759362287435568
119551,Axis Bluechip Fund - Direct Growth,2023-06-10,165.295,-0.021258807012807024
119551,Axis Bluechip Fund - Direct Growth,2023-06-11,162.1328,-0.0191306452100789
119551,Axis Bluechip Fund - Direct Growth,2023-06-12,162.2912,0.000976976897950399
119551,Axis Bluechip Fund - Direct Growth,2023-06-13,162.8619,0.0035165184557139906
119551,Axis Bluechip Fund - Direct Growth,2023-06-14,161.1597,-0.0104517999605801
119551,Axis Bluechip Fund - Direct Growth,2023-06-15,162.4591,0.008062809747101829
119551,Axis Bluechip Fund - Direct Growth,2023-06-16,159.2849,-0.019538456140653304
119551,Axis Bluechip Fund - Direct Growth,2023-06-17,159.2223,-0.0003930064933964639
119551,Axis Bluechip Fund - Direct Growth,2023-06-18,156.9721,-0.014132442503342668
119551,Axis Bluechip Fund - Direct Growth,2023-06-19,155.807,-0.007422338109766113
119551,Axis Bluechip Fund - Direct Growth,2023-06-20,155.9579,0.0009685059079502789
119551,Axis Bluechip Fund - Direct Growth,2023-06-21,154.41,-0.009925114405874957
119551,Axis Bluechip Fund - Direct Growth,2023-06-22,153.7592,-0.004214752930509658
119551,Axis Bluechip Fund - Direct Growth,2023-06-23,155.6774,0.012475351068423901
119551,Axis Bluechip Fund - Direct Growth,2023-06-24,154.662,-0.006522462476891366
119551,Axis Bluechip Fund - Direct Growth,2023-06-25,156.2749,0.010428547413068534
119551,Axis Bluechip Fund - Direct Growth,2023-06-26,154.2189,-0.013156303411488435
119551,Axis Bluechip Fund - Direct Growth,2023-06-27,155.2611,0.006757926557639848
119551,Axis Bluechip Fund - Direct Growth,2023-06-28,158.009,0.017698573564144393
119551,Axis Bluechip Fund - Direct Growth,2023-06-29,153.3857,-0.029259725711826334
119551,Axis Bluechip Fund - Direct Growth,2023-06-30,151.9803,-0.00916252297313258
119551,Axis Bluechip Fund - Direct Growth,2023-07-01,153.0935,0.007324633521581525
119551,Axis Bluechip Fund - Direct Growth,2023-07-02,152.7817,-0.002036663868812183
119551,Axis Bluechip Fund - Direct Growth,2023-07-03,153.5233,0.004853984475889472
119551,Axis Bluechip Fund - Direct Growth,2023-07-04,152.472,-0.006847820493697032
119551,Axis Bluechip Fund - Direct Growth,2023-07-05,152.6914,0.0014389527257461232
119551,Axis Bluechip Fund - Direct Growth,2023-07-06,152.4672,-0.0014683210711277095
119551,Axis Bluechip Fund - Direct Growth,2023-07-07,154.6648,0.014413591906980772
119551,Axis Bluechip Fund - Direct Growth,2023-07-08,155.1989,0.0034532744360706857
119551,Axis Bluechip Fund - Direct Growth,2023-07-09,155.8897,0.004451062475314016
119551,Axis Bluechip Fund - Direct Growth,2023-07-10,155.1816,-0.0045423142131905125
119551,Axis Bluechip Fund - Direct Growth,2023-07-11,154.3357,-0.00545103285441062
119551,Axis Bluechip Fund - Direct Growth,2023-07-12,153.5963,-0.004790855259023008
119551,Axis Bluechip Fund - Direct Growth,2023-07-13,154.3848,0.005133587202295953
119551,Axis Bluechip Fund - Direct Growth,2023-07-14,153.6666,-0.004652012374275372
119551,Axis Bluechip Fund - Direct Growth,2023-07-15,154.2624,0.003877225109425453
119551,Axis Bluechip Fund - Direct Growth,2023-07-16,158.166,0.02530493496795061
119551,Axis Bluechip Fund - Direct Growth,2023-07-17,159.8827,0.010853786528078224
119551,Axis Bluechip Fund - Direct Growth,2023-07-18,159.3211,-0.0035125751566617014
119551,Axis Bluechip Fund - Direct Growth,2023-07-19,161.6814,0.014814735775738441
119551,Axis Bluechip Fund - Direct Growth,2023-07-20,160.9543,-0.004497115932939777
119551,Axis Bluechip Fund - Direct Growth,2023-07-21,157.0821,-0.02405776049474906
119551,Axis Bluechip Fund - Direct Growth,2023-07-22,155.2447,-0.011697067966369157
119551,Axis Bluechip Fund - Direct Growth,2023-07-23,151.8216,-0.022049706044715234
119551,Axis Bluechip Fund - Direct Growth,2023-07-24,151.2419,-0.0038182972646844116
119551,Axis Bluechip Fund - Direct Growth,2023-07-25,151.3358,0.000620859695626752
119551,Axis Bluechip Fund - Direct Growth,2023-07-26,154.4408,0.020517286722639305
119551,Axis Bluechip Fund - Direct Growth,2023-07-27,155.1085,0.0043233394284412086
119551,Axis Bluechip Fund - Direct Growth,2023-07-28,154.7627,-0.0022294071569256557
119551,Axis Bluechip Fund - Direct Growth,2023-07-29,156.3649,0.010352623726518129
119551,Axis Bluechip Fund - Direct Growth,2023-07-30,152.2785,-0.026133742291268636
119551,Axis Bluechip Fund - Direct Growth,2023-07-31,152.77,0.003227638832796531
119551,Axis Bluechip Fund - Direct Growth,2023-08-01,154.2443,0.00965045493225114
119551,Axis Bluechip Fund - Direct Growth,2023-08-02,151.5692,-0.017343266493478282
119551,Axis Bluechip Fund - Direct Growth,2023-08-03,153.7101,0.014124901365185183
119551,Axis Bluechip Fund - Direct Growth,2023-08-04,154.3959,0.004461645656336222
119551,Axis Bluechip Fund - Direct Growth,2023-08-05,153.6882,-0.00458367093944867
119551,Axis Bluechip Fund - Direct Growth,2023-08-06,154.9167,0.007993456882180894
119551,Axis Bluechip Fund - Direct Growth,2023-08-07,159.1999,0.02764840717624395
119551,Axis Bluechip Fund - Direct Growth,2023-08-08,159.611,0.0025822880542007987
119551,Axis Bluechip Fund - Direct Growth,2023-08-09,160.1503,0.003378839804274225
119551,Axis Bluechip Fund - Direct Growth,2023-08-10,159.3316,-0.005112072846569671
119551,Axis Bluechip Fund - Direct Growth,2023-08-11,157.7704,-0.009798432953664005
119551,Axis Bluechip Fund - Direct Growth,2023-08-12,159.4055,0.010363794476023314
119551,Axis Bluechip Fund - Direct Growth,2023-08-13,157.8317,-0.009872934120842669
119551,Axis Bluechip Fund - Direct Growth,2023-08-14,158.0304,0.0012589359425259072
119551,Axis Bluechip Fund - Direct Growth,2023-08-15,157.1878,-0.005331885510635792
119551,Axis Bluechip Fund - Direct Growth,2023-08-16,158.1542,0.0061480598367047445
119551,Axis Bluechip Fund - Direct Growth,2023-08-17,158.8507,0.004403929835565368
119551,Axis Bluechip Fund - Direct Growth,2023-08-18,160.892,0.012850431254001426
119551,Axis Bluechip Fund - Direct Growth,2023-08-19,159.9717,-0.005719986077617256
119551,Axis Bluechip Fund - Direct Growth,2023-08-20,159.5176,-0.0028386270821652015
119551,Axis Bluechip Fund - Direct Growth,2023-08-21,157.7078,-0.011345456551502764
119551,Axis Bluechip Fund - Direct Growth,2023-08-22,156.9301,-0.0049312716301919135
119551,Axis Bluechip Fund - Direct Growth,2023-08-23,157.7034,0.004927671619402441
119551,Axis Bluechip Fund - Direct Growth,2023-08-24,159.199,0.009483625590824385
119551,Axis Bluechip Fund - Direct Growth,2023-08-25,157.501,-0.010665896142563747
119551,Axis Bluechip Fund - Direct Growth,2023-08-26,159.2076,0.010835486758814294
119551,Axis Bluechip Fund - Direct Growth,2023-08-27,161.8612,0.016667546021672308
119551,Axis Bluechip Fund - Direct Growth,2023-08-28,162.729,0.005361383704062694
119551,Axis Bluechip Fund - Direct Growth,2023-08-29,166.459,0.022921544408187833
119551,Axis Bluechip Fund - Direct Growth,2023-08-30,164.9799,-0.008885671546747353
119551,Axis Bluechip Fund - Direct Growth,2023-08-31,162.5818,-0.014535710107716149
119551,Axis Bluechip Fund - Direct Growth,2023-09-01,159.1766,-0.020944533767002116
119551,Axis Bluechip Fund - Direct Growth,2023-09-02,162.0979,0.018352571923260008
119551,Axis Bluechip Fund - Direct Growth,2023-09-03,163.4356,0.008252420296623209
119551,Axis Bluechip Fund - Direct Growth,2023-09-04,163.392,-0.00026677174373268553
119551,Axis Bluechip Fund - Direct Growth,2023-09-05,164.0063,0.003759669996083126
119551,Axis Bluechip Fund - Direct Growth,2023-09-06,161.8569,-0.01310559411437251
119551,Axis Bluechip Fund - Direct Growth,2023-09-07,166.672,0.029749117893645538
119551,Axis Bluechip Fund - Direct Growth,2023-09-08,166.9971,0.0019505375827972848
119551,Axis Bluechip Fund - Direct Growth,2023-09-09,167.2831,0.0017126045901396658
119551,Axis Bluechip Fund - Direct Growth,2023-09-10,168.8069,0.009109109049270536
119551,Axis Bluechip Fund - Direct Growth,2023-09-11,169.8488,0.006172141067693371
119551,Axis Bluechip Fund - Direct Growth,2023-09-12,170.3731,0.003086863139450946
119551,Axis Bluechip Fund - Direct Growth,2023-09-13,168.8251,-0.009085941383939145
119551,Axis Bluechip Fund - Direct Growth,2023-09-14,169.8478,0.0060577485219912575
119551,Axis Bluechip Fund - Direct Growth,2023-09-15,173.7516,0.02298410694751407
119551,Axis Bluechip Fund - Direct Growth,2023-09-16,176.6263,0.01654488361546025
119551,Axis Bluechip Fund - Direct Growth,2023-09-17,180.0737,0.019518044594717843
119551,Axis Bluechip Fund - Direct Growth,2023-09-18,179.0411,-0.005734318781698833
119551,Axis Bluechip Fund - Direct Growth,2023-09-19,176.9866,-0.011475018864383624
119551,Axis Bluechip Fund - Direct Growth,2023-09-20,176.7902,-0.00110968853009219
119551,Axis Bluechip Fund - Direct Growth,2023-09-21,176.9791,0.0010684981407340643
119551,Axis Bluechip Fund - Direct Growth,2023-09-22,179.3737,0.013530411218047877
119551,Axis Bluechip Fund - Direct Growth,2023-09-23,175.8024,-0.019909830705393317
119551,Axis Bluechip Fund - Direct Growth,2023-09-24,179.0995,0.01875457900460975
119551,Axis Bluechip Fund - Direct Growth,2023-09-25,178.8316,-0.001495816571235542
119551,Axis Bluechip Fund - Direct Growth,2023-09-26,177.9871,-0.0047223197689894025
119551,Axis Bluechip Fund - Direct Growth,2023-09-27,175.8966,-0.011745233221958196
119551,Axis Bluechip Fund - Direct Growth,2023-09-28,172.474,-0.019458022497308214
119551,Axis Bluechip Fund - Direct Growth,2023-09-29,174.2467,0.010278070897642655
119551,Axis Bluechip Fund - Direct Growth,2023-09-30,174.4697,0.0012797946819078643
119551,Axis Bluechip Fund - Direct Growth,2023-10-01,171.8388,-0.015079409204005079
119551,Axis Bluechip Fund - Direct Growth,2023-10-02,169.237,-0.015140934410622031
119551,Axis Bluechip Fund - Direct Growth,2023-10-03,168.6228,-0.0036292300147129364
119551,Axis Bluechip Fund - Direct Growth,2023-10-04,172.0675,0.020428435537780176
119551,Axis Bluechip Fund - Direct Growth,2023-10-05,171.6003,-0.0027152135063274185
119551,Axis Bluechip Fund - Direct Growth,2023-10-06,168.5737,-0.01763749830274186
119551,Axis Bluechip Fund - Direct Growth,2023-10-07,168.144,-0.002549033449464555
119551,Axis Bluechip Fund - Direct Growth,2023-10-08,167.661,-0.0028725378247217437
119551,Axis Bluechip Fund - Direct Growth,2023-10-09,162.3021,-0.03196271046933996
119551,Axis Bluechip Fund - Direct Growth,2023-10-10,162.2613,-0.0002513830689805374
119551,Axis Bluechip Fund - Direct Growth,2023-10-11,161.8765,-0.0023714835268792145
119551,Axis Bluechip Fund - Direct Growth,2023-10-12,163.2936,0.008754204594243253
119551,Axis Bluechip Fund - Direct Growth,2023-10-13,166.982,0.022587535580083973
119551,Axis Bluechip Fund - Direct Growth,2023-10-14,169.3062,0.013918865506461708
119551,Axis Bluechip Fund - Direct Growth,2023-10-15,168.8276,-0.0028268309134573677
119551,Axis Bluechip Fund - Direct Growth,2023-10-16,166.6534,-0.012878226072040255
119551,Axis Bluechip Fund - Direct Growth,2023-10-17,171.8664,0.031280489926998056
119551,Axis Bluechip Fund - Direct Growth,2023-10-18,172.0573,0.0011107464868060912
119551,Axis Bluechip Fund - Direct Growth,2023-10-19,172.1549,0.0005672528861024873
119551,Axis Bluechip Fund - Direct Growth,2023-10-20,172.1739,0.00011036572296241332
119551,Axis Bluechip Fund - Direct Growth,2023-10-21,172.652,0.002776843644710203
119551,Axis Bluechip Fund - Direct Growth,2023-10-22,172.422,-0.0013321594884506682
119551,Axis Bluechip Fund - Direct Growth,2023-10-23,171.304,-0.006484091357251365
119551,Axis Bluechip Fund - Direct Growth,2023-10-24,170.2484,-0.006162144491663968
119551,Axis Bluechip Fund - Direct Growth,2023-10-25,170.2496,7.048524391262134e-06
119551,Axis Bluechip Fund - Direct Growth,2023-10-26,169.2075,-0.006121012912805535
119551,Axis Bluechip Fund - Direct Growth,2023-10-27,167.8278,-0.008153893887682395
119551,Axis Bluechip Fund - Direct Growth,2023-10-28,168.1093,0.0016773144854427269
119551,Axis Bluechip Fund - Direct Growth,2023-10-29,167.6622,-0.0026595792142373176
119551,Axis Bluechip Fund - Direct Growth,2023-10-30,170.7552,0.018447807555906914
119551,Axis Bluechip Fund - Direct Growth,2023-10-31,165.3915,-0.03141163490189458
119551,Axis Bluechip Fund - Direct Growth,2023-11-01,167.624,0.013498275304353546
119551,Axis Bluechip Fund - Direct Growth,2023-11-02,170.1975,0.01535281343960282
119551,Axis Bluechip Fund - Direct Growth,2023-11-03,166.0309,-0.0244809706370539
119551,Axis Bluechip Fund - Direct Growth,2023-11-04,165.4146,-0.0037119596412474865
119551,Axis Bluechip Fund - Direct Growth,2023-11-05,164.7435,-0.004057078395740099
119551,Axis Bluechip Fund - Direct Growth,2023-11-06,162.0269,-0.016489876687092342
119551,Axis Bluechip Fund - Direct Growth,2023-11-07,160.5794,-0.008933701749524459
119551,Axis Bluechip Fund - Direct Growth,2023-11-08,158.5036,-0.012926938324592019
119551,Axis Bluechip Fund - Direct Growth,2023-11-09,161.8999,0.02142727357612073
119551,Axis Bluechip Fund - Direct Growth,2023-11-10,163.7825,0.011628172716598328
119551,Axis Bluechip Fund - Direct Growth,2023-11-11,166.3471,0.015658571581212977
119551,Axis Bluechip Fund - Direct Growth,2023-11-12,167.8542,0.00905997158952565
119551,Axis Bluechip Fund - Direct Growth,2023-11-13,165.6471,-0.013148911376658967
119551,Axis Bluechip Fund - Direct Growth,2023-11-14,164.6707,-0.005894458762030763
119551,Axis Bluechip Fund - Direct Growth,2023-11-15,165.7036,0.00627251842616805
119551,Axis Bluechip Fund - Direct Growth,2023-11-16,163.3397,-0.014265833693414054
119551,Axis Bluechip Fund - Direct Growth,2023-11-17,164.8026,0.008956181503945615
119551,Axis Bluechip Fund - Direct Growth,2023-11-18,164.3932,-0.002484184108745846
119551,Axis Bluechip Fund - Direct Growth,2023-11-19,163.7195,-0.004098101381322272
119551,Axis Bluechip Fund - Direct Growth,2023-11-20,165.1818,0.008931739957671603
119551,Axis Bluechip Fund - Direct Growth,2023-11-21,166.1285,0.005731260950056161
119551,Axis Bluechip Fund - Direct Growth,2023-11-22,165.4754,-0.003931294148806441
119551,Axis Bluechip Fund - Direct Growth,2023-11-23,167.8437,0.0143120971455577
119551,Axis Bluechip Fund - Direct Growth,2023-11-24,165.7334,-0.012573006910596152
119551,Axis Bluechip Fund - Direct Growth,2023-11-25,167.0247,0.00779142888518547
119551,Axis Bluechip Fund - Direct Growth,2023-11-26,168.2803,0.00751745101173662
119551,Axis Bluechip Fund - Direct Growth,2023-11-27,167.7225,-0.0033147076633450734
119551,Axis Bluechip Fund - Direct Growth,2023-11-28,168.446,0.004313672882290787
119551,Axis Bluechip Fund - Direct Growth,2023-11-29,165.9844,-0.014613585362668213
119551,Axis Bluechip Fund - Direct Growth,2023-11-30,167.8913,0.011488429033089886
119551,Axis Bluechip Fund - Direct Growth,2023-12-01,167.5859,-0.0018190341012309652
119551,Axis Bluechip Fund - Direct Growth,2023-12-02,166.6017,-0.005872809108642296
119551,Axis Bluechip Fund - Direct Growth,2023-12-03,168.7655,0.012987862668868422
119551,Axis Bluechip Fund - Direct Growth,2023-12-04,167.4066,-0.00805200114952409
119551,Axis Bluechip Fund - Direct Growth,2023-12-05,164.6441,-0.016501738880068006
119551,Axis Bluechip Fund - Direct Growth,2023-12-06,161.6345,-0.018279428172646384
119551,Axis Bluechip Fund - Direct Growth,2023-12-07,162.8746,0.007672248189588116
119551,Axis Bluechip Fund - Direct Growth,2023-12-08,160.4372,-0.014964887097190127
119551,Axis Bluechip Fund - Direct Growth,2023-12-09,163.8798,0.02145761706137983
119551,Axis Bluechip Fund - Direct Growth,2023-12-10,159.8511,-0.0245832616344418
119551,Axis Bluechip Fund - Direct Growth,2023-12-11,163.1692,0.020757442394828685
119551,Axis Bluechip Fund - Direct Growth,2023-12-12,163.6476,0.0029319258781683732
119551,Axis Bluechip Fund - Direct Growth,2023-12-13,163.5231,-0.0007607810930316816
119551,Axis Bluechip Fund - Direct Growth,2023-12-14,162.5192,-0.0061391937897458115
119551,Axis Bluechip Fund - Direct Growth,2023-12-15,163.3626,0.0051895406819624235
119551,Axis Bluechip Fund - Direct Growth,2023-12-16,163.3542,-5.1419357919080255e-05
119551,Axis Bluechip Fund - Direct Growth,2023-12-17,165.5823,0.013639686031947873
119551,Axis Bluechip Fund - Direct Growth,2023-12-18,165.8755,0.0017707206627761707
119551,Axis Bluechip Fund - Direct Growth,2023-12-19,166.241,0.002203459823783671
119551,Axis Bluechip Fund - Direct Growth,2023-12-20,165.5821,-0.003963522837326594
119551,Axis Bluechip Fund - Direct Growth,2023-12-21,165.5352,-0.00028324317664762955
119551,Axis Bluechip Fund - Direct Growth,2023-12-22,166.2128,0.00409338920060498
119551,Axis Bluechip Fund - Direct Growth,2023-12-23,162.8683,-0.020121795673979315
119551,Axis Bluechip Fund - Direct Growth,2023-12-24,160.2985,-0.01577839272590198
119551,Axis Bluechip Fund - Direct Growth,2023-12-25,161.7923,0.009318864493429668
119551,Axis Bluechip Fund - Direct Growth,2023-12-26,162.1888,0.002450672868856918
119551,Axis Bluechip Fund - Direct Growth,2023-12-27,161.8956,-0.001807769710362117
119551,Axis Bluechip Fund - Direct Growth,2023-12-28,161.9962,0.0006213881044325742
119551,Axis Bluechip Fund - Direct Growth,2023-12-29,162.7367,0.004571094877534376
119551,Axis Bluechip Fund - Direct Growth,2023-12-30,161.7477,-0.006077301555211578
119551,Axis Bluechip Fund - Direct Growth,2023-12-31,,0.0
119551,Axis Bluechip Fund - Direct Growth,2024-01-01,160.7426,-0.006213998715283164
119551,Axis Bluechip Fund - Direct Growth,2024-01-02,158.9197,-0.01134049094639511
119551,Axis Bluechip Fund - Direct Growth,2024-01-03,159.7618,0.005298902527502758
119551,Axis Bluechip Fund - Direct Growth,2024-01-04,156.5616,-0.020031071257334276
119551,Axis Bluechip Fund - Direct Growth,2024-01-05,158.5577,0.012749614209359272
119551,Axis Bluechip Fund - Direct Growth,2024-01-06,159.5203,0.006070976054773691
119551,Axis Bluechip Fund - Direct Growth,2024-01-07,160.0742,0.003472285345501369
119551,Axis Bluechip Fund - Direct Growth,2024-01-08,162.0259,0.012192470741693606
119551,Axis Bluechip Fund - Direct Growth,2024-01-09,165.3289,0.02038562970488056
119551,Axis Bluechip Fund - Direct Growth,2024-01-10,167.4075,0.01257251454524888
119551,Axis Bluechip Fund - Direct Growth,2024-01-11,163.7763,-0.02169078446306172
119551,Axis Bluechip Fund - Direct Growth,2024-01-12,161.327,-0.014955155294142042
119551,Axis Bluechip Fund - Direct Growth,2024-01-13,160.1819,-0.007098005913455219
119551,Axis Bluechip Fund - Direct Growth,2024-01-14,160.2961,0.0007129394769320729
119551,Axis Bluechip Fund - Direct Growth,2024-01-15,161.356,0.006612138411352442
119551,Axis Bluechip Fund - Direct Growth,2024-01-16,160.0153,-0.008308956592875338
119551,Axis Bluechip Fund - Direct Growth,2024-01-17,160.4379,0.0026409974546184323
119551,Axis Bluechip Fund - Direct Growth,2024-01-18,159.0478,-0.008664411588533705
119551,Axis Bluechip Fund - Direct Growth,2024-01-19,157.9443,-0.006938165758973103
119551,Axis Bluechip Fund - Direct Growth,2024-01-20,155.3414,-0.016479860305183558
119551,Axis Bluechip Fund - Direct Growth,2024-01-21,153.6825,-0.010679059156155302
119551,Axis Bluechip Fund - Direct Growth,2024-01-22,151.2512,-0.015820278821596423
119551,Axis Bluechip Fund - Direct Growth,2024-01-23,149.5405,-0.0113103234883426
119551,Axis Bluechip Fund - Direct Growth,2024-01-24,151.4911,0.013043957991313304
119551,Axis Bluechip Fund - Direct Growth,2024-01-25,149.8258,-0.010992724985164126
119551,Axis Bluechip Fund - Direct Growth,2024-01-26,154.6185,0.03198848262448806
119551,Axis Bluechip Fund - Direct Growth,2024-01-27,155.5957,0.006320071660247617
119551,Axis Bluechip Fund - Direct Growth,2024-01-28,156.0031,0.00261832428531128
119551,Axis Bluechip Fund - Direct Growth,2024-01-29,154.4586,-0.009900444286042975
119551,Axis Bluechip Fund - Direct Growth,2024-01-30,155.8184,0.008803653535639944
119551,Axis Bluechip Fund - Direct Growth,2024-01-31,154.8044,-0.006507575485308559
119551,Axis Bluechip Fund - Direct Growth,2024-02-01,155.093,0.0018642880951704743
119551,Axis Bluechip Fund - Direct Growth,2024-02-02,159.9197,0.031121327203677884
119551,Axis Bluechip Fund - Direct Growth,2024-02-03,159.7993,-0.0007528778505713207
119551,Axis Bluechip Fund - Direct Growth,2024-02-04,162.0671,0.014191551527447333
119551,Axis Bluechip Fund - Direct Growth,2024-02-05,160.7644,-0.008038028693053811
119551,Axis Bluechip Fund - Direct Growth,2024-02-06,160.7612,-1.9904904319578698e-05
119551,Axis Bluechip Fund - Direct Growth,2024-02-07,164.2416,0.02164950249189479
119551,Axis Bluechip Fund - Direct Growth,2024-02-08,163.0716,-0.007123651985855073
119551,Axis Bluechip Fund - Direct Growth,2024-02-09,166.6835,0.02214916637844988
119551,Axis Bluechip Fund - Direct Growth,2024-02-10,168.1658,0.008892901816916376
119551,Axis Bluechip Fund - Direct Growth,2024-02-11,167.098,-0.00634968584575446
119551,Axis Bluechip Fund - Direct Growth,2024-02-12,168.4329,0.0079887251792361
119551,Axis Bluechip Fund - Direct Growth,2024-02-13,170.466,0.012070682152952372
119551,Axis Bluechip Fund - Direct Growth,2024-02-14,171.8062,0.007861978341721976
119551,Axis Bluechip Fund - Direct Growth,2024-02-15,168.6376,-0.01844287342365991
119551,Axis Bluechip Fund - Direct Growth,2024-02-16,167.2336,-0.008325545429963443
119551,Axis Bluechip Fund - Direct Growth,2024-02-17,166.8038,-0.0025700576917557783
119551,Axis Bluechip Fund - Direct Growth,2024-02-18,166.7215,-0.0004933940353877286
119551,Axis Bluechip Fund - Direct Growth,2024-02-19,168.0299,0.007847818067855616
119551,Axis Bluechip Fund - Direct Growth,2024-02-20,168.4554,0.0025322874083719693
119551,Axis Bluechip Fund - Direct Growth,2024-02-21,165.8234,-0.015624313616541818
119551,Axis Bluechip Fund - Direct Growth,2024-02-22,166.6463,0.004962508307030378
119551,Axis Bluechip Fund - Direct Growth,2024-02-23,167.934,0.00772714425702814
119551,Axis Bluechip Fund - Direct Growth,2024-02-24,169.1293,0.007117677182702842
119551,Axis Bluechip Fund - Direct Growth,2024-02-25,171.3905,0.013369652685844446
119551,Axis Bluechip Fund - Direct Growth,2024-02-26,173.1742,0.0104072279385381
119551,Axis Bluechip Fund - Direct Growth,2024-02-27,174.1977,0.00591023374151578
119551,Axis Bluechip Fund - Direct Growth,2024-02-28,174.1207,-0.00044202650207203487
119551,Axis Bluechip Fund - Direct Growth,2024-02-29,170.7199,-0.019531279164395787
119551,Axis Bluechip Fund - Direct Growth,2024-03-01,171.6683,0.005555298474284376
119551,Axis Bluechip Fund - Direct Growth,2024-03-02,172.1648,0.0028922054916371565
119551,Axis Bluechip Fund - Direct Growth,2024-03-03,172.7947,0.0036587037536128797
119551,Axis Bluechip Fund - Direct Growth,2024-03-04,170.2164,-0.014921175244379636
119551,Axis Bluechip Fund - Direct Growth,2024-03-05,168.0763,-0.012572819070312824
119551,Axis Bluechip Fund - Direct Growth,2024-03-06,170.2677,0.013038126136760475
119551,Axis Bluechip Fund - Direct Growth,2024-03-07,170.255,-7.458842751739692e-05
119551,Axis Bluechip Fund - Direct Growth,2024-03-08,171.7154,0.008577721652814896
119551,Axis Bluechip Fund - Direct Growth,2024-03-09,171.8424,0.0007395958661833291
119551,Axis Bluechip Fund - Direct Growth,2024-03-10,171.9725,0.0007570890536909847
119551,Axis Bluechip Fund - Direct Growth,2024-03-11,173.9776,0.011659422291354637
119551,Axis Bluechip Fund - Direct Growth,2024-03-12,172.9698,-0.005792699749852859
119551,Axis Bluechip Fund - Direct Growth,2024-03-13,173.2385,0.0015534503711052139
119551,Axis Bluechip Fund - Direct Growth,2024-03-14,172.3468,-0.005147239210683496
119551,Axis Bluechip Fund - Direct Growth,2024-03-15,171.5171,-0.004814130578577602
119551,Axis Bluechip Fund - Direct Growth,2024-03-16,170.9494,-0.003309874059204576
119551,Axis Bluechip Fund - Direct Growth,2024-03-17,171.4735,0.003065819476406384
119551,Axis Bluechip Fund - Direct Growth,2024-03-18,170.557,-0.005344849204104496
119551,Axis Bluechip Fund - Direct Growth,2024-03-19,173.1954,0.015469315243584303
119551,Axis Bluechip Fund - Direct Growth,2024-03-20,171.4054,-0.010335147469274664
119551,Axis Bluechip Fund - Direct Growth,2024-03-21,171.0896,-0.0018424156998554375
119551,Axis Bluechip Fund - Direct Growth,2024-03-22,170.2552,-0.004876976742011152
119551,Axis Bluechip Fund - Direct Growth,2024-03-23,173.2796,0.017763921454381437
119551,Axis Bluechip Fund - Direct Growth,2024-03-24,173.7576,0.0027585474574041147
119551,Axis Bluechip Fund - Direct Growth,2024-03-25,175.9786,0.01278217470775389
119551,Axis Bluechip Fund - Direct Growth,2024-03-26,172.9119,-0.017426550728327217
119551,Axis Bluechip Fund - Direct Growth,2024-03-27,173.5352,0.003604725874853054
119551,Axis Bluechip Fund - Direct Growth,2024-03-28,175.4572,0.011075562767669078
119551,Axis Bluechip Fund - Direct Growth,2024-03-29,175.7006,0.0013872328978234982
119551,Axis Bluechip Fund - Direct Growth,2024-03-30,178.0173,0.013185498512811034
119551,Axis Bluechip Fund - Direct Growth,2024-03-31,176.9835,-0.005807300751106803
119551,Axis Bluechip Fund - Direct Growth,2024-04-01,180.0475,0.0173123483262565
119551,Axis Bluechip Fund - Direct Growth,2024-04-02,185.0864,0.027986503561560072
119551,Axis Bluechip Fund - Direct Growth,2024-04-03,184.3546,-0.003953829130611375
119551,Axis Bluechip Fund - Direct Growth,2024-04-04,183.4428,-0.004945903167048682
119551,Axis Bluechip Fund - Direct Growth,2024-04-05,186.7155,0.017840438545421167
119551,Axis Bluechip Fund - Direct Growth,2024-04-06,190.3294,0.019355115135058387
119551,Axis Bluechip Fund - Direct Growth,2024-04-07,189.2113,-0.00587455222367117
119551,Axis Bluechip Fund - Direct Growth,2024-04-08,188.3329,-0.004642428861278414
119551,Axis Bluechip Fund - Direct Growth,2024-04-09,187.7714,-0.0029814227891143963
119551,Axis Bluechip Fund - Direct Growth,2024-04-10,184.8171,-0.01573349296005666
119551,Axis Bluechip Fund - Direct Growth,2024-04-11,182.8536,-0.010624016933498126
119551,Axis Bluechip Fund - Direct Growth,2024-04-12,180.7234,-0.011649756964041136
119551,Axis Bluechip Fund - Direct Growth,2024-04-13,179.1306,-0.008813468538108604
119551,Axis Bluechip Fund - Direct Growth,2024-04-14,179.1277,-1.6189305456326686e-05
119551,Axis Bluechip Fund - Direct Growth,2024-04-15,179.7028,0.0032105587243067557
119551,Axis Bluechip Fund - Direct Growth,2024-04-16,183.1182,0.019005825173564306
119551,Axis Bluechip Fund - Direct Growth,2024-04-17,180.9976,-0.011580498279253448
119551,Axis Bluechip Fund - Direct Growth,2024-04-18,183.2079,0.012211764133889025
119551,Axis Bluechip Fund - Direct Growth,2024-04-19,182.8107,-0.0021680287804183296
119551,Axis Bluechip Fund - Direct Growth,2024-04-20,182.7753,-0.00019364293227919216
119551,Axis Bluechip Fund - Direct Growth,2024-04-21,184.3285,0.008497865958912332
119551,Axis Bluechip Fund - Direct Growth,2024-04-22,181.9188,-0.013072856340717753
119551,Axis Bluechip Fund - Direct Growth,2024-04-23,182.8264,0.004989039065780965
119551,Axis Bluechip Fund - Direct Growth,2024-04-24,183.2647,0.002397356180507737
119551,Axis Bluechip Fund - Direct Growth,2024-04-25,184.421,0.006309452938836557
119551,Axis Bluechip Fund - Direct Growth,2024-04-26,185.1347,0.0038699497345748846
119551,Axis Bluechip Fund - Direct Growth,2024-04-27,190.6635,0.029863661431379418
119551,Axis Bluechip Fund - Direct Growth,2024-04-28,189.2806,-0.007253092490172475
119551,Axis Bluechip Fund - Direct Growth,2024-04-29,188.1502,-0.005972085887301581
119551,Axis Bluechip Fund - Direct Growth,2024-04-30,186.8185,-0.0070778558832252925
119551,Axis Bluechip Fund - Direct Growth,2024-05-01,185.6479,-0.006265974729483426
119551,Axis Bluechip Fund - Direct Growth,2024-05-02,184.3022,-0.00724866804310742
119551,Axis Bluechip Fund - Direct Growth,2024-05-03,187.0056,0.014668300215624042
119551,Axis Bluechip Fund - Direct Growth,2024-05-04,190.2681,0.01744600161706389
119551,Axis Bluechip Fund - Direct Growth,2024-05-05,189.0411,-0.006448795147478759
119551,Axis Bluechip Fund - Direct Growth,2024-05-06,187.2285,-0.009588391095904591
119551,Axis Bluechip Fund - Direct Growth,2024-05-07,188.3625,0.006056770203254347
119551,Axis Bluechip Fund - Direct Growth,2024-05-08,187.1896,-0.006226823279580573
119551,Axis Bluechip Fund - Direct Growth,2024-05-09,188.6862,0.007995102292007727
119551,Axis Bluechip Fund - Direct Growth,2024-05-10,189.2211,0.002834865506857298
119551,Axis Bluechip Fund - Direct Growth,2024-05-11,185.8551,-0.017788713837938896
119551,Axis Bluechip Fund - Direct Growth,2024-05-12,189.3808,0.01897015470654284
119551,Axis Bluechip Fund - Direct Growth,2024-05-13,193.5378,0.021950482836697427
119551,Axis Bluechip Fund - Direct Growth,2024-05-14,192.192,-0.006953680366316051
119551,Axis Bluechip Fund - Direct Growth,2024-05-15,191.3747,-0.004252518315018383
119551,Axis Bluechip Fund - Direct Growth,2024-05-16,192.1077,0.003830182359528145
119551,Axis Bluechip Fund - Direct Growth,2024-05-17,192.9556,0.004413670040295248
119551,Axis Bluechip Fund - Direct Growth,2024-05-18,194.5576,0.008302428123361016
119551,Axis Bluechip Fund - Direct Growth,2024-05-19,199.3286,0.024522300850750467
119551,Axis Bluechip Fund - Direct Growth,2024-05-20,198.9851,-0.001723285067973257
119551,Axis Bluechip Fund - Direct Growth,2024-05-21,197.1585,-0.009179581787781999
119551,Axis Bluechip Fund - Direct Growth,2024-05-22,193.974,-0.016151979245125236
119551,Axis Bluechip Fund - Direct Growth,2024-05-23,192.3502,-0.008371225009537353
119551,Axis Bluechip Fund - Direct Growth,2024-05-24,192.3507,2.599425422911139e-06
119551,Axis Bluechip Fund - Direct Growth,2024-05-25,196.5699,0.02193493447125494
119551,Axis Bluechip Fund - Direct Growth,2024-05-26,195.4276,-0.005811164374606603
119551,Axis Bluechip Fund - Direct Growth,2024-05-27,196.0306,0.003085541653277124
119551,Axis Bluechip Fund - Direct Growth,2024-05-28,196.0704,0.00020302952702300203
119551,Axis Bluechip Fund - Direct Growth,2024-05-29,198.9449,0.014660550496148339
119551,Axis Bluechip Fund - Direct Growth,2024-05-30,205.0571,0.03072307960646392
119551,Axis Bluechip Fund - Direct Growth,2024-05-31,203.8328,-0.005970532110324389
119551,Axis Bluechip Fund - Direct Growth,2024-06-01,202.7172,-0.005473113257532636
119551,Axis Bluechip Fund - Direct Growth,2024-06-02,205.3383,0.012929835258182365
119551,Axis Bluechip Fund - Direct Growth,2024-06-03,207.1007,0.00858290927703198
119551,Axis Bluechip Fund - Direct Growth,2024-06-04,211.773,0.02256052248978402
119551,Axis Bluechip Fund - Direct Growth,2024-06-05,213.3416,0.007406987670760756
119551,Axis Bluechip Fund - Direct Growth,2024-06-06,212.5071,-0.00391156717677188
119551,Axis Bluechip Fund - Direct Growth,2024-06-07,214.0983,0.007487749821064815
119551,Axis Bluechip Fund - Direct Growth,2024-06-08,217.0324,0.013704452580893811
119551,Axis Bluechip Fund - Direct Growth,2024-06-09,219.2561,0.010245935629887626
119551,Axis Bluechip Fund - Direct Growth,2024-06-10,220.6785,0.0064873907727083235
119551,Axis Bluechip Fund - Direct Growth,2024-06-11,223.5915,0.013200198478782399
119551,Axis Bluechip Fund - Direct Growth,2024-06-12,226.8183,0.014431675622731621
119551,Axis Bluechip Fund - Direct Growth,2024-06-13,230.671,0.016985842853067812
119551,Axis Bluechip Fund - Direct Growth,2024-06-14,232.5589,0.008184383819379137
119551,Axis Bluechip Fund - Direct Growth,2024-06-15,232.1855,-0.0016056147496398276
119551,Axis Bluechip Fund - Direct Growth,2024-06-16,232.6872,0.0021607723135166346
119551,Axis Bluechip Fund - Direct Growth,2024-06-17,236.1491,0.01487791335320554
119551,Axis Bluechip Fund - Direct Growth,2024-06-18,233.9285,-0.009403381168930913
119551,Axis Bluechip Fund - Direct Growth,2024-06-19,235.057,0.004824123610419395
119551,Axis Bluechip Fund - Direct Growth,2024-06-20,234.0415,-0.004320228710482876
119551,Axis Bluechip Fund - Direct Growth,2024-06-21,234.2158,0.0007447397149651369
119551,Axis Bluechip Fund - Direct Growth,2024-06-22,237.9027,0.01574146577643365
119551,Axis Bluechip Fund - Direct Growth,2024-06-23,238.5434,0.0026931178166536007
119551,Axis Bluechip Fund - Direct Growth,2024-06-24,238.7717,0.0009570585478366755
119551,Axis Bluechip Fund - Direct Growth,2024-06-25,234.9709,-0.01591813435176781
119551,Axis Bluechip Fund - Direct Growth,2024-06-26,237.1691,0.009355201005741609
119551,Axis Bluechip Fund - Direct Growth,2024-06-27,239.101,0.008145664844197764
119551,Axis Bluechip Fund - Direct Growth,2024-06-28,245.4035,0.02635915366309649
119551,Axis Bluechip Fund - Direct Growth,2024-06-29,244.5953,-0.0032933515618155385
119551,Axis Bluechip Fund - Direct Growth,2024-06-30,245.3364,0.0030299028640370373
119551,Axis Bluechip Fund - Direct Growth,2024-07-01,246.1687,0.0033924847678534764
119551,Axis Bluechip Fund - Direct Growth,2024-07-02,250.927,0.019329427339868976
119551,Axis Bluechip Fund - Direct Growth,2024-07-03,250.7404,-0.0007436425733380325
119551,Axis Bluechip Fund - Direct Growth,2024-07-04,251.6802,0.003748099628141377
119551,Axis Bluechip Fund - Direct Growth,2024-07-05,253.6168,0.007694685557306347
119551,Axis Bluechip Fund - Direct Growth,2024-07-06,254.2862,0.002639415054523253
119551,Axis Bluechip Fund - Direct Growth,2024-07-07,253.0257,-0.004957013003458299
119551,Axis Bluechip Fund - Direct Growth,2024-07-08,253.7162,0.0027289718000977903
119551,Axis Bluechip Fund - Direct Growth,2024-07-09,257.0865,0.013283739863674482
119551,Axis Bluechip Fund - Direct Growth,2024-07-10,254.0225,-0.011918167620625697
119551,Axis Bluechip Fund - Direct Growth,2024-07-11,254.5294,0.0019954925252685385
119551,Axis Bluechip Fund - Direct Growth,2024-07-12,252.4928,-0.008001433233253308
119551,Axis Bluechip Fund - Direct Growth,2024-07-13,256.2147,0.014740618346344991
119551,Axis Bluechip Fund - Direct Growth,2024-07-14,251.634,-0.017878365292857912
119551,Axis Bluechip Fund - Direct Growth,2024-07-15,250.0469,-0.006307176295731076
119551,Axis Bluechip Fund - Direct Growth,2024-07-16,251.2788,0.004926675755628329
119551,Axis Bluechip Fund - Direct Growth,2024-07-17,256.0999,0.01918625845077271
119551,Axis Bluechip Fund - Direct Growth,2024-07-18,256.0003,-0.0003889107336629838
119551,Axis Bluechip Fund - Direct Growth,2024-07-19,254.3971,-0.006262492661141317
119551,Axis Bluechip Fund - Direct Growth,2024-07-20,260.2416,0.02297392541031318
119551,Axis Bluechip Fund - Direct Growth,2024-07-21,255.8237,-0.016976148317563333
119551,Axis Bluechip Fund - Direct Growth,2024-07-22,249.1759,-0.02598586448401763
119551,Axis Bluechip Fund - Direct Growth,2024-07-23,250.5913,0.005680324622084232
119551,Axis Bluechip Fund - Direct Growth,2024-07-24,249.1818,-0.00562469646791397
119551,Axis Bluechip Fund - Direct Growth,2024-07-25,246.2278,-0.01185479838415171
119551,Axis Bluechip Fund - Direct Growth,2024-07-26,248.4193,0.008900294767690609
119551,Axis Bluechip Fund - Direct Growth,2024-07-27,249.2454,0.003325426003535137
119551,Axis Bluechip Fund - Direct Growth,2024-07-28,247.658,-0.006368823657327272
119551,Axis Bluechip Fund - Direct Growth,2024-07-29,243.9521,-0.014963780697574869
119551,Axis Bluechip Fund - Direct Growth,2024-07-30,246.6037,0.010869346892279363
119551,Axis Bluechip Fund - Direct Growth,2024-07-31,248.6264,0.008202228920328292
119551,Axis Bluechip Fund - Direct Growth,2024-08-01,248.43,-0.000789940247696852
119551,Axis Bluechip Fund - Direct Growth,2024-08-02,254.0345,0.022559674757477
119551,Axis Bluechip Fund - Direct Growth,2024-08-03,250.8741,-0.012440829887279126
119551,Axis Bluechip Fund - Direct Growth,2024-08-04,246.3819,-0.01790619278753769
119551,Axis Bluechip Fund - Direct Growth,2024-08-05,244.4348,-0.007902772078630771
119551,Axis Bluechip Fund - Direct Growth,2024-08-06,244.3989,-0.00014686943103026096
119551,Axis Bluechip Fund - Direct Growth,2024-08-07,245.2103,0.003319982209412542
119551,Axis Bluechip Fund - Direct Growth,2024-08-08,244.5985,-0.0024950012295568147
119551,Axis Bluechip Fund - Direct Growth,2024-08-09,245.7297,0.00462472173786832
119551,Axis Bluechip Fund - Direct Growth,2024-08-10,242.1375,-0.014618501548652962
119551,Axis Bluechip Fund - Direct Growth,2024-08-11,246.4294,0.01772505291414994
119551,Axis Bluechip Fund - Direct Growth,2024-08-12,246.285,-0.0005859690442779897
119551,Axis Bluechip Fund - Direct Growth,2024-08-13,249.6856,0.01380758064843568
119551,Axis Bluechip Fund - Direct Growth,2024-08-14,250.8124,0.0045128753920931075
119551,Axis Bluechip Fund - Direct Growth,2024-08-15,252.2874,0.005880889461605587
119551,Axis Bluechip Fund - Direct Growth,2024-08-16,254.1133,0.007237380860082743
119551,Axis Bluechip Fund - Direct Growth,2024-08-17,255.5802,0.0057726218973976895
119551,Axis Bluechip Fund - Direct Growth,2024-08-18,257.6536,0.008112522018528745
119551,Axis Bluechip Fund - Direct Growth,2024-08-19,261.8662,0.016349858880295054
119551,Axis Bluechip Fund - Direct Growth,2024-08-20,262.5885,0.0027582788462199304
119551,Axis Bluechip Fund - Direct Growth,2024-08-21,264.9277,0.008908234747523336
119551,Axis Bluechip Fund - Direct Growth,2024-08-22,264.7484,-0.0006767884218977782
119551,Axis Bluechip Fund - Direct Growth,2024-08-23,269.4295,0.017681315543361276
119551,Axis Bluechip Fund - Direct Growth,2024-08-24,267.3504,-0.007716675419729646
119551,Axis Bluechip Fund - Direct Growth,2024-08-25,273.2351,0.022011188313165064
119551,Axis Bluechip Fund - Direct Growth,2024-08-26,273.2127,-8.198068256970448e-05
119551,Axis Bluechip Fund - Direct Growth,2024-08-27,268.6311,-0.016769352229965784
119551,Axis Bluechip Fund - Direct Growth,2024-08-28,269.1515,0.0019372291592447688
119551,Axis Bluechip Fund - Direct Growth,2024-08-29,267.0595,-0.007772574182198455
119551,Axis Bluechip Fund - Direct Growth,2024-08-30,269.8603,0.010487550527129574
119551,Axis Bluechip Fund - Direct Growth,2024-08-31,267.8548,-0.007431622954543471
119551,Axis Bluechip Fund - Direct Growth,2024-09-01,266.5278,-0.004954176665865284
119551,Axis Bluechip Fund - Direct Growth,2024-09-02,260.591,-0.022274599497688397
119551,Axis Bluechip Fund - Direct Growth,2024-09-03,259.2808,-0.005027802188103281
119551,Axis Bluechip Fund - Direct Growth,2024-09-04,251.8429,-0.028686659405555703
119551,Axis Bluechip Fund - Direct Growth,2024-09-05,247.1569,-0.018606837834221124
119551,Axis Bluechip Fund - Direct Growth,2024-09-06,249.5111,0.009525123514658063
119551,Axis Bluechip Fund - Direct Growth,2024-09-07,251.9637,0.00982962281036781
119551,Axis Bluechip Fund - Direct Growth,2024-09-08,253.3509,0.005505554966846349
119551,Axis Bluechip Fund - Direct Growth,2024-09-09,250.5124,-0.01120382836611189
119551,Axis Bluechip Fund - Direct Growth,2024-09-10,250.4692,-0.00017244655354387017
119551,Axis Bluechip Fund - Direct Growth,2024-09-11,250.5586,0.00035693011356285886
119551,Axis Bluechip Fund - Direct Growth,2024-09-12,247.176,-0.013500235074749067
119551,Axis Bluechip Fund - Direct Growth,2024-09-13,251.7341,0.018440706217432323
119551,Axis Bluechip Fund - Direct Growth,2024-09-14,254.4851,0.01092819764982167
119551,Axis Bluechip Fund - Direct Growth,2024-09-15,253.9121,-0.002251605300270909
119551,Axis Bluechip Fund - Direct Growth,2024-09-16,254.0956,0.0007226910415061294
119551,Axis Bluechip Fund - Direct Growth,2024-09-17,254.8326,0.0029004831252490426
119551,Axis Bluechip Fund - Direct Growth,2024-09-18,248.6909,-0.024100919584072122
119551,Axis Bluechip Fund - Direct Growth,2024-09-19,248.0527,-0.0025662378478665815
119551,Axis Bluechip Fund - Direct Growth,2024-09-20,246.1219,-0.007783829807133658
119551,Axis Bluechip Fund - Direct Growth,2024-09-21,243.2621,-0.011619445486159563
119551,Axis Bluechip Fund - Direct Growth,2024-09-22,242.5388,-0.002973336167039542
119551,Axis Bluechip Fund - Direct Growth,2024-09-23,247.8679,0.02197215455836332
119551,Axis Bluechip Fund - Direct Growth,2024-09-24,249.8732,0.008090196431244312
119551,Axis Bluechip Fund - Direct Growth,2024-09-25,248.2605,-0.006454073506082292
119551,Axis Bluechip Fund - Direct Growth,2024-09-26,250.0656,0.0072709915592692465
119551,Axis Bluechip Fund - Direct Growth,2024-09-27,254.3648,0.017192288743433704
119551,Axis Bluechip Fund - Direct Growth,2024-09-28,257.2889,0.011495694372806398
119551,Axis Bluechip Fund - Direct Growth,2024-09-29,257.5759,0.001115477581815627
119551,Axis Bluechip Fund - Direct Growth,2024-09-30,255.6793,-0.0073632665167819855
119551,Axis Bluechip Fund - Direct Growth,2024-10-01,257.9238,0.008778575348102224
119551,Axis Bluechip Fund - Direct Growth,2024-10-02,259.2448,0.005121667717364442
119551,Axis Bluechip Fund - Direct Growth,2024-10-03,262.1334,0.011142364282716644
119551,Axis Bluechip Fund - Direct Growth,2024-10-04,264.2363,0.00802225126595868
119551,Axis Bluechip Fund - Direct Growth,2024-10-05,267.67,0.012994808056273843
119551,Axis Bluechip Fund - Direct Growth,2024-10-06,266.0579,-0.0060227145365562285
119551,Axis Bluechip Fund - Direct Growth,2024-10-07,270.3704,0.016208877842003533
119551,Axis Bluechip Fund - Direct Growth,2024-10-08,271.1196,0.0027710133949574445
119551,Axis Bluechip Fund - Direct Growth,2024-10-09,277.9798,0.025303224112163125
119551,Axis Bluechip Fund - Direct Growth,2024-10-10,275.792,-0.007870356047453897
119551,Axis Bluechip Fund - Direct Growth,2024-10-11,281.6475,0.0212315803214016
119551,Axis Bluechip Fund - Direct Growth,2024-10-12,282.4291,0.0027751000807747506
119551,Axis Bluechip Fund - Direct Growth,2024-10-13,280.3343,-0.007417082729789581
119551,Axis Bluechip Fund - Direct Growth,2024-10-14,278.8186,-0.005406759001663319
119551,Axis Bluechip Fund - Direct Growth,2024-10-15,277.8583,-0.003444174814736245
119551,Axis Bluechip Fund - Direct Growth,2024-10-16,279.3837,0.005489848602687086
119551,Axis Bluechip Fund - Direct Growth,2024-10-17,281.2483,0.006673975611318772
119551,Axis Bluechip Fund - Direct Growth,2024-10-18,279.4246,-0.006484305860693151
119551,Axis Bluechip Fund - Direct Growth,2024-10-19,279.4547,0.0001077213674101074
119551,Axis Bluechip Fund - Direct Growth,2024-10-20,286.7505,0.026107272484592325
119551,Axis Bluechip Fund - Direct Growth,2024-10-21,292.8097,0.021130564724386014
119551,Axis Bluechip Fund - Direct Growth,2024-10-22,294.4599,0.0056357422585384676
119551,Axis Bluechip Fund - Direct Growth,2024-10-23,294.712,0.0008561437397758276
119551,Axis Bluechip Fund - Direct Growth,2024-10-24,295.2544,0.0018404408371561765
119551,Axis Bluechip Fund - Direct Growth,2024-10-25,297.5462,0.0077621197177757395
119551,Axis Bluechip Fund - Direct Growth,2024-10-26,294.0133,-0.011873450240668437
119551,Axis Bluechip Fund - Direct Growth,2024-10-27,293.2228,-0.0026886538806237814
119551,Axis Bluechip Fund - Direct Growth,2024-10-28,287.4689,-0.019622962470858263
119551,Axis Bluechip Fund - Direct Growth,2024-10-29,288.9611,0.005190822381133886
119551,Axis Bluechip Fund - Direct Growth,2024-10-30,291.3209,0.008166497151346652
119551,Axis Bluechip Fund - Direct Growth,2024-10-31,289.7483,-0.005398170883036624
119551,Axis Bluechip Fund - Direct Growth,2024-11-01,295.3369,0.019287774941216362
119551,Axis Bluechip Fund - Direct Growth,2024-11-02,291.1109,-0.014309082271805496
119551,Axis Bluechip Fund - Direct Growth,2024-11-03,286.1118,-0.017172493369365438
119551,Axis Bluechip Fund - Direct Growth,2024-11-04,286.9969,0.003093545949520271
119551,Axis Bluechip Fund - Direct Growth,2024-11-05,290.7179,0.01296529683770098
119551,Axis Bluechip Fund - Direct Growth,2024-11-06,296.7088,0.020607262229123124
119551,Axis Bluechip Fund - Direct Growth,2024-11-07,295.1936,-0.005106690465533914
119551,Axis Bluechip Fund - Direct Growth,2024-11-08,299.1327,0.013344123991848145
119551,Axis Bluechip Fund - Direct Growth,2024-11-09,299.1141,-6.21797616909836e-05
119551,Axis Bluechip Fund - Direct Growth,2024-11-10,298.6141,-0.001671602910060077
119551,Axis Bluechip Fund - Direct Growth,2024-11-11,301.9,0.011003834045344663
119551,Axis Bluechip Fund - Direct Growth,2024-11-12,304.384,0.008227890029811391
119551,Axis Bluechip Fund - Direct Growth,2024-11-13,298.7478,-0.01851674201009257
119551,Axis Bluechip Fund - Direct Growth,2024-11-14,304.1607,0.01811862714972312
119551,Axis Bluechip Fund - Direct Growth,2024-11-15,309.3196,0.01696109983965699
119551,Axis Bluechip Fund - Direct Growth,2024-11-16,307.1213,-0.007106888797217992
119551,Axis Bluechip Fund - Direct Growth,2024-11-17,308.7029,0.005149756789906812
119551,Axis Bluechip Fund - Direct Growth,2024-11-18,310.6565,0.006328414796232806
119551,Axis Bluechip Fund - Direct Growth,2024-11-19,311.7525,0.0035280124510512767
119551,Axis Bluechip Fund - Direct Growth,2024-11-20,309.8185,-0.006203639104738645
119551,Axis Bluechip Fund - Direct Growth,2024-11-21,307.4455,-0.007659323119826533
119551,Axis Bluechip Fund - Direct Growth,2024-11-22,307.4742,9.334987827114283e-05
119551,Axis Bluechip Fund - Direct Growth,2024-11-23,311.9242,0.01447275901522782
119551,Axis Bluechip Fund - Direct Growth,2024-11-24,314.0837,0.006923156330929325
119551,Axis Bluechip Fund - Direct Growth,2024-11-25,312.8125,-0.004047328785288795
119551,Axis Bluechip Fund - Direct Growth,2024-11-26,315.8344,0.009660419580419743
119551,Axis Bluechip Fund - Direct Growth,2024-11-27,305.1647,-0.03378257719868394
119551,Axis Bluechip Fund - Direct Growth,2024-11-28,309.4935,0.01418512691671081
119551,Axis Bluechip Fund - Direct Growth,2024-11-29,303.1561,-0.02047668206278974
119551,Axis Bluechip Fund - Direct Growth,2024-11-30,301.9588,-0.003949450464628579
119551,Axis Bluechip Fund - Direct Growth,2024-12-01,298.0225,-0.013035884365681705
119551,Axis Bluechip Fund - Direct Growth,2024-12-02,293.5116,-0.015136105495390462
119551,Axis Bluechip Fund - Direct Growth,2024-12-03,297.7176,0.01432992767577157
119551,Axis Bluechip Fund - Direct Growth,2024-12-04,296.1658,-0.005212322012538073
119551,Axis Bluechip Fund - Direct Growth,2024-12-05,297.5157,0.004557919921881481
119551,Axis Bluechip Fund - Direct Growth,2024-12-06,297.4672,-0.00016301660719075795
119551,Axis Bluechip Fund - Direct Growth,2024-12-07,299.289,0.006124372703948611
119551,Axis Bluechip Fund - Direct Growth,2024-12-08,299.6846,0.0013217993310812304
119551,Axis Bluechip Fund - Direct Growth,2024-12-09,295.1906,-0.014995765548179607
119551,Axis Bluechip Fund - Direct Growth,2024-12-10,298.8377,0.012355068216941767
119551,Axis Bluechip Fund - Direct Growth,2024-12-11,297.1866,-0.005525072639763984
119551,Axis Bluechip Fund - Direct Growth,2024-12-12,291.7543,-0.018279087953494533
119551,Axis Bluechip Fund - Direct Growth,2024-12-13,290.3721,-0.004737547998435732
119551,Axis Bluechip Fund - Direct Growth,2024-12-14,295.7176,0.018409137792508412
119551,Axis Bluechip Fund - Direct Growth,2024-12-15,298.853,0.010602683100363386
119551,Axis Bluechip Fund - Direct Growth,2024-12-16,297.7222,-0.0037838000622379964
119551,Axis Bluechip Fund - Direct Growth,2024-12-17,296.5935,-0.0037911180288200397
119551,Axis Bluechip Fund - Direct Growth,2024-12-18,295.5674,-0.003459617287634331
119551,Axis Bluechip Fund - Direct Growth,2024-12-19,303.0515,0.025321128108174218
119551,Axis Bluechip Fund - Direct Growth,2024-12-20,304.5617,0.0049833114173662985
119551,Axis Bluechip Fund - Direct Growth,2024-12-21,306.2552,0.005560449656013988
119551,Axis Bluechip Fund - Direct Growth,2024-12-22,310.1641,0.012763538382368766
119551,Axis Bluechip Fund - Direct Growth,2024-12-23,311.1769,0.0032653682357177694
119551,Axis Bluechip Fund - Direct Growth,2024-12-24,310.3341,-0.0027084272643631557
119551,Axis Bluechip Fund - Direct Growth,2024-12-26,309.5848,-0.002414494572140158
119551,Axis Bluechip Fund - Direct Growth,2024-12-27,309.5704,-4.651391153565054e-05
119551,Axis Bluechip Fund - Direct Growth,2024-12-28,312.3973,0.009131687008835376
119551,Axis Bluechip Fund - Direct Growth,2024-12-29,312.717,0.0010233763223945758
119551,Axis Bluechip Fund - Direct Growth,2024-12-30,315.5914,0.009191697285405143
119551,Axis Bluechip Fund - Direct Growth,2024-12-31,315.412,-0.0005684565548998988
119598,Kotak Bluechip Fund - Direct Growth,2022-01-01,64.1405,0.0
119598,Kotak Bluechip Fund - Direct Growth,2022-01-02,64.513,0.005807563084166745
119598,Kotak Bluechip Fund - Direct Growth,2022-01-03,64.6029,0.0013935175856027993
119598,Kotak Bluechip Fund - Direct Growth,2022-01-04,64.6573,0.0008420674613678347
119598,Kotak Bluechip Fund - Direct Growth,2022-01-05,62.8332,-0.0282118183097656
119598,Kotak Bluechip Fund - Direct Growth,2022-01-06,63.4202,0.009342194890599398
119598,Kotak Bluechip Fund - Direct Growth,2022-01-07,63.5477,0.002010400471774032
119598,Kotak Bluechip Fund - Direct Growth,2022-01-08,63.8998,0.0055407198057522145
119598,Kotak Bluechip Fund - Direct Growth,2022-01-09,63.3798,-0.00813774065020545
119598,Kotak Bluechip Fund - Direct Growth,2022-01-10,63.1128,-0.004212698683176752
119598,Kotak Bluechip Fund - Direct Growth,2022-01-11,62.8268,-0.004531568873509029
119598,Kotak Bluechip Fund - Direct Growth,2022-01-12,63.6222,0.012660202334035864
119598,Kotak Bluechip Fund - Direct Growth,2022-01-13,63.3585,-0.004144779652385466
119598,Kotak Bluechip Fund - Direct Growth,2022-01-14,64.9673,0.0253920152781395
119598,Kotak Bluechip Fund - Direct Growth,2022-01-15,65.3292,0.005570494695023687
119598,Kotak Bluechip Fund - Direct Growth,2022-01-16,64.3553,-0.014907575785406801
119598,Kotak Bluechip Fund - Direct Growth,2022-01-17,64.2818,-0.0011420970766975458
119598,Kotak Bluechip Fund - Direct Growth,2022-01-18,63.8048,-0.0074204518230666094
119598,Kotak Bluechip Fund - Direct Growth,2022-01-19,62.1502,-0.02593221826571046
119598,Kotak Bluechip Fund - Direct Growth,2022-01-20,63.3679,0.019592857303757594
119598,Kotak Bluechip Fund - Direct Growth,2022-01-21,63.9279,0.008837281967684074
119598,Kotak Bluechip Fund - Direct Growth,2022-01-22,64.3625,0.006798283691471063
119598,Kotak Bluechip Fund - Direct Growth,2022-01-23,64.516,0.002384929112449141
119598,Kotak Bluechip Fund - Direct Growth,2022-01-24,63.4719,-0.016183582367164884
119598,Kotak Bluechip Fund - Direct Growth,2022-01-25,63.1289,-0.00540396616455463
119598,Kotak Bluechip Fund - Direct Growth,2022-01-26,63.7918,0.010500737380185532
119598,Kotak Bluechip Fund - Direct Growth,2022-01-27,63.0126,-0.012214736063255849
119598,Kotak Bluechip Fund - Direct Growth,2022-01-28,61.1234,-0.02998130532623633
119598,Kotak Bluechip Fund - Direct Growth,2022-01-29,60.9813,-0.0023248052300754996
119598,Kotak Bluechip Fund - Direct Growth,2022-01-30,60.902,-0.0013003986467982065
119598,Kotak Bluechip Fund - Direct Growth,2022-01-31,61.0254,0.0020262060359266254
119598,Kotak Bluechip Fund - Direct Growth,2022-02-01,61.5833,0.009142094930963296
119598,Kotak Bluechip Fund - Direct Growth,2022-02-02,62.0791,0.008050883924700214
119598,Kotak Bluechip Fund - Direct Growth,2022-02-03,62.2967,0.003505205455620386
119598,Kotak Bluechip Fund - Direct Growth,2022-02-04,63.2154,0.014747169593253062
119598,Kotak Bluechip Fund - Direct Growth,2022-02-05,62.0884,-0.017827934332456996
119598,Kotak Bluechip Fund - Direct Growth,2022-02-06,62.4892,0.006455312103388122
119598,Kotak Bluechip Fund - Direct Growth,2022-02-07,62.984,0.007918168259475333
119598,Kotak Bluechip Fund - Direct Growth,2022-02-08,62.0723,-0.014475104788517767
119598,Kotak Bluechip Fund - Direct Growth,2022-02-09,60.9777,-0.01763427486978897
119598,Kotak Bluechip Fund - Direct Growth,2022-02-10,60.4563,-0.008550666883139213
119598,Kotak Bluechip Fund - Direct Growth,2022-02-11,60.0006,-0.007537675974216063
119598,Kotak Bluechip Fund - Direct Growth,2022-02-12,60.5671,0.009441572250944219
119598,Kotak Bluechip Fund - Direct Growth,2022-02-13,60.1447,-0.006974083289442712
119598,Kotak Bluechip Fund - Direct Growth,2022-02-14,59.5507,-0.00987618194121842
119598,Kotak Bluechip Fund - Direct Growth,2022-02-15,59.1374,-0.00694030464797224
119598,Kotak Bluechip Fund - Direct Growth,2022-02-16,59.9549,0.013823739291886294
119598,Kotak Bluechip Fund - Direct Growth,2022-02-17,59.9883,0.0005570854091991873
119598,Kotak Bluechip Fund - Direct Growth,2022-02-18,59.8833,-0.001750341316556825
119598,Kotak Bluechip Fund - Direct Growth,2022-02-19,59.8282,-0.0009201229725147586
119598,Kotak Bluechip Fund - Direct Growth,2022-02-20,60.7798,0.015905542871087475
119598,Kotak Bluechip Fund - Direct Growth,2022-02-21,60.2577,-0.008590024975403066
119598,Kotak Bluechip Fund - Direct Growth,2022-02-22,61.233,0.01618548334901604
119598,Kotak Bluechip Fund - Direct Growth,2022-02-23,61.4122,0.0029265265461433376
119598,Kotak Bluechip Fund - Direct Growth,2022-02-24,61.3185,-0.0015257554687830854
119598,Kotak Bluechip Fund - Direct Growth,2022-02-25,63.1832,0.0304100720011089
119598,Kotak Bluechip Fund - Direct Growth,2022-02-26,62.4081,-0.012267501487737253
119598,Kotak Bluechip Fund - Direct Growth,2022-02-27,62.1682,-0.003844052294493805
119598,Kotak Bluechip Fund - Direct Growth,2022-02-28,61.2737,-0.014388385058599074
119598,Kotak Bluechip Fund - Direct Growth,2022-03-01,61.9985,0.011828892330641105
119598,Kotak Bluechip Fund - Direct Growth,2022-03-03,64.5734,0.041531649959273276
119598,Kotak Bluechip Fund - Direct Growth,2022-03-04,65.5476,0.015086707529725851
119598,Kotak Bluechip Fund - Direct Growth,2022-03-05,65.4184,-0.0019710866606862387
119598,Kotak Bluechip Fund - Direct Growth,2022-03-06,65.1578,-0.003983588715101738
119598,Kotak Bluechip Fund - Direct Growth,2022-03-07,63.8772,-0.01965382502171642
119598,Kotak Bluechip Fund - Direct Growth,2022-03-08,65.4633,0.0248304559373298
119598,Kotak Bluechip Fund - Direct Growth,2022-03-09,65.8579,0.006027804892206667
119598,Kotak Bluechip Fund - Direct Growth,2022-03-10,65.4955,-0.005502756692818855
119598,Kotak Bluechip Fund - Direct Growth,2022-03-11,66.5655,0.016337000251925637
119598,Kotak Bluechip Fund - Direct Growth,2022-03-12,65.8151,-0.011273106939781119
119598,Kotak Bluechip Fund - Direct Growth,2022-03-13,66.1626,0.0052799433564636455
119598,Kotak Bluechip Fund - Direct Growth,2022-03-14,66.052,-0.0016716392644785527
119598,Kotak Bluechip Fund - Direct Growth,2022-03-15,66.5847,0.008064857990673913
119598,Kotak Bluechip Fund - Direct Growth,2022-03-16,66.5605,-0.00036344685791167564
119598,Kotak Bluechip Fund - Direct Growth,2022-03-17,65.4282,-0.017011590958601608
119598,Kotak Bluechip Fund - Direct Growth,2022-03-18,65.5137,0.0013067759773308651
119598,Kotak Bluechip Fund - Direct Growth,2022-03-19,66.3645,0.012986596696568986
119598,Kotak Bluechip Fund - Direct Growth,2022-03-20,66.3678,4.9725380286025356e-05
119598,Kotak Bluechip Fund - Direct Growth,2022-03-21,67.0117,0.009701994039278183
119598,Kotak Bluechip Fund - Direct Growth,2022-03-22,66.1978,-0.012145640238943378
119598,Kotak Bluechip Fund - Direct Growth,2022-03-23,66.2034,8.459495632795466e-05
119598,Kotak Bluechip Fund - Direct Growth,2022-03-24,65.7337,-0.007094801777552284
119598,Kotak Bluechip Fund - Direct Growth,2022-03-25,66.3492,0.009363538033002827
119598,Kotak Bluechip Fund - Direct Growth,2022-03-26,66.4008,0.0007777034237037572
119598,Kotak Bluechip Fund - Direct Growth,2022-03-27,66.9772,0.008680618305803467
119598,Kotak Bluechip Fund - Direct Growth,2022-03-28,67.8782,0.01345233900491527
119598,Kotak Bluechip Fund - Direct Growth,2022-03-29,68.4687,0.008699405700209883
119598,Kotak Bluechip Fund - Direct Growth,2022-03-30,68.7205,0.0036775928270873504
119598,Kotak Bluechip Fund - Direct Growth,2022-03-31,67.9248,-0.011578786533858132
119598,Kotak Bluechip Fund - Direct Growth,2022-04-01,67.9497,0.0003665818670059995
119598,Kotak Bluechip Fund - Direct Growth,2022-04-02,67.5422,-0.005997083136496717
119598,Kotak Bluechip Fund - Direct Growth,2022-04-03,67.2904,-0.0037280396552079598
119598,Kotak Bluechip Fund - Direct Growth,2022-04-04,67.0149,-0.004094194714253541
119598,Kotak Bluechip Fund - Direct Growth,2022-04-05,66.2537,-0.011358667997714011
119598,Kotak Bluechip Fund - Direct Growth,2022-04-06,64.724,-0.023088521848591004
119598,Kotak Bluechip Fund - Direct Growth,2022-04-07,64.231,-0.007616958160805987
119598,Kotak Bluechip Fund - Direct Growth,2022-04-08,64.4057,0.0027198704675313046
119598,Kotak Bluechip Fund - Direct Growth,2022-04-09,63.3895,-0.015778106596155306
119598,Kotak Bluechip Fund - Direct Growth,2022-04-10,63.4268,0.0005884255278871819
119598,Kotak Bluechip Fund - Direct Growth,2022-04-11,64.8985,0.023203125492693877
119598,Kotak Bluechip Fund - Direct Growth,2022-04-12,65.7212,0.012676718260052233
119598,Kotak Bluechip Fund - Direct Growth,2022-04-13,67.0437,0.020122882722774404
119598,Kotak Bluechip Fund - Direct Growth,2022-04-14,67.3852,0.0050936926213798195
119598,Kotak Bluechip Fund - Direct Growth,2022-04-15,68.3562,0.014409692336002644
119598,Kotak Bluechip Fund - Direct Growth,2022-04-16,67.7897,-0.008287470631778926
119598,Kotak Bluechip Fund - Direct Growth,2022-04-17,67.2927,-0.007331497262858533
119598,Kotak Bluechip Fund - Direct Growth,2022-04-18,65.1077,-0.032470089623391596
119598,Kotak Bluechip Fund - Direct Growth,2022-04-19,66.0605,0.0146342137719504
119598,Kotak Bluechip Fund - Direct Growth,2022-04-20,67.308,0.018884204630603696
119598,Kotak Bluechip Fund - Direct Growth,2022-04-21,66.8881,-0.00623848576692243
119598,Kotak Bluechip Fund - Direct Growth,2022-04-22,66.711,-0.0026477056456977177
119598,Kotak Bluechip Fund - Direct Growth,2022-04-23,66.1342,-0.008646250243587894
119598,Kotak Bluechip Fund - Direct Growth,2022-04-24,66.4643,0.0049913660405658256
119598,Kotak Bluechip Fund - Direct Growth,2022-04-25,67.3881,0.013899190994263178
119598,Kotak Bluechip Fund - Direct Growth,2022-04-26,66.0058,-0.020512523724515175
119598,Kotak Bluechip Fund - Direct Growth,2022-04-27,66.3565,0.005313169448745381
119598,Kotak Bluechip Fund - Direct Growth,2022-04-28,66.1627,-0.002920588035836724
119598,Kotak Bluechip Fund - Direct Growth,2022-04-29,66.2792,0.0017608108496176555
119598,Kotak Bluechip Fund - Direct Growth,2022-04-30,66.6708,0.005908339267824525
119598,Kotak Bluechip Fund - Direct Growth,2022-05-01,66.5469,-0.0018583847801437736
119598,Kotak Bluechip Fund - Direct Growth,2022-05-02,66.4908,-0.0008430144755052771
119598,Kotak Bluechip Fund - Direct Growth,2022-05-03,66.3467,-0.0021672171187592237
119598,Kotak Bluechip Fund - Direct Growth,2022-05-04,67.1458,0.012044306649765524
119598,Kotak Bluechip Fund - Direct Growth,2022-05-05,67.5101,0.0054255068820388
119598,Kotak Bluechip Fund - Direct Growth,2022-05-06,67.7158,0.0030469514931841246
119598,Kotak Bluechip Fund - Direct Growth,2022-05-07,66.7101,-0.014851777576282088
119598,Kotak Bluechip Fund - Direct Growth,2022-05-08,66.4337,-0.004143300639633196
119598,Kotak Bluechip Fund - Direct Growth,2022-05-09,67.1767,0.011184082777265125
119598,Kotak Bluechip Fund - Direct Growth,2022-05-10,67.234,0.0008529743199650053
119598,Kotak Bluechip Fund - Direct Growth,2022-05-11,67.793,0.008314245768510142
119598,Kotak Bluechip Fund - Direct Growth,2022-05-12,69.2572,0.02159810009883012
119598,Kotak Bluechip Fund - Direct Growth,2022-05-13,70.1481,0.012863644501943439
119598,Kotak Bluechip Fund - Direct Growth,2022-05-14,70.2546,0.0015182164591769354
119598,Kotak Bluechip Fund - Direct Growth,2022-05-15,69.8519,-0.005732009007239358
119598,Kotak Bluechip Fund - Direct Growth,2022-05-16,67.7394,-0.030242556036414125
119598,Kotak Bluechip Fund - Direct Growth,2022-05-17,67.6296,-0.0016209178114953149
119598,Kotak Bluechip Fund - Direct Growth,2022-05-18,67.3921,-0.0035117759087736067
119598,Kotak Bluechip Fund - Direct Growth,2022-05-19,67.7347,0.005083681915239335
119598,Kotak Bluechip Fund - Direct Growth,2022-05-20,67.6367,-0.001446821200950188
119598,Kotak Bluechip Fund - Direct Growth,2022-05-21,67.4037,-0.0034448753413458544
119598,Kotak Bluechip Fund - Direct Growth,2022-05-22,65.9914,-0.020952855703767037
119598,Kotak Bluechip Fund - Direct Growth,2022-05-23,65.2734,-0.01088020560254821
119598,Kotak Bluechip Fund - Direct Growth,2022-05-24,65.6729,0.0061204104581651375
119598,Kotak Bluechip Fund - Direct Growth,2022-05-25,67.0514,0.020990393297692034
119598,Kotak Bluechip Fund - Direct Growth,2022-05-26,66.9997,-0.0007710502688981213
119598,Kotak Bluechip Fund - Direct Growth,2022-05-27,67.2901,0.004334347765736046
119598,Kotak Bluechip Fund - Direct Growth,2022-05-28,68.0861,0.011829377575601763
119598,Kotak Bluechip Fund - Direct Growth,2022-05-29,67.4508,-0.00933083257816203
119598,Kotak Bluechip Fund - Direct Growth,2022-05-30,67.7747,0.00480201865656138
119598,Kotak Bluechip Fund - Direct Growth,2022-05-31,67.1996,-0.008485467290891613
119598,Kotak Bluechip Fund - Direct Growth,2022-06-01,67.9239,0.010778337966297347
119598,Kotak Bluechip Fund - Direct Growth,2022-06-02,68.0745,0.0022171871756480055
119598,Kotak Bluechip Fund - Direct Growth,2022-06-03,68.3455,0.003980932654665148
119598,Kotak Bluechip Fund - Direct Growth,2022-06-04,67.731,-0.008991082075630485
119598,Kotak Bluechip Fund - Direct Growth,2022-06-05,68.3327,0.008883672173746193
119598,Kotak Bluechip Fund - Direct Growth,2022-06-06,70.0695,0.025416820936389195
119598,Kotak Bluechip Fund - Direct Growth,2022-06-07,69.25,-0.011695530865783343
119598,Kotak Bluechip Fund - Direct Growth,2022-06-08,68.9954,-0.003676534296028877
119598,Kotak Bluechip Fund - Direct Growth,2022-06-09,69.2148,0.003179922139736835
119598,Kotak Bluechip Fund - Direct Growth,2022-06-10,69.8957,0.009837491403572818
119598,Kotak Bluechip Fund - Direct Growth,2022-06-11,69.4543,-0.006315123820206381
119598,Kotak Bluechip Fund - Direct Growth,2022-06-12,67.1209,-0.03359619202842734
119598,Kotak Bluechip Fund - Direct Growth,2022-06-13,68.2425,0.0167101454241525
119598,Kotak Bluechip Fund - Direct Growth,2022-06-14,68.8926,0.00952632157379929
119598,Kotak Bluechip Fund - Direct Growth,2022-06-15,67.4792,-0.02051599155787409
119598,Kotak Bluechip Fund - Direct Growth,2022-06-16,67.0142,-0.006891012341580849
119598,Kotak Bluechip Fund - Direct Growth,2022-06-17,68.3021,0.019218314924299484
119598,Kotak Bluechip Fund - Direct Growth,2022-06-18,69.5161,0.01777397766686528
119598,Kotak Bluechip Fund - Direct Growth,2022-06-19,70.3269,0.011663485149483455
119598,Kotak Bluechip Fund - Direct Growth,2022-06-20,70.2064,-0.00171342686795517
119598,Kotak Bluechip Fund - Direct Growth,2022-06-21,70.3044,0.0013958841359191787
119598,Kotak Bluechip Fund - Direct Growth,2022-06-22,70.2221,-0.0011706237447443035
119598,Kotak Bluechip Fund - Direct Growth,2022-06-23,71.2009,0.013938631855213712
119598,Kotak Bluechip Fund - Direct Growth,2022-06-24,70.4811,-0.01010942277415039
119598,Kotak Bluechip Fund - Direct Growth,2022-06-25,69.8278,-0.009269151588156332
119598,Kotak Bluechip Fund - Direct Growth,2022-06-26,70.7023,0.012523665359641889
119598,Kotak Bluechip Fund - Direct Growth,2022-06-27,70.6929,-0.00013295182759254232
119598,Kotak Bluechip Fund - Direct Growth,2022-06-28,71.8906,0.01694229547804671
119598,Kotak Bluechip Fund - Direct Growth,2022-06-29,71.3401,-0.007657468431199632
119598,Kotak Bluechip Fund - Direct Growth,2022-06-30,71.3217,-0.00025791945904196645
119598,Kotak Bluechip Fund - Direct Growth,2022-07-01,70.5608,-0.010668562302917683
119598,Kotak Bluechip Fund - Direct Growth,2022-07-02,70.5953,0.0004889400346934636
119598,Kotak Bluechip Fund - Direct Growth,2022-07-03,69.371,-0.01734251430336009
119598,Kotak Bluechip Fund - Direct Growth,2022-07-04,68.9928,-0.005451845872194272
119598,Kotak Bluechip Fund - Direct Growth,2022-07-05,67.8313,-0.016835090038380907
119598,Kotak Bluechip Fund - Direct Growth,2022-07-06,68.4233,0.008727534338867082
119598,Kotak Bluechip Fund - Direct Growth,2022-07-07,69.039,0.008998396744968495
119598,Kotak Bluechip Fund - Direct Growth,2022-07-08,67.6331,-0.020363852315357978
119598,Kotak Bluechip Fund - Direct Growth,2022-07-09,68.7427,0.016406167985793862
119598,Kotak Bluechip Fund - Direct Growth,2022-07-10,70.8303,0.030368315472042884
119598,Kotak Bluechip Fund - Direct Growth,2022-07-11,70.8977,0.0009515701613576066
119598,Kotak Bluechip Fund - Direct Growth,2022-07-12,70.3806,-0.0072936075500333875
119598,Kotak Bluechip Fund - Direct Growth,2022-07-13,72.7941,0.034292120271779414
119598,Kotak Bluechip Fund - Direct Growth,2022-07-14,71.6711,-0.01542707444696756
119598,Kotak Bluechip Fund - Direct Growth,2022-07-15,71.7171,0.0006418207617855387
119598,Kotak Bluechip Fund - Direct Growth,2022-07-16,71.9004,0.0025558757953123568
119598,Kotak Bluechip Fund - Direct Growth,2022-07-17,73.0898,0.01654232799817512
119598,Kotak Bluechip Fund - Direct Growth,2022-07-18,73.4346,0.0047174845190438575
119598,Kotak Bluechip Fund - Direct Growth,2022-07-19,73.0246,-0.005583199200376865
119598,Kotak Bluechip Fund - Direct Growth,2022-07-20,72.2203,-0.011014096619495484
119598,Kotak Bluechip Fund - Direct Growth,2022-07-21,71.953,-0.0037011754312844536
119598,Kotak Bluechip Fund - Direct Growth,2022-07-22,71.1124,-0.011682626158742604
119598,Kotak Bluechip Fund - Direct Growth,2022-07-23,71.1817,0.0009745135869414501
119598,Kotak Bluechip Fund - Direct Growth,2022-07-24,70.7282,-0.006371019517656951
119598,Kotak Bluechip Fund - Direct Growth,2022-07-25,69.4884,-0.01752907609694576
119598,Kotak Bluechip Fund - Direct Growth,2022-07-26,70.5628,0.015461573442473897
119598,Kotak Bluechip Fund - Direct Growth,2022-07-27,70.1696,-0.005572341233624378
119598,Kotak Bluechip Fund - Direct Growth,2022-07-28,69.1299,-0.01481695777088643
119598,Kotak Bluechip Fund - Direct Growth,2022-07-29,69.018,-0.0016186917672382783
119598,Kotak Bluechip Fund - Direct Growth,2022-07-30,69.1022,0.0012199716016110251
119598,Kotak Bluechip Fund - Direct Growth,2022-07-31,67.6816,-0.020557956186633586
119598,Kotak Bluechip Fund - Direct Growth,2022-08-01,67.978,0.004379329093874729
119598,Kotak Bluechip Fund - Direct Growth,2022-08-02,67.151,-0.012165700667863155
119598,Kotak Bluechip Fund - Direct Growth,2022-08-03,68.5566,0.020931929531950555
119598,Kotak Bluechip Fund - Direct Growth,2022-08-04,69.0151,0.006687904592701521
119598,Kotak Bluechip Fund - Direct Growth,2022-08-05,68.7115,-0.004399037312124543
119598,Kotak Bluechip Fund - Direct Growth,2022-08-06,68.1246,-0.008541510518617734
119598,Kotak Bluechip Fund - Direct Growth,2022-08-07,68.066,-0.0008601885368868523
119598,Kotak Bluechip Fund - Direct Growth,2022-08-08,68.5937,0.007752769370904744
119598,Kotak Bluechip Fund - Direct Growth,2022-08-09,68.6002,9.476088911952729e-05
119598,Kotak Bluechip Fund - Direct Growth,2022-08-10,68.4489,-0.0022055329284754732
119598,Kotak Bluechip Fund - Direct Growth,2022-08-11,68.5242,0.0011000907246134783
119598,Kotak Bluechip Fund - Direct Growth,2022-08-12,68.0551,-0.00684575668158105
119598,Kotak Bluechip Fund - Direct Growth,2022-08-13,67.802,-0.0037190453029969373
119598,Kotak Bluechip Fund - Direct Growth,2022-08-14,66.1321,-0.024629066989174553
119598,Kotak Bluechip Fund - Direct Growth,2022-08-15,66.9313,0.012084902793046082
119598,Kotak Bluechip Fund - Direct Growth,2022-08-16,67.1981,0.003986176870911073
119598,Kotak Bluechip Fund - Direct Growth,2022-08-17,66.6013,-0.008881203486408085
119598,Kotak Bluechip Fund - Direct Growth,2022-08-18,68.1454,0.02318423213961296
119598,Kotak Bluechip Fund - Direct Growth,2022-08-19,68.2438,0.0014439712731892929
119598,Kotak Bluechip Fund - Direct Growth,2022-08-20,67.4226,-0.012033327569683894
119598,Kotak Bluechip Fund - Direct Growth,2022-08-21,68.1427,0.010680395001082754
119598,Kotak Bluechip Fund - Direct Growth,2022-08-22,68.4954,0.00517590292136938
119598,Kotak Bluechip Fund - Direct Growth,2022-08-23,68.8471,0.0051346513780485825
119598,Kotak Bluechip Fund - Direct Growth,2022-08-24,68.5229,-0.004708985563661949
119598,Kotak Bluechip Fund - Direct Growth,2022-08-25,68.9207,0.005805358500588609
119598,Kotak Bluechip Fund - Direct Growth,2022-08-26,68.7318,-0.002740831129109056
119598,Kotak Bluechip Fund - Direct Growth,2022-08-27,69.2178,0.0070709627857845625
119598,Kotak Bluechip Fund - Direct Growth,2022-08-28,67.6632,-0.022459540753967833
119598,Kotak Bluechip Fund - Direct Growth,2022-08-29,67.338,-0.00480615755684044
119598,Kotak Bluechip Fund - Direct Growth,2022-08-30,68.7565,0.021065371706911584
119598,Kotak Bluechip Fund - Direct Growth,2022-08-31,68.1511,-0.00880498571044197
119598,Kotak Bluechip Fund - Direct Growth,2022-09-01,67.6845,-0.006846551266230461
119598,Kotak Bluechip Fund - Direct Growth,2022-09-02,67.3477,-0.00497602848510359
119598,Kotak Bluechip Fund - Direct Growth,2022-09-03,66.3929,-0.014177173088316342
119598,Kotak Bluechip Fund - Direct Growth,2022-09-04,64.6601,-0.026099176267341817
119598,Kotak Bluechip Fund - Direct Growth,2022-09-05,64.507,-0.002367766211311073
119598,Kotak Bluechip Fund - Direct Growth,2022-09-06,64.638,0.0020307873564109347
119598,Kotak Bluechip Fund - Direct Growth,2022-09-07,64.6231,-0.00023051455800016107
119598,Kotak Bluechip Fund - Direct Growth,2022-09-08,64.5366,-0.0013385306492568194
119598,Kotak Bluechip Fund - Direct Growth,2022-09-09,64.5957,0.0009157594295328142
119598,Kotak Bluechip Fund - Direct Growth,2022-09-10,65.4144,0.012674218252917813
119598,Kotak Bluechip Fund - Direct Growth,2022-09-11,65.2911,-0.0018849060757264446
119598,Kotak Bluechip Fund - Direct Growth,2022-09-12,64.8674,-0.006489399014567021
119598,Kotak Bluechip Fund - Direct Growth,2022-09-13,64.6745,-0.0029737587755946926
119598,Kotak Bluechip Fund - Direct Growth,2022-09-14,65.15,0.007352202181694745
119598,Kotak Bluechip Fund - Direct Growth,2022-09-15,66.28,0.017344589409056033
119598,Kotak Bluechip Fund - Direct Growth,2022-09-16,65.8069,-0.0071378998189499665
119598,Kotak Bluechip Fund - Direct Growth,2022-09-17,65.9113,0.0015864597785337775
119598,Kotak Bluechip Fund - Direct Growth,2022-09-18,66.2053,0.004460540150171388
119598,Kotak Bluechip Fund - Direct Growth,2022-09-19,65.4432,-0.011511163003566027
119598,Kotak Bluechip Fund - Direct Growth,2022-09-20,65.4854,0.0006448339934477243
119598,Kotak Bluechip Fund - Direct Growth,2022-09-21,64.3598,-0.017188564168501563
119598,Kotak Bluechip Fund - Direct Growth,2022-09-22,63.0193,-0.020828218857112724
119598,Kotak Bluechip Fund - Direct Growth,2022-09-23,63.3219,0.004801703605086027
119598,Kotak Bluechip Fund - Direct Growth,2022-09-24,63.0555,-0.0042070752772737086
119598,Kotak Bluechip Fund - Direct Growth,2022-09-25,63.2338,0.0028276676895750974
119598,Kotak Bluechip Fund - Direct Growth,2022-09-26,63.2455,0.00018502762762939717
119598,Kotak Bluechip Fund - Direct Growth,2022-09-27,62.5298,-0.011316220126333043
119598,Kotak Bluechip Fund - Direct Growth,2022-09-28,62.5209,-0.00014233213603764838
119598,Kotak Bluechip Fund - Direct Growth,2022-09-29,61.6208,-0.014396785714856919
119598,Kotak Bluechip Fund - Direct Growth,2022-09-30,62.674,0.0170916313971905
119598,Kotak Bluechip Fund - Direct Growth,2022-10-01,61.6793,-0.01587101509397837
119598,Kotak Bluechip Fund - Direct Growth,2022-10-02,61.5591,-0.0019487899505992168
119598,Kotak Bluechip Fund - Direct Growth,2022-10-03,60.8138,-0.012107064593212091
119598,Kotak Bluechip Fund - Direct Growth,2022-10-04,61.2544,0.007245066086973617
119598,Kotak Bluechip Fund - Direct Growth,2022-10-05,61.0353,-0.003576885905339
119598,Kotak Bluechip Fund - Direct Growth,2022-10-06,60.6798,-0.005824498282141599
119598,Kotak Bluechip Fund - Direct Growth,2022-10-07,61.3253,0.010637806980247078
119598,Kotak Bluechip Fund - Direct Growth,2022-10-08,61.3715,0.0007533595432880347
119598,Kotak Bluechip Fund - Direct Growth,2022-10-09,61.7765,0.0065991543305932154
119598,Kotak Bluechip Fund - Direct Growth,2022-10-10,61.0737,-0.011376494297993478
119598,Kotak Bluechip Fund - Direct Growth,2022-10-11,60.0686,-0.01645716568670308
119598,Kotak Bluechip Fund - Direct Growth,2022-10-12,60.1699,0.0016864052100431515
119598,Kotak Bluechip Fund - Direct Growth,2022-10-13,59.9637,-0.003426962650760479
119598,Kotak Bluechip Fund - Direct Growth,2022-10-14,60.4384,0.007916456122620819
119598,Kotak Bluechip Fund - Direct Growth,2022-10-15,60.4046,-0.0005592471011807154
119598,Kotak Bluechip Fund - Direct Growth,2022-10-16,60.5774,0.0028607092837300563
119598,Kotak Bluechip Fund - Direct Growth,2022-10-17,59.4215,-0.019081373581566696
119598,Kotak Bluechip Fund - Direct Growth,2022-10-18,60.7918,0.02306067669109657
119598,Kotak Bluechip Fund - Direct Growth,2022-10-19,60.6963,-0.0015709355538082725
119598,Kotak Bluechip Fund - Direct Growth,2022-10-20,61.2287,0.008771539616088564
119598,Kotak Bluechip Fund - Direct Growth,2022-10-21,60.6389,-0.009632737588745166
119598,Kotak Bluechip Fund - Direct Growth,2022-10-22,60.8873,0.004096380376293229
119598,Kotak Bluechip Fund - Direct Growth,2022-10-23,59.9597,-0.015234704117279008
119598,Kotak Bluechip Fund - Direct Growth,2022-10-24,60.309,0.005825579514240342
119598,Kotak Bluechip Fund - Direct Growth,2022-10-25,60.0755,-0.0038717272712198714
119598,Kotak Bluechip Fund - Direct Growth,2022-10-26,60.1206,0.0007507220081397481
119598,Kotak Bluechip Fund - Direct Growth,2022-10-27,60.6482,0.008775694188015493
119598,Kotak Bluechip Fund - Direct Growth,2022-10-28,59.7754,-0.014391193802948843
119598,Kotak Bluechip Fund - Direct Growth,2022-10-29,59.3083,-0.00781425134754421
119598,Kotak Bluechip Fund - Direct Growth,2022-10-30,59.6575,0.005887877413447873
119598,Kotak Bluechip Fund - Direct Growth,2022-10-31,61.1835,0.025579348782634348
119598,Kotak Bluechip Fund - Direct Growth,2022-11-01,61.1066,-0.0012568748110193262
119598,Kotak Bluechip Fund - Direct Growth,2022-11-02,61.5645,0.007493462244667626
119598,Kotak Bluechip Fund - Direct Growth,2022-11-03,61.5101,-0.0008836261156998093
119598,Kotak Bluechip Fund - Direct Growth,2022-11-04,62.9683,0.023706675814215927
119598,Kotak Bluechip Fund - Direct Growth,2022-11-05,61.6733,-0.020565903796037066
119598,Kotak Bluechip Fund - Direct Growth,2022-11-06,61.768,0.0015355105045458117
119598,Kotak Bluechip Fund - Direct Growth,2022-11-07,60.5878,-0.019106980961015374
119598,Kotak Bluechip Fund - Direct Growth,2022-11-08,58.7896,-0.029679242355721835
119598,Kotak Bluechip Fund - Direct Growth,2022-11-09,59.023,0.003970089947882061
119598,Kotak Bluechip Fund - Direct Growth,2022-11-10,59.1454,0.0020737678532096737
119598,Kotak Bluechip Fund - Direct Growth,2022-11-11,58.9669,-0.0030179861832027033
119598,Kotak Bluechip Fund - Direct Growth,2022-11-12,58.9153,-0.0008750671987165504
119598,Kotak Bluechip Fund - Direct Growth,2022-11-13,61.1293,0.03757937242108578
119598,Kotak Bluechip Fund - Direct Growth,2022-11-14,60.9644,-0.0026975607441931393
119598,Kotak Bluechip Fund - Direct Growth,2022-11-15,61.362,0.0065218389748771255
119598,Kotak Bluechip Fund - Direct Growth,2022-11-16,60.9084,-0.007392197125256739
119598,Kotak Bluechip Fund - Direct Growth,2022-11-17,61.1485,0.0039419850135613554
119598,Kotak Bluechip Fund - Direct Growth,2022-11-18,60.9981,-0.0024595860896015065
119598,Kotak Bluechip Fund - Direct Growth,2022-11-19,60.722,-0.004526370493507126
119598,Kotak Bluechip Fund - Direct Growth,2022-11-20,62.0717,0.022227528737525093
119598,Kotak Bluechip Fund - Direct Growth,2022-11-21,62.9734,0.01452674890489547
119598,Kotak Bluechip Fund - Direct Growth,2022-11-22,63.1019,0.002040544102748232
119598,Kotak Bluechip Fund - Direct Growth,2022-11-23,61.3823,-0.02725116042464648
119598,Kotak Bluechip Fund - Direct Growth,2022-11-24,61.1409,-0.003932729793442058
119598,Kotak Bluechip Fund - Direct Growth,2022-11-25,63.1485,0.03283563048630289
119598,Kotak Bluechip Fund - Direct Growth,2022-11-26,62.999,-0.0023674354893623573
119598,Kotak Bluechip Fund - Direct Growth,2022-11-27,63.8582,0.013638311719233576
119598,Kotak Bluechip Fund - Direct Growth,2022-11-28,64.9887,0.017703286343805358
119598,Kotak Bluechip Fund - Direct Growth,2022-11-29,65.1855,0.0030282187518755332
119598,Kotak Bluechip Fund - Direct Growth,2022-11-30,64.5531,-0.009701544055042977
119598,Kotak Bluechip Fund - Direct Growth,2022-12-01,62.6924,-0.028824332216423443
119598,Kotak Bluechip Fund - Direct Growth,2022-12-02,63.2322,0.00861029407073266
119598,Kotak Bluechip Fund - Direct Growth,2022-12-03,62.6393,-0.009376551820116985
119598,Kotak Bluechip Fund - Direct Growth,2022-12-04,62.7968,0.0025143959143860695
119598,Kotak Bluechip Fund - Direct Growth,2022-12-05,61.8801,-0.014597877598858555
119598,Kotak Bluechip Fund - Direct Growth,2022-12-06,61.7079,-0.002782800932771501
119598,Kotak Bluechip Fund - Direct Growth,2022-12-07,61.7576,0.0008054074113685861
119598,Kotak Bluechip Fund - Direct Growth,2022-12-08,61.9814,0.0036238454862236313
119598,Kotak Bluechip Fund - Direct Growth,2022-12-09,61.177,-0.012978086974479441
119598,Kotak Bluechip Fund - Direct Growth,2022-12-10,62.0802,0.014763718390898406
119598,Kotak Bluechip Fund - Direct Growth,2022-12-11,61.6604,-0.006762220482537051
119598,Kotak Bluechip Fund - Direct Growth,2022-12-12,60.4461,-0.019693352621779958
119598,Kotak Bluechip Fund - Direct Growth,2022-12-13,60.3912,-0.0009082471822003946
119598,Kotak Bluechip Fund - Direct Growth,2022-12-14,60.4403,0.0008130323623309899
119598,Kotak Bluechip Fund - Direct Growth,2022-12-15,60.5809,0.0023262624440976154
119598,Kotak Bluechip Fund - Direct Growth,2022-12-16,61.5954,0.016746202185837333
119598,Kotak Bluechip Fund - Direct Growth,2022-12-17,61.4453,-0.0024368702857680002
119598,Kotak Bluechip Fund - Direct Growth,2022-12-18,61.3817,-0.0010350669619970665
119598,Kotak Bluechip Fund - Direct Growth,2022-12-19,60.5937,-0.012837702442258903
119598,Kotak Bluechip Fund - Direct Growth,2022-12-20,61.2146,0.010246939863385096
119598,Kotak Bluechip Fund - Direct Growth,2022-12-21,61.3745,0.002612121944764789
119598,Kotak Bluechip Fund - Direct Growth,2022-12-22,61.0897,-0.004640363668950376
119598,Kotak Bluechip Fund - Direct Growth,2022-12-23,59.7179,-0.02245550395565865
119598,Kotak Bluechip Fund - Direct Growth,2022-12-24,60.7769,0.017733376424823977
119598,Kotak Bluechip Fund - Direct Growth,2022-12-25,59.9058,-0.01433274813292551
119598,Kotak Bluechip Fund - Direct Growth,2022-12-26,59.5047,-0.006695511953767386
119598,Kotak Bluechip Fund - Direct Growth,2022-12-27,59.7844,0.004700469038580124
119598,Kotak Bluechip Fund - Direct Growth,2022-12-28,58.9499,-0.013958490843765214
119598,Kotak Bluechip Fund - Direct Growth,2022-12-29,57.917,-0.017521658221642422
119598,Kotak Bluechip Fund - Direct Growth,2022-12-30,56.464,-0.025087625394961788
119598,Kotak Bluechip Fund - Direct Growth,2022-12-31,56.9751,0.009051785208274321
119598,Kotak Bluechip Fund - Direct Growth,2023-01-01,56.6251,-0.006143034413278681
119598,Kotak Bluechip Fund - Direct Growth,2023-01-02,58.6368,0.0355266480765597
119598,Kotak Bluechip Fund - Direct Growth,2023-01-03,57.9606,-0.011532007203667316
119598,Kotak Bluechip Fund - Direct Growth,2023-01-04,57.3429,-0.010657239573089283
119598,Kotak Bluechip Fund - Direct Growth,2023-01-05,56.9768,-0.0063843998123569445
119598,Kotak Bluechip Fund - Direct Growth,2023-01-06,57.1658,0.0033171396077000814
119598,Kotak Bluechip Fund - Direct Growth,2023-01-07,56.8661,-0.005242645078001096
119598,Kotak Bluechip Fund - Direct Growth,2023-01-08,57.3067,0.00774802562510879
119598,Kotak Bluechip Fund - Direct Growth,2023-01-09,56.6567,-0.011342478279154022
119598,Kotak Bluechip Fund - Direct Growth,2023-01-10,55.74,-0.01617990458321783
119598,Kotak Bluechip Fund - Direct Growth,2023-01-11,54.5595,-0.021178686759956933
119598,Kotak Bluechip Fund - Direct Growth,2023-01-12,53.1255,-0.026283232067742524
119598,Kotak Bluechip Fund - Direct Growth,2023-01-13,52.8165,-0.005816415845497969
119598,Kotak Bluechip Fund - Direct Growth,2023-01-14,52.6469,-0.0032111177378280065
119598,Kotak Bluechip Fund - Direct Growth,2023-01-15,52.269,-0.0071780104811489664
119598,Kotak Bluechip Fund - Direct Growth,2023-01-16,53.0698,0.015320744609615744
119598,Kotak Bluechip Fund - Direct Growth,2023-01-17,53.8731,0.015136669066022401
119598,Kotak Bluechip Fund - Direct Growth,2023-01-18,53.6782,-0.0036177609976036917
119598,Kotak Bluechip Fund - Direct Growth,2023-01-19,52.5441,-0.021127757637178557
119598,Kotak Bluechip Fund - Direct Growth,2023-01-20,52.2078,-0.006400338001792849
119598,Kotak Bluechip Fund - Direct Growth,2023-01-21,51.8529,-0.006797834806293368
119598,Kotak Bluechip Fund - Direct Growth,2023-01-22,51.4647,-0.0074865629501917885
119598,Kotak Bluechip Fund - Direct Growth,2023-01-23,51.0544,-0.007972454905984083
119598,Kotak Bluechip Fund - Direct Growth,2023-01-24,50.6745,-0.007441082453226389
119598,Kotak Bluechip Fund - Direct Growth,2023-01-25,50.4597,-0.004238818340585593
119598,Kotak Bluechip Fund - Direct Growth,2023-01-26,50.0951,-0.0072255681266435445
119598,Kotak Bluechip Fund - Direct Growth,2023-01-27,50.2404,0.002900483280799948
119598,Kotak Bluechip Fund - Direct Growth,2023-01-28,50.4778,0.004725280849674718
119598,Kotak Bluechip Fund - Direct Growth,2023-01-29,49.9464,-0.010527400164032641
119598,Kotak Bluechip Fund - Direct Growth,2023-01-30,50.7282,0.015652779779924186
119598,Kotak Bluechip Fund - Direct Growth,2023-01-31,50.1519,-0.011360545022295332
119598,Kotak Bluechip Fund - Direct Growth,2023-02-01,49.1983,-0.019014234754814785
119598,Kotak Bluechip Fund - Direct Growth,2023-02-02,49.4428,0.004969683911842271
119598,Kotak Bluechip Fund - Direct Growth,2023-02-03,48.9776,-0.00940885224946797
119598,Kotak Bluechip Fund - Direct Growth,2023-02-04,49.186,0.004255006370259107
119598,Kotak Bluechip Fund - Direct Growth,2023-02-05,47.787,-0.028443052901232058
119598,Kotak Bluechip Fund - Direct Growth,2023-02-06,48.6046,0.017109255655303635
119598,Kotak Bluechip Fund - Direct Growth,2023-02-07,49.0162,0.008468334272887734
119598,Kotak Bluechip Fund - Direct Growth,2023-02-08,48.1532,-0.017606423998596354
119598,Kotak Bluechip Fund - Direct Growth,2023-02-09,47.318,-0.01734464168528782
119598,Kotak Bluechip Fund - Direct Growth,2023-02-11,47.8785,0.011845386533665847
119598,Kotak Bluechip Fund - Direct Growth,2023-02-12,47.4184,-0.009609741324394072
119598,Kotak Bluechip Fund - Direct Growth,2023-02-13,46.1479,-0.026793396656150326
119598,Kotak Bluechip Fund - Direct Growth,2023-02-14,45.9721,-0.003809490789396741
119598,Kotak Bluechip Fund - Direct Growth,2023-02-15,45.8649,-0.0023318490997800145
119598,Kotak Bluechip Fund - Direct Growth,2023-02-16,46.277,0.008985084454561143
119598,Kotak Bluechip Fund - Direct Growth,2023-02-17,45.5186,-0.016388270631199076
119598,Kotak Bluechip Fund - Direct Growth,2023-02-18,44.7064,-0.017843255284652804
119598,Kotak Bluechip Fund - Direct Growth,2023-02-19,44.9662,0.005811248501333077
119598,Kotak Bluechip Fund - Direct Growth,2023-02-20,45.5274,0.01248048534232371
119598,Kotak Bluechip Fund - Direct Growth,2023-02-21,44.6872,-0.01845482061352066
119598,Kotak Bluechip Fund - Direct Growth,2023-02-22,45.285,0.013377432463882233
119598,Kotak Bluechip Fund - Direct Growth,2023-02-23,45.3235,0.0008501711383461785
119598,Kotak Bluechip Fund - Direct Growth,2023-02-24,45.9354,0.013500722583207336
119598,Kotak Bluechip Fund - Direct Growth,2023-02-25,45.9151,-0.0004419249641888223
119598,Kotak Bluechip Fund - Direct Growth,2023-02-26,44.5437,-0.029868169730655092
119598,Kotak Bluechip Fund - Direct Growth,2023-02-27,44.4803,-0.001423321367555963
119598,Kotak Bluechip Fund - Direct Growth,2023-02-28,45.064,0.013122663291389669
119598,Kotak Bluechip Fund - Direct Growth,2023-03-01,44.5987,-0.010325315107402755
119598,Kotak Bluechip Fund - Direct Growth,2023-03-02,44.4089,-0.0042557294270908486
119598,Kotak Bluechip Fund - Direct Growth,2023-03-03,44.3328,-0.0017136204679693012
119598,Kotak Bluechip Fund - Direct Growth,2023-03-04,42.808,-0.03439439872960881
119598,Kotak Bluechip Fund - Direct Growth,2023-03-05,43.6837,0.020456456737058648
119598,Kotak Bluechip Fund - Direct Growth,2023-03-06,43.2287,-0.010415784377239112
119598,Kotak Bluechip Fund - Direct Growth,2023-03-07,43.5083,0.006467925244108441
119598,Kotak Bluechip Fund - Direct Growth,2023-03-08,43.4804,-0.0006412569555692693
119598,Kotak Bluechip Fund - Direct Growth,2023-03-09,44.154,0.015492037791740687
119598,Kotak Bluechip Fund - Direct Growth,2023-03-10,44.3868,0.005272455496670769
119598,Kotak Bluechip Fund - Direct Growth,2023-03-11,44.2794,-0.0024196382708372433
119598,Kotak Bluechip Fund - Direct Growth,2023-03-12,43.8223,-0.010323084775313185
119598,Kotak Bluechip Fund - Direct Growth,2023-03-13,44.2594,0.009974373777734247
119598,Kotak Bluechip Fund - Direct Growth,2023-03-14,43.2821,-0.02208118501380496
119598,Kotak Bluechip Fund - Direct Growth,2023-03-15,43.6349,0.008151175659221854
119598,Kotak Bluechip Fund - Direct Growth,2023-03-16,43.0769,-0.012787928928449488
119598,Kotak Bluechip Fund - Direct Growth,2023-03-17,43.7415,0.015428222550833537
119598,Kotak Bluechip Fund - Direct Growth,2023-03-18,43.8437,0.0023364539396224515
119598,Kotak Bluechip Fund - Direct Growth,2023-03-19,44.2001,0.008128875984463102
119598,Kotak Bluechip Fund - Direct Growth,2023-03-20,44.2613,0.001384612252008477
119598,Kotak Bluechip Fund - Direct Growth,2023-03-21,43.3483,-0.02062750077381359
119598,Kotak Bluechip Fund - Direct Growth,2023-03-22,42.9179,-0.009928878410456643
119598,Kotak Bluechip Fund - Direct Growth,2023-03-23,43.2814,0.008469659512697403
119598,Kotak Bluechip Fund - Direct Growth,2023-03-24,43.3853,0.0024005692976660775
119598,Kotak Bluechip Fund - Direct Growth,2023-03-25,44.0175,0.014571755871228165
119598,Kotak Bluechip Fund - Direct Growth,2023-03-26,44.2481,0.005238825467143826
119598,Kotak Bluechip Fund - Direct Growth,2023-03-27,43.7525,-0.011200480924604794
119598,Kotak Bluechip Fund - Direct Growth,2023-03-28,43.352,-0.009153762642134744
119598,Kotak Bluechip Fund - Direct Growth,2023-03-29,43.4229,0.001635449344897566
119598,Kotak Bluechip Fund - Direct Growth,2023-03-30,42.2345,-0.0273680477351812
119598,Kotak Bluechip Fund - Direct Growth,2023-03-31,43.0995,0.02048088647906332
119598,Kotak Bluechip Fund - Direct Growth,2023-04-01,43.3452,0.005700762189816633
119598,Kotak Bluechip Fund - Direct Growth,2023-04-02,44.0008,0.01512508882183039
119598,Kotak Bluechip Fund - Direct Growth,2023-04-03,43.1838,-0.018567844221014207
119598,Kotak Bluechip Fund - Direct Growth,2023-04-04,43.846,0.01533445412400014
119598,Kotak Bluechip Fund - Direct Growth,2023-04-05,45.0376,0.027176937462938477
119598,Kotak Bluechip Fund - Direct Growth,2023-04-06,44.3417,-0.015451533829511255
119598,Kotak Bluechip Fund - Direct Growth,2023-04-07,44.7699,0.009656824163259303
119598,Kotak Bluechip Fund - Direct Growth,2023-04-08,44.7884,0.0004132240634890927
119598,Kotak Bluechip Fund - Direct Growth,2023-04-09,43.9762,-0.018134159737789313
119598,Kotak Bluechip Fund - Direct Growth,2023-04-10,44.2539,0.00631477935792546
119598,Kotak Bluechip Fund - Direct Growth,2023-04-11,44.7143,0.010403602846302817
119598,Kotak Bluechip Fund - Direct Growth,2023-04-12,44.4096,-0.006814374819688607
119598,Kotak Bluechip Fund - Direct Growth,2023-04-13,45.0487,0.014391032569534445
119598,Kotak Bluechip Fund - Direct Growth,2023-04-14,44.1657,-0.01960100957408306
119598,Kotak Bluechip Fund - Direct Growth,2023-04-15,43.3912,-0.01753623286849304
119598,Kotak Bluechip Fund - Direct Growth,2023-04-16,43.4797,0.002039584063127986
119598,Kotak Bluechip Fund - Direct Growth,2023-04-17,43.5103,0.0007037767049911103
119598,Kotak Bluechip Fund - Direct Growth,2023-04-18,43.1536,-0.008198058850433232
119598,Kotak Bluechip Fund - Direct Growth,2023-04-19,43.5901,0.010115030959178428
119598,Kotak Bluechip Fund - Direct Growth,2023-04-20,43.8852,0.006769885822698329
119598,Kotak Bluechip Fund - Direct Growth,2023-04-21,44.3547,0.010698367558994892
119598,Kotak Bluechip Fund - Direct Growth,2023-04-22,44.3069,-0.001077676097459901
119598,Kotak Bluechip Fund - Direct Growth,2023-04-23,44.645,0.007630865621381933
119598,Kotak Bluechip Fund - Direct Growth,2023-04-24,44.4241,-0.004947922499719981
119598,Kotak Bluechip Fund - Direct Growth,2023-04-25,45.5367,0.025044964332423092
119598,Kotak Bluechip Fund - Direct Growth,2023-04-26,45.1109,-0.009350699545641272
119598,Kotak Bluechip Fund - Direct Growth,2023-04-27,46.2686,0.025663420592362263
119598,Kotak Bluechip Fund - Direct Growth,2023-04-28,46.3065,0.0008191300363529219
119598,Kotak Bluechip Fund - Direct Growth,2023-04-29,45.5607,-0.016105730297042542
119598,Kotak Bluechip Fund - Direct Growth,2023-04-30,46.3269,0.016817125285608192
119598,Kotak Bluechip Fund - Direct Growth,2023-05-01,46.4154,0.0019103371907034372
119598,Kotak Bluechip Fund - Direct Growth,2023-05-02,46.908,0.010612856939722581
119598,Kotak Bluechip Fund - Direct Growth,2023-05-03,47.6157,0.015086978766947867
119598,Kotak Bluechip Fund - Direct Growth,2023-05-04,47.8279,0.004456513292884656
119598,Kotak Bluechip Fund - Direct Growth,2023-05-05,47.5071,-0.0067073820928788
119598,Kotak Bluechip Fund - Direct Growth,2023-05-06,48.0823,0.012107663907078958
119598,Kotak Bluechip Fund - Direct Growth,2023-05-07,48.102,0.00040971417756630046
119598,Kotak Bluechip Fund - Direct Growth,2023-05-08,48.5171,0.008629578811691907
119598,Kotak Bluechip Fund - Direct Growth,2023-05-09,47.2826,-0.025444637045495266
119598,Kotak Bluechip Fund - Direct Growth,2023-05-10,47.5551,0.005763219450707124
119598,Kotak Bluechip Fund - Direct Growth,2023-05-11,47.2097,-0.007263153689089141
119598,Kotak Bluechip Fund - Direct Growth,2023-05-12,48.1652,0.020239484682173403
119598,Kotak Bluechip Fund - Direct Growth,2023-05-13,48.5446,0.007877056464003163
119598,Kotak Bluechip Fund - Direct Growth,2023-05-14,48.7037,0.0032773985160037267
119598,Kotak Bluechip Fund - Direct Growth,2023-05-15,49.0074,0.006235665873434604
119598,Kotak Bluechip Fund - Direct Growth,2023-05-16,48.4398,-0.011581924362443208
119598,Kotak Bluechip Fund - Direct Growth,2023-05-17,49.4027,0.019878281908678463
119598,Kotak Bluechip Fund - Direct Growth,2023-05-18,50.603,0.024296242917897226
119598,Kotak Bluechip Fund - Direct Growth,2023-05-19,50.8618,0.005114321285299317
119598,Kotak Bluechip Fund - Direct Growth,2023-05-20,51.8528,0.01948417083154741
119598,Kotak Bluechip Fund - Direct Growth,2023-05-21,51.5194,-0.006429739570476545
119598,Kotak Bluechip Fund - Direct Growth,2023-05-22,51.0472,-0.009165479411639144
119598,Kotak Bluechip Fund - Direct Growth,2023-05-23,51.0927,0.0008913319437697798
119598,Kotak Bluechip Fund - Direct Growth,2023-05-24,51.3798,0.005619198045904827
119598,Kotak Bluechip Fund - Direct Growth,2023-05-25,51.1574,-0.004328549352080047
119598,Kotak Bluechip Fund - Direct Growth,2023-05-26,51.508,0.006853358458404735
119598,Kotak Bluechip Fund - Direct Growth,2023-05-27,51.718,0.004077036576842552
119598,Kotak Bluechip Fund - Direct Growth,2023-05-28,51.1191,-0.011580107506090731
119598,Kotak Bluechip Fund - Direct Growth,2023-05-29,51.4578,0.006625703504169689
119598,Kotak Bluechip Fund - Direct Growth,2023-05-30,52.0116,0.010762216806781577
119598,Kotak Bluechip Fund - Direct Growth,2023-05-31,52.1394,0.0024571441755301127
119598,Kotak Bluechip Fund - Direct Growth,2023-06-01,52.8814,0.014231080526434958
119598,Kotak Bluechip Fund - Direct Growth,2023-06-02,52.13,-0.014209154825704284
119598,Kotak Bluechip Fund - Direct Growth,2023-06-03,52.4436,0.006015729906004186
119598,Kotak Bluechip Fund - Direct Growth,2023-06-04,51.7281,-0.013643228153673803
119598,Kotak Bluechip Fund - Direct Growth,2023-06-05,51.0572,-0.012969739851260598
119598,Kotak Bluechip Fund - Direct Growth,2023-06-06,50.6911,-0.0071703892888760334
119598,Kotak Bluechip Fund - Direct Growth,2023-06-07,50.1383,-0.010905267394079043
119598,Kotak Bluechip Fund - Direct Growth,2023-06-08,49.8286,-0.0061769146540668896
119598,Kotak Bluechip Fund - Direct Growth,2023-06-09,49.7205,-0.0021694368294513655
119598,Kotak Bluechip Fund - Direct Growth,2023-06-10,50.2399,0.010446395350006465
119598,Kotak Bluechip Fund - Direct Growth,2023-06-11,50.0664,-0.0034534304407451977
119598,Kotak Bluechip Fund - Direct Growth,2023-06-12,49.1338,-0.018627262994743043
119598,Kotak Bluechip Fund - Direct Growth,2023-06-13,49.8256,0.014079920543495605
119598,Kotak Bluechip Fund - Direct Growth,2023-06-14,49.345,-0.009645644006293974
119598,Kotak Bluechip Fund - Direct Growth,2023-06-15,49.33,-0.00030398216637961273
119598,Kotak Bluechip Fund - Direct Growth,2023-06-16,49.6141,0.005759172917088939
119598,Kotak Bluechip Fund - Direct Growth,2023-06-17,49.7528,0.0027955762575557763
119598,Kotak Bluechip Fund - Direct Growth,2023-06-18,50.426,0.013530896753549682
119598,Kotak Bluechip Fund - Direct Growth,2023-06-19,50.736,0.0061476222583587425
119598,Kotak Bluechip Fund - Direct Growth,2023-06-20,50.2319,-0.009935745821507247
119598,Kotak Bluechip Fund - Direct Growth,2023-06-21,51.5652,0.026542894057361766
119598,Kotak Bluechip Fund - Direct Growth,2023-06-22,51.7061,0.002732462978908279
119598,Kotak Bluechip Fund - Direct Growth,2023-06-23,51.6354,-0.001367343504924956
119598,Kotak Bluechip Fund - Direct Growth,2023-06-24,52.2533,0.011966596559724652
119598,Kotak Bluechip Fund - Direct Growth,2023-06-25,52.4306,0.003393087135166395
119598,Kotak Bluechip Fund - Direct Growth,2023-06-26,52.7028,0.005191624738225542
119598,Kotak Bluechip Fund - Direct Growth,2023-06-27,54.3,0.030305790204694816
119598,Kotak Bluechip Fund - Direct Growth,2023-06-28,54.1425,-0.002900552486187813
119598,Kotak Bluechip Fund - Direct Growth,2023-06-29,53.9577,-0.0034132151267487476
119598,Kotak Bluechip Fund - Direct Growth,2023-06-30,54.0548,0.0017995578017595548
119598,Kotak Bluechip Fund - Direct Growth,2023-07-01,54.7715,0.013258767029014962
119598,Kotak Bluechip Fund - Direct Growth,2023-07-02,53.8032,-0.01767890234884939
119598,Kotak Bluechip Fund - Direct Growth,2023-07-03,52.5557,-0.02318635322806073
119598,Kotak Bluechip Fund - Direct Growth,2023-07-04,52.2064,-0.006646281944679644
119598,Kotak Bluechip Fund - Direct Growth,2023-07-05,51.2037,-0.019206457445830494
119598,Kotak Bluechip Fund - Direct Growth,2023-07-06,50.9631,-0.004698879182559068
119598,Kotak Bluechip Fund - Direct Growth,2023-07-07,51.2908,0.006430142593366606
119598,Kotak Bluechip Fund - Direct Growth,2023-07-08,50.7631,-0.010288394799847111
119598,Kotak Bluechip Fund - Direct Growth,2023-07-09,49.9142,-0.016722776977765363
119598,Kotak Bluechip Fund - Direct Growth,2023-07-10,49.9757,0.001232114308152843
119598,Kotak Bluechip Fund - Direct Growth,2023-07-11,50.513,0.010751225095396277
119598,Kotak Bluechip Fund - Direct Growth,2023-07-12,49.5058,-0.01993942153505035
119598,Kotak Bluechip Fund - Direct Growth,2023-07-13,50.0129,0.010243244225929038
119598,Kotak Bluechip Fund - Direct Growth,2023-07-14,50.5234,0.010207366499443093
119598,Kotak Bluechip Fund - Direct Growth,2023-07-15,51.1221,0.0118499546744677
119598,Kotak Bluechip Fund - Direct Growth,2023-07-16,51.89,0.015020900941080217
119598,Kotak Bluechip Fund - Direct Growth,2023-07-17,53.2819,0.02682405087685491
119598,Kotak Bluechip Fund - Direct Growth,2023-07-18,53.0755,-0.0038737357338983758
119598,Kotak Bluechip Fund - Direct Growth,2023-07-19,53.1665,0.001714538723139647
119598,Kotak Bluechip Fund - Direct Growth,2023-07-20,52.9221,-0.004596879614042648
119598,Kotak Bluechip Fund - Direct Growth,2023-07-21,52.9445,0.00042326362710465304
119598,Kotak Bluechip Fund - Direct Growth,2023-07-22,53.9396,0.01879515341536897
119598,Kotak Bluechip Fund - Direct Growth,2023-07-23,53.0906,-0.015739827510771298
119598,Kotak Bluechip Fund - Direct Growth,2023-07-24,52.5633,-0.00993207837168919
119598,Kotak Bluechip Fund - Direct Growth,2023-07-25,53.453,0.01692625843506801
119598,Kotak Bluechip Fund - Direct Growth,2023-07-26,54.1287,0.012641011729930929
119598,Kotak Bluechip Fund - Direct Growth,2023-07-27,53.9145,-0.003957235255973357
119598,Kotak Bluechip Fund - Direct Growth,2023-07-28,54.4888,0.010652050932494994
119598,Kotak Bluechip Fund - Direct Growth,2023-07-29,54.7337,0.004494501622351876
119598,Kotak Bluechip Fund - Direct Growth,2023-07-30,55.741,0.018403652594288333
119598,Kotak Bluechip Fund - Direct Growth,2023-07-31,55.8131,0.0012934823558961028
119598,Kotak Bluechip Fund - Direct Growth,2023-08-01,56.5223,0.012706694306533928
119598,Kotak Bluechip Fund - Direct Growth,2023-08-02,58.3369,0.03210414296658137
119598,Kotak Bluechip Fund - Direct Growth,2023-08-03,58.7789,0.007576679597304681
119598,Kotak Bluechip Fund - Direct Growth,2023-08-04,58.8372,0.0009918525185057536
119598,Kotak Bluechip Fund - Direct Growth,2023-08-05,59.3708,0.009069092342939511
119598,Kotak Bluechip Fund - Direct Growth,2023-08-06,59.1343,-0.0039834396706798225
119598,Kotak Bluechip Fund - Direct Growth,2023-08-07,60.8525,0.029055894802170634
119598,Kotak Bluechip Fund - Direct Growth,2023-08-08,61.0083,0.002560289223943135
119598,Kotak Bluechip Fund - Direct Growth,2023-08-09,60.8329,-0.002875018645003946
119598,Kotak Bluechip Fund - Direct Growth,2023-08-10,60.2472,-0.00962801378859146
119598,Kotak Bluechip Fund - Direct Growth,2023-08-11,61.0646,0.01356743549907713
119598,Kotak Bluechip Fund - Direct Growth,2023-08-12,61.7245,0.010806588432577868
119598,Kotak Bluechip Fund - Direct Growth,2023-08-13,61.3808,-0.005568291359184685
119598,Kotak Bluechip Fund - Direct Growth,2023-08-14,61.8299,0.007316620180903399
119598,Kotak Bluechip Fund - Direct Growth,2023-08-15,60.7353,-0.017703408868524728
119598,Kotak Bluechip Fund - Direct Growth,2023-08-16,60.8944,0.002619563910938094
119598,Kotak Bluechip Fund - Direct Growth,2023-08-17,61.2496,0.00583304868756418
119598,Kotak Bluechip Fund - Direct Growth,2023-08-18,62.529,0.02088829967869188
119598,Kotak Bluechip Fund - Direct Growth,2023-08-19,61.9756,-0.008850293463832815
119598,Kotak Bluechip Fund - Direct Growth,2023-08-20,61.0497,-0.014939750482447889
119598,Kotak Bluechip Fund - Direct Growth,2023-08-21,60.4181,-0.010345669184287587
119598,Kotak Bluechip Fund - Direct Growth,2023-08-22,59.4732,-0.015639353107760767
119598,Kotak Bluechip Fund - Direct Growth,2023-08-23,60.4509,0.016439337382215813
119598,Kotak Bluechip Fund - Direct Growth,2023-08-24,61.5985,0.01898400189244498
119598,Kotak Bluechip Fund - Direct Growth,2023-08-25,61.8598,0.004241986412006682
119598,Kotak Bluechip Fund - Direct Growth,2023-08-26,62.7911,0.015055011493732673
119598,Kotak Bluechip Fund - Direct Growth,2023-08-27,62.9172,0.002008246391606461
119598,Kotak Bluechip Fund - Direct Growth,2023-08-28,62.8706,-0.0007406559732473506
119598,Kotak Bluechip Fund - Direct Growth,2023-08-29,62.6445,-0.0035962755246490286
119598,Kotak Bluechip Fund - Direct Growth,2023-08-30,62.4362,-0.0033251123402693317
119598,Kotak Bluechip Fund - Direct Growth,2023-08-31,61.3015,-0.018173751765802604
119598,Kotak Bluechip Fund - Direct Growth,2023-09-01,61.5204,0.0035708751009355666
119598,Kotak Bluechip Fund - Direct Growth,2023-09-02,61.5152,-8.452480803122775e-05
119598,Kotak Bluechip Fund - Direct Growth,2023-09-03,62.09,0.009344032044112716
119598,Kotak Bluechip Fund - Direct Growth,2023-09-04,62.1845,0.0015219842164599928
119598,Kotak Bluechip Fund - Direct Growth,2023-09-05,62.088,-0.0015518336562969637
119598,Kotak Bluechip Fund - Direct Growth,2023-09-06,61.4637,-0.010055083107846863
119598,Kotak Bluechip Fund - Direct Growth,2023-09-07,61.5415,0.0012657877739217227
119598,Kotak Bluechip Fund - Direct Growth,2023-09-08,62.1113,0.009258792847103292
119598,Kotak Bluechip Fund - Direct Growth,2023-09-09,61.284,-0.013319637489474512
119598,Kotak Bluechip Fund - Direct Growth,2023-09-10,61.3728,0.001448991580184078
119598,Kotak Bluechip Fund - Direct Growth,2023-09-11,61.569,0.003196855936180354
119598,Kotak Bluechip Fund - Direct Growth,2023-09-12,61.0631,-0.008216797414283272
119598,Kotak Bluechip Fund - Direct Growth,2023-09-13,60.6568,-0.006653772900491517
119598,Kotak Bluechip Fund - Direct Growth,2023-09-14,60.8489,0.0031669985887814445
119598,Kotak Bluechip Fund - Direct Growth,2023-09-15,60.0456,-0.013201553355935758
119598,Kotak Bluechip Fund - Direct Growth,2023-09-16,60.3218,0.004599837456866096
119598,Kotak Bluechip Fund - Direct Growth,2023-09-17,59.6978,-0.010344518896982513
119598,Kotak Bluechip Fund - Direct Growth,2023-09-18,60.4831,0.013154588611305584
119598,Kotak Bluechip Fund - Direct Growth,2023-09-19,62.2041,0.02845422936324349
119598,Kotak Bluechip Fund - Direct Growth,2023-09-20,61.5865,-0.00992860599220946
119598,Kotak Bluechip Fund - Direct Growth,2023-09-21,62.0059,0.006809933995274964
119598,Kotak Bluechip Fund - Direct Growth,2023-09-22,61.49,-0.008320175983253075
119598,Kotak Bluechip Fund - Direct Growth,2023-09-23,62.2827,0.012891527077573572
119598,Kotak Bluechip Fund - Direct Growth,2023-09-24,61.362,-0.014782596130225478
119598,Kotak Bluechip Fund - Direct Growth,2023-09-25,61.7404,0.006166682963397507
119598,Kotak Bluechip Fund - Direct Growth,2023-09-26,61.1183,-0.01007606040777198
119598,Kotak Bluechip Fund - Direct Growth,2023-09-27,,0.0
119598,Kotak Bluechip Fund - Direct Growth,2023-09-28,60.2607,-0.014031803895069084
119598,Kotak Bluechip Fund - Direct Growth,2023-09-29,60.8795,0.010268715763341651
119598,Kotak Bluechip Fund - Direct Growth,2023-09-30,60.2924,-0.009643640305850076
119598,Kotak Bluechip Fund - Direct Growth,2023-10-01,60.7159,0.007024102540286847
119598,Kotak Bluechip Fund - Direct Growth,2023-10-02,60.4895,-0.0037288420331411665
119598,Kotak Bluechip Fund - Direct Growth,2023-10-03,60.4306,-0.0009737227122063041
119598,Kotak Bluechip Fund - Direct Growth,2023-10-04,60.5619,0.0021727403004438983
119598,Kotak Bluechip Fund - Direct Growth,2023-10-05,60.0325,-0.0087414694717306
119598,Kotak Bluechip Fund - Direct Growth,2023-10-06,60.2081,0.002925082247116295
119598,Kotak Bluechip Fund - Direct Growth,2023-10-07,61.3378,0.01876325610673657
119598,Kotak Bluechip Fund - Direct Growth,2023-10-08,60.7896,-0.008937392602930028
119598,Kotak Bluechip Fund - Direct Growth,2023-10-09,61.6687,0.01446135523181602
119598,Kotak Bluechip Fund - Direct Growth,2023-10-10,62.802,0.018377231885867484
119598,Kotak Bluechip Fund - Direct Growth,2023-10-11,62.212,-0.009394605267348144
119598,Kotak Bluechip Fund - Direct Growth,2023-10-12,61.1506,-0.017061017167106174
119598,Kotak Bluechip Fund - Direct Growth,2023-10-13,61.3966,0.004022855049664376
119598,Kotak Bluechip Fund - Direct Growth,2023-10-14,61.0179,-0.00616809399869056
119598,Kotak Bluechip Fund - Direct Growth,2023-10-15,62.4105,0.02282281101119521
119598,Kotak Bluechip Fund - Direct Growth,2023-10-16,62.4615,0.0008171701877088822
119598,Kotak Bluechip Fund - Direct Growth,2023-10-17,61.8852,-0.009226483513844586
119598,Kotak Bluechip Fund - Direct Growth,2023-10-18,61.058,-0.013366685411051349
119598,Kotak Bluechip Fund - Direct Growth,2023-10-19,61.881,0.013478987192505398
119598,Kotak Bluechip Fund - Direct Growth,2023-10-20,61.4816,-0.006454323621143843
119598,Kotak Bluechip Fund - Direct Growth,2023-10-21,61.5385,0.0009254801436526794
119598,Kotak Bluechip Fund - Direct Growth,2023-10-22,62.2689,0.01186899258187979
119598,Kotak Bluechip Fund - Direct Growth,2023-10-23,61.932,-0.005410405515433814
119598,Kotak Bluechip Fund - Direct Growth,2023-10-24,61.9226,-0.00015177937092292204
119598,Kotak Bluechip Fund - Direct Growth,2023-10-25,61.9351,0.00020186490877316388
119598,Kotak Bluechip Fund - Direct Growth,2023-10-26,62.4677,0.00859932413122766
119598,Kotak Bluechip Fund - Direct Growth,2023-10-27,62.9355,0.007488670144730758
119598,Kotak Bluechip Fund - Direct Growth,2023-10-28,62.7944,-0.0022419778980066196
119598,Kotak Bluechip Fund - Direct Growth,2023-10-29,62.8675,0.0011641165454243652
119598,Kotak Bluechip Fund - Direct Growth,2023-10-30,62.6122,-0.004060921779934001
119598,Kotak Bluechip Fund - Direct Growth,2023-10-31,61.527,-0.017332085440217693
119598,Kotak Bluechip Fund - Direct Growth,2023-11-01,61.7418,0.0034911502267296335
119598,Kotak Bluechip Fund - Direct Growth,2023-11-02,63.1684,0.023105902322251737
119598,Kotak Bluechip Fund - Direct Growth,2023-11-03,62.5238,-0.010204469323269127
119598,Kotak Bluechip Fund - Direct Growth,2023-11-04,61.9688,-0.008876619783186546
119598,Kotak Bluechip Fund - Direct Growth,2023-11-05,61.3461,-0.010048605104504227
119598,Kotak Bluechip Fund - Direct Growth,2023-11-06,61.904,0.009094302653306574
119598,Kotak Bluechip Fund - Direct Growth,2023-11-07,62.2619,0.005781532695786851
119598,Kotak Bluechip Fund - Direct Growth,2023-11-08,62.1684,-0.0015017209561545286
119598,Kotak Bluechip Fund - Direct Growth,2023-11-09,61.5084,-0.010616325979114771
119598,Kotak Bluechip Fund - Direct Growth,2023-11-10,61.6012,0.0015087370180333348
119598,Kotak Bluechip Fund - Direct Growth,2023-11-11,60.4692,-0.018376265397427316
119598,Kotak Bluechip Fund - Direct Growth,2023-11-12,60.5975,0.002121741316240211
119598,Kotak Bluechip Fund - Direct Growth,2023-11-13,61.2555,0.010858533767894807
119598,Kotak Bluechip Fund - Direct Growth,2023-11-14,60.3603,-0.014614197908759174
119598,Kotak Bluechip Fund - Direct Growth,2023-11-15,59.2744,-0.01799030157239112
119598,Kotak Bluechip Fund - Direct Growth,2023-11-16,60.4216,0.0193540550389375
119598,Kotak Bluechip Fund - Direct Growth,2023-11-17,60.0022,-0.006941226316416582
119598,Kotak Bluechip Fund - Direct Growth,2023-11-18,60.8441,0.014031152191086305
119598,Kotak Bluechip Fund - Direct Growth,2023-11-19,60.756,-0.0014479629084824808
119598,Kotak Bluechip Fund - Direct Growth,2023-11-20,60.6622,-0.0015438804397920336
119598,Kotak Bluechip Fund - Direct Growth,2023-11-21,61.0056,0.005660856348764121
119598,Kotak Bluechip Fund - Direct Growth,2023-11-22,60.3829,-0.010207259661408119
119598,Kotak Bluechip Fund - Direct Growth,2023-11-23,60.5031,0.0019906297975089693
119598,Kotak Bluechip Fund - Direct Growth,2023-11-24,60.2503,-0.0041782983020705045
119598,Kotak Bluechip Fund - Direct Growth,2023-11-25,59.3197,-0.015445566246143239
119598,Kotak Bluechip Fund - Direct Growth,2023-11-26,59.5837,0.004450460808129497
119598,Kotak Bluechip Fund - Direct Growth,2023-11-27,59.4193,-0.0027591438598140172
119598,Kotak Bluechip Fund - Direct Growth,2023-11-28,59.3311,-0.0014843661907831818
119598,Kotak Bluechip Fund - Direct Growth,2023-11-29,58.4932,-0.014122441687411835
119598,Kotak Bluechip Fund - Direct Growth,2023-11-30,59.6336,0.01949628332866049
119598,Kotak Bluechip Fund - Direct Growth,2023-12-01,60.2848,0.010920018244747753
119598,Kotak Bluechip Fund - Direct Growth,2023-12-02,61.0064,0.011969849779712272
119598,Kotak Bluechip Fund - Direct Growth,2023-12-03,60.8072,-0.003265231188858797
119598,Kotak Bluechip Fund - Direct Growth,2023-12-04,59.5698,-0.020349563867436804
119598,Kotak Bluechip Fund - Direct Growth,2023-12-05,60.9896,0.023834224724608832
119598,Kotak Bluechip Fund - Direct Growth,2023-12-06,60.9693,-0.0003328436323570827
119598,Kotak Bluechip Fund - Direct Growth,2023-12-07,60.4458,-0.008586288509134898
119598,Kotak Bluechip Fund - Direct Growth,2023-12-08,60.7723,0.005401533274437709
119598,Kotak Bluechip Fund - Direct Growth,2023-12-09,61.6478,0.014406234419299446
119598,Kotak Bluechip Fund - Direct Growth,2023-12-10,61.6554,0.00012328096055336246
119598,Kotak Bluechip Fund - Direct Growth,2023-12-11,62.626,0.015742335626725223
119598,Kotak Bluechip Fund - Direct Growth,2023-12-12,63.4649,0.013395394883914058
119598,Kotak Bluechip Fund - Direct Growth,2023-12-13,62.6705,-0.012517155151902881
119598,Kotak Bluechip Fund - Direct Growth,2023-12-14,62.1888,-0.007686231959215251
119598,Kotak Bluechip Fund - Direct Growth,2023-12-15,62.9283,0.011891208706390932
119598,Kotak Bluechip Fund - Direct Growth,2023-12-16,60.9051,-0.03215087647370107
119598,Kotak Bluechip Fund - Direct Growth,2023-12-17,60.8202,-0.0013939719333848632
119598,Kotak Bluechip Fund - Direct Growth,2023-12-18,59.8002,-0.01677074393047051
119598,Kotak Bluechip Fund - Direct Growth,2023-12-19,59.4821,-0.005319380202741697
119598,Kotak Bluechip Fund - Direct Growth,2023-12-20,59.2926,-0.0031858323764628604
119598,Kotak Bluechip Fund - Direct Growth,2023-12-21,59.0614,-0.0038993061528757034
119598,Kotak Bluechip Fund - Direct Growth,2023-12-22,58.6936,-0.0062274175688350475
119598,Kotak Bluechip Fund - Direct Growth,2023-12-23,57.9443,-0.012766298199463066
119598,Kotak Bluechip Fund - Direct Growth,2023-12-24,59.5611,0.027902658242484613
119598,Kotak Bluechip Fund - Direct Growth,2023-12-25,60.9197,0.02281018987224881
119598,Kotak Bluechip Fund - Direct Growth,2023-12-26,60.0946,-0.013544058818411808
119598,Kotak Bluechip Fund - Direct Growth,2023-12-27,61.2596,0.01938610124703377
119598,Kotak Bluechip Fund - Direct Growth,2023-12-28,60.9905,-0.004392780886587566
119598,Kotak Bluechip Fund - Direct Growth,2023-12-29,61.1094,0.001949483936022789
119598,Kotak Bluechip Fund - Direct Growth,2023-12-30,61.0874,-0.0003600100802821915
119598,Kotak Bluechip Fund - Direct Growth,2023-12-31,60.6282,-0.0075170984523813544
119598,Kotak Bluechip Fund - Direct Growth,2024-01-01,61.3682,0.012205541315757351
119598,Kotak Bluechip Fund - Direct Growth,2024-01-02,61.4855,0.0019114134030329133
119598,Kotak Bluechip Fund - Direct Growth,2024-01-03,61.1585,-0.00531832708524782
119598,Kotak Bluechip Fund - Direct Growth,2024-01-04,60.2255,-0.015255442824791299
119598,Kotak Bluechip Fund - Direct Growth,2024-01-05,59.6038,-0.010322869880698304
119598,Kotak Bluechip Fund - Direct Growth,2024-01-06,58.4537,-0.019295749599857803
119598,Kotak Bluechip Fund - Direct Growth,2024-01-07,58.4857,0.0005474418214759247
119598,Kotak Bluechip Fund - Direct Growth,2024-01-08,57.6692,-0.013960677567337099
119598,Kotak Bluechip Fund - Direct Growth,2024-01-09,57.5085,-0.002786582785958558
119598,Kotak Bluechip Fund - Direct Growth,2024-01-10,58.477,0.016840988723406003
119598,Kotak Bluechip Fund - Direct Growth,2024-01-11,59.342,0.014792140499683581
119598,Kotak Bluechip Fund - Direct Growth,2024-01-12,59.3428,1.3481176906804393e-05
119598,Kotak Bluechip Fund - Direct Growth,2024-01-13,59.3045,-0.0006454026436231164
119598,Kotak Bluechip Fund - Direct Growth,2024-01-14,60.666,0.02295778566550588
119598,Kotak Bluechip Fund - Direct Growth,2024-01-15,61.0694,0.006649523621138798
119598,Kotak Bluechip Fund - Direct Growth,2024-01-16,60.8536,-0.003533684627653133
119598,Kotak Bluechip Fund - Direct Growth,2024-01-17,59.8366,-0.01671224052480058
119598,Kotak Bluechip Fund - Direct Growth,2024-01-18,60.1434,0.0051272966712681
119598,Kotak Bluechip Fund - Direct Growth,2024-01-19,60.766,0.010351925564567432
119598,Kotak Bluechip Fund - Direct Growth,2024-01-20,60.3297,-0.007180001974788408
119598,Kotak Bluechip Fund - Direct Growth,2024-01-21,60.5646,0.0038936046424895565
119598,Kotak Bluechip Fund - Direct Growth,2024-01-22,60.3246,-0.003962710890520249
119598,Kotak Bluechip Fund - Direct Growth,2024-01-23,60.2155,-0.0018085490827953743
119598,Kotak Bluechip Fund - Direct Growth,2024-01-24,58.4419,-0.02945421029469164
119598,Kotak Bluechip Fund - Direct Growth,2024-01-25,58.3097,-0.002262075668313268
119598,Kotak Bluechip Fund - Direct Growth,2024-01-26,59.0113,0.012032303373195274
119598,Kotak Bluechip Fund - Direct Growth,2024-01-27,58.5878,-0.007176591601947391
119598,Kotak Bluechip Fund - Direct Growth,2024-01-28,58.6482,0.0010309313543093168
119598,Kotak Bluechip Fund - Direct Growth,2024-01-29,58.1396,-0.008672047905988634
119598,Kotak Bluechip Fund - Direct Growth,2024-01-30,58.4143,0.004724834708184966
119598,Kotak Bluechip Fund - Direct Growth,2024-01-31,58.2859,-0.002198091905577848
119598,Kotak Bluechip Fund - Direct Growth,2024-02-01,57.6523,-0.010870553598726351
119598,Kotak Bluechip Fund - Direct Growth,2024-02-02,58.5973,0.016391366866542967
119598,Kotak Bluechip Fund - Direct Growth,2024-02-03,59.2739,0.011546607096231343
119598,Kotak Bluechip Fund - Direct Growth,2024-02-04,58.8673,-0.0068596802302530735
119598,Kotak Bluechip Fund - Direct Growth,2024-02-05,59.2425,0.00637365736155715
119598,Kotak Bluechip Fund - Direct Growth,2024-02-06,59.6482,0.006848124235135256
119598,Kotak Bluechip Fund - Direct Growth,2024-02-07,60.1318,0.00810753719307522
119598,Kotak Bluechip Fund - Direct Growth,2024-02-08,58.9333,-0.019931217758324182
119598,Kotak Bluechip Fund - Direct Growth,2024-02-09,59.6687,0.012478513845313177
119598,Kotak Bluechip Fund - Direct Growth,2024-02-10,59.2846,-0.006437210798961646
119598,Kotak Bluechip Fund - Direct Growth,2024-02-11,59.0537,-0.003894771998124269
119598,Kotak Bluechip Fund - Direct Growth,2024-02-12,60.9466,0.03205387638708501
119598,Kotak Bluechip Fund - Direct Growth,2024-02-13,61.1918,0.004023194074812997
119598,Kotak Bluechip Fund - Direct Growth,2024-02-14,60.9326,-0.004235861667739815
119598,Kotak Bluechip Fund - Direct Growth,2024-02-15,59.3445,-0.026063223955649417
119598,Kotak Bluechip Fund - Direct Growth,2024-02-16,60.3579,0.017076561433662762
119598,Kotak Bluechip Fund - Direct Growth,2024-02-17,59.4077,-0.01574276109672479
119598,Kotak Bluechip Fund - Direct Growth,2024-02-18,58.7161,-0.011641588548285897
119598,Kotak Bluechip Fund - Direct Growth,2024-02-19,58.5061,-0.0035765318200629004
119598,Kotak Bluechip Fund - Direct Growth,2024-02-20,59.5239,0.01739647660671273
119598,Kotak Bluechip Fund - Direct Growth,2024-02-21,60.1,0.00967846528873273
119598,Kotak Bluechip Fund - Direct Growth,2024-02-22,60.0102,-0.0014941763727122082
119598,Kotak Bluechip Fund - Direct Growth,2024-02-23,60.2562,0.004099303118469955
119598,Kotak Bluechip Fund - Direct Growth,2024-02-24,59.8462,-0.006804279061739638
119598,Kotak Bluechip Fund - Direct Growth,2024-02-25,59.9704,0.0020753197362570752
119598,Kotak Bluechip Fund - Direct Growth,2024-02-26,60.0472,0.0012806317783440324
119598,Kotak Bluechip Fund - Direct Growth,2024-02-27,60.7693,0.012025539908605332
119598,Kotak Bluechip Fund - Direct Growth,2024-02-28,61.4989,0.012006062271574525
119598,Kotak Bluechip Fund - Direct Growth,2024-02-29,61.888,0.006326942433116711
119598,Kotak Bluechip Fund - Direct Growth,2024-03-01,61.6437,-0.00394745346432257
119598,Kotak Bluechip Fund - Direct Growth,2024-03-02,62.2171,0.009301842686276096
119598,Kotak Bluechip Fund - Direct Growth,2024-03-03,62.1733,-0.0007039865246050159
119598,Kotak Bluechip Fund - Direct Growth,2024-03-04,61.391,-0.012582571618363514
119598,Kotak Bluechip Fund - Direct Growth,2024-03-05,61.1185,-0.004438761381961531
119598,Kotak Bluechip Fund - Direct Growth,2024-03-06,61.2049,0.0014136472590133842
119598,Kotak Bluechip Fund - Direct Growth,2024-03-07,61.8979,0.011322622861895004
119598,Kotak Bluechip Fund - Direct Growth,2024-03-08,61.7863,-0.0018029690829576284
119598,Kotak Bluechip Fund - Direct Growth,2024-03-09,60.9145,-0.014109924044650723
119598,Kotak Bluechip Fund - Direct Growth,2024-03-10,60.9803,0.0010802025790248582
119598,Kotak Bluechip Fund - Direct Growth,2024-03-11,61.0877,0.0017612245266094284
119598,Kotak Bluechip Fund - Direct Growth,2024-03-12,61.2484,0.0026306441394912117
119598,Kotak Bluechip Fund - Direct Growth,2024-03-13,61.949,0.01143866615291178
119598,Kotak Bluechip Fund - Direct Growth,2024-03-14,62.7312,0.012626515359408508
119598,Kotak Bluechip Fund - Direct Growth,2024-03-15,62.309,-0.00673030326217261
119598,Kotak Bluechip Fund - Direct Growth,2024-03-16,61.8732,-0.006994174196344072
119598,Kotak Bluechip Fund - Direct Growth,2024-03-17,61.1256,-0.012082775741354856
119598,Kotak Bluechip Fund - Direct Growth,2024-03-18,61.6626,0.008785189838627305
119598,Kotak Bluechip Fund - Direct Growth,2024-03-19,62.7593,0.017785497205761835
119598,Kotak Bluechip Fund - Direct Growth,2024-03-20,62.5471,-0.0033811721928065364
119598,Kotak Bluechip Fund - Direct Growth,2024-03-21,62.3909,-0.002497318021139283
119598,Kotak Bluechip Fund - Direct Growth,2024-03-22,63.514,0.01800102258502445
119598,Kotak Bluechip Fund - Direct Growth,2024-03-23,63.9247,0.006466290896495197
119598,Kotak Bluechip Fund - Direct Growth,2024-03-24,64.2849,0.005634754641007156
119598,Kotak Bluechip Fund - Direct Growth,2024-03-25,63.3919,-0.013891287067413827
119598,Kotak Bluechip Fund - Direct Growth,2024-03-26,63.9336,0.008545255781890138
119598,Kotak Bluechip Fund - Direct Growth,2024-03-27,63.2463,-0.010750215848943312
119598,Kotak Bluechip Fund - Direct Growth,2024-03-28,62.4109,-0.013208677819888326
119598,Kotak Bluechip Fund - Direct Growth,2024-03-29,62.1762,-0.003760561055841105
119598,Kotak Bluechip Fund - Direct Growth,2024-03-30,61.764,-0.00662954635374946
119598,Kotak Bluechip Fund - Direct Growth,2024-03-31,61.6245,-0.0022585972411114374
119598,Kotak Bluechip Fund - Direct Growth,2024-04-01,60.5836,-0.01689100925768161
119598,Kotak Bluechip Fund - Direct Growth,2024-04-03,62.159,0.02600373698492664
119598,Kotak Bluechip Fund - Direct Growth,2024-04-04,60.7313,-0.022968516224521007
119598,Kotak Bluechip Fund - Direct Growth,2024-04-05,61.4687,0.012142009145201804
119598,Kotak Bluechip Fund - Direct Growth,2024-04-06,60.8954,-0.009326697977995235
119598,Kotak Bluechip Fund - Direct Growth,2024-04-07,61.546,0.010683894021551676
119598,Kotak Bluechip Fund - Direct Growth,2024-04-08,61.5201,-0.00042082344912752756
119598,Kotak Bluechip Fund - Direct Growth,2024-04-09,61.566,0.0007460976168764955
119598,Kotak Bluechip Fund - Direct Growth,2024-04-10,61.4539,-0.0018208101874411797
119598,Kotak Bluechip Fund - Direct Growth,2024-04-11,62.3724,0.014946162896089632
119598,Kotak Bluechip Fund - Direct Growth,2024-04-12,61.4696,-0.014474350834664085
119598,Kotak Bluechip Fund - Direct Growth,2024-04-13,61.9426,0.0076948605489541855
119598,Kotak Bluechip Fund - Direct Growth,2024-04-14,62.786,0.01361583143103462
119598,Kotak Bluechip Fund - Direct Growth,2024-04-15,63.3508,0.00899563596980224
119598,Kotak Bluechip Fund - Direct Growth,2024-04-16,65.1434,0.028296406675211605
119598,Kotak Bluechip Fund - Direct Growth,2024-04-17,64.756,-0.005946880267225785
119598,Kotak Bluechip Fund - Direct Growth,2024-04-18,65.5258,0.01188770152572749
119598,Kotak Bluechip Fund - Direct Growth,2024-04-19,65.4686,-0.0008729385982316762
119598,Kotak Bluechip Fund - Direct Growth,2024-04-20,66.4638,0.01520118041320595
119598,Kotak Bluechip Fund - Direct Growth,2024-04-21,66.4843,0.00030843857859474966
119598,Kotak Bluechip Fund - Direct Growth,2024-04-22,66.2014,-0.0042551399352929176
119598,Kotak Bluechip Fund - Direct Growth,2024-04-23,67.2654,0.016072167658085723
119598,Kotak Bluechip Fund - Direct Growth,2024-04-24,66.8955,-0.005499112470898848
119598,Kotak Bluechip Fund - Direct Growth,2024-04-25,65.7882,-0.01655268291589118
119598,Kotak Bluechip Fund - Direct Growth,2024-04-26,65.4065,-0.005801952325797166
119598,Kotak Bluechip Fund - Direct Growth,2024-04-27,65.9185,0.007827968168301336
119598,Kotak Bluechip Fund - Direct Growth,2024-04-28,67.046,0.017104454743357422
119598,Kotak Bluechip Fund - Direct Growth,2024-04-29,67.1622,0.0017331384422634155
119598,Kotak Bluechip Fund - Direct Growth,2024-04-30,68.2515,0.016218944584900363
119598,Kotak Bluechip Fund - Direct Growth,2024-05-01,67.1664,-0.015898551680182837
119598,Kotak Bluechip Fund - Direct Growth,2024-05-02,66.836,-0.004919126229781523
119598,Kotak Bluechip Fund - Direct Growth,2024-05-03,66.6313,-0.0030627206894487946
119598,Kotak Bluechip Fund - Direct Growth,2024-05-04,66.5664,-0.0009740167158677204
119598,Kotak Bluechip Fund - Direct Growth,2024-05-05,66.6602,0.0014091193154504023
119598,Kotak Bluechip Fund - Direct Growth,2024-05-06,67.2395,0.008690342963267428
119598,Kotak Bluechip Fund - Direct Growth,2024-05-07,66.9075,-0.004937573896296232
119598,Kotak Bluechip Fund - Direct Growth,2024-05-08,67.0459,0.002068527444606394
119598,Kotak Bluechip Fund - Direct Growth,2024-05-09,67.0364,-0.0001416939738299039
119598,Kotak Bluechip Fund - Direct Growth,2024-05-10,66.3184,-0.0107105990178471
119598,Kotak Bluechip Fund - Direct Growth,2024-05-11,66.2545,-0.0009635334989988031
119598,Kotak Bluechip Fund - Direct Growth,2024-05-12,66.1668,-0.001323683674316456
119598,Kotak Bluechip Fund - Direct Growth,2024-05-13,66.0622,-0.001580853237575175
119598,Kotak Bluechip Fund - Direct Growth,2024-05-14,66.1138,0.0007810820711389166
119598,Kotak Bluechip Fund - Direct Growth,2024-05-15,66.2003,0.0013083501477755277
119598,Kotak Bluechip Fund - Direct Growth,2024-05-16,65.8834,-0.004786987370147933
119598,Kotak Bluechip Fund - Direct Growth,2024-05-17,66.916,0.015673143766107955
119598,Kotak Bluechip Fund - Direct Growth,2024-05-18,66.0037,-0.013633510670093885
119598,Kotak Bluechip Fund - Direct Growth,2024-05-19,65.4591,-0.008251052592506025
119598,Kotak Bluechip Fund - Direct Growth,2024-05-20,67.669,0.03376001197694434
119598,Kotak Bluechip Fund - Direct Growth,2024-05-21,66.8532,-0.01205574192022929
119598,Kotak Bluechip Fund - Direct Growth,2024-05-22,65.7939,-0.01584516522769308
119598,Kotak Bluechip Fund - Direct Growth,2024-05-23,66.4001,0.009213620107639153
119598,Kotak Bluechip Fund - Direct Growth,2024-05-24,64.7716,-0.024525565473545785
119598,Kotak Bluechip Fund - Direct Growth,2024-05-25,64.6146,-0.002423901833519815
119598,Kotak Bluechip Fund - Direct Growth,2024-05-26,66.3043,0.026150436588634696
119598,Kotak Bluechip Fund - Direct Growth,2024-05-27,65.1016,-0.01813909505115041
119598,Kotak Bluechip Fund - Direct Growth,2024-05-28,63.5793,-0.02338344986912766
119598,Kotak Bluechip Fund - Direct Growth,2024-05-29,62.4609,-0.01759063091289148
119598,Kotak Bluechip Fund - Direct Growth,2024-05-30,63.1592,0.011179794079175798
119598,Kotak Bluechip Fund - Direct Growth,2024-05-31,64.0369,0.01389662946965764
119598,Kotak Bluechip Fund - Direct Growth,2024-06-01,63.6686,-0.005751371474884137
119598,Kotak Bluechip Fund - Direct Growth,2024-06-02,64.2161,0.008599215311786423
119598,Kotak Bluechip Fund - Direct Growth,2024-06-03,65.3131,0.017082943374013837
119598,Kotak Bluechip Fund - Direct Growth,2024-06-04,66.7401,0.021848603113310938
119598,Kotak Bluechip Fund - Direct Growth,2024-06-05,66.5695,-0.002556184362924152
119598,Kotak Bluechip Fund - Direct Growth,2024-06-06,64.7576,-0.027218170483479742
119598,Kotak Bluechip Fund - Direct Growth,2024-06-07,64.1456,-0.009450628188814814
119598,Kotak Bluechip Fund - Direct Growth,2024-06-08,63.8427,-0.004722069791225025
119598,Kotak Bluechip Fund - Direct Growth,2024-06-09,63.6699,-0.0027066524442105333
119598,Kotak Bluechip Fund - Direct Growth,2024-06-10,63.5518,-0.0018548796212967122
119598,Kotak Bluechip Fund - Direct Growth,2024-06-11,64.4305,0.013826516322118287
119598,Kotak Bluechip Fund - Direct Growth,2024-06-12,65.4416,0.015692878372820296
119598,Kotak Bluechip Fund - Direct Growth,2024-06-13,65.333,-0.0016594948778757557
119598,Kotak Bluechip Fund - Direct Growth,2024-06-14,66.2203,0.013581191740774212
119598,Kotak Bluechip Fund - Direct Growth,2024-06-15,66.531,0.00469191471497421
119598,Kotak Bluechip Fund - Direct Growth,2024-06-16,66.6091,0.0011738888638377354
119598,Kotak Bluechip Fund - Direct Growth,2024-06-17,67.3604,0.011279239623414927
119598,Kotak Bluechip Fund - Direct Growth,2024-06-18,67.4457,0.0012663226465401412
119598,Kotak Bluechip Fund - Direct Growth,2024-06-19,69.1382,0.025094261012933217
119598,Kotak Bluechip Fund - Direct Growth,2024-06-20,67.9725,-0.016860433161407173
119598,Kotak Bluechip Fund - Direct Growth,2024-06-21,67.5795,-0.005781749972415318
119598,Kotak Bluechip Fund - Direct Growth,2024-06-22,67.5039,-0.0011186824406809182
119598,Kotak Bluechip Fund - Direct Growth,2024-06-23,67.8869,0.005673746257623513
119598,Kotak Bluechip Fund - Direct Growth,2024-06-24,68.947,0.015615678429859114
119598,Kotak Bluechip Fund - Direct Growth,2024-06-25,68.9544,0.00010732881778774406
119598,Kotak Bluechip Fund - Direct Growth,2024-06-26,67.8052,-0.016666086573155714
119598,Kotak Bluechip Fund - Direct Growth,2024-06-27,68.5178,0.010509518444013155
119598,Kotak Bluechip Fund - Direct Growth,2024-06-28,69.1659,0.009458855946921751
119598,Kotak Bluechip Fund - Direct Growth,2024-06-29,67.5818,-0.02290290446592891
119598,Kotak Bluechip Fund - Direct Growth,2024-06-30,67.6057,0.0003536455081101231
119598,Kotak Bluechip Fund - Direct Growth,2024-07-01,66.3427,-0.018681856707348676
119598,Kotak Bluechip Fund - Direct Growth,2024-07-02,65.8401,-0.007575814671395453
119598,Kotak Bluechip Fund - Direct Growth,2024-07-03,65.1531,-0.01043437054317975
119598,Kotak Bluechip Fund - Direct Growth,2024-07-04,65.8119,0.010111567983718261
119598,Kotak Bluechip Fund - Direct Growth,2024-07-05,65.9305,0.0018021056982095995
119598,Kotak Bluechip Fund - Direct Growth,2024-07-06,64.9398,-0.015026429346053694
119598,Kotak Bluechip Fund - Direct Growth,2024-07-07,65.6516,0.010960920729660373
119598,Kotak Bluechip Fund - Direct Growth,2024-07-08,64.5483,-0.01680537869602572
119598,Kotak Bluechip Fund - Direct Growth,2024-07-09,64.8298,0.004361075349776922
119598,Kotak Bluechip Fund - Direct Growth,2024-07-10,64.2225,-0.00936760563814798
119598,Kotak Bluechip Fund - Direct Growth,2024-07-11,63.9664,-0.003987699015142621
119598,Kotak Bluechip Fund - Direct Growth,2024-07-12,64.3791,0.006451824707971676
119598,Kotak Bluechip Fund - Direct Growth,2024-07-13,64.8077,0.006657440069836484
119598,Kotak Bluechip Fund - Direct Growth,2024-07-14,65.8734,0.016444033656494605
119598,Kotak Bluechip Fund - Direct Growth,2024-07-15,65.8347,-0.0005874905500552474
119598,Kotak Bluechip Fund - Direct Growth,2024-07-16,66.1031,0.004076877391405942
119598,Kotak Bluechip Fund - Direct Growth,2024-07-17,65.7823,-0.004853025047236725
119598,Kotak Bluechip Fund - Direct Growth,2024-07-18,65.9523,0.0025842817900862958
119598,Kotak Bluechip Fund - Direct Growth,2024-07-19,66.3265,0.005673797577946615
119598,Kotak Bluechip Fund - Direct Growth,2024-07-20,66.2748,-0.0007794772828356722
119598,Kotak Bluechip Fund - Direct Growth,2024-07-21,64.8668,-0.02124487738929426
119598,Kotak Bluechip Fund - Direct Growth,2024-07-22,65.1508,0.0043782027169523285
119598,Kotak Bluechip Fund - Direct Growth,2024-07-23,65.4619,0.0047750756705979835
119598,Kotak Bluechip Fund - Direct Growth,2024-07-24,64.9538,-0.0077617667681506575
119598,Kotak Bluechip Fund - Direct Growth,2024-07-25,63.9787,-0.015012208677552263
119598,Kotak Bluechip Fund - Direct Growth,2024-07-26,65.1374,0.018110714972326747
119598,Kotak Bluechip Fund - Direct Growth,2024-07-27,65.5476,0.006297457374718762
119598,Kotak Bluechip Fund - Direct Growth,2024-07-28,65.3936,-0.002349437660570275
119598,Kotak Bluechip Fund - Direct Growth,2024-07-29,64.5275,-0.013244415355631145
119598,Kotak Bluechip Fund - Direct Growth,2024-07-30,63.917,-0.00946108248421218
119598,Kotak Bluechip Fund - Direct Growth,2024-07-31,64.9417,0.016031728648090438
119598,Kotak Bluechip Fund - Direct Growth,2024-08-01,65.075,0.002052610264283272
119598,Kotak Bluechip Fund - Direct Growth,2024-08-02,64.6711,-0.0062066845946985305
119598,Kotak Bluechip Fund - Direct Growth,2024-08-03,65.0925,0.006516048126597562
119598,Kotak Bluechip Fund - Direct Growth,2024-08-04,64.4824,-0.009372815608557072
119598,Kotak Bluechip Fund - Direct Growth,2024-08-05,65.6695,0.01840967457786924
119598,Kotak Bluechip Fund - Direct Growth,2024-08-06,66.7618,0.016633292472152172
119598,Kotak Bluechip Fund - Direct Growth,2024-08-07,66.4147,-0.0051990809115392
119598,Kotak Bluechip Fund - Direct Growth,2024-08-08,65.9402,-0.007144502647757123
119598,Kotak Bluechip Fund - Direct Growth,2024-08-09,63.8949,-0.031017497672133354
119598,Kotak Bluechip Fund - Direct Growth,2024-08-11,61.8004,-0.03278039405335942
119598,Kotak Bluechip Fund - Direct Growth,2024-08-12,61.9254,0.0020226406301577793
119598,Kotak Bluechip Fund - Direct Growth,2024-08-13,61.7077,-0.0035155202873135005
119598,Kotak Bluechip Fund - Direct Growth,2024-08-14,60.7362,-0.015743578192024765
119598,Kotak Bluechip Fund - Direct Growth,2024-08-15,60.5556,-0.0029735149713020492
119598,Kotak Bluechip Fund - Direct Growth,2024-08-16,60.947,0.006463481494692447
119598,Kotak Bluechip Fund - Direct Growth,2024-08-17,61.3574,0.006733719461171184
119598,Kotak Bluechip Fund - Direct Growth,2024-08-18,59.9832,-0.022396646533262565
119598,Kotak Bluechip Fund - Direct Growth,2024-08-19,59.9149,-0.0011386521559368923
119598,Kotak Bluechip Fund - Direct Growth,2024-08-20,58.9443,-0.01619964316054945
119598,Kotak Bluechip Fund - Direct Growth,2024-08-21,59.6057,0.011220762652198735
119598,Kotak Bluechip Fund - Direct Growth,2024-08-22,60.1904,0.009809464531076673
119598,Kotak Bluechip Fund - Direct Growth,2024-08-23,59.5658,-0.01037707009755695
119598,Kotak Bluechip Fund - Direct Growth,2024-08-24,59.0421,-0.008791957801288719
119598,Kotak Bluechip Fund - Direct Growth,2024-08-25,58.7389,-0.0051353186963200015
119598,Kotak Bluechip Fund - Direct Growth,2024-08-26,57.1745,-0.026633117065522183
119598,Kotak Bluechip Fund - Direct Growth,2024-08-27,57.4279,0.004432045754663383
119598,Kotak Bluechip Fund - Direct Growth,2024-08-28,57.2628,-0.0028749092340134563
119598,Kotak Bluechip Fund - Direct Growth,2024-08-29,57.9524,0.01204272232583814
119598,Kotak Bluechip Fund - Direct Growth,2024-08-30,57.2117,-0.012781179036588597
119598,Kotak Bluechip Fund - Direct Growth,2024-08-31,56.8095,-0.007030030570669976
119598,Kotak Bluechip Fund - Direct Growth,2024-09-01,55.8052,-0.017678381256655995
119598,Kotak Bluechip Fund - Direct Growth,2024-09-02,55.155,-0.011651243970095981
119598,Kotak Bluechip Fund - Direct Growth,2024-09-03,54.3948,-0.013782975251563911
119598,Kotak Bluechip Fund - Direct Growth,2024-09-04,55.0667,0.012352283674174735
119598,Kotak Bluechip Fund - Direct Growth,2024-09-05,54.6273,-0.007979414056044742
119598,Kotak Bluechip Fund - Direct Growth,2024-09-06,54.7306,0.0018909958939945515
119598,Kotak Bluechip Fund - Direct Growth,2024-09-07,54.5024,-0.004169513946494341
119598,Kotak Bluechip Fund - Direct Growth,2024-09-08,53.6939,-0.014834209135744514
119598,Kotak Bluechip Fund - Direct Growth,2024-09-09,53.6069,-0.0016202957877895496
119598,Kotak Bluechip Fund - Direct Growth,2024-09-10,54.0137,0.007588575351307414
119598,Kotak Bluechip Fund - Direct Growth,2024-09-11,53.2525,-0.014092720920803492
119598,Kotak Bluechip Fund - Direct Growth,2024-09-12,53.7908,0.010108445612881933
119598,Kotak Bluechip Fund - Direct Growth,2024-09-13,53.2638,-0.00979721439353931
119598,Kotak Bluechip Fund - Direct Growth,2024-09-14,52.9764,-0.005395784754373634
119598,Kotak Bluechip Fund - Direct Growth,2024-09-15,53.335,0.0067690518797050014
119598,Kotak Bluechip Fund - Direct Growth,2024-09-16,52.9317,-0.007561638698790674
119598,Kotak Bluechip Fund - Direct Growth,2024-09-17,52.9767,0.0008501521772397158
119598,Kotak Bluechip Fund - Direct Growth,2024-09-18,52.7978,-0.0033769562845552548
119598,Kotak Bluechip Fund - Direct Growth,2024-09-19,52.9009,0.0019527328790214238
119598,Kotak Bluechip Fund - Direct Growth,2024-09-20,51.4107,-0.02816965306828434
119598,Kotak Bluechip Fund - Direct Growth,2024-09-22,50.6944,-0.013932897237345476
119598,Kotak Bluechip Fund - Direct Growth,2024-09-23,51.3456,0.012845600302991977
119598,Kotak Bluechip Fund - Direct Growth,2024-09-24,50.8051,-0.010526705306783679
119598,Kotak Bluechip Fund - Direct Growth,2024-09-25,50.6766,-0.0025292736359145973
119598,Kotak Bluechip Fund - Direct Growth,2024-09-26,50.8761,0.003936728194077643
119598,Kotak Bluechip Fund - Direct Growth,2024-09-27,51.3197,0.00871922179569573
119598,Kotak Bluechip Fund - Direct Growth,2024-09-28,50.0915,-0.023932330079871722
119598,Kotak Bluechip Fund - Direct Growth,2024-09-29,49.5789,-0.010233273110208496
119598,Kotak Bluechip Fund - Direct Growth,2024-09-30,49.4009,-0.0035902369758101793
119598,Kotak Bluechip Fund - Direct Growth,2024-10-01,49.8375,0.008837895665868345
119598,Kotak Bluechip Fund - Direct Growth,2024-10-02,51.3516,0.030380737396538793
119598,Kotak Bluechip Fund - Direct Growth,2024-10-03,51.2316,-0.0023368307900824004
119598,Kotak Bluechip Fund - Direct Growth,2024-10-04,50.3871,-0.01648396692666254
119598,Kotak Bluechip Fund - Direct Growth,2024-10-05,50.6505,0.005227528474550214
119598,Kotak Bluechip Fund - Direct Growth,2024-10-06,51.4737,0.016252554268960884
119598,Kotak Bluechip Fund - Direct Growth,2024-10-07,51.561,0.0016960117496895855
119598,Kotak Bluechip Fund - Direct Growth,2024-10-08,51.0207,-0.01047885029382678
119598,Kotak Bluechip Fund - Direct Growth,2024-10-09,51.6276,0.011895171959616535
119598,Kotak Bluechip Fund - Direct Growth,2024-10-10,52.0593,0.008361806475606137
119598,Kotak Bluechip Fund - Direct Growth,2024-10-11,51.4391,-0.01191333729035926
119598,Kotak Bluechip Fund - Direct Growth,2024-10-12,51.6951,0.0049767589246312305
119598,Kotak Bluechip Fund - Direct Growth,2024-10-13,52.3344,0.0123667426893459
119598,Kotak Bluechip Fund - Direct Growth,2024-10-14,53.0976,0.014583142254425363
119598,Kotak Bluechip Fund - Direct Growth,2024-10-15,53.0765,-0.0003973814259023989
119598,Kotak Bluechip Fund - Direct Growth,2024-10-16,52.8697,-0.0038962629412263583
119598,Kotak Bluechip Fund - Direct Growth,2024-10-17,53.6695,0.015127757486802507
119598,Kotak Bluechip Fund - Direct Growth,2024-10-18,52.9116,-0.01412161469736073
119598,Kotak Bluechip Fund - Direct Growth,2024-10-19,53.2112,0.005662274435095371
119598,Kotak Bluechip Fund - Direct Growth,2024-10-20,52.3577,-0.016039856270860242
119598,Kotak Bluechip Fund - Direct Growth,2024-10-21,53.048,0.013184307179268773
119598,Kotak Bluechip Fund - Direct Growth,2024-10-22,52.905,-0.0026956718443673644
119598,Kotak Bluechip Fund - Direct Growth,2024-10-23,53.7315,0.015622341933654527
119598,Kotak Bluechip Fund - Direct Growth,2024-10-24,54.0698,0.006296120525204119
119598,Kotak Bluechip Fund - Direct Growth,2024-10-25,53.2978,-0.014277840864955982
119598,Kotak Bluechip Fund - Direct Growth,2024-10-26,54.2303,0.017496031731140782
119598,Kotak Bluechip Fund - Direct Growth,2024-10-27,55.2615,0.019015199989673714
119598,Kotak Bluechip Fund - Direct Growth,2024-10-28,55.8687,0.010987758204174636
119598,Kotak Bluechip Fund - Direct Growth,2024-10-29,55.3805,-0.008738345442081186
119598,Kotak Bluechip Fund - Direct Growth,2024-10-30,55.1993,-0.0032719097877411674
119598,Kotak Bluechip Fund - Direct Growth,2024-10-31,55.3177,0.0021449547367449195
119598,Kotak Bluechip Fund - Direct Growth,2024-11-01,54.8727,-0.008044441471717012
119598,Kotak Bluechip Fund - Direct Growth,2024-11-02,56.009,0.0207079294439676
119598,Kotak Bluechip Fund - Direct Growth,2024-11-03,56.1284,0.0021318002463890373
119598,Kotak Bluechip Fund - Direct Growth,2024-11-04,54.33,-0.032040820689704375
119598,Kotak Bluechip Fund - Direct Growth,2024-11-05,54.573,0.0044726670347874364
119598,Kotak Bluechip Fund - Direct Growth,2024-11-06,54.3668,-0.003778425228592952
119598,Kotak Bluechip Fund - Direct Growth,2024-11-07,54.3397,-0.0004984659755585819
119598,Kotak Bluechip Fund - Direct Growth,2024-11-08,54.1211,-0.004022841495260443
119598,Kotak Bluechip Fund - Direct Growth,2024-11-09,54.6669,0.010084791329074916
119598,Kotak Bluechip Fund - Direct Growth,2024-11-10,55.4233,0.013836526307509756
119598,Kotak Bluechip Fund - Direct Growth,2024-11-11,55.6337,0.003796237322570173
119598,Kotak Bluechip Fund - Direct Growth,2024-11-12,55.4294,-0.003672234634762628
119598,Kotak Bluechip Fund - Direct Growth,2024-11-13,55.4241,-9.56171273728268e-05
119598,Kotak Bluechip Fund - Direct Growth,2024-11-14,55.4593,0.0006351027801985154
119598,Kotak Bluechip Fund - Direct Growth,2024-11-15,54.9475,-0.009228389106966772
119598,Kotak Bluechip Fund - Direct Growth,2024-11-16,55.3512,0.007347013057918961
119598,Kotak Bluechip Fund - Direct Growth,2024-11-17,55.6789,0.005920377516657194
119598,Kotak Bluechip Fund - Direct Growth,2024-11-18,56.7304,0.018885071364556527
119598,Kotak Bluechip Fund - Direct Growth,2024-11-19,57.6077,0.015464371835911539
119598,Kotak Bluechip Fund - Direct Growth,2024-11-20,57.1567,-0.007828814550832619
119598,Kotak Bluechip Fund - Direct Growth,2024-11-21,57.7422,0.010243768447093515
119598,Kotak Bluechip Fund - Direct Growth,2024-11-22,57.1064,-0.011011011011010985
119598,Kotak Bluechip Fund - Direct Growth,2024-11-23,57.6061,0.008750332712270437
119598,Kotak Bluechip Fund - Direct Growth,2024-11-24,57.272,-0.005799733014385633
119598,Kotak Bluechip Fund - Direct Growth,2024-11-25,56.5917,-0.011878404805140352
119598,Kotak Bluechip Fund - Direct Growth,2024-11-26,56.8045,0.003760268731987093
119598,Kotak Bluechip Fund - Direct Growth,2024-11-27,55.0041,-0.031694672077036135
119598,Kotak Bluechip Fund - Direct Growth,2024-11-28,53.8704,-0.020611190802140245
119598,Kotak Bluechip Fund - Direct Growth,2024-11-29,53.7772,-0.0017300781133979815
119598,Kotak Bluechip Fund - Direct Growth,2024-11-30,53.8519,0.0013890645106104937
119598,Kotak Bluechip Fund - Direct Growth,2024-12-01,53.6348,-0.00403142693201175
119598,Kotak Bluechip Fund - Direct Growth,2024-12-02,52.6397,-0.01855325273889341
119598,Kotak Bluechip Fund - Direct Growth,2024-12-03,52.1441,-0.009414947273635565
119598,Kotak Bluechip Fund - Direct Growth,2024-12-04,52.4097,0.0050935772215841
119598,Kotak Bluechip Fund - Direct Growth,2024-12-05,52.7966,0.0073822212300393986
119598,Kotak Bluechip Fund - Direct Growth,2024-12-06,52.8074,0.00020455862688129045
119598,Kotak Bluechip Fund - Direct Growth,2024-12-07,53.5616,0.014282089252642516
119598,Kotak Bluechip Fund - Direct Growth,2024-12-08,53.8384,0.005167881467319946
119598,Kotak Bluechip Fund - Direct Growth,2024-12-09,53.377,-0.008570091235995059
119598,Kotak Bluechip Fund - Direct Growth,2024-12-10,53.2187,-0.002965696835715792
119598,Kotak Bluechip Fund - Direct Growth,2024-12-11,52.3441,-0.016434072985623494
119598,Kotak Bluechip Fund - Direct Growth,2024-12-12,52.2971,-0.0008979044438627293
119598,Kotak Bluechip Fund - Direct Growth,2024-12-13,53.0159,0.013744547976847654
119598,Kotak Bluechip Fund - Direct Growth,2024-12-14,53.4731,0.008623827945955842
119598,Kotak Bluechip Fund - Direct Growth,2024-12-15,54.3941,0.017223613368216872
119598,Kotak Bluechip Fund - Direct Growth,2024-12-16,54.2182,-0.0032338066077018945
119598,Kotak Bluechip Fund - Direct Growth,2024-12-17,55.1157,0.016553482041085754
119598,Kotak Bluechip Fund - Direct Growth,2024-12-18,55.0099,-0.0019195982270023837
119598,Kotak Bluechip Fund - Direct Growth,2024-12-19,56.0033,0.018058567639642975
119598,Kotak Bluechip Fund - Direct Growth,2024-12-20,56.011,0.00013749189779876936
119598,Kotak Bluechip Fund - Direct Growth,2024-12-21,56.5088,0.008887539947510348
119598,Kotak Bluechip Fund - Direct Growth,2024-12-22,57.5317,0.018101605413670008
119598,Kotak Bluechip Fund - Direct Growth,2024-12-23,57.4212,-0.0019206802510616239
119598,Kotak Bluechip Fund - Direct Growth,2024-12-24,57.5947,0.0030215321170579124
119598,Kotak Bluechip Fund - Direct Growth,2024-12-25,58.5085,0.015866043229672
119598,Kotak Bluechip Fund - Direct Growth,2024-12-26,58.4385,-0.0011964073596144598
119598,Kotak Bluechip Fund - Direct Growth,2024-12-27,57.5356,-0.015450430794767045
119598,Kotak Bluechip Fund - Direct Growth,2024-12-29,58.729,0.02074194064196777
119598,Kotak Bluechip Fund - Direct Growth,2024-12-30,58.8644,0.0023055049464490995
119598,Kotak Bluechip Fund - Direct Growth,2024-12-31,59.7045,0.014271783964501461
120465,Nippon India Large Cap Fund - Direct Growth,2022-01-01,232.2142,0.0
120465,Nippon India Large Cap Fund - Direct Growth,2022-01-02,229.4986,-0.011694375279375668
120465,Nippon India Large Cap Fund - Direct Growth,2022-01-03,230.2892,0.0034449011889396974
120465,Nippon India Large Cap Fund - Direct Growth,2022-01-04,225.4262,-0.021116926021715332
120465,Nippon India Large Cap Fund - Direct Growth,2022-01-05,224.7376,-0.0030546582429193947
120465,Nippon India Large Cap Fund - Direct Growth,2022-01-06,225.4883,0.003340340023209487
120465,Nippon India Large Cap Fund - Direct Growth,2022-01-07,224.848,-0.002839615181807642
120465,Nippon India Large Cap Fund - Direct Growth,2022-01-08,220.7734,-0.0181215754643137
120465,Nippon India Large Cap Fund - Direct Growth,2022-01-09,225.0851,0.019529979608050585
120465,Nippon India Large Cap Fund - Direct Growth,2022-01-10,225.4548,0.0016424898849367597
120465,Nippon India Large Cap Fund - Direct Growth,2022-01-11,229.4169,0.01757381080376197
120465,Nippon India Large Cap Fund - Direct Growth,2022-01-12,228.7928,-0.002720375002887798
120465,Nippon India Large Cap Fund - Direct Growth,2022-01-13,226.4682,-0.01016028476420583
120465,Nippon India Large Cap Fund - Direct Growth,2022-01-14,227.2903,0.003630090229003402
120465,Nippon India Large Cap Fund - Direct Growth,2022-01-15,226.7927,-0.0021892707255875
120465,Nippon India Large Cap Fund - Direct Growth,2022-01-16,223.6781,-0.01373324626409933
120465,Nippon India Large Cap Fund - Direct Growth,2022-01-17,227.7127,0.018037528036942474
120465,Nippon India Large Cap Fund - Direct Growth,2022-01-18,226.1034,-0.007067238673995835
120465,Nippon India Large Cap Fund - Direct Growth,2022-01-19,221.2008,-0.02168299990181488
120465,Nippon India Large Cap Fund - Direct Growth,2022-01-20,224.8148,0.016338096426414372
120465,Nippon India Large Cap Fund - Direct Growth,2022-01-21,223.5442,-0.005651763140149146
120465,Nippon India Large Cap Fund - Direct Growth,2022-01-22,222.0031,-0.006893938648374731
120465,Nippon India Large Cap Fund - Direct Growth,2022-01-23,217.3888,-0.02078484489630994
120465,Nippon India Large Cap Fund - Direct Growth,2022-01-24,222.0173,0.021291345276297502
120465,Nippon India Large Cap Fund - Direct Growth,2022-01-25,218.6707,-0.015073600120350972
120465,Nippon India Large Cap Fund - Direct Growth,2022-01-26,218.9115,0.0011011992004414939
120465,Nippon India Large Cap Fund - Direct Growth,2022-01-27,221.3965,0.011351619261665169
120465,Nippon India Large Cap Fund - Direct Growth,2022-01-28,222.6055,0.005460790933912607
120465,Nippon India Large Cap Fund - Direct Growth,2022-01-29,222.5352,-0.0003158053147833684
120465,Nippon India Large Cap Fund - Direct Growth,2022-01-30,218.08,-0.020020203545326742
120465,Nippon India Large Cap Fund - Direct Growth,2022-01-31,216.0482,-0.009316764490095442
120465,Nippon India Large Cap Fund - Direct Growth,2022-02-01,216.6215,0.0026535745264251176
120465,Nippon India Large Cap Fund - Direct Growth,2022-02-02,214.6619,-0.00904619347571689
120465,Nippon India Large Cap Fund - Direct Growth,2022-02-03,215.2716,0.002840280459643685
120465,Nippon India Large Cap Fund - Direct Growth,2022-02-04,217.1188,0.008580788176424603
120465,Nippon India Large Cap Fund - Direct Growth,2022-02-05,219.7134,0.011950139739165921
120465,Nippon India Large Cap Fund - Direct Growth,2022-02-06,216.5684,-0.014314101916405697
120465,Nippon India Large Cap Fund - Direct Growth,2022-02-07,222.3637,0.02675967500337073
120465,Nippon India Large Cap Fund - Direct Growth,2022-02-08,224.5006,0.009609931836896068
120465,Nippon India Large Cap Fund - Direct Growth,2022-02-09,224.5858,0.00037950900799388343
120465,Nippon India Large Cap Fund - Direct Growth,2022-02-10,227.612,0.013474582987882622
120465,Nippon India Large Cap Fund - Direct Growth,2022-02-11,234.1638,0.028784949826898387
120465,Nippon India Large Cap Fund - Direct Growth,2022-02-12,230.2147,-0.016864690443185615
120465,Nippon India Large Cap Fund - Direct Growth,2022-02-13,229.6845,-0.002303067527833713
120465,Nippon India Large Cap Fund - Direct Growth,2022-02-14,223.2209,-0.02814121109609058
120465,Nippon India Large Cap Fund - Direct Growth,2022-02-15,223.8262,0.0027116636479826983
120465,Nippon India Large Cap Fund - Direct Growth,2022-02-16,224.8971,0.004784515843096138
120465,Nippon India Large Cap Fund - Direct Growth,2022-02-17,224.8814,-6.980970408232423e-05
120465,Nippon India Large Cap Fund - Direct Growth,2022-02-18,223.205,-0.007454596067082431
120465,Nippon India Large Cap Fund - Direct Growth,2022-02-19,217.8047,-0.024194350484980198
120465,Nippon India Large Cap Fund - Direct Growth,2022-02-20,218.8681,0.004882355614915568
120465,Nippon India Large Cap Fund - Direct Growth,2022-02-21,222.7782,0.017865097746085468
120465,Nippon India Large Cap Fund - Direct Growth,2022-02-22,221.2873,-0.006692306518321867
120465,Nippon India Large Cap Fund - Direct Growth,2022-02-23,222.5444,0.0056808501888721
120465,Nippon India Large Cap Fund - Direct Growth,2022-02-24,218.4456,-0.018417897731868305
120465,Nippon India Large Cap Fund - Direct Growth,2022-02-25,219.7315,0.005886591444277167
120465,Nippon India Large Cap Fund - Direct Growth,2022-02-26,218.7821,-0.0043207277973345
120465,Nippon India Large Cap Fund - Direct Growth,2022-02-27,216.868,-0.008748887591809473
120465,Nippon India Large Cap Fund - Direct Growth,2022-02-28,214.976,-0.008724200896397805
120465,Nippon India Large Cap Fund - Direct Growth,2022-03-01,214.0466,-0.004323273295623653
120465,Nippon India Large Cap Fund - Direct Growth,2022-03-02,215.1145,0.004989100504282584
120465,Nippon India Large Cap Fund - Direct Growth,2022-03-03,211.8134,-0.015345780967810141
120465,Nippon India Large Cap Fund - Direct Growth,2022-03-04,210.8888,-0.004365162921703747
120465,Nippon India Large Cap Fund - Direct Growth,2022-03-05,210.8682,-9.768181145708432e-05
120465,Nippon India Large Cap Fund - Direct Growth,2022-03-06,208.1715,-0.012788557022822777
120465,Nippon India Large Cap Fund - Direct Growth,2022-03-07,212.7429,0.021959778355826742
120465,Nippon India Large Cap Fund - Direct Growth,2022-03-08,210.6491,-0.009841926569582271
120465,Nippon India Large Cap Fund - Direct Growth,2022-03-09,209.0412,-0.0076330732008824675
120465,Nippon India Large Cap Fund - Direct Growth,2022-03-10,206.6707,-0.01133986984383939
120465,Nippon India Large Cap Fund - Direct Growth,2022-03-11,211.2137,0.021981829064303682
120465,Nippon India Large Cap Fund - Direct Growth,2022-03-12,212.6996,0.0070350550177380455
120465,Nippon India Large Cap Fund - Direct Growth,2022-03-13,210.3941,-0.010839230539220535
120465,Nippon India Large Cap Fund - Direct Growth,2022-03-14,213.2712,0.013674813124512353
120465,Nippon India Large Cap Fund - Direct Growth,2022-03-15,213.8701,0.0028081616270738685
120465,Nippon India Large Cap Fund - Direct Growth,2022-03-16,214.6159,0.00348716346978839
120465,Nippon India Large Cap Fund - Direct Growth,2022-03-17,213.8146,-0.003733646947872926
120465,Nippon India Large Cap Fund - Direct Growth,2022-03-18,211.9773,-0.008592958572520293
120465,Nippon India Large Cap Fund - Direct Growth,2022-03-19,212.9213,0.004453307028629894
120465,Nippon India Large Cap Fund - Direct Growth,2022-03-20,211.6137,-0.006141236222022006
120465,Nippon India Large Cap Fund - Direct Growth,2022-03-21,216.3118,0.02220130360179895
120465,Nippon India Large Cap Fund - Direct Growth,2022-03-22,213.1036,-0.014831368422804525
120465,Nippon India Large Cap Fund - Direct Growth,2022-03-23,217.1172,0.01883403189810018
120465,Nippon India Large Cap Fund - Direct Growth,2022-03-24,216.914,-0.0009359000576647514
120465,Nippon India Large Cap Fund - Direct Growth,2022-03-25,217.7793,0.003989138552606297
120465,Nippon India Large Cap Fund - Direct Growth,2022-03-26,220.0437,0.010397682424362564
120465,Nippon India Large Cap Fund - Direct Growth,2022-03-27,218.4675,-0.007163122597920291
120465,Nippon India Large Cap Fund - Direct Growth,2022-03-28,220.8206,0.010770938469108815
120465,Nippon India Large Cap Fund - Direct Growth,2022-03-29,213.7344,-0.032090303169179046
120465,Nippon India Large Cap Fund - Direct Growth,2022-03-30,211.9733,-0.00823966567852441
120465,Nippon India Large Cap Fund - Direct Growth,2022-03-31,209.7076,-0.010688610310826796
120465,Nippon India Large Cap Fund - Direct Growth,2022-04-01,206.637,-0.014642292410957047
120465,Nippon India Large Cap Fund - Direct Growth,2022-04-02,206.1866,-0.0021796677264962483
120465,Nippon India Large Cap Fund - Direct Growth,2022-04-03,207.2235,0.005028939805011623
120465,Nippon India Large Cap Fund - Direct Growth,2022-04-04,209.0537,0.008832009883048997
120465,Nippon India Large Cap Fund - Direct Growth,2022-04-05,209.7416,0.0032905420951649944
120465,Nippon India Large Cap Fund - Direct Growth,2022-04-06,208.15,-0.007588384946047855
120465,Nippon India Large Cap Fund - Direct Growth,2022-04-07,209.155,0.004828248858995909
120465,Nippon India Large Cap Fund - Direct Growth,2022-04-08,209.5506,0.0018914202385791334
120465,Nippon India Large Cap Fund - Direct Growth,2022-04-09,211.9882,0.011632512624635716
120465,Nippon India Large Cap Fund - Direct Growth,2022-04-10,214.0494,0.009723182705452471
120465,Nippon India Large Cap Fund - Direct Growth,2022-04-11,214.2133,0.0007657110928598332
120465,Nippon India Large Cap Fund - Direct Growth,2022-04-12,211.9925,-0.01036723676821183
120465,Nippon India Large Cap Fund - Direct Growth,2022-04-13,210.4163,-0.007435168697005778
120465,Nippon India Large Cap Fund - Direct Growth,2022-04-14,209.1123,-0.006197238521920556
120465,Nippon India Large Cap Fund - Direct Growth,2022-04-15,208.4048,-0.0033833495208077657
120465,Nippon India Large Cap Fund - Direct Growth,2022-04-16,209.1585,0.0036165193891888325
120465,Nippon India Large Cap Fund - Direct Growth,2022-04-17,211.0372,0.008982183368115626
120465,Nippon India Large Cap Fund - Direct Growth,2022-04-18,210.9922,-0.00021323254857441576
120465,Nippon India Large Cap Fund - Direct Growth,2022-04-19,211.1174,0.0005933868645382478
120465,Nippon India Large Cap Fund - Direct Growth,2022-04-20,211.5649,0.0021196736981414777
120465,Nippon India Large Cap Fund - Direct Growth,2022-04-21,210.3398,-0.005790658091205048
120465,Nippon India Large Cap Fund - Direct Growth,2022-04-22,208.0882,-0.010704583725951955
120465,Nippon India Large Cap Fund - Direct Growth,2022-04-23,203.788,-0.02066527558986997
120465,Nippon India Large Cap Fund - Direct Growth,2022-04-24,202.1696,-0.007941586354446861
120465,Nippon India Large Cap Fund - Direct Growth,2022-04-25,203.3983,0.006077570515052644
120465,Nippon India Large Cap Fund - Direct Growth,2022-04-26,201.764,-0.008034973743635043
120465,Nippon India Large Cap Fund - Direct Growth,2022-04-27,201.2689,-0.002453856981423863
120465,Nippon India Large Cap Fund - Direct Growth,2022-04-28,202.4759,0.005996952335904915
120465,Nippon India Large Cap Fund - Direct Growth,2022-04-29,203.822,0.0066481986251203384
120465,Nippon India Large Cap Fund - Direct Growth,2022-04-30,201.2631,-0.01255458193914294
120465,Nippon India Large Cap Fund - Direct Growth,2022-05-01,203.7517,0.012364909414592118
120465,Nippon India Large Cap Fund - Direct Growth,2022-05-02,206.5896,0.013928227347305588
120465,Nippon India Large Cap Fund - Direct Growth,2022-05-03,203.8713,-0.013157971166021909
120465,Nippon India Large Cap Fund - Direct Growth,2022-05-04,201.9374,-0.009485886439140723
120465,Nippon India Large Cap Fund - Direct Growth,2022-05-05,204.9045,0.014693167288476694
120465,Nippon India Large Cap Fund - Direct Growth,2022-05-06,204.6254,-0.0013620979529488375
120465,Nippon India Large Cap Fund - Direct Growth,2022-05-07,199.2566,-0.02623721199811957
120465,Nippon India Large Cap Fund - Direct Growth,2022-05-08,195.9896,-0.01639594372281772
120465,Nippon India Large Cap Fund - Direct Growth,2022-05-09,195.4815,-0.002592484499177483
120465,Nippon India Large Cap Fund - Direct Growth,2022-05-10,192.8315,-0.013556270030667839
120465,Nippon India Large Cap Fund - Direct Growth,2022-05-11,191.952,-0.00456097681136125
120465,Nippon India Large Cap Fund - Direct Growth,2022-05-12,192.1034,0.0007887388513794225
120465,Nippon India Large Cap Fund - Direct Growth,2022-05-13,195.5511,0.017947105569188215
120465,Nippon India Large Cap Fund - Direct Growth,2022-05-14,194.9477,-0.0030856384852858687
120465,Nippon India Large Cap Fund - Direct Growth,2022-05-15,197.5348,0.013270738767371837
120465,Nippon India Large Cap Fund - Direct Growth,2022-05-16,201.0006,0.017545262910636517
120465,Nippon India Large Cap Fund - Direct Growth,2022-05-17,204.5406,0.01761188772570832
120465,Nippon India Large Cap Fund - Direct Growth,2022-05-18,205.3213,0.0038168461420373667
120465,Nippon India Large Cap Fund - Direct Growth,2022-05-19,200.5662,-0.02315931177135544
120465,Nippon India Large Cap Fund - Direct Growth,2022-05-20,201.7555,0.005929712982546409
120465,Nippon India Large Cap Fund - Direct Growth,2022-05-21,204.3744,0.012980563107325427
120465,Nippon India Large Cap Fund - Direct Growth,2022-05-22,204.2573,-0.0005729680429643613
120465,Nippon India Large Cap Fund - Direct Growth,2022-05-23,208.6151,0.0213348555963484
120465,Nippon India Large Cap Fund - Direct Growth,2022-05-24,210.851,0.010717824356913708
120465,Nippon India Large Cap Fund - Direct Growth,2022-05-25,212.3732,0.007219316009883681
120465,Nippon India Large Cap Fund - Direct Growth,2022-05-26,215.2268,0.013436723654397076
120465,Nippon India Large Cap Fund - Direct Growth,2022-05-27,216.1739,0.004400474290376488
120465,Nippon India Large Cap Fund - Direct Growth,2022-05-28,209.7938,-0.02951373870758678
120465,Nippon India Large Cap Fund - Direct Growth,2022-05-29,208.6211,-0.005589774340328368
120465,Nippon India Large Cap Fund - Direct Growth,2022-05-30,211.7016,0.014766004013975653
120465,Nippon India Large Cap Fund - Direct Growth,2022-05-31,209.7347,-0.009290907579347585
120465,Nippon India Large Cap Fund - Direct Growth,2022-06-01,209.2562,-0.0022814536650349604
120465,Nippon India Large Cap Fund - Direct Growth,2022-06-02,206.7162,-0.012138230551830831
120465,Nippon India Large Cap Fund - Direct Growth,2022-06-03,211.2241,0.021807192663177766
120465,Nippon India Large Cap Fund - Direct Growth,2022-06-04,215.5707,0.02057814425531923
120465,Nippon India Large Cap Fund - Direct Growth,2022-06-05,213.3705,-0.0102063963238046
120465,Nippon India Large Cap Fund - Direct Growth,2022-06-06,213.833,0.0021675911149854343
120465,Nippon India Large Cap Fund - Direct Growth,2022-06-07,212.1724,-0.007765873368469678
120465,Nippon India Large Cap Fund - Direct Growth,2022-06-08,213.823,0.007779522690038787
120465,Nippon India Large Cap Fund - Direct Growth,2022-06-09,215.2163,0.006516137178881554
120465,Nippon India Large Cap Fund - Direct Growth,2022-06-10,217.3987,0.010140495863928622
120465,Nippon India Large Cap Fund - Direct Growth,2022-06-11,218.3516,0.004383190883846089
120465,Nippon India Large Cap Fund - Direct Growth,2022-06-12,226.1303,0.03562465308245977
120465,Nippon India Large Cap Fund - Direct Growth,2022-06-13,223.4314,-0.01193515420091873
120465,Nippon India Large Cap Fund - Direct Growth,2022-06-14,218.9343,-0.02012743061181188
120465,Nippon India Large Cap Fund - Direct Growth,2022-06-15,217.9891,-0.004317276918235247
120465,Nippon India Large Cap Fund - Direct Growth,2022-06-16,213.9746,-0.018416058417599745
120465,Nippon India Large Cap Fund - Direct Growth,2022-06-17,210.228,-0.0175095548724008
120465,Nippon India Large Cap Fund - Direct Growth,2022-06-18,207.786,-0.011615959815057919
120465,Nippon India Large Cap Fund - Direct Growth,2022-06-19,205.5697,-0.010666262404589233
120465,Nippon India Large Cap Fund - Direct Growth,2022-06-20,203.297,-0.011055617632365178
120465,Nippon India Large Cap Fund - Direct Growth,2022-06-21,204.6425,0.006618395746125216
120465,Nippon India Large Cap Fund - Direct Growth,2022-06-22,203.4813,-0.0056742856444775835
120465,Nippon India Large Cap Fund - Direct Growth,2022-06-23,203.1244,-0.0017539695293866675
120465,Nippon India Large Cap Fund - Direct Growth,2022-06-24,205.3853,0.011130617493516182
120465,Nippon India Large Cap Fund - Direct Growth,2022-06-25,203.5788,-0.008795663565016598
120465,Nippon India Large Cap Fund - Direct Growth,2022-06-26,203.014,-0.002774355679471485
120465,Nippon India Large Cap Fund - Direct Growth,2022-06-27,203.9863,0.004789324874146628
120465,Nippon India Large Cap Fund - Direct Growth,2022-06-28,199.3153,-0.022898596621439782
120465,Nippon India Large Cap Fund - Direct Growth,2022-06-29,193.6908,-0.028219108116637415
120465,Nippon India Large Cap Fund - Direct Growth,2022-06-30,194.5728,0.0045536494247533366
120465,Nippon India Large Cap Fund - Direct Growth,2022-07-01,195.7994,0.006304067166633676
120465,Nippon India Large Cap Fund - Direct Growth,2022-07-02,200.7278,0.02517065935850682
120465,Nippon India Large Cap Fund - Direct Growth,2022-07-03,201.1889,0.002297140704974554
120465,Nippon India Large Cap Fund - Direct Growth,2022-07-04,203.2484,0.010236648244510649
120465,Nippon India Large Cap Fund - Direct Growth,2022-07-05,202.8529,-0.0019458947770314428
120465,Nippon India Large Cap Fund - Direct Growth,2022-07-06,203.6576,0.00396691395587645
120465,Nippon India Large Cap Fund - Direct Growth,2022-07-07,207.8137,0.020407291453891307
120465,Nippon India Large Cap Fund - Direct Growth,2022-07-08,202.6001,-0.02508785513178402
120465,Nippon India Large Cap Fund - Direct Growth,2022-07-09,203.6867,0.005363274746656099
120465,Nippon India Large Cap Fund - Direct Growth,2022-07-10,208.9881,0.026027227109084672
120465,Nippon India Large Cap Fund - Direct Growth,2022-07-11,209.779,0.0037844260032029453
120465,Nippon India Large Cap Fund - Direct Growth,2022-07-12,214.018,0.02020697972628338
120465,Nippon India Large Cap Fund - Direct Growth,2022-07-13,212.4877,-0.007150333149548271
120465,Nippon India Large Cap Fund - Direct Growth,2022-07-14,212.491,1.553031069567723e-05
120465,Nippon India Large Cap Fund - Direct Growth,2022-07-15,212.6615,0.0008023869246225335
120465,Nippon India Large Cap Fund - Direct Growth,2022-07-16,207.0874,-0.026211138358376962
120465,Nippon India Large Cap Fund - Direct Growth,2022-07-17,204.2673,-0.013617921708418801
120465,Nippon India Large Cap Fund - Direct Growth,2022-07-18,201.6603,-0.012762688888529827
120465,Nippon India Large Cap Fund - Direct Growth,2022-07-19,203.7303,0.010264786871783782
120465,Nippon India Large Cap Fund - Direct Growth,2022-07-20,205.944,0.010865835862412077
120465,Nippon India Large Cap Fund - Direct Growth,2022-07-21,206.8272,0.004288544458687982
120465,Nippon India Large Cap Fund - Direct Growth,2022-07-22,208.9553,0.010289265628505184
120465,Nippon India Large Cap Fund - Direct Growth,2022-07-23,208.6273,-0.0015697137138900308
120465,Nippon India Large Cap Fund - Direct Growth,2022-07-24,211.7198,0.014823084035502587
120465,Nippon India Large Cap Fund - Direct Growth,2022-07-25,211.8268,0.0005053849474636607
120465,Nippon India Large Cap Fund - Direct Growth,2022-07-26,212.0586,0.001094290240895024
120465,Nippon India Large Cap Fund - Direct Growth,2022-07-27,211.4676,-0.0027869654897278995
120465,Nippon India Large Cap Fund - Direct Growth,2022-07-28,213.2891,0.008613612676362736
120465,Nippon India Large Cap Fund - Direct Growth,2022-07-29,212.2964,-0.0046542462788767835
120465,Nippon India Large Cap Fund - Direct Growth,2022-07-30,214.8688,0.01211702129663994
120465,Nippon India Large Cap Fund - Direct Growth,2022-07-31,212.0356,-0.013185720774723908
120465,Nippon India Large Cap Fund - Direct Growth,2022-08-01,209.3243,-0.012787003691832832
120465,Nippon India Large Cap Fund - Direct Growth,2022-08-02,211.1348,0.008649258590617714
120465,Nippon India Large Cap Fund - Direct Growth,2022-08-03,210.9949,-0.0006626098587253493
120465,Nippon India Large Cap Fund - Direct Growth,2022-08-04,209.9301,-0.00504656747627541
120465,Nippon India Large Cap Fund - Direct Growth,2022-08-05,212.2563,0.0110808311909536
120465,Nippon India Large Cap Fund - Direct Growth,2022-08-06,210.7945,-0.00688695694780328
120465,Nippon India Large Cap Fund - Direct Growth,2022-08-07,210.3724,-0.0020024241619207572
120465,Nippon India Large Cap Fund - Direct Growth,2022-08-08,213.9889,0.017190943298645678
120465,Nippon India Large Cap Fund - Direct Growth,2022-08-09,218.0268,0.01886967034271403
120465,Nippon India Large Cap Fund - Direct Growth,2022-08-10,222.2279,0.01926873210082425
120465,Nippon India Large Cap Fund - Direct Growth,2022-08-11,221.5644,-0.00298567371603653
120465,Nippon India Large Cap Fund - Direct Growth,2022-08-12,224.9252,0.015168501799025291
120465,Nippon India Large Cap Fund - Direct Growth,2022-08-13,222.4538,-0.010987652784125501
120465,Nippon India Large Cap Fund - Direct Growth,2022-08-14,220.1219,-0.010482626055387634
120465,Nippon India Large Cap Fund - Direct Growth,2022-08-15,214.0013,-0.02780550231485379
120465,Nippon India Large Cap Fund - Direct Growth,2022-08-16,218.3829,0.020474641976474084
120465,Nippon India Large Cap Fund - Direct Growth,2022-08-17,216.2061,-0.009967813413962467
120465,Nippon India Large Cap Fund - Direct Growth,2022-08-18,215.9643,-0.0011183773260791119
120465,Nippon India Large Cap Fund - Direct Growth,2022-08-19,213.6915,-0.010523961599208875
120465,Nippon India Large Cap Fund - Direct Growth,2022-08-20,215.5596,0.008742041681583101
120465,Nippon India Large Cap Fund - Direct Growth,2022-08-21,214.6742,-0.004107448705601535
120465,Nippon India Large Cap Fund - Direct Growth,2022-08-22,211.3987,-0.015258004920945423
120465,Nippon India Large Cap Fund - Direct Growth,2022-08-23,212.6037,0.005700129660210829
120465,Nippon India Large Cap Fund - Direct Growth,2022-08-24,209.0309,-0.01680497564247474
120465,Nippon India Large Cap Fund - Direct Growth,2022-08-25,207.014,-0.009648812687502173
120465,Nippon India Large Cap Fund - Direct Growth,2022-08-26,201.8629,-0.02488285816418223
120465,Nippon India Large Cap Fund - Direct Growth,2022-08-27,198.4943,-0.016687563688027818
120465,Nippon India Large Cap Fund - Direct Growth,2022-08-28,198.9989,0.002542138489618928
120465,Nippon India Large Cap Fund - Direct Growth,2022-08-29,194.3872,-0.023174499959547457
120465,Nippon India Large Cap Fund - Direct Growth,2022-08-30,191.01,-0.017373571922431164
120465,Nippon India Large Cap Fund - Direct Growth,2022-08-31,191.081,0.0003717082875243083
120465,Nippon India Large Cap Fund - Direct Growth,2022-09-01,189.911,-0.006123057760844763
120465,Nippon India Large Cap Fund - Direct Growth,2022-09-02,194.5267,0.024304542654190575
120465,Nippon India Large Cap Fund - Direct Growth,2022-09-03,198.8854,0.02240669275734386
120465,Nippon India Large Cap Fund - Direct Growth,2022-09-04,196.8935,-0.010015315352459364
120465,Nippon India Large Cap Fund - Direct Growth,2022-09-05,198.2886,0.0070855564048586395
120465,Nippon India Large Cap Fund - Direct Growth,2022-09-06,200.1508,0.009391361883638316
120465,Nippon India Large Cap Fund - Direct Growth,2022-09-07,198.7958,-0.00676989549879381
120465,Nippon India Large Cap Fund - Direct Growth,2022-09-08,195.3076,-0.017546648369834772
120465,Nippon India Large Cap Fund - Direct Growth,2022-09-09,195.3569,0.0002524223327713404
120465,Nippon India Large Cap Fund - Direct Growth,2022-09-10,195.0298,-0.0016743713685055672
120465,Nippon India Large Cap Fund - Direct Growth,2022-09-11,194.088,-0.004829005618628535
120465,Nippon India Large Cap Fund - Direct Growth,2022-09-12,195.1958,0.0057077202093895885
120465,Nippon India Large Cap Fund - Direct Growth,2022-09-13,193.5154,-0.008608791787528158
120465,Nippon India Large Cap Fund - Direct Growth,2022-09-14,190.9177,-0.01342373785238804
120465,Nippon India Large Cap Fund - Direct Growth,2022-09-15,191.244,0.0017091134033146993
120465,Nippon India Large Cap Fund - Direct Growth,2022-09-16,192.2063,0.005031791847064371
120465,Nippon India Large Cap Fund - Direct Growth,2022-09-17,189.5693,-0.013719633539587384
120465,Nippon India Large Cap Fund - Direct Growth,2022-09-18,191.7564,0.011537205655135274
120465,Nippon India Large Cap Fund - Direct Growth,2022-09-19,187.7591,-0.020845718839110572
120465,Nippon India Large Cap Fund - Direct Growth,2022-09-20,186.5317,-0.006537099932839463
120465,Nippon India Large Cap Fund - Direct Growth,2022-09-21,186.0288,-0.002696056487985765
120465,Nippon India Large Cap Fund - Direct Growth,2022-09-22,184.6829,-0.00723490126260018
120465,Nippon India Large Cap Fund - Direct Growth,2022-09-23,183.5045,-0.00638066653707503
120465,Nippon India Large Cap Fund - Direct Growth,2022-09-24,187.6981,0.022852845570544567
120465,Nippon India Large Cap Fund - Direct Growth,2022-09-25,185.8567,-0.009810434948462565
120465,Nippon India Large Cap Fund - Direct Growth,2022-09-26,191.3757,0.029694920871832897
120465,Nippon India Large Cap Fund - Direct Growth,2022-09-27,192.4561,0.005645439833792842
120465,Nippon India Large Cap Fund - Direct Growth,2022-09-28,192.7457,0.0015047587475793822
120465,Nippon India Large Cap Fund - Direct Growth,2022-09-29,193.9243,0.006114792703546534
120465,Nippon India Large Cap Fund - Direct Growth,2022-09-30,199.8892,0.030758909533256107
120465,Nippon India Large Cap Fund - Direct Growth,2022-10-01,197.5859,-0.011522883677557272
120465,Nippon India Large Cap Fund - Direct Growth,2022-10-02,195.0084,-0.013044959179779658
120465,Nippon India Large Cap Fund - Direct Growth,2022-10-03,193.3199,-0.008658601373069064
120465,Nippon India Large Cap Fund - Direct Growth,2022-10-04,193.4718,0.0007857442508505397
120465,Nippon India Large Cap Fund - Direct Growth,2022-10-05,189.5425,-0.020309419770736636
120465,Nippon India Large Cap Fund - Direct Growth,2022-10-06,189.6691,0.0006679240803513231
120465,Nippon India Large Cap Fund - Direct Growth,2022-10-07,193.5995,0.02072240549462201
120465,Nippon India Large Cap Fund - Direct Growth,2022-10-08,194.0287,0.0022169478743487847
120465,Nippon India Large Cap Fund - Direct Growth,2022-10-09,193.4248,-0.0031124261513888474
120465,Nippon India Large Cap Fund - Direct Growth,2022-10-10,192.0674,-0.007017714377887452
120465,Nippon India Large Cap Fund - Direct Growth,2022-10-11,194.2151,0.011182012147818998
120465,Nippon India Large Cap Fund - Direct Growth,2022-10-12,192.3681,-0.00951007413944649
120465,Nippon India Large Cap Fund - Direct Growth,2022-10-13,196.7073,0.022556754472285112
120465,Nippon India Large Cap Fund - Direct Growth,2022-10-14,201.3497,0.023600547615670653
120465,Nippon India Large Cap Fund - Direct Growth,2022-10-15,202.0506,0.003481008414713216
120465,Nippon India Large Cap Fund - Direct Growth,2022-10-16,202.1035,0.00026181560460591946
120465,Nippon India Large Cap Fund - Direct Growth,2022-10-17,204.6839,0.01276771555168521
120465,Nippon India Large Cap Fund - Direct Growth,2022-10-18,207.4548,0.013537459467989565
120465,Nippon India Large Cap Fund - Direct Growth,2022-10-19,205.5313,-0.009271899228169289
120465,Nippon India Large Cap Fund - Direct Growth,2022-10-20,204.3148,-0.005918806527278275
120465,Nippon India Large Cap Fund - Direct Growth,2022-10-21,201.1544,-0.015468287172539563
120465,Nippon India Large Cap Fund - Direct Growth,2022-10-22,202.2223,0.005308857275803991
120465,Nippon India Large Cap Fund - Direct Growth,2022-10-23,203.9209,0.008399667099029173
120465,Nippon India Large Cap Fund - Direct Growth,2022-10-24,200.6991,-0.01579926334181536
120465,Nippon India Large Cap Fund - Direct Growth,2022-10-25,199.6831,-0.00506230471387259
120465,Nippon India Large Cap Fund - Direct Growth,2022-10-26,196.5347,-0.015766982784221617
120465,Nippon India Large Cap Fund - Direct Growth,2022-10-27,194.4936,-0.010385443384806847
120465,Nippon India Large Cap Fund - Direct Growth,2022-10-28,195.8574,0.007012055923691252
120465,Nippon India Large Cap Fund - Direct Growth,2022-10-29,194.2118,-0.008402031273773702
120465,Nippon India Large Cap Fund - Direct Growth,2022-10-30,193.5884,-0.0032098976478257546
120465,Nippon India Large Cap Fund - Direct Growth,2022-10-31,189.8855,-0.01912769566771566
120465,Nippon India Large Cap Fund - Direct Growth,2022-11-01,190.3875,0.0026436984393225504
120465,Nippon India Large Cap Fund - Direct Growth,2022-11-02,190.3625,-0.0001313111417502455
120465,Nippon India Large Cap Fund - Direct Growth,2022-11-03,188.7734,-0.008347757567798264
120465,Nippon India Large Cap Fund - Direct Growth,2022-11-04,188.4207,-0.0018683776421889453
120465,Nippon India Large Cap Fund - Direct Growth,2022-11-05,188.9037,0.0025634126186770967
120465,Nippon India Large Cap Fund - Direct Growth,2022-11-06,187.1321,-0.009378323452637338
120465,Nippon India Large Cap Fund - Direct Growth,2022-11-07,183.8919,-0.0173150410859495
120465,Nippon India Large Cap Fund - Direct Growth,2022-11-08,187.9498,0.022066768574363627
120465,Nippon India Large Cap Fund - Direct Growth,2022-11-09,186.5967,-0.007199262781870552
120465,Nippon India Large Cap Fund - Direct Growth,2022-11-10,186.4547,-0.0007609995246432577
120465,Nippon India Large Cap Fund - Direct Growth,2022-11-11,188.791,0.01253012125733477
120465,Nippon India Large Cap Fund - Direct Growth,2022-11-12,196.8616,0.04274885985031074
120465,Nippon India Large Cap Fund - Direct Growth,2022-11-13,194.0004,-0.014534068604542427
120465,Nippon India Large Cap Fund - Direct Growth,2022-11-14,195.1252,0.0057979261898428724
120465,Nippon India Large Cap Fund - Direct Growth,2022-11-15,193.5465,-0.00809070278979851
120465,Nippon India Large Cap Fund - Direct Growth,2022-11-16,192.3725,-0.006065725807493316
120465,Nippon India Large Cap Fund - Direct Growth,2022-11-17,190.7869,-0.008242342330634589
120465,Nippon India Large Cap Fund - Direct Growth,2022-11-18,188.2861,-0.013107818199257881
120465,Nippon India Large Cap Fund - Direct Growth,2022-11-19,188.2681,-9.559919717916365e-05
120465,Nippon India Large Cap Fund - Direct Growth,2022-11-20,185.0122,-0.017293954737950812
120465,Nippon India Large Cap Fund - Direct Growth,2022-11-21,187.1883,0.011761927051297194
120465,Nippon India Large Cap Fund - Direct Growth,2022-11-22,187.3867,0.0010598953032854297
120465,Nippon India Large Cap Fund - Direct Growth,2022-11-23,188.4116,0.005469438332603049
120465,Nippon India Large Cap Fund - Direct Growth,2022-11-24,187.4329,-0.0051944784716015935
120465,Nippon India Large Cap Fund - Direct Growth,2022-11-25,186.682,-0.004006233697499195
120465,Nippon India Large Cap Fund - Direct Growth,2022-11-26,187.4009,0.0038509336733054678
120465,Nippon India Large Cap Fund - Direct Growth,2022-11-27,184.8581,-0.01356877154805558
120465,Nippon India Large Cap Fund - Direct Growth,2022-11-28,184.1379,-0.0038959612805714583
120465,Nippon India Large Cap Fund - Direct Growth,2022-11-29,182.3121,-0.009915394929561061
120465,Nippon India Large Cap Fund - Direct Growth,2022-11-30,180.4367,-0.010286755514307577
120465,Nippon India Large Cap Fund - Direct Growth,2022-12-01,175.9406,-0.024917879788313613
120465,Nippon India Large Cap Fund - Direct Growth,2022-12-02,178.8387,0.01647203658507479
120465,Nippon India Large Cap Fund - Direct Growth,2022-12-03,177.4369,-0.007838348187500732
120465,Nippon India Large Cap Fund - Direct Growth,2022-12-04,179.985,0.014360598049222073
120465,Nippon India Large Cap Fund - Direct Growth,2022-12-05,182.3654,0.01322554657332553
120465,Nippon India Large Cap Fund - Direct Growth,2022-12-06,179.6241,-0.015031908465092614
120465,Nippon India Large Cap Fund - Direct Growth,2022-12-07,177.3499,-0.012660884591766952
120465,Nippon India Large Cap Fund - Direct Growth,2022-12-08,182.8701,0.03112603954104287
120465,Nippon India Large Cap Fund - Direct Growth,2022-12-09,186.7856,0.02141137342846089
120465,Nippon India Large Cap Fund - Direct Growth,2022-12-10,186.7897,2.1950300237438825e-05
120465,Nippon India Large Cap Fund - Direct Growth,2022-12-11,187.4413,0.003488415046440041
120465,Nippon India Large Cap Fund - Direct Growth,2022-12-12,186.0973,-0.007170244764627798
120465,Nippon India Large Cap Fund - Direct Growth,2022-12-13,187.1373,0.005588474416340361
120465,Nippon India Large Cap Fund - Direct Growth,2022-12-14,185.6016,-0.008206274216845166
120465,Nippon India Large Cap Fund - Direct Growth,2022-12-15,181.1493,-0.02398847854759867
120465,Nippon India Large Cap Fund - Direct Growth,2022-12-16,178.349,-0.01545851957473765
120465,Nippon India Large Cap Fund - Direct Growth,2022-12-17,178.4655,0.0006532136429135971
120465,Nippon India Large Cap Fund - Direct Growth,2022-12-18,176.1146,-0.013172854137074141
120465,Nippon India Large Cap Fund - Direct Growth,2022-12-19,176.0429,-0.00040712127217157335
120465,Nippon India Large Cap Fund - Direct Growth,2022-12-20,173.8431,-0.012495817780779683
120465,Nippon India Large Cap Fund - Direct Growth,2022-12-21,172.2806,-0.00898798974477566
120465,Nippon India Large Cap Fund - Direct Growth,2022-12-22,174.1133,0.010637877973492138
120465,Nippon India Large Cap Fund - Direct Growth,2022-12-23,174.7,0.0033696449380948845
120465,Nippon India Large Cap Fund - Direct Growth,2022-12-24,174.7496,0.00028391528334292815
120465,Nippon India Large Cap Fund - Direct Growth,2022-12-25,176.6627,0.010947664544010527
120465,Nippon India Large Cap Fund - Direct Growth,2022-12-26,177.7522,0.0061671196013646234
120465,Nippon India Large Cap Fund - Direct Growth,2022-12-27,180.9089,0.017758992575056753
120465,Nippon India Large Cap Fund - Direct Growth,2022-12-28,179.983,-0.00511804560195761
120465,Nippon India Large Cap Fund - Direct Growth,2022-12-29,179.1271,-0.004755449125750766
120465,Nippon India Large Cap Fund - Direct Growth,2022-12-30,176.402,-0.015213220110190107
120465,Nippon India Large Cap Fund - Direct Growth,2022-12-31,175.5645,-0.004747678597748162
120465,Nippon India Large Cap Fund - Direct Growth,2023-01-01,177.6673,0.011977364444406557
120465,Nippon India Large Cap Fund - Direct Growth,2023-01-02,180.5099,0.01599956773137201
120465,Nippon India Large Cap Fund - Direct Growth,2023-01-03,182.6622,0.011923445750066985
120465,Nippon India Large Cap Fund - Direct Growth,2023-01-04,178.8025,-0.021130261214416524
120465,Nippon India Large Cap Fund - Direct Growth,2023-01-05,181.198,0.01339746368199557
120465,Nippon India Large Cap Fund - Direct Growth,2023-01-06,177.2728,-0.02166249075596871
120465,Nippon India Large Cap Fund - Direct Growth,2023-01-07,179.2543,0.01117768772197425
120465,Nippon India Large Cap Fund - Direct Growth,2023-01-08,178.5349,-0.004013292847089289
120465,Nippon India Large Cap Fund - Direct Growth,2023-01-09,180.1114,0.008830206307002264
120465,Nippon India Large Cap Fund - Direct Growth,2023-01-10,177.3036,-0.015589240880921507
120465,Nippon India Large Cap Fund - Direct Growth,2023-01-11,179.8663,0.014453739235977148
120465,Nippon India Large Cap Fund - Direct Growth,2023-01-12,176.7763,-0.017179427163398597
120465,Nippon India Large Cap Fund - Direct Growth,2023-01-13,175.429,-0.007621496773040248
120465,Nippon India Large Cap Fund - Direct Growth,2023-01-14,173.398,-0.011577333280130442
120465,Nippon India Large Cap Fund - Direct Growth,2023-01-15,169.8171,-0.020651333925420068
120465,Nippon India Large Cap Fund - Direct Growth,2023-01-16,170.0777,0.0015345922171559057
120465,Nippon India Large Cap Fund - Direct Growth,2023-01-17,173.8318,0.022072852584436475
120465,Nippon India Large Cap Fund - Direct Growth,2023-01-18,179.4644,0.03240258686845565
120465,Nippon India Large Cap Fund - Direct Growth,2023-01-19,179.7454,0.001565770147171186
120465,Nippon India Large Cap Fund - Direct Growth,2023-01-20,182.2259,0.013800074994965161
120465,Nippon India Large Cap Fund - Direct Growth,2023-01-21,182.8063,0.0031850576674337105
120465,Nippon India Large Cap Fund - Direct Growth,2023-01-22,183.9738,0.006386541382873645
120465,Nippon India Large Cap Fund - Direct Growth,2023-01-23,183.292,-0.003705962479440106
120465,Nippon India Large Cap Fund - Direct Growth,2023-01-24,183.7944,0.00274098160312497
120465,Nippon India Large Cap Fund - Direct Growth,2023-01-25,185.0533,0.00684950139938989
120465,Nippon India Large Cap Fund - Direct Growth,2023-01-26,183.8428,-0.006541358624785332
120465,Nippon India Large Cap Fund - Direct Growth,2023-01-27,183.7454,-0.0005298004599583184
120465,Nippon India Large Cap Fund - Direct Growth,2023-01-28,183.6901,-0.0003009599151869713
120465,Nippon India Large Cap Fund - Direct Growth,2023-01-29,185.5852,0.010316832534796205
120465,Nippon India Large Cap Fund - Direct Growth,2023-01-30,183.2854,-0.012392151960393227
120465,Nippon India Large Cap Fund - Direct Growth,2023-01-31,183.2454,-0.00021823887772853823
120465,Nippon India Large Cap Fund - Direct Growth,2023-02-01,187.5231,0.02334410577291446
120465,Nippon India Large Cap Fund - Direct Growth,2023-02-02,190.2176,0.01436889641862793
120465,Nippon India Large Cap Fund - Direct Growth,2023-02-03,193.3733,0.01658994751274334
120465,Nippon India Large Cap Fund - Direct Growth,2023-02-04,193.5073,0.0006929601966765286
120465,Nippon India Large Cap Fund - Direct Growth,2023-02-05,194.3301,0.004252035969702472
120465,Nippon India Large Cap Fund - Direct Growth,2023-02-06,196.745,0.012426793378895074
120465,Nippon India Large Cap Fund - Direct Growth,2023-02-07,200.5074,0.019123230577651196
120465,Nippon India Large Cap Fund - Direct Growth,2023-02-08,195.8919,-0.02301910054192513
120465,Nippon India Large Cap Fund - Direct Growth,2023-02-09,192.878,-0.015385526405124472
120465,Nippon India Large Cap Fund - Direct Growth,2023-02-10,195.9859,0.0161132944140856
120465,Nippon India Large Cap Fund - Direct Growth,2023-02-11,195.4131,-0.0029226592321182077
120465,Nippon India Large Cap Fund - Direct Growth,2023-02-12,193.9161,-0.007660694190921635
120465,Nippon India Large Cap Fund - Direct Growth,2023-02-13,191.0752,-0.014650150245389626
120465,Nippon India Large Cap Fund - Direct Growth,2023-02-14,189.879,-0.006260362412285891
120465,Nippon India Large Cap Fund - Direct Growth,2023-02-15,186.7596,-0.016428357006303962
120465,Nippon India Large Cap Fund - Direct Growth,2023-02-16,191.5207,0.025493200884987965
120465,Nippon India Large Cap Fund - Direct Growth,2023-02-17,191.5457,0.00013053419290964818
120465,Nippon India Large Cap Fund - Direct Growth,2023-02-18,191.4891,-0.00029549084108915213
120465,Nippon India Large Cap Fund - Direct Growth,2023-02-19,192.917,0.007456821302100236
120465,Nippon India Large Cap Fund - Direct Growth,2023-02-20,195.222,0.011948143502127806
120465,Nippon India Large Cap Fund - Direct Growth,2023-02-21,197.516,0.0117507248158506
120465,Nippon India Large Cap Fund - Direct Growth,2023-02-22,200.1397,0.013283480831932648
120465,Nippon India Large Cap Fund - Direct Growth,2023-02-23,198.7047,-0.007169991760755168
120465,Nippon India Large Cap Fund - Direct Growth,2023-02-24,198.0739,-0.0031745600380865824
120465,Nippon India Large Cap Fund - Direct Growth,2023-02-25,199.981,0.009628224617175718
120465,Nippon India Large Cap Fund - Direct Growth,2023-02-26,198.7954,-0.005928563213505211
120465,Nippon India Large Cap Fund - Direct Growth,2023-02-27,198.8627,0.0003385390205206118
120465,Nippon India Large Cap Fund - Direct Growth,2023-02-28,199.8938,0.005184984413869609
120465,Nippon India Large Cap Fund - Direct Growth,2023-03-01,201.8572,0.009822215596481776
120465,Nippon India Large Cap Fund - Direct Growth,2023-03-02,197.6319,-0.020932124293807752
120465,Nippon India Large Cap Fund - Direct Growth,2023-03-03,199.406,0.008976789678184494
120465,Nippon India Large Cap Fund - Direct Growth,2023-03-04,198.9265,-0.0024046417861047775
120465,Nippon India Large Cap Fund - Direct Growth,2023-03-05,200.6949,0.008889715548204835
120465,Nippon India Large Cap Fund - Direct Growth,2023-03-06,202.6463,0.00972321668363274
120465,Nippon India Large Cap Fund - Direct Growth,2023-03-07,206.6374,0.019694906840144633
120465,Nippon India Large Cap Fund - Direct Growth,2023-03-08,210.0761,0.01664122758029274
120465,Nippon India Large Cap Fund - Direct Growth,2023-03-09,213.5547,0.01655876132506262
120465,Nippon India Large Cap Fund - Direct Growth,2023-03-10,217.3398,0.01772426455610665
120465,Nippon India Large Cap Fund - Direct Growth,2023-03-11,218.1867,0.0038966631974448607
120465,Nippon India Large Cap Fund - Direct Growth,2023-03-12,218.3582,0.0007860240793780005
120465,Nippon India Large Cap Fund - Direct Growth,2023-03-13,220.7326,0.01087387604404122
120465,Nippon India Large Cap Fund - Direct Growth,2023-03-14,222.76,0.009184868931911172
120465,Nippon India Large Cap Fund - Direct Growth,2023-03-15,222.0229,-0.0033089423594899747
120465,Nippon India Large Cap Fund - Direct Growth,2023-03-16,223.1903,0.005258016177610569
120465,Nippon India Large Cap Fund - Direct Growth,2023-03-17,223.1856,-2.105826283671508e-05
120465,Nippon India Large Cap Fund - Direct Growth,2023-03-18,220.9878,-0.00984740951029095
120465,Nippon India Large Cap Fund - Direct Growth,2023-03-19,224.4983,0.015885492321295658
120465,Nippon India Large Cap Fund - Direct Growth,2023-03-20,224.7368,0.001062368846445505
120465,Nippon India Large Cap Fund - Direct Growth,2023-03-21,230.3517,0.024984337233599607
120465,Nippon India Large Cap Fund - Direct Growth,2023-03-22,225.9506,-0.019106001822430607
120465,Nippon India Large Cap Fund - Direct Growth,2023-03-23,224.5313,-0.0062814615230055715
120465,Nippon India Large Cap Fund - Direct Growth,2023-03-24,224.7091,0.0007918717791239871
120465,Nippon India Large Cap Fund - Direct Growth,2023-03-25,227.8659,0.014048385223384363
120465,Nippon India Large Cap Fund - Direct Growth,2023-03-26,229.0494,0.005193844274198112
120465,Nippon India Large Cap Fund - Direct Growth,2023-03-27,229.9944,0.004125747546162684
120465,Nippon India Large Cap Fund - Direct Growth,2023-03-28,226.9752,-0.013127276142375743
120465,Nippon India Large Cap Fund - Direct Growth,2023-03-29,223.9148,-0.013483411403536594
120465,Nippon India Large Cap Fund - Direct Growth,2023-03-30,224.8709,0.004269927668916873
120465,Nippon India Large Cap Fund - Direct Growth,2023-03-31,221.2799,-0.015969162750716137
120465,Nippon India Large Cap Fund - Direct Growth,2023-04-01,219.9561,-0.005982468357948467
120465,Nippon India Large Cap Fund - Direct Growth,2023-04-02,221.3662,0.006410824705475271
120465,Nippon India Large Cap Fund - Direct Growth,2023-04-03,218.8453,-0.011387917396603386
120465,Nippon India Large Cap Fund - Direct Growth,2023-04-04,223.1487,0.01966411890042874
120465,Nippon India Large Cap Fund - Direct Growth,2023-04-05,226.5154,0.015087248995848901
120465,Nippon India Large Cap Fund - Direct Growth,2023-04-06,222.3346,-0.01845702323109155
120465,Nippon India Large Cap Fund - Direct Growth,2023-04-07,219.936,-0.010788244384814516
120465,Nippon India Large Cap Fund - Direct Growth,2023-04-08,213.9913,-0.02702922668412633
120465,Nippon India Large Cap Fund - Direct Growth,2023-04-09,212.0673,-0.00899101972837213
120465,Nippon India Large Cap Fund - Direct Growth,2023-04-10,214.1024,0.009596481871556817
120465,Nippon India Large Cap Fund - Direct Growth,2023-04-11,213.1247,-0.004566506494088851
120465,Nippon India Large Cap Fund - Direct Growth,2023-04-12,214.3884,0.005929392510581888
120465,Nippon India Large Cap Fund - Direct Growth,2023-04-13,210.5577,-0.017868037636364575
120465,Nippon India Large Cap Fund - Direct Growth,2023-04-14,212.6582,0.009975887844519526
120465,Nippon India Large Cap Fund - Direct Growth,2023-04-15,211.3267,-0.006261221058017075
120465,Nippon India Large Cap Fund - Direct Growth,2023-04-16,211.4421,0.0005460739225096045
120465,Nippon India Large Cap Fund - Direct Growth,2023-04-17,211.291,-0.0007146164363672769
120465,Nippon India Large Cap Fund - Direct Growth,2023-04-18,208.1515,-0.0148586546516416
120465,Nippon India Large Cap Fund - Direct Growth,2023-04-19,205.3546,-0.013436847680655672
120465,Nippon India Large Cap Fund - Direct Growth,2023-04-20,207.8216,0.012013366148116322
120465,Nippon India Large Cap Fund - Direct Growth,2023-04-21,208.8998,0.005188103642739694
120465,Nippon India Large Cap Fund - Direct Growth,2023-04-22,211.6156,0.013000491144558257
120465,Nippon India Large Cap Fund - Direct Growth,2023-04-23,212.5247,0.004295997081500635
120465,Nippon India Large Cap Fund - Direct Growth,2023-04-24,212.9744,0.002115989341474167
120465,Nippon India Large Cap Fund - Direct Growth,2023-04-25,208.6484,-0.020312300445499476
120465,Nippon India Large Cap Fund - Direct Growth,2023-04-26,208.0549,-0.002844498208469437
120465,Nippon India Large Cap Fund - Direct Growth,2023-04-27,208.0698,7.161571296787628e-05
120465,Nippon India Large Cap Fund - Direct Growth,2023-04-28,213.0296,0.023837193095778364
120465,Nippon India Large Cap Fund - Direct Growth,2023-04-29,214.8709,0.008643399790451811
120465,Nippon India Large Cap Fund - Direct Growth,2023-04-30,218.9175,0.018832703730472522
120465,Nippon India Large Cap Fund - Direct Growth,2023-05-01,220.5748,0.007570431783662901
120465,Nippon India Large Cap Fund - Direct Growth,2023-05-02,218.7803,-0.008135562176640354
120465,Nippon India Large Cap Fund - Direct Growth,2023-05-03,219.1753,0.0018054642031297696
120465,Nippon India Large Cap Fund - Direct Growth,2023-05-04,219.8843,0.0032348535624224795
120465,Nippon India Large Cap Fund - Direct Growth,2023-05-05,217.4942,-0.010869807439639834
120465,Nippon India Large Cap Fund - Direct Growth,2023-05-06,216.578,-0.00421252612713352
120465,Nippon India Large Cap Fund - Direct Growth,2023-05-07,216.1299,-0.002069000544838384
120465,Nippon India Large Cap Fund - Direct Growth,2023-05-08,220.3806,0.019667338947549684
120465,Nippon India Large Cap Fund - Direct Growth,2023-05-09,214.9661,-0.024568859509412233
120465,Nippon India Large Cap Fund - Direct Growth,2023-05-10,218.1626,0.014869786445397715
120465,Nippon India Large Cap Fund - Direct Growth,2023-05-11,215.7974,-0.010841454951490248
120465,Nippon India Large Cap Fund - Direct Growth,2023-05-12,212.3306,-0.01606506843919342
120465,Nippon India Large Cap Fund - Direct Growth,2023-05-13,215.422,0.014559371093944895
120465,Nippon India Large Cap Fund - Direct Growth,2023-05-14,217.4002,0.00918290610986805
120465,Nippon India Large Cap Fund - Direct Growth,2023-05-15,220.76,0.01545444760400394
120465,Nippon India Large Cap Fund - Direct Growth,2023-05-16,222.9695,0.010008606631636274
120465,Nippon India Large Cap Fund - Direct Growth,2023-05-17,228.5701,0.025118233659760625
120465,Nippon India Large Cap Fund - Direct Growth,2023-05-18,230.194,0.00710460379550959
120465,Nippon India Large Cap Fund - Direct Growth,2023-05-19,229.8538,-0.0014778838718645382
120465,Nippon India Large Cap Fund - Direct Growth,2023-05-20,230.8916,0.0045150439105206
120465,Nippon India Large Cap Fund - Direct Growth,2023-05-21,234.4292,0.015321475532241058
120465,Nippon India Large Cap Fund - Direct Growth,2023-05-22,232.3305,-0.00895238306490831
120465,Nippon India Large Cap Fund - Direct Growth,2023-05-23,230.606,-0.007422615627306839
120465,Nippon India Large Cap Fund - Direct Growth,2023-05-24,229.8433,-0.0033073727483239335
120465,Nippon India Large Cap Fund - Direct Growth,2023-05-25,224.1305,-0.02485519482186338
120465,Nippon India Large Cap Fund - Direct Growth,2023-05-26,224.5915,0.002056837422840685
120465,Nippon India Large Cap Fund - Direct Growth,2023-05-27,219.598,-0.022233699850617628
120465,Nippon India Large Cap Fund - Direct Growth,2023-05-28,219.8257,0.0010368946893870579
120465,Nippon India Large Cap Fund - Direct Growth,2023-05-29,222.1962,0.010783543507424165
120465,Nippon India Large Cap Fund - Direct Growth,2023-05-30,221.0136,-0.0053223232440519075
120465,Nippon India Large Cap Fund - Direct Growth,2023-05-31,225.55,0.020525433728965092
120465,Nippon India Large Cap Fund - Direct Growth,2023-06-01,221.6872,-0.017126136111726975
120465,Nippon India Large Cap Fund - Direct Growth,2023-06-02,224.9449,0.014695029753634792
120465,Nippon India Large Cap Fund - Direct Growth,2023-06-03,226.8573,0.00850163751211963
120465,Nippon India Large Cap Fund - Direct Growth,2023-06-04,222.2765,-0.020192429337737905
120465,Nippon India Large Cap Fund - Direct Growth,2023-06-05,229.596,0.03292970691908503
120465,Nippon India Large Cap Fund - Direct Growth,2023-06-06,229.5122,-0.0003649889370894721
120465,Nippon India Large Cap Fund - Direct Growth,2023-06-07,227.1873,-0.010129744736881108
120465,Nippon India Large Cap Fund - Direct Growth,2023-06-08,223.4421,-0.016485076410521105
120465,Nippon India Large Cap Fund - Direct Growth,2023-06-09,222.9415,-0.002240401428379113
120465,Nippon India Large Cap Fund - Direct Growth,2023-06-10,222.6898,-0.001128995723093329
120465,Nippon India Large Cap Fund - Direct Growth,2023-06-11,223.0532,0.0016318663899290708
120465,Nippon India Large Cap Fund - Direct Growth,2023-06-12,222.3453,-0.0031736823322866536
120465,Nippon India Large Cap Fund - Direct Growth,2023-06-13,224.1238,0.00799881985362405
120465,Nippon India Large Cap Fund - Direct Growth,2023-06-14,223.1709,-0.004251668051318047
120465,Nippon India Large Cap Fund - Direct Growth,2023-06-15,218.0782,-0.0228197314255576
120465,Nippon India Large Cap Fund - Direct Growth,2023-06-16,217.7746,-0.0013921611605378637
120465,Nippon India Large Cap Fund - Direct Growth,2023-06-17,211.6748,-0.028009694427173715
120465,Nippon India Large Cap Fund - Direct Growth,2023-06-18,212.6581,0.004645333313176625
120465,Nippon India Large Cap Fund - Direct Growth,2023-06-19,210.2441,-0.011351554443494005
120465,Nippon India Large Cap Fund - Direct Growth,2023-06-20,210.7403,0.0023601137915403303
120465,Nippon India Large Cap Fund - Direct Growth,2023-06-21,214.1477,0.016168715713131165
120465,Nippon India Large Cap Fund - Direct Growth,2023-06-22,211.7953,-0.010984941701451811
120465,Nippon India Large Cap Fund - Direct Growth,2023-06-23,214.5772,0.013134852378688278
120465,Nippon India Large Cap Fund - Direct Growth,2023-06-24,213.5471,-0.0048006032327758685
120465,Nippon India Large Cap Fund - Direct Growth,2023-06-25,218.1252,0.021438361841485953
120465,Nippon India Large Cap Fund - Direct Growth,2023-06-26,217.2567,-0.003981658240313379
120465,Nippon India Large Cap Fund - Direct Growth,2023-06-27,215.1524,-0.009685777239551108
120465,Nippon India Large Cap Fund - Direct Growth,2023-06-28,217.0128,0.008646894015590822
120465,Nippon India Large Cap Fund - Direct Growth,2023-06-29,215.9647,-0.004829669033347361
120465,Nippon India Large Cap Fund - Direct Growth,2023-06-30,213.8704,-0.009697418142872394
120465,Nippon India Large Cap Fund - Direct Growth,2023-07-01,212.7296,-0.005334071475061486
120465,Nippon India Large Cap Fund - Direct Growth,2023-07-02,212.7008,-0.00013538313427008397
120465,Nippon India Large Cap Fund - Direct Growth,2023-07-03,216.2117,0.016506284884683087
120465,Nippon India Large Cap Fund - Direct Growth,2023-07-04,211.2801,-0.022809126425628268
120465,Nippon India Large Cap Fund - Direct Growth,2023-07-05,211.4231,0.0006768266391392608
120465,Nippon India Large Cap Fund - Direct Growth,2023-07-06,213.0931,0.00789885305815674
120465,Nippon India Large Cap Fund - Direct Growth,2023-07-07,213.673,0.0027213457404300367
120465,Nippon India Large Cap Fund - Direct Growth,2023-07-08,217.1171,0.016118554988229672
120465,Nippon India Large Cap Fund - Direct Growth,2023-07-09,217.0102,-0.0004923610346674323
120465,Nippon India Large Cap Fund - Direct Growth,2023-07-10,216.6164,-0.0018146612463377787
120465,Nippon India Large Cap Fund - Direct Growth,2023-07-11,218.2427,0.007507741796096701
120465,Nippon India Large Cap Fund - Direct Growth,2023-07-12,218.5901,0.0015918058198509666
120465,Nippon India Large Cap Fund - Direct Growth,2023-07-13,217.6535,-0.004284732016683224
120465,Nippon India Large Cap Fund - Direct Growth,2023-07-14,219.0886,0.006593507570519241
120465,Nippon India Large Cap Fund - Direct Growth,2023-07-15,217.4607,-0.007430327273988735
120465,Nippon India Large Cap Fund - Direct Growth,2023-07-16,215.9528,-0.006934126488142511
120465,Nippon India Large Cap Fund - Direct Growth,2023-07-17,214.6709,-0.0059360193523770866
120465,Nippon India Large Cap Fund - Direct Growth,2023-07-18,218.2423,0.016636628439159695
120465,Nippon India Large Cap Fund - Direct Growth,2023-07-19,209.8941,-0.03825197956583115
120465,Nippon India Large Cap Fund - Direct Growth,2023-07-20,210.9745,0.005147357643688011
120465,Nippon India Large Cap Fund - Direct Growth,2023-07-21,211.1457,0.0008114724765315717
120465,Nippon India Large Cap Fund - Direct Growth,2023-07-22,206.9713,-0.019770234487370475
120465,Nippon India Large Cap Fund - Direct Growth,2023-07-23,207.8233,0.004116512772543768
120465,Nippon India Large Cap Fund - Direct Growth,2023-07-24,209.0929,0.006109035897322368
120465,Nippon India Large Cap Fund - Direct Growth,2023-07-25,210.656,0.00747562447122796
120465,Nippon India Large Cap Fund - Direct Growth,2023-07-26,204.0368,-0.03142184414400728
120465,Nippon India Large Cap Fund - Direct Growth,2023-07-27,207.4639,0.016796479850693657
120465,Nippon India Large Cap Fund - Direct Growth,2023-07-28,205.7102,-0.008453036889791488
120465,Nippon India Large Cap Fund - Direct Growth,2023-07-29,207.4873,0.008638852132757835
120465,Nippon India Large Cap Fund - Direct Growth,2023-07-30,209.4155,0.009293098902920738
120465,Nippon India Large Cap Fund - Direct Growth,2023-07-31,207.2961,-0.010120549816035607
120465,Nippon India Large Cap Fund - Direct Growth,2023-08-01,209.0219,0.008325289284265347
120465,Nippon India Large Cap Fund - Direct Growth,2023-08-02,208.1386,-0.004225872982687395
120465,Nippon India Large Cap Fund - Direct Growth,2023-08-03,203.0483,-0.024456299792542047
120465,Nippon India Large Cap Fund - Direct Growth,2023-08-04,205.9748,0.014412826898821507
120465,Nippon India Large Cap Fund - Direct Growth,2023-08-05,204.1415,-0.008900603374781713
120465,Nippon India Large Cap Fund - Direct Growth,2023-08-06,202.1299,-0.00985394934396
120465,Nippon India Large Cap Fund - Direct Growth,2023-08-07,201.2331,-0.004436750822119806
120465,Nippon India Large Cap Fund - Direct Growth,2023-08-08,201.971,0.003666891778738135
120465,Nippon India Large Cap Fund - Direct Growth,2023-08-09,201.913,-0.0002871699402389183
120465,Nippon India Large Cap Fund - Direct Growth,2023-08-10,203.3217,0.006976767221525959
120465,Nippon India Large Cap Fund - Direct Growth,2023-08-11,200.1349,-0.015673683625505808
120465,Nippon India Large Cap Fund - Direct Growth,2023-08-12,198.432,-0.008508760840812868
120465,Nippon India Large Cap Fund - Direct Growth,2023-08-13,198.2352,-0.0009917755200773426
120465,Nippon India Large Cap Fund - Direct Growth,2023-08-14,202.8292,0.023174491714892165
120465,Nippon India Large Cap Fund - Direct Growth,2023-08-15,202.6333,-0.0009658372660346082
120465,Nippon India Large Cap Fund - Direct Growth,2023-08-16,205.3532,0.013422769110506438
120465,Nippon India Large Cap Fund - Direct Growth,2023-08-17,205.5304,0.0008629035242693206
120465,Nippon India Large Cap Fund - Direct Growth,2023-08-18,204.4197,-0.005404066746330427
120465,Nippon India Large Cap Fund - Direct Growth,2023-08-19,203.8962,-0.0025609077794361834
120465,Nippon India Large Cap Fund - Direct Growth,2023-08-20,203.5657,-0.0016209228028771783
120465,Nippon India Large Cap Fund - Direct Growth,2023-08-21,205.1217,0.007643723869001473
120465,Nippon India Large Cap Fund - Direct Growth,2023-08-22,208.5873,0.016895335793336352
120465,Nippon India Large Cap Fund - Direct Growth,2023-08-23,209.571,0.004716010993957909
120465,Nippon India Large Cap Fund - Direct Growth,2023-08-24,212.6402,0.014645156056897202
120465,Nippon India Large Cap Fund - Direct Growth,2023-08-25,210.2634,-0.011177566612522005
120465,Nippon India Large Cap Fund - Direct Growth,2023-08-26,209.3013,-0.004575689349644252
120465,Nippon India Large Cap Fund - Direct Growth,2023-08-27,207.5659,-0.008291396183396804
120465,Nippon India Large Cap Fund - Direct Growth,2023-08-28,208.4321,0.004173132484670994
120465,Nippon India Large Cap Fund - Direct Growth,2023-08-29,207.6177,-0.003907267642555889
120465,Nippon India Large Cap Fund - Direct Growth,2023-08-30,209.5189,0.009157215401191632
120465,Nippon India Large Cap Fund - Direct Growth,2023-08-31,207.262,-0.010771820585159575
120465,Nippon India Large Cap Fund - Direct Growth,2023-09-01,207.4519,0.0009162316295316941
120465,Nippon India Large Cap Fund - Direct Growth,2023-09-02,209.2448,0.008642485318283377
120465,Nippon India Large Cap Fund - Direct Growth,2023-09-03,204.1427,-0.024383401642478097
120465,Nippon India Large Cap Fund - Direct Growth,2023-09-04,209.4217,0.02585936210307782
120465,Nippon India Large Cap Fund - Direct Growth,2023-09-05,208.7939,-0.0029977791222207673
120465,Nippon India Large Cap Fund - Direct Growth,2023-09-06,203.8036,-0.023900602460129483
120465,Nippon India Large Cap Fund - Direct Growth,2023-09-07,204.2718,0.0022973097629286343
120465,Nippon India Large Cap Fund - Direct Growth,2023-09-08,204.4355,0.000801383255055077
120465,Nippon India Large Cap Fund - Direct Growth,2023-09-09,204.3164,-0.000582579835693875
120465,Nippon India Large Cap Fund - Direct Growth,2023-09-10,206.8283,0.012294167281725832
120465,Nippon India Large Cap Fund - Direct Growth,2023-09-11,208.7661,0.009369124051205713
120465,Nippon India Large Cap Fund - Direct Growth,2023-09-12,209.5958,0.003974304257252426
120465,Nippon India Large Cap Fund - Direct Growth,2023-09-13,210.8118,0.005801642971853482
120465,Nippon India Large Cap Fund - Direct Growth,2023-09-14,210.6321,-0.0008524190771104223
120465,Nippon India Large Cap Fund - Direct Growth,2023-09-15,215.2041,0.02170609323080397
120465,Nippon India Large Cap Fund - Direct Growth,2023-09-16,211.4702,-0.017350505868614974
120465,Nippon India Large Cap Fund - Direct Growth,2023-09-17,211.9092,0.0020759426150824822
120465,Nippon India Large Cap Fund - Direct Growth,2023-09-18,212.1593,0.0011802224726440436
120465,Nippon India Large Cap Fund - Direct Growth,2023-09-19,214.3147,0.010159347245206618
120465,Nippon India Large Cap Fund - Direct Growth,2023-09-20,212.2302,-0.009726351015585943
120465,Nippon India Large Cap Fund - Direct Growth,2023-09-21,207.8744,-0.020523940513649697
120465,Nippon India Large Cap Fund - Direct Growth,2023-09-22,208.3487,0.0022816662369200547
120465,Nippon India Large Cap Fund - Direct Growth,2023-09-23,209.1352,0.0037749215617854937
120465,Nippon India Large Cap Fund - Direct Growth,2023-09-24,212.9572,0.018275259258125898
120465,Nippon India Large Cap Fund - Direct Growth,2023-09-25,209.796,-0.014844297351768398
120465,Nippon India Large Cap Fund - Direct Growth,2023-09-26,212.7869,0.014256229861389302
120465,Nippon India Large Cap Fund - Direct Growth,2023-09-27,218.9171,0.028809104319861722
120465,Nippon India Large Cap Fund - Direct Growth,2023-09-28,218.0123,-0.004133071377247388
120465,Nippon India Large Cap Fund - Direct Growth,2023-09-29,214.7222,-0.015091350350416088
120465,Nippon India Large Cap Fund - Direct Growth,2023-09-30,213.7595,-0.004483467475649872
120465,Nippon India Large Cap Fund - Direct Growth,2023-10-01,213.8809,0.0005679279751309441
120465,Nippon India Large Cap Fund - Direct Growth,2023-10-02,215.4135,0.00716567023983905
120465,Nippon India Large Cap Fund - Direct Growth,2023-10-03,213.9709,-0.006696887613821811
120465,Nippon India Large Cap Fund - Direct Growth,2023-10-04,218.0497,0.019062405214914646
120465,Nippon India Large Cap Fund - Direct Growth,2023-10-05,215.2206,-0.0129745649730314
120465,Nippon India Large Cap Fund - Direct Growth,2023-10-06,210.8149,-0.020470624094533707
120465,Nippon India Large Cap Fund - Direct Growth,2023-10-07,213.699,0.013680721808563057
120465,Nippon India Large Cap Fund - Direct Growth,2023-10-08,207.9515,-0.026895306014534492
120465,Nippon India Large Cap Fund - Direct Growth,2023-10-09,207.5253,-0.0020495163535729777
120465,Nippon India Large Cap Fund - Direct Growth,2023-10-10,215.3723,0.03781225710792846
120465,Nippon India Large Cap Fund - Direct Growth,2023-10-11,215.4273,0.0002553717446487358
120465,Nippon India Large Cap Fund - Direct Growth,2023-10-12,212.6161,-0.013049413885798167
120465,Nippon India Large Cap Fund - Direct Growth,2023-10-13,212.5547,-0.00028878339881122095
120465,Nippon India Large Cap Fund - Direct Growth,2023-10-14,212.5101,-0.00020982834065774725
120465,Nippon India Large Cap Fund - Direct Growth,2023-10-15,213.0048,0.002327889356788182
120465,Nippon India Large Cap Fund - Direct Growth,2023-10-16,214.7828,0.008347229733790096
120465,Nippon India Large Cap Fund - Direct Growth,2023-10-17,212.1905,-0.012069402205390878
120465,Nippon India Large Cap Fund - Direct Growth,2023-10-18,216.5724,0.0206507831406213
120465,Nippon India Large Cap Fund - Direct Growth,2023-10-19,217.296,0.003341145963197567
120465,Nippon India Large Cap Fund - Direct Growth,2023-10-20,219.2781,0.009121658935277166
120465,Nippon India Large Cap Fund - Direct Growth,2023-10-21,217.7129,-0.007137967722266825
120465,Nippon India Large Cap Fund - Direct Growth,2023-10-22,221.1607,0.015836452502355103
120465,Nippon India Large Cap Fund - Direct Growth,2023-10-23,220.567,-0.002684473326409198
120465,Nippon India Large Cap Fund - Direct Growth,2023-10-24,221.3899,0.0037308391554493614
120465,Nippon India Large Cap Fund - Direct Growth,2023-10-25,218.9995,-0.010797240524522578
120465,Nippon India Large Cap Fund - Direct Growth,2023-10-26,216.4672,-0.011563040098265143
120465,Nippon India Large Cap Fund - Direct Growth,2023-10-27,218.3415,0.008658586612660057
120465,Nippon India Large Cap Fund - Direct Growth,2023-10-28,217.2665,-0.004923479961436494
120465,Nippon India Large Cap Fund - Direct Growth,2023-10-29,215.1273,-0.009845972572854134
120465,Nippon India Large Cap Fund - Direct Growth,2023-10-30,213.553,-0.0073179926490035685
120465,Nippon India Large Cap Fund - Direct Growth,2023-10-31,215.4296,0.008787514106568306
120465,Nippon India Large Cap Fund - Direct Growth,2023-11-01,213.8896,-0.0071485069832557535
120465,Nippon India Large Cap Fund - Direct Growth,2023-11-02,213.6732,-0.0010117368960435025
120465,Nippon India Large Cap Fund - Direct Growth,2023-11-03,213.7972,0.0005803254689871196
120465,Nippon India Large Cap Fund - Direct Growth,2023-11-04,208.9636,-0.022608340988562903
120465,Nippon India Large Cap Fund - Direct Growth,2023-11-05,205.3582,-0.01725372265791747
120465,Nippon India Large Cap Fund - Direct Growth,2023-11-06,206.269,0.004435177168479187
120465,Nippon India Large Cap Fund - Direct Growth,2023-11-07,204.5272,-0.008444313008741045
120465,Nippon India Large Cap Fund - Direct Growth,2023-11-08,207.2026,0.013080900731051948
120465,Nippon India Large Cap Fund - Direct Growth,2023-11-09,209.6894,0.012001779900445264
120465,Nippon India Large Cap Fund - Direct Growth,2023-11-10,211.5829,0.009030022499945112
120465,Nippon India Large Cap Fund - Direct Growth,2023-11-11,216.2879,0.02223714676375077
120465,Nippon India Large Cap Fund - Direct Growth,2023-11-12,216.1588,-0.0005968896087112929
120465,Nippon India Large Cap Fund - Direct Growth,2023-11-13,217.9284,0.008186573944710895
120465,Nippon India Large Cap Fund - Direct Growth,2023-11-14,216.4873,-0.006612722343668831
120465,Nippon India Large Cap Fund - Direct Growth,2023-11-15,222.9448,0.02982853959562526
120465,Nippon India Large Cap Fund - Direct Growth,2023-11-16,228.3409,0.02420374908946088
120465,Nippon India Large Cap Fund - Direct Growth,2023-11-17,228.4648,0.0005426097558518528
120465,Nippon India Large Cap Fund - Direct Growth,2023-11-18,229.616,0.005038850623816149
120465,Nippon India Large Cap Fund - Direct Growth,2023-11-19,233.4532,0.016711378997979143
120465,Nippon India Large Cap Fund - Direct Growth,2023-11-20,233.1344,-0.001365584194176872
120465,Nippon India Large Cap Fund - Direct Growth,2023-11-21,231.3907,-0.007479376702880347
120465,Nippon India Large Cap Fund - Direct Growth,2023-11-22,233.9101,0.0108880780428946
120465,Nippon India Large Cap Fund - Direct Growth,2023-11-23,234.2238,0.0013411135303691424
120465,Nippon India Large Cap Fund - Direct Growth,2023-11-24,234.8318,0.002595807940952044
120465,Nippon India Large Cap Fund - Direct Growth,2023-11-25,232.5748,-0.009611134437499391
120465,Nippon India Large Cap Fund - Direct Growth,2023-11-26,227.874,-0.020211992012892255
120465,Nippon India Large Cap Fund - Direct Growth,2023-11-27,228.6109,0.0032338046464273074
120465,Nippon India Large Cap Fund - Direct Growth,2023-11-28,231.185,0.011259743083116502
120465,Nippon India Large Cap Fund - Direct Growth,2023-11-29,230.651,-0.0023098384410752404
120465,Nippon India Large Cap Fund - Direct Growth,2023-11-30,234.719,0.01763703604146527
120465,Nippon India Large Cap Fund - Direct Growth,2023-12-01,232.8302,-0.008047069048521815
120465,Nippon India Large Cap Fund - Direct Growth,2023-12-03,229.883,-0.012658151734611711
120465,Nippon India Large Cap Fund - Direct Growth,2023-12-04,229.7471,-0.0005911702909742189
120465,Nippon India Large Cap Fund - Direct Growth,2023-12-05,231.9618,0.009639729946536946
120465,Nippon India Large Cap Fund - Direct Growth,2023-12-06,229.8974,-0.008899741250499082
120465,Nippon India Large Cap Fund - Direct Growth,2023-12-07,233.7636,0.01681706709166786
120465,Nippon India Large Cap Fund - Direct Growth,2023-12-08,239.3746,0.024002881543576438
120465,Nippon India Large Cap Fund - Direct Growth,2023-12-09,239.3579,-6.976512963352555e-05
120465,Nippon India Large Cap Fund - Direct Growth,2023-12-10,243.0432,0.015396609011024909
120465,Nippon India Large Cap Fund - Direct Growth,2023-12-11,240.0591,-0.012278064146620915
120465,Nippon India Large Cap Fund - Direct Growth,2023-12-12,243.2525,0.013302557578529717
120465,Nippon India Large Cap Fund - Direct Growth,2023-12-13,246.4068,0.012967184304375046
120465,Nippon India Large Cap Fund - Direct Growth,2023-12-14,249.0584,0.010761066658874663
120465,Nippon India Large Cap Fund - Direct Growth,2023-12-15,249.1115,0.00021320300780858226
120465,Nippon India Large Cap Fund - Direct Growth,2023-12-16,240.3799,-0.035050971151472377
120465,Nippon India Large Cap Fund - Direct Growth,2023-12-17,238.625,-0.007300527207141694
120465,Nippon India Large Cap Fund - Direct Growth,2023-12-18,236.9281,-0.007111157674174917
120465,Nippon India Large Cap Fund - Direct Growth,2023-12-19,234.2416,-0.011338882977578457
120465,Nippon India Large Cap Fund - Direct Growth,2023-12-20,234.6789,0.0018668759093174447
120465,Nippon India Large Cap Fund - Direct Growth,2023-12-21,233.5929,-0.004627599669165039
120465,Nippon India Large Cap Fund - Direct Growth,2023-12-22,231.3749,-0.009495151607775698
120465,Nippon India Large Cap Fund - Direct Growth,2023-12-23,228.5277,-0.012305569878150124
120465,Nippon India Large Cap Fund - Direct Growth,2023-12-24,226.6569,-0.008186316144607408
120465,Nippon India Large Cap Fund - Direct Growth,2023-12-25,229.7979,0.013857950055789159
120465,Nippon India Large Cap Fund - Direct Growth,2023-12-26,228.067,-0.00753227074746976
120465,Nippon India Large Cap Fund - Direct Growth,2023-12-27,226.7489,-0.005779442006077273
120465,Nippon India Large Cap Fund - Direct Growth,2023-12-28,225.5969,-0.005080509762120045
120465,Nippon India Large Cap Fund - Direct Growth,2023-12-29,226.6048,0.004467703235283782
120465,Nippon India Large Cap Fund - Direct Growth,2023-12-30,227.9361,0.005874985878498551
120465,Nippon India Large Cap Fund - Direct Growth,2023-12-31,219.6994,-0.03613600478379697
120465,Nippon India Large Cap Fund - Direct Growth,2024-01-01,222.4807,0.012659570303787948
120465,Nippon India Large Cap Fund - Direct Growth,2024-01-02,226.4045,0.017636586004988297
120465,Nippon India Large Cap Fund - Direct Growth,2024-01-03,223.6419,-0.01220205428779031
120465,Nippon India Large Cap Fund - Direct Growth,2024-01-04,221.122,-0.011267566587477518
120465,Nippon India Large Cap Fund - Direct Growth,2024-01-05,220.0157,-0.0050031204493447
120465,Nippon India Large Cap Fund - Direct Growth,2024-01-06,218.1077,-0.008672108399537026
120465,Nippon India Large Cap Fund - Direct Growth,2024-01-07,218.781,0.003087007015341481
120465,Nippon India Large Cap Fund - Direct Growth,2024-01-08,213.7582,-0.022958117935287015
120465,Nippon India Large Cap Fund - Direct Growth,2024-01-09,210.9761,-0.013015173219085852
120465,Nippon India Large Cap Fund - Direct Growth,2024-01-10,214.9573,0.018870383896564702
120465,Nippon India Large Cap Fund - Direct Growth,2024-01-11,212.649,-0.010738411768290712
120465,Nippon India Large Cap Fund - Direct Growth,2024-01-12,215.907,0.015321021965774673
120465,Nippon India Large Cap Fund - Direct Growth,2024-01-13,216.914,0.004664045167595221
120465,Nippon India Large Cap Fund - Direct Growth,2024-01-14,212.2913,-0.021311210894640165
120465,Nippon India Large Cap Fund - Direct Growth,2024-01-15,213.9947,0.00802388039453339
120465,Nippon India Large Cap Fund - Direct Growth,2024-01-16,213.7781,-0.0010121746005858911
120465,Nippon India Large Cap Fund - Direct Growth,2024-01-17,212.6952,-0.005065532905381809
120465,Nippon India Large Cap Fund - Direct Growth,2024-01-18,213.4055,0.0033395205909676484
120465,Nippon India Large Cap Fund - Direct Growth,2024-01-19,214.7063,0.006095438027604816
120465,Nippon India Large Cap Fund - Direct Growth,2024-01-20,216.6153,0.008891215581471101
120465,Nippon India Large Cap Fund - Direct Growth,2024-01-21,219.7647,0.01453913920207861
120465,Nippon India Large Cap Fund - Direct Growth,2024-01-22,220.9289,0.005297484081838499
120465,Nippon India Large Cap Fund - Direct Growth,2024-01-23,217.3703,-0.016107444521744396
120465,Nippon India Large Cap Fund - Direct Growth,2024-01-24,216.2218,-0.005283610502446634
120465,Nippon India Large Cap Fund - Direct Growth,2024-01-25,223.9445,0.03571656511970578
120465,Nippon India Large Cap Fund - Direct Growth,2024-01-26,225.981,0.009093771001297046
120465,Nippon India Large Cap Fund - Direct Growth,2024-01-27,232.4964,0.028831627437704954
120465,Nippon India Large Cap Fund - Direct Growth,2024-01-28,236.4826,0.017145211710805075
120465,Nippon India Large Cap Fund - Direct Growth,2024-01-29,237.2634,0.003301722832884879
120465,Nippon India Large Cap Fund - Direct Growth,2024-01-30,238.2165,0.004017054463520298
120465,Nippon India Large Cap Fund - Direct Growth,2024-01-31,238.2072,-3.904011686850506e-05
120465,Nippon India Large Cap Fund - Direct Growth,2024-02-01,233.335,-0.02045362188884292
120465,Nippon India Large Cap Fund - Direct Growth,2024-02-02,233.4789,0.0006167098806437732
120465,Nippon India Large Cap Fund - Direct Growth,2024-02-03,236.9643,0.01492811555990703
120465,Nippon India Large Cap Fund - Direct Growth,2024-02-04,235.354,-0.006795538399666068
120465,Nippon India Large Cap Fund - Direct Growth,2024-02-05,236.6116,0.005343440094495833
120465,Nippon India Large Cap Fund - Direct Growth,2024-02-06,239.1242,0.010619090526415409
120465,Nippon India Large Cap Fund - Direct Growth,2024-02-07,236.6095,-0.010516292370241098
120465,Nippon India Large Cap Fund - Direct Growth,2024-02-08,235.4228,-0.005015436827346287
120465,Nippon India Large Cap Fund - Direct Growth,2024-02-09,232.6413,-0.011814913423848439
120465,Nippon India Large Cap Fund - Direct Growth,2024-02-10,230.4391,-0.009466075026231424
120465,Nippon India Large Cap Fund - Direct Growth,2024-02-11,226.9707,-0.015051265171578954
120465,Nippon India Large Cap Fund - Direct Growth,2024-02-12,224.609,-0.010405307821670262
120465,Nippon India Large Cap Fund - Direct Growth,2024-02-13,228.5247,0.01743340649751346
120465,Nippon India Large Cap Fund - Direct Growth,2024-02-14,226.1056,-0.010585726619485758
120465,Nippon India Large Cap Fund - Direct Growth,2024-02-15,226.5392,0.001917688018341801
120465,Nippon India Large Cap Fund - Direct Growth,2024-02-16,225.2628,-0.005634344961048643
120465,Nippon India Large Cap Fund - Direct Growth,2024-02-17,228.5396,0.014546565167440129
120465,Nippon India Large Cap Fund - Direct Growth,2024-02-18,232.2268,0.016133746624217293
120465,Nippon India Large Cap Fund - Direct Growth,2024-02-19,234.7276,0.010768782931168897
120465,Nippon India Large Cap Fund - Direct Growth,2024-02-20,235.6838,0.004073658146719783
120465,Nippon India Large Cap Fund - Direct Growth,2024-02-21,235.1246,-0.0023726705017484973
120465,Nippon India Large Cap Fund - Direct Growth,2024-02-22,231.8558,-0.013902415995604045
120465,Nippon India Large Cap Fund - Direct Growth,2024-02-23,237.356,0.023722503383568627
120465,Nippon India Large Cap Fund - Direct Growth,2024-02-24,235.2872,-0.008716021503564209
120465,Nippon India Large Cap Fund - Direct Growth,2024-02-25,237.2551,0.008363820896334362
120465,Nippon India Large Cap Fund - Direct Growth,2024-02-26,240.3667,0.013114997317233756
120465,Nippon India Large Cap Fund - Direct Growth,2024-02-27,238.8612,-0.0062633467947099675
120465,Nippon India Large Cap Fund - Direct Growth,2024-02-28,241.932,0.012856001728200228
120465,Nippon India Large Cap Fund - Direct Growth,2024-02-29,244.2474,0.009570457814592537
120465,Nippon India Large Cap Fund - Direct Growth,2024-03-01,249.4097,0.02113553716436689
120465,Nippon India Large Cap Fund - Direct Growth,2024-03-02,248.1047,-0.005232354635765879
120465,Nippon India Large Cap Fund - Direct Growth,2024-03-03,244.3756,-0.01503034807482495
120465,Nippon India Large Cap Fund - Direct Growth,2024-03-04,242.991,-0.005665868441857458
120465,Nippon India Large Cap Fund - Direct Growth,2024-03-05,243.6972,0.002906280479523904
120465,Nippon India Large Cap Fund - Direct Growth,2024-03-06,243.9649,0.0010984943610348186
120465,Nippon India Large Cap Fund - Direct Growth,2024-03-07,242.9107,-0.004321113406067889
120465,Nippon India Large Cap Fund - Direct Growth,2024-03-08,237.4427,-0.02251032992782942
120465,Nippon India Large Cap Fund - Direct Growth,2024-03-09,238.8782,0.006045669123539987
120465,Nippon India Large Cap Fund - Direct Growth,2024-03-10,244.6276,0.024068332731911113
120465,Nippon India Large Cap Fund - Direct Growth,2024-03-11,246.0883,0.005971116914035957
120465,Nippon India Large Cap Fund - Direct Growth,2024-03-12,247.9855,0.007709427876091635
120465,Nippon India Large Cap Fund - Direct Growth,2024-03-13,249.7882,0.007269376636940494
120465,Nippon India Large Cap Fund - Direct Growth,2024-03-14,251.0782,0.005164375258719378
120465,Nippon India Large Cap Fund - Direct Growth,2024-03-15,253.9857,0.011580057527893706
120465,Nippon India Large Cap Fund - Direct Growth,2024-03-16,255.2923,0.005144384112963918
120465,Nippon India Large Cap Fund - Direct Growth,2024-03-17,254.4365,-0.0033522358488682347
120465,Nippon India Large Cap Fund - Direct Growth,2024-03-18,252.1079,-0.009151988806637368
120465,Nippon India Large Cap Fund - Direct Growth,2024-03-19,251.4555,-0.0025877808668430813
120465,Nippon India Large Cap Fund - Direct Growth,2024-03-20,252.504,0.004169723867642583
120465,Nippon India Large Cap Fund - Direct Growth,2024-03-21,251.6473,-0.003392817539524029
120465,Nippon India Large Cap Fund - Direct Growth,2024-03-22,252.6972,0.004172109138464775
120465,Nippon India Large Cap Fund - Direct Growth,2024-03-23,254.1299,0.005669631479889636
120465,Nippon India Large Cap Fund - Direct Growth,2024-03-24,256.7724,0.01039822547445235
120465,Nippon India Large Cap Fund - Direct Growth,2024-03-25,260.8277,0.015793364084301764
120465,Nippon India Large Cap Fund - Direct Growth,2024-03-26,261.1762,0.0013361310934383308
120465,Nippon India Large Cap Fund - Direct Growth,2024-03-27,257.1819,-0.015293506835615256
120465,Nippon India Large Cap Fund - Direct Growth,2024-03-28,256.2197,-0.0037413208316758872
120465,Nippon India Large Cap Fund - Direct Growth,2024-03-29,256.4577,0.0009288903234216939
120465,Nippon India Large Cap Fund - Direct Growth,2024-03-30,250.9107,-0.021629297931003766
120465,Nippon India Large Cap Fund - Direct Growth,2024-03-31,255.1922,0.017063839844215556
120465,Nippon India Large Cap Fund - Direct Growth,2024-04-01,255.7303,0.0021086067677615894
120465,Nippon India Large Cap Fund - Direct Growth,2024-04-02,257.0029,0.00497633639815076
120465,Nippon India Large Cap Fund - Direct Growth,2024-04-03,261.317,0.016786191906783987
120465,Nippon India Large Cap Fund - Direct Growth,2024-04-04,259.4455,-0.007161799653294776
120465,Nippon India Large Cap Fund - Direct Growth,2024-04-05,261.3365,0.00728862130967789
120465,Nippon India Large Cap Fund - Direct Growth,2024-04-06,261.0965,-0.0009183562188979089
120465,Nippon India Large Cap Fund - Direct Growth,2024-04-07,260.6242,-0.001808909732608499
120465,Nippon India Large Cap Fund - Direct Growth,2024-04-08,258.3134,-0.00886640611270928
120465,Nippon India Large Cap Fund - Direct Growth,2024-04-09,263.5797,0.020387250525911504
120465,Nippon India Large Cap Fund - Direct Growth,2024-04-10,262.4974,-0.0041061584029421505
120465,Nippon India Large Cap Fund - Direct Growth,2024-04-11,264.8057,0.008793610908146121
120465,Nippon India Large Cap Fund - Direct Growth,2024-04-12,258.9535,-0.022099977455168007
120465,Nippon India Large Cap Fund - Direct Growth,2024-04-13,262.7238,0.014559756867545515
120465,Nippon India Large Cap Fund - Direct Growth,2024-04-14,266.1462,0.013026608171776033
120465,Nippon India Large Cap Fund - Direct Growth,2024-04-15,266.5638,0.0015690624175734857
120465,Nippon India Large Cap Fund - Direct Growth,2024-04-16,265.9445,-0.0023232712018661505
120465,Nippon India Large Cap Fund - Direct Growth,2024-04-17,267.3274,0.005199957133913413
120465,Nippon India Large Cap Fund - Direct Growth,2024-04-18,274.7766,0.027865456365490315
120465,Nippon India Large Cap Fund - Direct Growth,2024-04-19,269.0726,-0.020758681780034927
120465,Nippon India Large Cap Fund - Direct Growth,2024-04-20,271.7053,0.009784348164770362
120465,Nippon India Large Cap Fund - Direct Growth,2024-04-21,268.8417,-0.010539360108176132
120465,Nippon India Large Cap Fund - Direct Growth,2024-04-22,268.885,0.000161061323447953
120465,Nippon India Large Cap Fund - Direct Growth,2024-04-23,268.1927,-0.002574706658980519
120465,Nippon India Large Cap Fund - Direct Growth,2024-04-24,266.9215,-0.0047398754701377666
120465,Nippon India Large Cap Fund - Direct Growth,2024-04-25,266.9947,0.00027423793137693053
120465,Nippon India Large Cap Fund - Direct Growth,2024-04-26,263.4677,-0.013210000048690218
120465,Nippon India Large Cap Fund - Direct Growth,2024-04-27,266.827,0.012750329547037476
120465,Nippon India Large Cap Fund - Direct Growth,2024-04-28,261.189,-0.021129795710329025
120465,Nippon India Large Cap Fund - Direct Growth,2024-04-29,262.9852,0.006877012431610874
120465,Nippon India Large Cap Fund - Direct Growth,2024-04-30,262.0599,-0.0035184489469368696
120465,Nippon India Large Cap Fund - Direct Growth,2024-05-01,258.4825,-0.01365107748266714
120465,Nippon India Large Cap Fund - Direct Growth,2024-05-02,259.2136,0.002828431325137881
120465,Nippon India Large Cap Fund - Direct Growth,2024-05-03,254.4743,-0.01828337710675665
120465,Nippon India Large Cap Fund - Direct Growth,2024-05-04,254.6974,0.0008767093572905615
120465,Nippon India Large Cap Fund - Direct Growth,2024-05-05,250.4504,-0.016674689258704634
120465,Nippon India Large Cap Fund - Direct Growth,2024-05-06,251.9369,0.005935306950997088
120465,Nippon India Large Cap Fund - Direct Growth,2024-05-07,249.2431,-0.010692359872650714
120465,Nippon India Large Cap Fund - Direct Growth,2024-05-08,247.9939,-0.005011974253249174
120465,Nippon India Large Cap Fund - Direct Growth,2024-05-09,248.9679,0.0039275159590619335
120465,Nippon India Large Cap Fund - Direct Growth,2024-05-10,246.7594,-0.008870621473691886
120465,Nippon India Large Cap Fund - Direct Growth,2024-05-11,246.6865,-0.00029542947502714245
120465,Nippon India Large Cap Fund - Direct Growth,2024-05-12,242.3039,-0.01776586882541198
120465,Nippon India Large Cap Fund - Direct Growth,2024-05-13,244.2352,0.007970569190178134
120465,Nippon India Large Cap Fund - Direct Growth,2024-05-14,249.5055,0.021578789625738004
120465,Nippon India Large Cap Fund - Direct Growth,2024-05-15,257.9654,0.03390666738809345
120465,Nippon India Large Cap Fund - Direct Growth,2024-05-16,258.3508,0.0014939988075919342
120465,Nippon India Large Cap Fund - Direct Growth,2024-05-17,260.8977,0.009858301193570895
120465,Nippon India Large Cap Fund - Direct Growth,2024-05-18,255.4273,-0.020967605310433846
120465,Nippon India Large Cap Fund - Direct Growth,2024-05-19,260.1355,0.018432642086417372
120465,Nippon India Large Cap Fund - Direct Growth,2024-05-20,262.6626,0.00971455260816012
120465,Nippon India Large Cap Fund - Direct Growth,2024-05-21,261.2423,-0.005407317219885854
120465,Nippon India Large Cap Fund - Direct Growth,2024-05-22,265.2252,0.015245999595011828
120465,Nippon India Large Cap Fund - Direct Growth,2024-05-23,264.5214,-0.0026535940023796334
120465,Nippon India Large Cap Fund - Direct Growth,2024-05-24,263.1733,-0.005096374055180597
120465,Nippon India Large Cap Fund - Direct Growth,2024-05-25,264.7797,0.006103962674025132
120465,Nippon India Large Cap Fund - Direct Growth,2024-05-26,261.507,-0.012360086517206548
120465,Nippon India Large Cap Fund - Direct Growth,2024-05-27,264.8175,0.01265931695901057
120465,Nippon India Large Cap Fund - Direct Growth,2024-05-28,261.5677,-0.012271847593153806
120465,Nippon India Large Cap Fund - Direct Growth,2024-05-29,258.3764,-0.012200665449136117
120465,Nippon India Large Cap Fund - Direct Growth,2024-05-30,255.6592,-0.010516440356007739
120465,Nippon India Large Cap Fund - Direct Growth,2024-05-31,258.0915,0.009513837170733508
120465,Nippon India Large Cap Fund - Direct Growth,2024-06-01,256.2845,-0.0070013929168532
120465,Nippon India Large Cap Fund - Direct Growth,2024-06-02,252.2414,-0.015775827254476904
120465,Nippon India Large Cap Fund - Direct Growth,2024-06-03,250.509,-0.006868024043634402
120465,Nippon India Large Cap Fund - Direct Growth,2024-06-04,250.5129,1.5568302935253797e-05
120465,Nippon India Large Cap Fund - Direct Growth,2024-06-05,247.0629,-0.013771745886139941
120465,Nippon India Large Cap Fund - Direct Growth,2024-06-06,243.7473,-0.013420064283225064
120465,Nippon India Large Cap Fund - Direct Growth,2024-06-07,250.0203,0.025735669687418028
120465,Nippon India Large Cap Fund - Direct Growth,2024-06-08,247.5384,-0.009926793944331713
120465,Nippon India Large Cap Fund - Direct Growth,2024-06-09,246.6778,-0.003476632312400807
120465,Nippon India Large Cap Fund - Direct Growth,2024-06-10,245.6894,-0.004006846177483259
120465,Nippon India Large Cap Fund - Direct Growth,2024-06-11,244.5454,-0.004656285537756211
120465,Nippon India Large Cap Fund - Direct Growth,2024-06-12,246.4666,0.007856209930753089
120465,Nippon India Large Cap Fund - Direct Growth,2024-06-13,249.3694,0.011777660745918572
120465,Nippon India Large Cap Fund - Direct Growth,2024-06-14,248.5536,-0.0032714519102986506
120465,Nippon India Large Cap Fund - Direct Growth,2024-06-15,244.965,-0.014437932099957473
120465,Nippon India Large Cap Fund - Direct Growth,2024-06-16,248.8093,0.0156932623027779
120465,Nippon India Large Cap Fund - Direct Growth,2024-06-17,248.6242,-0.0007439432529250389
120465,Nippon India Large Cap Fund - Direct Growth,2024-06-18,253.886,0.021163667897171612
120465,Nippon India Large Cap Fund - Direct Growth,2024-06-19,247.1461,-0.026546954144773705
120465,Nippon India Large Cap Fund - Direct Growth,2024-06-20,247.8245,0.0027449350809096718
120465,Nippon India Large Cap Fund - Direct Growth,2024-06-21,253.6294,0.023423430693898295
120465,Nippon India Large Cap Fund - Direct Growth,2024-06-22,252.6557,-0.003839065975789868
120465,Nippon India Large Cap Fund - Direct Growth,2024-06-23,252.0731,-0.0023059048341279587
120465,Nippon India Large Cap Fund - Direct Growth,2024-06-24,253.0678,0.003946077546552962
120465,Nippon India Large Cap Fund - Direct Growth,2024-06-25,251.4721,-0.006305424870331144
120465,Nippon India Large Cap Fund - Direct Growth,2024-06-26,250.631,-0.003344705038849316
120465,Nippon India Large Cap Fund - Direct Growth,2024-06-27,249.7152,-0.0036539773611404813
120465,Nippon India Large Cap Fund - Direct Growth,2024-06-28,247.935,-0.007128921267107513
120465,Nippon India Large Cap Fund - Direct Growth,2024-06-29,251.6903,0.015146308508278361
120465,Nippon India Large Cap Fund - Direct Growth,2024-06-30,253.1836,0.005933085224182344
120465,Nippon India Large Cap Fund - Direct Growth,2024-07-01,254.0463,0.003407408694718006
120465,Nippon India Large Cap Fund - Direct Growth,2024-07-02,256.6129,0.010102882820966164
120465,Nippon India Large Cap Fund - Direct Growth,2024-07-03,255.9015,-0.0027722690480487255
120465,Nippon India Large Cap Fund - Direct Growth,2024-07-04,253.6264,-0.008890530145387987
120465,Nippon India Large Cap Fund - Direct Growth,2024-07-05,251.8938,-0.006831307781839713
120465,Nippon India Large Cap Fund - Direct Growth,2024-07-06,251.9999,0.00042120925564659295
120465,Nippon India Large Cap Fund - Direct Growth,2024-07-07,248.8976,-0.012310719170920303
120465,Nippon India Large Cap Fund - Direct Growth,2024-07-08,247.503,-0.005603107462667456
120465,Nippon India Large Cap Fund - Direct Growth,2024-07-09,246.0691,-0.005793465129715569
120465,Nippon India Large Cap Fund - Direct Growth,2024-07-10,252.441,0.025894758829938525
120465,Nippon India Large Cap Fund - Direct Growth,2024-07-11,244.1393,-0.03288570398627799
120465,Nippon India Large Cap Fund - Direct Growth,2024-07-12,243.7107,-0.0017555551277487202
120465,Nippon India Large Cap Fund - Direct Growth,2024-07-13,248.855,0.02110822380798205
120465,Nippon India Large Cap Fund - Direct Growth,2024-07-14,249.3184,0.001862128548753228
120465,Nippon India Large Cap Fund - Direct Growth,2024-07-15,251.6722,0.009440939778211366
120465,Nippon India Large Cap Fund - Direct Growth,2024-07-16,252.0744,0.0015981105580988864
120465,Nippon India Large Cap Fund - Direct Growth,2024-07-17,250.1566,-0.0076080712678479046
120465,Nippon India Large Cap Fund - Direct Growth,2024-07-18,243.5267,-0.026502998521725996
120465,Nippon India Large Cap Fund - Direct Growth,2024-07-19,244.2245,0.002865394225766593
120465,Nippon India Large Cap Fund - Direct Growth,2024-07-20,242.0491,-0.008907378252386633
120465,Nippon India Large Cap Fund - Direct Growth,2024-07-21,239.8213,-0.009203917717520937
120465,Nippon India Large Cap Fund - Direct Growth,2024-07-22,238.4812,-0.005587910665149409
120465,Nippon India Large Cap Fund - Direct Growth,2024-07-23,243.57,0.021338369649263722
120465,Nippon India Large Cap Fund - Direct Growth,2024-07-24,250.6964,0.0292581188159462
120465,Nippon India Large Cap Fund - Direct Growth,2024-07-25,251.4501,0.003006425301679494
120465,Nippon India Large Cap Fund - Direct Growth,2024-07-26,250.1483,-0.00517717034115317
120465,Nippon India Large Cap Fund - Direct Growth,2024-07-27,246.7146,-0.013726657346861959
120465,Nippon India Large Cap Fund - Direct Growth,2024-07-28,248.2004,0.00602234322573536
120465,Nippon India Large Cap Fund - Direct Growth,2024-07-29,253.6099,0.02179488832411236
120465,Nippon India Large Cap Fund - Direct Growth,2024-07-30,252.9586,-0.002568117411820392
120465,Nippon India Large Cap Fund - Direct Growth,2024-07-31,245.8383,-0.028148084311029553
120465,Nippon India Large Cap Fund - Direct Growth,2024-08-01,247.9133,0.00844050743923952
120465,Nippon India Large Cap Fund - Direct Growth,2024-08-02,250.944,0.012224838280156858
120465,Nippon India Large Cap Fund - Direct Growth,2024-08-03,246.2689,-0.01863005292017339
120465,Nippon India Large Cap Fund - Direct Growth,2024-08-04,246.889,0.0025179793307235077
120465,Nippon India Large Cap Fund - Direct Growth,2024-08-05,248.3246,0.005814758859244318
120465,Nippon India Large Cap Fund - Direct Growth,2024-08-06,248.2061,-0.00047719799005019325
120465,Nippon India Large Cap Fund - Direct Growth,2024-08-07,245.9501,-0.009089220611419258
120465,Nippon India Large Cap Fund - Direct Growth,2024-08-08,249.0469,0.01259117194910675
120465,Nippon India Large Cap Fund - Direct Growth,2024-08-09,247.941,-0.0044405290730380464
120465,Nippon India Large Cap Fund - Direct Growth,2024-08-10,243.6213,-0.017422289980277617
120465,Nippon India Large Cap Fund - Direct Growth,2024-08-11,237.7272,-0.024193697349123355
120465,Nippon India Large Cap Fund - Direct Growth,2024-08-12,241.4191,0.015529985630588161
120465,Nippon India Large Cap Fund - Direct Growth,2024-08-13,243.3022,0.007800128490248026
120465,Nippon India Large Cap Fund - Direct Growth,2024-08-14,243.6564,0.001455802701331832
120465,Nippon India Large Cap Fund - Direct Growth,2024-08-15,242.4666,-0.004883105881889338
120465,Nippon India Large Cap Fund - Direct Growth,2024-08-16,241.0244,-0.005948035729457124
120465,Nippon India Large Cap Fund - Direct Growth,2024-08-17,238.0095,-0.012508692066031557
120465,Nippon India Large Cap Fund - Direct Growth,2024-08-18,236.8724,-0.004777540392295276
120465,Nippon India Large Cap Fund - Direct Growth,2024-08-19,230.9409,-0.025040908100732673
120465,Nippon India Large Cap Fund - Direct Growth,2024-08-20,228.9934,-0.008432893437238631
120465,Nippon India Large Cap Fund - Direct Growth,2024-08-21,228.2306,-0.003331100372325091
120465,Nippon India Large Cap Fund - Direct Growth,2024-08-22,229.9922,0.007718509262123474
120465,Nippon India Large Cap Fund - Direct Growth,2024-08-23,229.974,-7.913311842755455e-05
120465,Nippon India Large Cap Fund - Direct Growth,2024-08-24,232.2597,0.00993894962039188
120465,Nippon India Large Cap Fund - Direct Growth,2024-08-25,236.1128,0.01658961929254188
120465,Nippon India Large Cap Fund - Direct Growth,2024-08-26,239.2054,0.013097976899177022
120465,Nippon India Large Cap Fund - Direct Growth,2024-08-27,240.6517,0.006046268186253423
120465,Nippon India Large Cap Fund - Direct Growth,2024-08-28,240.7822,0.0005422774906638228
120465,Nippon India Large Cap Fund - Direct Growth,2024-08-29,238.0446,-0.011369611208801977
120465,Nippon India Large Cap Fund - Direct Growth,2024-08-30,240.2535,0.009279353532909429
120465,Nippon India Large Cap Fund - Direct Growth,2024-08-31,245.1924,0.020557036630059367
120465,Nippon India Large Cap Fund - Direct Growth,2024-09-01,246.2971,0.0045054414410887755
120465,Nippon India Large Cap Fund - Direct Growth,2024-09-02,252.0622,0.023407096551278928
120465,Nippon India Large Cap Fund - Direct Growth,2024-09-03,247.5486,-0.017906691284928833
120465,Nippon India Large Cap Fund - Direct Growth,2024-09-04,244.2191,-0.013449884184358107
120465,Nippon India Large Cap Fund - Direct Growth,2024-09-05,246.8231,0.010662556696016123
120465,Nippon India Large Cap Fund - Direct Growth,2024-09-06,247.7046,0.003571383715705645
120465,Nippon India Large Cap Fund - Direct Growth,2024-09-07,251.7088,0.016165222607896546
120465,Nippon India Large Cap Fund - Direct Growth,2024-09-08,251.7628,0.00021453361980183772
120465,Nippon India Large Cap Fund - Direct Growth,2024-09-09,249.2412,-0.010015776754945582
120465,Nippon India Large Cap Fund - Direct Growth,2024-09-10,248.7021,-0.002162965031463515
120465,Nippon India Large Cap Fund - Direct Growth,2024-09-11,244.2274,-0.01799220834886406
120465,Nippon India Large Cap Fund - Direct Growth,2024-09-12,241.0175,-0.0131430789501914
120465,Nippon India Large Cap Fund - Direct Growth,2024-09-13,243.9264,0.01206924808364529
120465,Nippon India Large Cap Fund - Direct Growth,2024-09-14,246.5787,0.010873361800936676
120465,Nippon India Large Cap Fund - Direct Growth,2024-09-15,247.7514,0.004755885240695923
120465,Nippon India Large Cap Fund - Direct Growth,2024-09-16,242.7337,-0.02025296325267989
120465,Nippon India Large Cap Fund - Direct Growth,2024-09-17,241.7868,-0.0039009828466339824
120465,Nippon India Large Cap Fund - Direct Growth,2024-09-18,238.3292,-0.014300201665268797
120465,Nippon India Large Cap Fund - Direct Growth,2024-09-19,241.7894,0.014518573468966567
120465,Nippon India Large Cap Fund - Direct Growth,2024-09-20,240.1925,-0.006604507889924061
120465,Nippon India Large Cap Fund - Direct Growth,2024-09-21,237.1591,-0.012629037126471454
120465,Nippon India Large Cap Fund - Direct Growth,2024-09-22,237.3388,0.000757719185137784
120465,Nippon India Large Cap Fund - Direct Growth,2024-09-23,235.6105,-0.0072819951899983915
120465,Nippon India Large Cap Fund - Direct Growth,2024-09-24,239.8998,0.01820504603996853
120465,Nippon India Large Cap Fund - Direct Growth,2024-09-25,237.8804,-0.008417681048504377
120465,Nippon India Large Cap Fund - Direct Growth,2024-09-26,233.9814,-0.016390589556768864
120465,Nippon India Large Cap Fund - Direct Growth,2024-09-27,228.0301,-0.025434927733572033
120465,Nippon India Large Cap Fund - Direct Growth,2024-09-28,228.0371,3.069770175079256e-05
120465,Nippon India Large Cap Fund - Direct Growth,2024-09-29,226.5906,-0.006343266073809972
120465,Nippon India Large Cap Fund - Direct Growth,2024-09-30,222.7959,-0.01674694360666329
120465,Nippon India Large Cap Fund - Direct Growth,2024-10-01,226.0645,0.014670826527777292
120465,Nippon India Large Cap Fund - Direct Growth,2024-10-02,227.965,0.008406892723094472
120465,Nippon India Large Cap Fund - Direct Growth,2024-10-03,227.979,6.141293619643662e-05
120465,Nippon India Large Cap Fund - Direct Growth,2024-10-04,231.8026,0.016771720202299223
120465,Nippon India Large Cap Fund - Direct Growth,2024-10-05,233.7383,0.008350639725352549
120465,Nippon India Large Cap Fund - Direct Growth,2024-10-06,231.5238,-0.00947427101164
120465,Nippon India Large Cap Fund - Direct Growth,2024-10-07,228.7292,-0.01207046532581102
120465,Nippon India Large Cap Fund - Direct Growth,2024-10-08,231.0658,0.010215573700253389
120465,Nippon India Large Cap Fund - Direct Growth,2024-10-09,232.2573,0.005156539825452278
120465,Nippon India Large Cap Fund - Direct Growth,2024-10-10,232.8233,0.002436952466079667
120465,Nippon India Large Cap Fund - Direct Growth,2024-10-11,230.5514,-0.009758043975839126
120465,Nippon India Large Cap Fund - Direct Growth,2024-10-12,232.3256,0.007695464004989772
120465,Nippon India Large Cap Fund - Direct Growth,2024-10-13,230.3123,-0.008665855161893554
120465,Nippon India Large Cap Fund - Direct Growth,2024-10-14,230.1226,-0.0008236642159362706
120465,Nippon India Large Cap Fund - Direct Growth,2024-10-15,234.2103,0.01776314016963121
120465,Nippon India Large Cap Fund - Direct Growth,2024-10-16,232.4467,-0.00752998480425493
120465,Nippon India Large Cap Fund - Direct Growth,2024-10-17,228.152,-0.018476063544890065
120465,Nippon India Large Cap Fund - Direct Growth,2024-10-18,225.3616,-0.012230442862652846
120465,Nippon India Large Cap Fund - Direct Growth,2024-10-19,228.1407,0.012331737083868699
120465,Nippon India Large Cap Fund - Direct Growth,2024-10-20,228.9293,0.0034566388198160602
120465,Nippon India Large Cap Fund - Direct Growth,2024-10-21,228.6668,-0.0011466422166145351
120465,Nippon India Large Cap Fund - Direct Growth,2024-10-22,227.3613,-0.005709180344501186
120465,Nippon India Large Cap Fund - Direct Growth,2024-10-23,228.7765,0.006224454205707053
120465,Nippon India Large Cap Fund - Direct Growth,2024-10-24,226.5369,-0.009789467012564668
120465,Nippon India Large Cap Fund - Direct Growth,2024-10-25,227.4584,0.004067769974781088
120465,Nippon India Large Cap Fund - Direct Growth,2024-10-26,225.5534,-0.008375157831058355
120465,Nippon India Large Cap Fund - Direct Growth,2024-10-27,223.214,-0.01037182325781838
120465,Nippon India Large Cap Fund - Direct Growth,2024-10-28,221.5957,-0.007249993279991429
120465,Nippon India Large Cap Fund - Direct Growth,2024-10-29,220.6861,-0.00410477279116872
120465,Nippon India Large Cap Fund - Direct Growth,2024-10-30,220.6451,-0.00018578424286797013
120465,Nippon India Large Cap Fund - Direct Growth,2024-10-31,221.3568,0.0032255418316562423
120465,Nippon India Large Cap Fund - Direct Growth,2024-11-01,211.648,-0.04386040998062857
120465,Nippon India Large Cap Fund - Direct Growth,2024-11-02,209.6814,-0.009291843060175387
120465,Nippon India Large Cap Fund - Direct Growth,2024-11-03,208.78,-0.0042989030023644625
120465,Nippon India Large Cap Fund - Direct Growth,2024-11-04,212.6342,0.018460580515375025
120465,Nippon India Large Cap Fund - Direct Growth,2024-11-05,209.9635,-0.012560067947677167
120465,Nippon India Large Cap Fund - Direct Growth,2024-11-06,210.4577,0.0023537424361852466
120465,Nippon India Large Cap Fund - Direct Growth,2024-11-07,214.3176,0.01834050262831921
120465,Nippon India Large Cap Fund - Direct Growth,2024-11-08,211.0266,-0.015355715069597653
120465,Nippon India Large Cap Fund - Direct Growth,2024-11-09,212.1087,0.00512778957723814
120465,Nippon India Large Cap Fund - Direct Growth,2024-11-10,210.1515,-0.00922734428149341
120465,Nippon India Large Cap Fund - Direct Growth,2024-11-11,208.963,-0.005655443810774652
120465,Nippon India Large Cap Fund - Direct Growth,2024-11-12,207.0327,-0.00923752051798643
120465,Nippon India Large Cap Fund - Direct Growth,2024-11-13,205.2973,-0.008382250726576057
120465,Nippon India Large Cap Fund - Direct Growth,2024-11-14,212.085,0.03306278260844153
120465,Nippon India Large Cap Fund - Direct Growth,2024-11-15,214.319,0.010533512506777809
120465,Nippon India Large Cap Fund - Direct Growth,2024-11-16,217.2382,0.01362081756633815
120465,Nippon India Large Cap Fund - Direct Growth,2024-11-17,218.6077,0.006304139879634407
120465,Nippon India Large Cap Fund - Direct Growth,2024-11-18,214.4815,-0.018874906968052718
120465,Nippon India Large Cap Fund - Direct Growth,2024-11-19,215.5838,0.005139370994701187
120465,Nippon India Large Cap Fund - Direct Growth,2024-11-20,218.4457,0.013275116219307659
120465,Nippon India Large Cap Fund - Direct Growth,2024-11-21,216.296,-0.009840889520828289
120465,Nippon India Large Cap Fund - Direct Growth,2024-11-22,218.8881,0.011984040389096506
120465,Nippon India Large Cap Fund - Direct Growth,2024-11-23,220.8257,0.00885201159862059
120465,Nippon India Large Cap Fund - Direct Growth,2024-11-24,225.8218,0.022624631100456094
120465,Nippon India Large Cap Fund - Direct Growth,2024-11-25,224.78,-0.004613372136791027
120465,Nippon India Large Cap Fund - Direct Growth,2024-11-26,221.9093,-0.012771154017261366
120465,Nippon India Large Cap Fund - Direct Growth,2024-11-27,221.0351,-0.003939447332761636
120465,Nippon India Large Cap Fund - Direct Growth,2024-11-28,224.9313,0.01762706466077102
120465,Nippon India Large Cap Fund - Direct Growth,2024-11-29,220.0861,-0.021540799346289274
120465,Nippon India Large Cap Fund - Direct Growth,2024-11-30,214.7115,-0.024420442726732827
120465,Nippon India Large Cap Fund - Direct Growth,2024-12-01,215.0277,0.0014726737971650916
120465,Nippon India Large Cap Fund - Direct Growth,2024-12-02,213.9717,-0.0049109951880618175
120465,Nippon India Large Cap Fund - Direct Growth,2024-12-03,214.0771,0.0004925885058630897
120465,Nippon India Large Cap Fund - Direct Growth,2024-12-04,216.5912,0.011743899744531161
120465,Nippon India Large Cap Fund - Direct Growth,2024-12-05,215.2417,-0.006230631715415824
120465,Nippon India Large Cap Fund - Direct Growth,2024-12-06,210.49,-0.022076112574840323
120465,Nippon India Large Cap Fund - Direct Growth,2024-12-07,215.7383,0.024933726067746687
120465,Nippon India Large Cap Fund - Direct Growth,2024-12-08,213.2429,-0.011566791802846366
120465,Nippon India Large Cap Fund - Direct Growth,2024-12-09,210.6182,-0.012308498899611608
120465,Nippon India Large Cap Fund - Direct Growth,2024-12-10,213.492,0.013644594816592193
120465,Nippon India Large Cap Fund - Direct Growth,2024-12-11,212.5924,-0.004213741030108853
120465,Nippon India Large Cap Fund - Direct Growth,2024-12-12,212.5157,-0.00036078429896835296
120465,Nippon India Large Cap Fund - Direct Growth,2024-12-13,213.8319,0.006193424768146549
120465,Nippon India Large Cap Fund - Direct Growth,2024-12-14,216.6979,0.013403051649449882
120465,Nippon India Large Cap Fund - Direct Growth,2024-12-15,215.9175,-0.003601327008706634
120465,Nippon India Large Cap Fund - Direct Growth,2024-12-16,219.9421,0.01863952667106661
120465,Nippon India Large Cap Fund - Direct Growth,2024-12-17,214.393,-0.025229821848568368
120465,Nippon India Large Cap Fund - Direct Growth,2024-12-18,216.4335,0.009517568204185922
120465,Nippon India Large Cap Fund - Direct Growth,2024-12-19,214.3397,-0.009674103130984824
120465,Nippon India Large Cap Fund - Direct Growth,2024-12-20,217.955,0.01686715060252486
120465,Nippon India Large Cap Fund - Direct Growth,2024-12-21,218.4137,0.0021045628684819295
120465,Nippon India Large Cap Fund - Direct Growth,2024-12-22,216.7374,-0.0076748848629916155
120465,Nippon India Large Cap Fund - Direct Growth,2024-12-23,218.548,0.008353888161434009
120465,Nippon India Large Cap Fund - Direct Growth,2024-12-24,220.9779,0.011118381316690185
120465,Nippon India Large Cap Fund - Direct Growth,2024-12-25,222.7684,0.008102620216772882
120465,Nippon India Large Cap Fund - Direct Growth,2024-12-26,220.1049,-0.011956363649422541
120465,Nippon India Large Cap Fund - Direct Growth,2024-12-27,218.9145,-0.005408330300688324
120465,Nippon India Large Cap Fund - Direct Growth,2024-12-28,218.9914,0.00035127869556372815
120465,Nippon India Large Cap Fund - Direct Growth,2024-12-29,218.9706,-9.498089879333982e-05
120465,Nippon India Large Cap Fund - Direct Growth,2024-12-30,221.0283,0.009397151946425764
120465,Nippon India Large Cap Fund - Direct Growth,2024-12-31,215.7725,-0.023778855467829207
120503,Mirae Asset Large Cap Fund - Direct Growth,2022-01-01,174.0374,0.0
120503,Mirae Asset Large Cap Fund - Direct Growth,2022-01-02,169.9339,-0.023578265361353323
120503,Mirae Asset Large Cap Fund - Direct Growth,2022-01-03,171.8705,0.011396195814961096
120503,Mirae Asset Large Cap Fund - Direct Growth,2022-01-04,172.6539,0.004558082975263389
120503,Mirae Asset Large Cap Fund - Direct Growth,2022-01-05,174.7907,0.01237620464988054
120503,Mirae Asset Large Cap Fund - Direct Growth,2022-01-06,168.7858,-0.03435480262965929
120503,Mirae Asset Large Cap Fund - Direct Growth,2022-01-07,173.0832,0.025460672639523008
120503,Mirae Asset Large Cap Fund - Direct Growth,2022-01-08,172.8625,-0.0012751093115911383
120503,Mirae Asset Large Cap Fund - Direct Growth,2022-01-09,175.2304,0.013698170511244445
120503,Mirae Asset Large Cap Fund - Direct Growth,2022-01-10,173.1138,-0.012078954336690484
120503,Mirae Asset Large Cap Fund - Direct Growth,2022-01-11,174.456,0.007753281367516518
120503,Mirae Asset Large Cap Fund - Direct Growth,2022-01-12,172.3205,-0.01224090888246876
120503,Mirae Asset Large Cap Fund - Direct Growth,2022-01-13,171.0996,-0.00708505372256929
120503,Mirae Asset Large Cap Fund - Direct Growth,2022-01-14,175.0979,0.023368260358294313
120503,Mirae Asset Large Cap Fund - Direct Growth,2022-01-15,174.7673,-0.0018880866075492442
120503,Mirae Asset Large Cap Fund - Direct Growth,2022-01-16,175.2932,0.003009144159119126
120503,Mirae Asset Large Cap Fund - Direct Growth,2022-01-17,177.1935,0.010840694333835943
120503,Mirae Asset Large Cap Fund - Direct Growth,2022-01-18,178.3184,0.006348427002119239
120503,Mirae Asset Large Cap Fund - Direct Growth,2022-01-19,178.7116,0.002205044459797856
120503,Mirae Asset Large Cap Fund - Direct Growth,2022-01-20,179.5658,0.004779768073253088
120503,Mirae Asset Large Cap Fund - Direct Growth,2022-01-21,184.8165,0.029241091566434063
120503,Mirae Asset Large Cap Fund - Direct Growth,2022-01-22,184.7626,-0.00029164062732489615
120503,Mirae Asset Large Cap Fund - Direct Growth,2022-01-23,185.2824,0.002813339929184755
120503,Mirae Asset Large Cap Fund - Direct Growth,2022-01-24,187.6925,0.013007711471785699
120503,Mirae Asset Large Cap Fund - Direct Growth,2022-01-25,190.2576,0.013666502390878632
120503,Mirae Asset Large Cap Fund - Direct Growth,2022-01-26,193.0438,0.014644355862788228
120503,Mirae Asset Large Cap Fund - Direct Growth,2022-01-27,194.6007,0.008065009080840735
120503,Mirae Asset Large Cap Fund - Direct Growth,2022-01-28,192.0094,-0.013315984988748752
120503,Mirae Asset Large Cap Fund - Direct Growth,2022-01-29,195.8498,0.020001104112611134
120503,Mirae Asset Large Cap Fund - Direct Growth,2022-01-30,193.234,-0.013356153542153137
120503,Mirae Asset Large Cap Fund - Direct Growth,2022-01-31,194.013,0.004031381640912102
120503,Mirae Asset Large Cap Fund - Direct Growth,2022-02-01,192.3345,-0.008651482117177811
120503,Mirae Asset Large Cap Fund - Direct Growth,2022-02-02,192.2634,-0.0003696684682155116
120503,Mirae Asset Large Cap Fund - Direct Growth,2022-02-03,193.0988,0.004345080759000419
120503,Mirae Asset Large Cap Fund - Direct Growth,2022-02-04,193.9207,0.00425637031405679
120503,Mirae Asset Large Cap Fund - Direct Growth,2022-02-05,194.9801,0.005463057837559182
120503,Mirae Asset Large Cap Fund - Direct Growth,2022-02-06,198.8338,0.019764581103404844
120503,Mirae Asset Large Cap Fund - Direct Growth,2022-02-07,199.9955,0.00584256801409011
120503,Mirae Asset Large Cap Fund - Direct Growth,2022-02-08,199.4895,-0.0025300569262808326
120503,Mirae Asset Large Cap Fund - Direct Growth,2022-02-09,201.8772,0.011969051002684417
120503,Mirae Asset Large Cap Fund - Direct Growth,2022-02-10,204.8395,0.014673771976231098
120503,Mirae Asset Large Cap Fund - Direct Growth,2022-02-11,201.9039,-0.01433122029686651
120503,Mirae Asset Large Cap Fund - Direct Growth,2022-02-12,203.4321,0.0075689474051763295
120503,Mirae Asset Large Cap Fund - Direct Growth,2022-02-13,205.2252,0.008814243179911196
120503,Mirae Asset Large Cap Fund - Direct Growth,2022-02-14,204.5745,-0.0031706632518813116
120503,Mirae Asset Large Cap Fund - Direct Growth,2022-02-15,208.0335,0.01690826569293824
120503,Mirae Asset Large Cap Fund - Direct Growth,2022-02-16,207.7421,-0.0014007359391636776
120503,Mirae Asset Large Cap Fund - Direct Growth,2022-02-17,208.1382,0.001906691036626773
120503,Mirae Asset Large Cap Fund - Direct Growth,2022-02-18,207.7892,-0.0016767705303496472
120503,Mirae Asset Large Cap Fund - Direct Growth,2022-02-19,207.9112,0.0005871334987574972
120503,Mirae Asset Large Cap Fund - Direct Growth,2022-02-20,205.2592,-0.012755445594080594
120503,Mirae Asset Large Cap Fund - Direct Growth,2022-02-21,201.7943,-0.01688060754402243
120503,Mirae Asset Large Cap Fund - Direct Growth,2022-02-22,205.7362,0.019534248489675
120503,Mirae Asset Large Cap Fund - Direct Growth,2022-02-23,203.7275,-0.009763473807720802
120503,Mirae Asset Large Cap Fund - Direct Growth,2022-02-24,201.3853,-0.011496729700212205
120503,Mirae Asset Large Cap Fund - Direct Growth,2022-02-25,196.2619,-0.025440784406806305
120503,Mirae Asset Large Cap Fund - Direct Growth,2022-02-26,194.8356,-0.007267330031962338
120503,Mirae Asset Large Cap Fund - Direct Growth,2022-02-27,191.8201,-0.01547715099293967
120503,Mirae Asset Large Cap Fund - Direct Growth,2022-02-28,195.6765,0.020104253933763916
120503,Mirae Asset Large Cap Fund - Direct Growth,2022-03-01,198.1259,0.012517599200721596
120503,Mirae Asset Large Cap Fund - Direct Growth,2022-03-02,196.5691,-0.007857629921176446
120503,Mirae Asset Large Cap Fund - Direct Growth,2022-03-03,201.9608,0.027429031317740327
120503,Mirae Asset Large Cap Fund - Direct Growth,2022-03-04,204.4209,0.012181076723799755
120503,Mirae Asset Large Cap Fund - Direct Growth,2022-03-05,203.7058,-0.003498174599563808
120503,Mirae Asset Large Cap Fund - Direct Growth,2022-03-06,197.6776,-0.029592677282630153
120503,Mirae Asset Large Cap Fund - Direct Growth,2022-03-07,203.1911,0.02789137464234681
120503,Mirae Asset Large Cap Fund - Direct Growth,2022-03-08,199.8842,-0.01627482699783611
120503,Mirae Asset Large Cap Fund - Direct Growth,2022-03-09,196.0175,-0.01934470058163662
120503,Mirae Asset Large Cap Fund - Direct Growth,2022-03-10,198.5012,0.012670807453416089
120503,Mirae Asset Large Cap Fund - Direct Growth,2022-03-11,204.3921,0.02967689867869816
120503,Mirae Asset Large Cap Fund - Direct Growth,2022-03-12,207.8691,0.01701142069580963
120503,Mirae Asset Large Cap Fund - Direct Growth,2022-03-13,209.3589,0.007167010392598039
120503,Mirae Asset Large Cap Fund - Direct Growth,2022-03-14,210.9368,0.007536818353554686
120503,Mirae Asset Large Cap Fund - Direct Growth,2022-03-15,213.1814,0.010641101979360634
120503,Mirae Asset Large Cap Fund - Direct Growth,2022-03-16,215.2081,0.00950692696454758
120503,Mirae Asset Large Cap Fund - Direct Growth,2022-03-17,216.0204,0.0037744861833732823
120503,Mirae Asset Large Cap Fund - Direct Growth,2022-03-18,216.3769,0.0016503071006257475
120503,Mirae Asset Large Cap Fund - Direct Growth,2022-03-19,216.3009,-0.00035123897236721824
120503,Mirae Asset Large Cap Fund - Direct Growth,2022-03-20,214.4304,-0.008647675529782961
120503,Mirae Asset Large Cap Fund - Direct Growth,2022-03-21,213.7939,-0.002968329117513102
120503,Mirae Asset Large Cap Fund - Direct Growth,2022-03-22,209.5361,-0.01991544192795025
120503,Mirae Asset Large Cap Fund - Direct Growth,2022-03-23,209.3726,-0.0007802951376875145
120503,Mirae Asset Large Cap Fund - Direct Growth,2022-03-24,206.9725,-0.011463295579268729
120503,Mirae Asset Large Cap Fund - Direct Growth,2022-03-25,204.3143,-0.012843252122866522
120503,Mirae Asset Large Cap Fund - Direct Growth,2022-03-26,204.8371,0.00255880278570797
120503,Mirae Asset Large Cap Fund - Direct Growth,2022-03-27,208.3406,0.01710383519391745
120503,Mirae Asset Large Cap Fund - Direct Growth,2022-03-28,210.7198,0.011419761678712614
120503,Mirae Asset Large Cap Fund - Direct Growth,2022-03-29,206.8329,-0.01844582236695369
120503,Mirae Asset Large Cap Fund - Direct Growth,2022-03-30,204.4594,-0.01147544708796333
120503,Mirae Asset Large Cap Fund - Direct Growth,2022-03-31,206.8494,0.011689362289041272
120503,Mirae Asset Large Cap Fund - Direct Growth,2022-04-01,204.4934,-0.011389929098174822
120503,Mirae Asset Large Cap Fund - Direct Growth,2022-04-02,204.024,-0.0022954286055197892
120503,Mirae Asset Large Cap Fund - Direct Growth,2022-04-03,205.4523,0.00700064698270797
120503,Mirae Asset Large Cap Fund - Direct Growth,2022-04-04,203.1471,-0.011220122627004003
120503,Mirae Asset Large Cap Fund - Direct Growth,2022-04-05,203.4852,0.0016643112306304886
120503,Mirae Asset Large Cap Fund - Direct Growth,2022-04-06,200.3091,-0.015608506171456149
120503,Mirae Asset Large Cap Fund - Direct Growth,2022-04-07,198.9437,-0.006816465153105855
120503,Mirae Asset Large Cap Fund - Direct Growth,2022-04-08,199.7867,0.00423737972099647
120503,Mirae Asset Large Cap Fund - Direct Growth,2022-04-09,196.0475,-0.018715960571949908
120503,Mirae Asset Large Cap Fund - Direct Growth,2022-04-10,197.1622,0.005685866945510654
120503,Mirae Asset Large Cap Fund - Direct Growth,2022-04-11,197.1946,0.0001643317025270541
120503,Mirae Asset Large Cap Fund - Direct Growth,2022-04-12,198.5809,0.007030111372218206
120503,Mirae Asset Large Cap Fund - Direct Growth,2022-04-13,199.1939,0.0030869031210958298
120503,Mirae Asset Large Cap Fund - Direct Growth,2022-04-14,202.5343,0.016769589831816978
120503,Mirae Asset Large Cap Fund - Direct Growth,2022-04-15,202.9197,0.0019028875602800088
120503,Mirae Asset Large Cap Fund - Direct Growth,2022-04-16,201.9552,-0.004753111698864165
120503,Mirae Asset Large Cap Fund - Direct Growth,2022-04-17,202.3324,0.0018677409643328424
120503,Mirae Asset Large Cap Fund - Direct Growth,2022-04-18,203.7325,0.0069198012775015805
120503,Mirae Asset Large Cap Fund - Direct Growth,2022-04-19,203.9334,0.0009860969653836538
120503,Mirae Asset Large Cap Fund - Direct Growth,2022-04-20,204.1143,0.0008870543030223832
120503,Mirae Asset Large Cap Fund - Direct Growth,2022-04-21,202.4765,-0.00802393560862713
120503,Mirae Asset Large Cap Fund - Direct Growth,2022-04-22,200.9468,-0.007554950821453299
120503,Mirae Asset Large Cap Fund - Direct Growth,2022-04-23,197.645,-0.016431214629941793
120503,Mirae Asset Large Cap Fund - Direct Growth,2022-04-24,201.8736,0.021394925244756946
120503,Mirae Asset Large Cap Fund - Direct Growth,2022-04-25,198.9411,-0.014526416529947461
120503,Mirae Asset Large Cap Fund - Direct Growth,2022-04-26,197.3665,-0.007914905466995026
120503,Mirae Asset Large Cap Fund - Direct Growth,2022-04-27,195.744,-0.008220746681934399
120503,Mirae Asset Large Cap Fund - Direct Growth,2022-04-28,197.9244,0.011139038744482521
120503,Mirae Asset Large Cap Fund - Direct Growth,2022-04-29,197.303,-0.00313958258809921
120503,Mirae Asset Large Cap Fund - Direct Growth,2022-04-30,200.3361,0.015372802238181826
120503,Mirae Asset Large Cap Fund - Direct Growth,2022-05-01,198.7971,-0.007682090247339235
120503,Mirae Asset Large Cap Fund - Direct Growth,2022-05-02,199.5422,0.003748042602231161
120503,Mirae Asset Large Cap Fund - Direct Growth,2022-05-03,197.6218,-0.009624029403304202
120503,Mirae Asset Large Cap Fund - Direct Growth,2022-05-04,202.788,0.026141852771303542
120503,Mirae Asset Large Cap Fund - Direct Growth,2022-05-05,199.9791,-0.013851411326114116
120503,Mirae Asset Large Cap Fund - Direct Growth,2022-05-06,200.8026,0.004117930323718877
120503,Mirae Asset Large Cap Fund - Direct Growth,2022-05-07,202.4101,0.008005374432402679
120503,Mirae Asset Large Cap Fund - Direct Growth,2022-05-08,203.4961,0.005365344911148373
120503,Mirae Asset Large Cap Fund - Direct Growth,2022-05-09,203.125,-0.001823622172611672
120503,Mirae Asset Large Cap Fund - Direct Growth,2022-05-10,202.8898,-0.0011579076923076137
120503,Mirae Asset Large Cap Fund - Direct Growth,2022-05-11,203.0776,0.0009256256351970471
120503,Mirae Asset Large Cap Fund - Direct Growth,2022-05-12,202.8006,-0.0013640106048130596
120503,Mirae Asset Large Cap Fund - Direct Growth,2022-05-13,205.2274,0.01196643402435682
120503,Mirae Asset Large Cap Fund - Direct Growth,2022-05-14,210.7534,0.026926229148739544
120503,Mirae Asset Large Cap Fund - Direct Growth,2022-05-15,209.4278,-0.006289815490521211
120503,Mirae Asset Large Cap Fund - Direct Growth,2022-05-16,206.0691,-0.016037507914422044
120503,Mirae Asset Large Cap Fund - Direct Growth,2022-05-17,205.9332,-0.0006594875214187557
120503,Mirae Asset Large Cap Fund - Direct Growth,2022-05-18,212.3905,0.03135628446505967
120503,Mirae Asset Large Cap Fund - Direct Growth,2022-05-19,210.4271,-0.009244292941539278
120503,Mirae Asset Large Cap Fund - Direct Growth,2022-05-20,214.6502,0.02006918310426764
120503,Mirae Asset Large Cap Fund - Direct Growth,2022-05-21,219.0575,0.020532475627788704
120503,Mirae Asset Large Cap Fund - Direct Growth,2022-05-22,217.6899,-0.0062431096858130974
120503,Mirae Asset Large Cap Fund - Direct Growth,2022-05-23,219.2633,0.00722771244784437
120503,Mirae Asset Large Cap Fund - Direct Growth,2022-05-24,223.6356,0.01994086561681785
120503,Mirae Asset Large Cap Fund - Direct Growth,2022-05-25,222.7076,-0.004149607665327015
120503,Mirae Asset Large Cap Fund - Direct Growth,2022-05-26,222.2526,-0.002043037597280084
120503,Mirae Asset Large Cap Fund - Direct Growth,2022-05-27,220.7901,-0.006580350466091289
120503,Mirae Asset Large Cap Fund - Direct Growth,2022-05-28,218.1898,-0.011777249070497264
120503,Mirae Asset Large Cap Fund - Direct Growth,2022-05-29,216.5771,-0.0073912712693260385
120503,Mirae Asset Large Cap Fund - Direct Growth,2022-05-30,213.4828,-0.014287290761580973
120503,Mirae Asset Large Cap Fund - Direct Growth,2022-05-31,213.6555,0.0008089644692685916
120503,Mirae Asset Large Cap Fund - Direct Growth,2022-06-01,211.7669,-0.00883946352890519
120503,Mirae Asset Large Cap Fund - Direct Growth,2022-06-02,212.4457,0.003205411232822586
120503,Mirae Asset Large Cap Fund - Direct Growth,2022-06-03,208.5642,-0.01827055101609487
120503,Mirae Asset Large Cap Fund - Direct Growth,2022-06-04,209.4757,0.004370356945247567
120503,Mirae Asset Large Cap Fund - Direct Growth,2022-06-05,211.6547,0.010402161205333105
120503,Mirae Asset Large Cap Fund - Direct Growth,2022-06-06,206.6756,-0.023524637062158238
120503,Mirae Asset Large Cap Fund - Direct Growth,2022-06-07,207.686,0.0048888209348370015
120503,Mirae Asset Large Cap Fund - Direct Growth,2022-06-08,210.8287,0.01513197808229716
120503,Mirae Asset Large Cap Fund - Direct Growth,2022-06-09,207.8527,-0.01411572523095761
120503,Mirae Asset Large Cap Fund - Direct Growth,2022-06-10,212.1076,0.020470746831770636
120503,Mirae Asset Large Cap Fund - Direct Growth,2022-06-11,213.259,0.005428376918130251
120503,Mirae Asset Large Cap Fund - Direct Growth,2022-06-12,211.5401,-0.008060152209285354
120503,Mirae Asset Large Cap Fund - Direct Growth,2022-06-13,211.4831,-0.00026945245842269205
120503,Mirae Asset Large Cap Fund - Direct Growth,2022-06-14,212.9846,0.007099858097408207
120503,Mirae Asset Large Cap Fund - Direct Growth,2022-06-15,213.264,0.0013118319352667385
120503,Mirae Asset Large Cap Fund - Direct Growth,2022-06-16,214.7281,0.006865199939980471
120503,Mirae Asset Large Cap Fund - Direct Growth,2022-06-17,212.4417,-0.010647884464120017
120503,Mirae Asset Large Cap Fund - Direct Growth,2022-06-18,212.9584,0.0024321966920808347
120503,Mirae Asset Large Cap Fund - Direct Growth,2022-06-19,209.4308,-0.016564737526202356
120503,Mirae Asset Large Cap Fund - Direct Growth,2022-06-20,209.235,-0.000934915017275384
120503,Mirae Asset Large Cap Fund - Direct Growth,2022-06-21,207.0491,-0.01044710492986356
120503,Mirae Asset Large Cap Fund - Direct Growth,2022-06-22,205.3044,-0.008426503665072804
120503,Mirae Asset Large Cap Fund - Direct Growth,2022-06-23,208.4318,0.015232990622704667
120503,Mirae Asset Large Cap Fund - Direct Growth,2022-06-24,211.2447,0.013495541467280825
120503,Mirae Asset Large Cap Fund - Direct Growth,2022-06-25,212.8733,0.007709542535268454
120503,Mirae Asset Large Cap Fund - Direct Growth,2022-06-26,210.1682,-0.01270755890945452
120503,Mirae Asset Large Cap Fund - Direct Growth,2022-06-27,209.4543,-0.003396803131967774
120503,Mirae Asset Large Cap Fund - Direct Growth,2022-06-28,212.5871,0.014956961972134364
120503,Mirae Asset Large Cap Fund - Direct Growth,2022-06-29,213.0337,0.0021007859837216536
120503,Mirae Asset Large Cap Fund - Direct Growth,2022-06-30,219.0481,0.028232152941060518
120503,Mirae Asset Large Cap Fund - Direct Growth,2022-07-02,220.7651,0.007838461050335477
120503,Mirae Asset Large Cap Fund - Direct Growth,2022-07-03,220.0345,-0.003309399900618293
120503,Mirae Asset Large Cap Fund - Direct Growth,2022-07-04,220.4751,0.002002413257920832
120503,Mirae Asset Large Cap Fund - Direct Growth,2022-07-05,220.1599,-0.0014296399003788096
120503,Mirae Asset Large Cap Fund - Direct Growth,2022-07-06,222.1187,0.00889716973890331
120503,Mirae Asset Large Cap Fund - Direct Growth,2022-07-07,224.7576,0.01188058457032204
120503,Mirae Asset Large Cap Fund - Direct Growth,2022-07-08,222.7276,-0.009031952645872754
120503,Mirae Asset Large Cap Fund - Direct Growth,2022-07-09,219.2587,-0.015574630176053539
120503,Mirae Asset Large Cap Fund - Direct Growth,2022-07-10,214.5152,-0.021634261263065113
120503,Mirae Asset Large Cap Fund - Direct Growth,2022-07-11,215.9087,0.006496043170833632
120503,Mirae Asset Large Cap Fund - Direct Growth,2022-07-12,213.1363,-0.012840612721951472
120503,Mirae Asset Large Cap Fund - Direct Growth,2022-07-13,207.7152,-0.025434897762605435
120503,Mirae Asset Large Cap Fund - Direct Growth,2022-07-14,208.7669,0.005063182665495658
120503,Mirae Asset Large Cap Fund - Direct Growth,2022-07-15,215.0959,0.03031610854019484
120503,Mirae Asset Large Cap Fund - Direct Growth,2022-07-16,215.1663,0.0003272958712834395
120503,Mirae Asset Large Cap Fund - Direct Growth,2022-07-17,217.4173,0.010461675457541508
120503,Mirae Asset Large Cap Fund - Direct Growth,2022-07-18,217.7178,0.0013821347243296866
120503,Mirae Asset Large Cap Fund - Direct Growth,2022-07-19,217.5465,-0.0007867983233341702
120503,Mirae Asset Large Cap Fund - Direct Growth,2022-07-20,220.0328,0.011428820964713315
120503,Mirae Asset Large Cap Fund - Direct Growth,2022-07-21,219.3544,-0.0030831766900207835
120503,Mirae Asset Large Cap Fund - Direct Growth,2022-07-22,220.146,0.003608771923426124
120503,Mirae Asset Large Cap Fund - Direct Growth,2022-07-23,221.0839,0.004260354492019003
120503,Mirae Asset Large Cap Fund - Direct Growth,2022-07-24,219.3999,-0.0076170177927926686
120503,Mirae Asset Large Cap Fund - Direct Growth,2022-07-25,222.0995,0.012304472335675554
120503,Mirae Asset Large Cap Fund - Direct Growth,2022-07-26,221.722,-0.0016996886530586952
120503,Mirae Asset Large Cap Fund - Direct Growth,2022-07-27,219.7999,-0.008668963837598409
120503,Mirae Asset Large Cap Fund - Direct Growth,2022-07-28,221.3029,0.006838037687915133
120503,Mirae Asset Large Cap Fund - Direct Growth,2022-07-29,219.0054,-0.010381698567890396
120503,Mirae Asset Large Cap Fund - Direct Growth,2022-07-30,219.1671,0.0007383379587899697
120503,Mirae Asset Large Cap Fund - Direct Growth,2022-07-31,219.2308,0.00029064581317173044
120503,Mirae Asset Large Cap Fund - Direct Growth,2022-08-01,222.1752,0.013430594606232304
120503,Mirae Asset Large Cap Fund - Direct Growth,2022-08-02,223.5297,0.006096540027869857
120503,Mirae Asset Large Cap Fund - Direct Growth,2022-08-03,223.552,9.976302925296388e-05
120503,Mirae Asset Large Cap Fund - Direct Growth,2022-08-04,225.8352,0.010213283710277743
120503,Mirae Asset Large Cap Fund - Direct Growth,2022-08-05,229.693,0.017082368027659278
120503,Mirae Asset Large Cap Fund - Direct Growth,2022-08-06,231.3224,0.007093816529019081
120503,Mirae Asset Large Cap Fund - Direct Growth,2022-08-07,231.4437,0.0005243763682203362
120503,Mirae Asset Large Cap Fund - Direct Growth,2022-08-08,227.8929,-0.015341960053352088
120503,Mirae Asset Large Cap Fund - Direct Growth,2022-08-09,225.0713,-0.012381254527894403
120503,Mirae Asset Large Cap Fund - Direct Growth,2022-08-10,224.337,-0.003262521698679577
120503,Mirae Asset Large Cap Fund - Direct Growth,2022-08-11,222.7859,-0.006914151477464658
120503,Mirae Asset Large Cap Fund - Direct Growth,2022-08-12,222.3752,-0.0018434739361871122
120503,Mirae Asset Large Cap Fund - Direct Growth,2022-08-13,222.6153,0.0010797067298871088
120503,Mirae Asset Large Cap Fund - Direct Growth,2022-08-14,224.1194,0.006756498767155783
120503,Mirae Asset Large Cap Fund - Direct Growth,2022-08-15,224.0194,-0.0004461907358310757
120503,Mirae Asset Large Cap Fund - Direct Growth,2022-08-16,225.4168,0.006237852614550343
120503,Mirae Asset Large Cap Fund - Direct Growth,2022-08-17,225.6814,0.0011738255533748632
120503,Mirae Asset Large Cap Fund - Direct Growth,2022-08-18,220.4218,-0.023305420827768764
120503,Mirae Asset Large Cap Fund - Direct Growth,2022-08-19,218.0254,-0.010871882908133457
120503,Mirae Asset Large Cap Fund - Direct Growth,2022-08-20,217.7356,-0.0013292029277321982
120503,Mirae Asset Large Cap Fund - Direct Growth,2022-08-21,214.662,-0.014116203321827059
120503,Mirae Asset Large Cap Fund - Direct Growth,2022-08-22,216.2932,0.007598922957952503
120503,Mirae Asset Large Cap Fund - Direct Growth,2022-08-23,220.3528,0.018768967309189533
120503,Mirae Asset Large Cap Fund - Direct Growth,2022-08-24,223.6636,0.015024996278694802
120503,Mirae Asset Large Cap Fund - Direct Growth,2022-08-25,223.1802,-0.002161281495960843
120503,Mirae Asset Large Cap Fund - Direct Growth,2022-08-26,227.2619,0.018288808774254983
120503,Mirae Asset Large Cap Fund - Direct Growth,2022-08-27,227.7582,0.0021838240373770468
120503,Mirae Asset Large Cap Fund - Direct Growth,2022-08-28,226.928,-0.0036450937880611045
120503,Mirae Asset Large Cap Fund - Direct Growth,2022-08-29,225.3484,-0.0069607981386166085
120503,Mirae Asset Large Cap Fund - Direct Growth,2022-08-30,224.6206,-0.003229665708742613
120503,Mirae Asset Large Cap Fund - Direct Growth,2022-08-31,223.6641,-0.0042582915369293595
120503,Mirae Asset Large Cap Fund - Direct Growth,2022-09-01,224.211,0.0024451845423563157
120503,Mirae Asset Large Cap Fund - Direct Growth,2022-09-02,224.7327,0.002326826070085719
120503,Mirae Asset Large Cap Fund - Direct Growth,2022-09-03,224.8308,0.00043651858407800503
120503,Mirae Asset Large Cap Fund - Direct Growth,2022-09-04,226.0996,0.005643354914006471
120503,Mirae Asset Large Cap Fund - Direct Growth,2022-09-05,229.4205,0.014687774768287865
120503,Mirae Asset Large Cap Fund - Direct Growth,2022-09-06,232.1264,0.011794499619693921
120503,Mirae Asset Large Cap Fund - Direct Growth,2022-09-07,228.083,-0.017418957947049507
120503,Mirae Asset Large Cap Fund - Direct Growth,2022-09-08,221.1842,-0.030246883809841085
120503,Mirae Asset Large Cap Fund - Direct Growth,2022-09-09,223.7526,0.011612041004737117
120503,Mirae Asset Large Cap Fund - Direct Growth,2022-09-10,220.172,-0.01600249561345879
120503,Mirae Asset Large Cap Fund - Direct Growth,2022-09-11,219.6662,-0.0022972948422141926
120503,Mirae Asset Large Cap Fund - Direct Growth,2022-09-12,216.6697,-0.013641151893190706
120503,Mirae Asset Large Cap Fund - Direct Growth,2022-09-13,212.0712,-0.021223549024159793
120503,Mirae Asset Large Cap Fund - Direct Growth,2022-09-14,213.534,0.006897683419530676
120503,Mirae Asset Large Cap Fund - Direct Growth,2022-09-15,215.5647,0.00950996094298806
120503,Mirae Asset Large Cap Fund - Direct Growth,2022-09-16,214.1596,-0.006518228633908829
120503,Mirae Asset Large Cap Fund - Direct Growth,2022-09-17,207.5865,-0.030692530243799587
120503,Mirae Asset Large Cap Fund - Direct Growth,2022-09-18,206.3088,-0.006155024531942166
120503,Mirae Asset Large Cap Fund - Direct Growth,2022-09-19,207.3613,0.0051015758901220565
120503,Mirae Asset Large Cap Fund - Direct Growth,2022-09-20,203.7642,-0.01734701701812258
120503,Mirae Asset Large Cap Fund - Direct Growth,2022-09-21,204.2941,0.0026005549551884055
120503,Mirae Asset Large Cap Fund - Direct Growth,2022-09-22,204.3383,0.00021635475522807646
120503,Mirae Asset Large Cap Fund - Direct Growth,2022-09-23,205.8405,0.0073515341959877745
120503,Mirae Asset Large Cap Fund - Direct Growth,2022-09-24,206.2182,0.0018349158693260481
120503,Mirae Asset Large Cap Fund - Direct Growth,2022-09-25,203.8927,-0.011276890206587065
120503,Mirae Asset Large Cap Fund - Direct Growth,2022-09-26,206.9019,0.014758743201694013
120503,Mirae Asset Large Cap Fund - Direct Growth,2022-09-27,206.5911,-0.00150216116913382
120503,Mirae Asset Large Cap Fund - Direct Growth,2022-09-28,206.606,7.212314567262013e-05
120503,Mirae Asset Large Cap Fund - Direct Growth,2022-09-29,204.3748,-0.010799299149105046
120503,Mirae Asset Large Cap Fund - Direct Growth,2022-09-30,203.3694,-0.004919393193289934
120503,Mirae Asset Large Cap Fund - Direct Growth,2022-10-01,201.2914,-0.010217859717341904
120503,Mirae Asset Large Cap Fund - Direct Growth,2022-10-02,200.9542,-0.001675183341166231
120503,Mirae Asset Large Cap Fund - Direct Growth,2022-10-03,205.1623,0.02094059243349977
120503,Mirae Asset Large Cap Fund - Direct Growth,2022-10-04,201.8668,-0.016062892646455884
120503,Mirae Asset Large Cap Fund - Direct Growth,2022-10-05,198.0389,-0.0189625039877781
120503,Mirae Asset Large Cap Fund - Direct Growth,2022-10-06,201.6143,0.018054028779194153
120503,Mirae Asset Large Cap Fund - Direct Growth,2022-10-07,201.1885,-0.0021119533683869873
120503,Mirae Asset Large Cap Fund - Direct Growth,2022-10-08,199.6537,-0.007628666648441751
120503,Mirae Asset Large Cap Fund - Direct Growth,2022-10-09,202.225,0.012878799641579342
120503,Mirae Asset Large Cap Fund - Direct Growth,2022-10-10,200.8362,-0.006867597972555317
120503,Mirae Asset Large Cap Fund - Direct Growth,2022-10-11,205.3173,0.022312212638956552
120503,Mirae Asset Large Cap Fund - Direct Growth,2022-10-12,207.0697,0.008535082041308817
120503,Mirae Asset Large Cap Fund - Direct Growth,2022-10-13,205.9401,-0.005455167994158572
120503,Mirae Asset Large Cap Fund - Direct Growth,2022-10-14,211.3538,0.026287740949916927
120503,Mirae Asset Large Cap Fund - Direct Growth,2022-10-15,209.9021,-0.006868577711874657
120503,Mirae Asset Large Cap Fund - Direct Growth,2022-10-16,211.8553,0.009305290418723855
120503,Mirae Asset Large Cap Fund - Direct Growth,2022-10-17,212.7009,0.003991403566490748
120503,Mirae Asset Large Cap Fund - Direct Growth,2022-10-18,216.1086,0.016021088768312763
120503,Mirae Asset Large Cap Fund - Direct Growth,2022-10-19,220.2445,0.01913806299240295
120503,Mirae Asset Large Cap Fund - Direct Growth,2022-10-20,220.4172,0.0007841285480456595
120503,Mirae Asset Large Cap Fund - Direct Growth,2022-10-21,218.5126,-0.008640886464395758
120503,Mirae Asset Large Cap Fund - Direct Growth,2022-10-22,219.8061,0.005919567109631263
120503,Mirae Asset Large Cap Fund - Direct Growth,2022-10-23,218.1064,-0.007732724433034299
120503,Mirae Asset Large Cap Fund - Direct Growth,2022-10-24,223.4632,0.02456048974262104
120503,Mirae Asset Large Cap Fund - Direct Growth,2022-10-25,223.9187,0.002038366943639902
120503,Mirae Asset Large Cap Fund - Direct Growth,2022-10-26,223.0266,-0.003984035277089459
120503,Mirae Asset Large Cap Fund - Direct Growth,2022-10-27,223.6101,0.0026162798518203356
120503,Mirae Asset Large Cap Fund - Direct Growth,2022-10-28,220.0848,-0.015765388057158325
120503,Mirae Asset Large Cap Fund - Direct Growth,2022-10-29,217.6068,-0.011259296416654019
120503,Mirae Asset Large Cap Fund - Direct Growth,2022-10-30,220.8285,0.014805143956898359
120503,Mirae Asset Large Cap Fund - Direct Growth,2022-10-31,219.1761,-0.007482729810690203
120503,Mirae Asset Large Cap Fund - Direct Growth,2022-11-01,216.5103,-0.012162822497525871
120503,Mirae Asset Large Cap Fund - Direct Growth,2022-11-02,217.9912,0.006839859350802113
120503,Mirae Asset Large Cap Fund - Direct Growth,2022-11-03,221.1801,0.014628572162546094
120503,Mirae Asset Large Cap Fund - Direct Growth,2022-11-04,223.1768,0.009027484841538591
120503,Mirae Asset Large Cap Fund - Direct Growth,2022-11-05,225.9336,0.0123525384358949
120503,Mirae Asset Large Cap Fund - Direct Growth,2022-11-06,223.9721,-0.008681754285329801
120503,Mirae Asset Large Cap Fund - Direct Growth,2022-11-07,220.2403,-0.01666189672731566
120503,Mirae Asset Large Cap Fund - Direct Growth,2022-11-08,224.2962,0.01841579402134852
120503,Mirae Asset Large Cap Fund - Direct Growth,2022-11-09,223.5174,-0.003472194357282854
120503,Mirae Asset Large Cap Fund - Direct Growth,2022-11-10,222.934,-0.0026100876262877826
120503,Mirae Asset Large Cap Fund - Direct Growth,2022-11-11,226.5764,0.016338467887356822
120503,Mirae Asset Large Cap Fund - Direct Growth,2022-11-12,228.1794,0.00707487628896919
120503,Mirae Asset Large Cap Fund - Direct Growth,2022-11-13,229.519,0.0058708191887613115
120503,Mirae Asset Large Cap Fund - Direct Growth,2022-11-14,235.5737,0.026379951115158118
120503,Mirae Asset Large Cap Fund - Direct Growth,2022-11-15,233.8488,-0.007322124668415864
120503,Mirae Asset Large Cap Fund - Direct Growth,2022-11-16,236.546,0.011533948431636132
120503,Mirae Asset Large Cap Fund - Direct Growth,2022-11-17,236.8025,0.001084355685575078
120503,Mirae Asset Large Cap Fund - Direct Growth,2022-11-18,237.6605,0.0036232725583555947
120503,Mirae Asset Large Cap Fund - Direct Growth,2022-11-19,242.1146,0.018741439995287212
120503,Mirae Asset Large Cap Fund - Direct Growth,2022-11-20,243.6869,0.006494032164933605
120503,Mirae Asset Large Cap Fund - Direct Growth,2022-11-21,245.3585,0.006859621916483816
120503,Mirae Asset Large Cap Fund - Direct Growth,2022-11-22,248.6144,0.013269970267995701
120503,Mirae Asset Large Cap Fund - Direct Growth,2022-11-23,247.6251,-0.00397925462081028
120503,Mirae Asset Large Cap Fund - Direct Growth,2022-11-24,245.2304,-0.009670667472723937
120503,Mirae Asset Large Cap Fund - Direct Growth,2022-11-25,242.2539,-0.012137565326321709
120503,Mirae Asset Large Cap Fund - Direct Growth,2022-11-26,236.6345,-0.023196324187144124
120503,Mirae Asset Large Cap Fund - Direct Growth,2022-11-27,242.568,0.025074534778318558
120503,Mirae Asset Large Cap Fund - Direct Growth,2022-11-28,239.4538,-0.012838461792157307
120503,Mirae Asset Large Cap Fund - Direct Growth,2022-11-29,238.9138,-0.0022551323052714123
120503,Mirae Asset Large Cap Fund - Direct Growth,2022-11-30,238.2158,-0.002921555807994358
120503,Mirae Asset Large Cap Fund - Direct Growth,2022-12-01,239.1898,0.004088729630864041
120503,Mirae Asset Large Cap Fund - Direct Growth,2022-12-02,241.6269,0.01018897963040244
120503,Mirae Asset Large Cap Fund - Direct Growth,2022-12-03,244.2185,0.010725626989379178
120503,Mirae Asset Large Cap Fund - Direct Growth,2022-12-04,242.6074,-0.00659696132766352
120503,Mirae Asset Large Cap Fund - Direct Growth,2022-12-05,242.2179,-0.0016054745238605062
120503,Mirae Asset Large Cap Fund - Direct Growth,2022-12-06,243.1361,0.0037908015881569224
120503,Mirae Asset Large Cap Fund - Direct Growth,2022-12-07,242.5078,-0.002584149371483657
120503,Mirae Asset Large Cap Fund - Direct Growth,2022-12-08,247.2823,0.019688026529455893
120503,Mirae Asset Large Cap Fund - Direct Growth,2022-12-09,248.8381,0.006291594667309441
120503,Mirae Asset Large Cap Fund - Direct Growth,2022-12-10,251.132,0.009218443638655094
120503,Mirae Asset Large Cap Fund - Direct Growth,2022-12-11,253.2301,0.008354570504754522
120503,Mirae Asset Large Cap Fund - Direct Growth,2022-12-12,256.8973,0.014481690762669919
120503,Mirae Asset Large Cap Fund - Direct Growth,2022-12-13,257.5581,0.0025722341184593045
120503,Mirae Asset Large Cap Fund - Direct Growth,2022-12-14,253.653,-0.01516201587137056
120503,Mirae Asset Large Cap Fund - Direct Growth,2022-12-15,254.971,0.005196074952789953
120503,Mirae Asset Large Cap Fund - Direct Growth,2022-12-16,253.0801,-0.007416137521522148
120503,Mirae Asset Large Cap Fund - Direct Growth,2022-12-17,251.5759,-0.005943572805605757
120503,Mirae Asset Large Cap Fund - Direct Growth,2022-12-18,253.4467,0.007436324385602822
120503,Mirae Asset Large Cap Fund - Direct Growth,2022-12-19,257.3141,0.015259224128781224
120503,Mirae Asset Large Cap Fund - Direct Growth,2022-12-20,257.4827,0.000655230319675626
120503,Mirae Asset Large Cap Fund - Direct Growth,2022-12-21,258.5399,0.004105906921125113
120503,Mirae Asset Large Cap Fund - Direct Growth,2022-12-22,263.9244,0.02082657261026255
120503,Mirae Asset Large Cap Fund - Direct Growth,2022-12-23,264.7925,0.00328919948288231
120503,Mirae Asset Large Cap Fund - Direct Growth,2022-12-24,273.1653,0.03162023093554378
120503,Mirae Asset Large Cap Fund - Direct Growth,2022-12-25,275.1283,0.007186125031254154
120503,Mirae Asset Large Cap Fund - Direct Growth,2022-12-26,269.4251,-0.02072923795916315
120503,Mirae Asset Large Cap Fund - Direct Growth,2022-12-27,271.9685,0.009440100421230335
120503,Mirae Asset Large Cap Fund - Direct Growth,2022-12-28,273.3212,0.004973737767425268
120503,Mirae Asset Large Cap Fund - Direct Growth,2022-12-29,277.6607,0.015876924292737016
120503,Mirae Asset Large Cap Fund - Direct Growth,2022-12-30,280.0148,0.008478333447981434
120503,Mirae Asset Large Cap Fund - Direct Growth,2022-12-31,279.6616,-0.0012613618994422593
120503,Mirae Asset Large Cap Fund - Direct Growth,2023-01-01,275.6648,-0.014291558083054712
120503,Mirae Asset Large Cap Fund - Direct Growth,2023-01-02,275.0836,-0.0021083576865817966
120503,Mirae Asset Large Cap Fund - Direct Growth,2023-01-03,272.3861,-0.009806109851695943
120503,Mirae Asset Large Cap Fund - Direct Growth,2023-01-04,270.5975,-0.006566414365490658
120503,Mirae Asset Large Cap Fund - Direct Growth,2023-01-05,272.617,0.007463114034682583
120503,Mirae Asset Large Cap Fund - Direct Growth,2023-01-06,278.189,0.020438930807689992
120503,Mirae Asset Large Cap Fund - Direct Growth,2023-01-07,279.6178,0.005136076552271884
120503,Mirae Asset Large Cap Fund - Direct Growth,2023-01-08,275.717,-0.013950470964294803
120503,Mirae Asset Large Cap Fund - Direct Growth,2023-01-09,,0.0
120503,Mirae Asset Large Cap Fund - Direct Growth,2023-01-10,281.3911,0.020579434710228384
120503,Mirae Asset Large Cap Fund - Direct Growth,2023-01-11,279.4446,-0.006917418496889205
120503,Mirae Asset Large Cap Fund - Direct Growth,2023-01-12,279.107,-0.0012081106595008828
120503,Mirae Asset Large Cap Fund - Direct Growth,2023-01-13,279.2678,0.000576123135571649
120503,Mirae Asset Large Cap Fund - Direct Growth,2023-01-14,276.7491,-0.009018941675338232
120503,Mirae Asset Large Cap Fund - Direct Growth,2023-01-15,279.0127,0.008179249724750592
120503,Mirae Asset Large Cap Fund - Direct Growth,2023-01-16,278.7194,-0.0010512066296622935
120503,Mirae Asset Large Cap Fund - Direct Growth,2023-01-17,280.2341,0.005434497921565473
120503,Mirae Asset Large Cap Fund - Direct Growth,2023-01-18,277.3617,-0.010250001695011557
120503,Mirae Asset Large Cap Fund - Direct Growth,2023-01-19,276.0166,-0.0048496241550293195
120503,Mirae Asset Large Cap Fund - Direct Growth,2023-01-20,278.5197,0.009068657464804675
120503,Mirae Asset Large Cap Fund - Direct Growth,2023-01-21,277.385,-0.004074038568905536
120503,Mirae Asset Large Cap Fund - Direct Growth,2023-01-22,283.2444,0.02112370892441917
120503,Mirae Asset Large Cap Fund - Direct Growth,2023-01-23,281.9994,-0.004395497316098784
120503,Mirae Asset Large Cap Fund - Direct Growth,2023-01-24,282.8725,0.003096105878239497
120503,Mirae Asset Large Cap Fund - Direct Growth,2023-01-25,286.1513,0.011591087857603544
120503,Mirae Asset Large Cap Fund - Direct Growth,2023-01-26,281.3954,-0.016620228529452774
120503,Mirae Asset Large Cap Fund - Direct Growth,2023-01-27,275.5622,-0.020729549949999093
120503,Mirae Asset Large Cap Fund - Direct Growth,2023-01-28,270.6275,-0.017907753675939664
120503,Mirae Asset Large Cap Fund - Direct Growth,2023-01-29,274.836,0.015550895603735793
120503,Mirae Asset Large Cap Fund - Direct Growth,2023-01-30,273.1259,-0.006222256181868446
120503,Mirae Asset Large Cap Fund - Direct Growth,2023-01-31,281.6197,0.031098478760161585
120503,Mirae Asset Large Cap Fund - Direct Growth,2023-02-01,279.8255,-0.006371003164906575
120503,Mirae Asset Large Cap Fund - Direct Growth,2023-02-02,280.5571,0.0026144865282113905
120503,Mirae Asset Large Cap Fund - Direct Growth,2023-02-03,285.8611,0.0189052424622298
120503,Mirae Asset Large Cap Fund - Direct Growth,2023-02-04,292.857,0.024473074510662718
120503,Mirae Asset Large Cap Fund - Direct Growth,2023-02-05,300.2189,0.025138207384491462
120503,Mirae Asset Large Cap Fund - Direct Growth,2023-02-06,304.6923,0.014900460963650053
120503,Mirae Asset Large Cap Fund - Direct Growth,2023-02-07,308.5585,0.012688866768211682
120503,Mirae Asset Large Cap Fund - Direct Growth,2023-02-08,310.8759,0.007510407264748942
120503,Mirae Asset Large Cap Fund - Direct Growth,2023-02-09,313.9039,0.009740221097872315
120503,Mirae Asset Large Cap Fund - Direct Growth,2023-02-10,311.9532,-0.006214322281437257
120503,Mirae Asset Large Cap Fund - Direct Growth,2023-02-11,309.0151,-0.009418399939478017
120503,Mirae Asset Large Cap Fund - Direct Growth,2023-02-12,309.1262,0.0003595293563323221
120503,Mirae Asset Large Cap Fund - Direct Growth,2023-02-13,308.6185,-0.0016423713033706377
120503,Mirae Asset Large Cap Fund - Direct Growth,2023-02-14,307.0635,-0.005038583234640903
120503,Mirae Asset Large Cap Fund - Direct Growth,2023-02-15,309.7523,0.008756494992078201
120503,Mirae Asset Large Cap Fund - Direct Growth,2023-02-16,313.4271,0.01186367300581792
120503,Mirae Asset Large Cap Fund - Direct Growth,2023-02-17,313.885,0.0014609457829268813
120503,Mirae Asset Large Cap Fund - Direct Growth,2023-02-18,319.5758,0.01813020692291767
120503,Mirae Asset Large Cap Fund - Direct Growth,2023-02-19,315.3254,-0.01330013098613858
120503,Mirae Asset Large Cap Fund - Direct Growth,2023-02-20,314.7187,-0.0019240441778556328
120503,Mirae Asset Large Cap Fund - Direct Growth,2023-02-21,312.1374,-0.008201927626162675
120503,Mirae Asset Large Cap Fund - Direct Growth,2023-02-22,305.2709,-0.021998325096576177
120503,Mirae Asset Large Cap Fund - Direct Growth,2023-02-23,305.0901,-0.0005922608411086383
120503,Mirae Asset Large Cap Fund - Direct Growth,2023-02-24,304.7664,-0.0010609980461510071
120503,Mirae Asset Large Cap Fund - Direct Growth,2023-02-26,312.8973,0.026679122107948983
120503,Mirae Asset Large Cap Fund - Direct Growth,2023-02-27,309.1769,-0.011890163321958913
120503,Mirae Asset Large Cap Fund - Direct Growth,2023-02-28,316.1795,0.022649169456062213
120503,Mirae Asset Large Cap Fund - Direct Growth,2023-03-01,320.9388,0.015052525543243656
120503,Mirae Asset Large Cap Fund - Direct Growth,2023-03-02,323.309,0.007385208644140384
120503,Mirae Asset Large Cap Fund - Direct Growth,2023-03-03,322.5596,-0.002317906399141534
120503,Mirae Asset Large Cap Fund - Direct Growth,2023-03-04,318.9749,-0.01111329503136782
120503,Mirae Asset Large Cap Fund - Direct Growth,2023-03-05,317.6778,-0.004066464163794747
120503,Mirae Asset Large Cap Fund - Direct Growth,2023-03-06,321.9553,0.013464900600545615
120503,Mirae Asset Large Cap Fund - Direct Growth,2023-03-07,329.3651,0.023014996181146774
120503,Mirae Asset Large Cap Fund - Direct Growth,2023-03-08,335.5963,0.01891882291110991
120503,Mirae Asset Large Cap Fund - Direct Growth,2023-03-09,333.7619,-0.0054660912530917205
120503,Mirae Asset Large Cap Fund - Direct Growth,2023-03-10,329.4112,-0.013035340462767109
120503,Mirae Asset Large Cap Fund - Direct Growth,2023-03-11,330.0999,0.0020907000126284547
120503,Mirae Asset Large Cap Fund - Direct Growth,2023-03-12,323.2268,-0.020821272590509587
120503,Mirae Asset Large Cap Fund - Direct Growth,2023-03-13,324.6096,0.004278110602214946
120503,Mirae Asset Large Cap Fund - Direct Growth,2023-03-14,324.1645,-0.0013711855718377963
120503,Mirae Asset Large Cap Fund - Direct Growth,2023-03-15,322.4813,-0.0051924254506585665
120503,Mirae Asset Large Cap Fund - Direct Growth,2023-03-16,316.4391,-0.018736590307717016
120503,Mirae Asset Large Cap Fund - Direct Growth,2023-03-17,318.516,0.006563348208233455
120503,Mirae Asset Large Cap Fund - Direct Growth,2023-03-18,316.6073,-0.005992477614939262
120503,Mirae Asset Large Cap Fund - Direct Growth,2023-03-19,312.2891,-0.013638978002086466
120503,Mirae Asset Large Cap Fund - Direct Growth,2023-03-20,301.6503,-0.03406715123902826
120503,Mirae Asset Large Cap Fund - Direct Growth,2023-03-21,301.6714,6.994854637976111e-05
120503,Mirae Asset Large Cap Fund - Direct Growth,2023-03-22,308.2077,0.021666952850021515
120503,Mirae Asset Large Cap Fund - Direct Growth,2023-03-23,314.4751,0.020334988386078612
120503,Mirae Asset Large Cap Fund - Direct Growth,2023-03-24,312.8759,-0.005085299281246791
120503,Mirae Asset Large Cap Fund - Direct Growth,2023-03-25,310.74,-0.006826668337190589
120503,Mirae Asset Large Cap Fund - Direct Growth,2023-03-26,312.6123,0.006025294458389618
120503,Mirae Asset Large Cap Fund - Direct Growth,2023-03-27,308.9921,-0.011580478439268127
120503,Mirae Asset Large Cap Fund - Direct Growth,2023-03-28,310.2347,0.0040214620373788534
120503,Mirae Asset Large Cap Fund - Direct Growth,2023-03-29,313.2108,0.009593059706087148
120503,Mirae Asset Large Cap Fund - Direct Growth,2023-03-30,317.9475,0.015123041734192988
120503,Mirae Asset Large Cap Fund - Direct Growth,2023-03-31,317.6926,-0.0008017046839492448
120503,Mirae Asset Large Cap Fund - Direct Growth,2023-04-01,317.0432,-0.0020441143419771546
120503,Mirae Asset Large Cap Fund - Direct Growth,2023-04-02,313.8297,-0.010135842686422536
120503,Mirae Asset Large Cap Fund - Direct Growth,2023-04-03,310.8412,-0.009522680613084034
120503,Mirae Asset Large Cap Fund - Direct Growth,2023-04-04,310.1207,-0.0023179038042576705
120503,Mirae Asset Large Cap Fund - Direct Growth,2023-04-05,311.6119,0.004808450387220109
120503,Mirae Asset Large Cap Fund - Direct Growth,2023-04-06,315.1528,0.011363173229263834
120503,Mirae Asset Large Cap Fund - Direct Growth,2023-04-07,312.2414,-0.009238058490992351
120503,Mirae Asset Large Cap Fund - Direct Growth,2023-04-08,317.9592,0.018312113640279737
120503,Mirae Asset Large Cap Fund - Direct Growth,2023-04-09,317.0519,-0.0028535107649032554
120503,Mirae Asset Large Cap Fund - Direct Growth,2023-04-10,317.0974,0.00014350962728815198
120503,Mirae Asset Large Cap Fund - Direct Growth,2023-04-11,314.381,-0.00856645308350057
120503,Mirae Asset Large Cap Fund - Direct Growth,2023-04-12,305.3611,-0.028690983233719436
120503,Mirae Asset Large Cap Fund - Direct Growth,2023-04-13,308.7227,0.011008605876779765
120503,Mirae Asset Large Cap Fund - Direct Growth,2023-04-14,311.576,0.009242274701536601
120503,Mirae Asset Large Cap Fund - Direct Growth,2023-04-15,310.6488,-0.00297583896063891
120503,Mirae Asset Large Cap Fund - Direct Growth,2023-04-16,311.0228,0.0012039318999461646
120503,Mirae Asset Large Cap Fund - Direct Growth,2023-04-17,313.0728,0.006591156661183595
120503,Mirae Asset Large Cap Fund - Direct Growth,2023-04-18,307.3277,-0.01835068393038286
120503,Mirae Asset Large Cap Fund - Direct Growth,2023-04-19,305.4995,-0.0059486990596682165
120503,Mirae Asset Large Cap Fund - Direct Growth,2023-04-20,308.5335,0.009931276483267526
120503,Mirae Asset Large Cap Fund - Direct Growth,2023-04-21,304.013,-0.014651569440595646
120503,Mirae Asset Large Cap Fund - Direct Growth,2023-04-22,305.2056,0.0039228585619695
120503,Mirae Asset Large Cap Fund - Direct Growth,2023-04-23,300.3592,-0.01587913196874502
120503,Mirae Asset Large Cap Fund - Direct Growth,2023-04-24,302.1605,0.005997152742449829
120503,Mirae Asset Large Cap Fund - Direct Growth,2023-04-25,302.1521,-2.7799795142002814e-05
120503,Mirae Asset Large Cap Fund - Direct Growth,2023-04-26,296.4168,-0.018981499714878725
120503,Mirae Asset Large Cap Fund - Direct Growth,2023-04-27,300.6783,0.014376715489810232
120503,Mirae Asset Large Cap Fund - Direct Growth,2023-04-28,298.1481,-0.008414973744363952
120503,Mirae Asset Large Cap Fund - Direct Growth,2023-04-29,295.3685,-0.00932288349313648
120503,Mirae Asset Large Cap Fund - Direct Growth,2023-04-30,296.1975,0.002806663540628085
120503,Mirae Asset Large Cap Fund - Direct Growth,2023-05-01,300.3987,0.014183779403944996
120503,Mirae Asset Large Cap Fund - Direct Growth,2023-05-02,296.857,-0.011789997759644066
120503,Mirae Asset Large Cap Fund - Direct Growth,2023-05-03,297.1955,0.0011402796632720147
120503,Mirae Asset Large Cap Fund - Direct Growth,2023-05-04,298.8437,0.005545844402085498
120503,Mirae Asset Large Cap Fund - Direct Growth,2023-05-05,301.4488,0.008717265915259453
120503,Mirae Asset Large Cap Fund - Direct Growth,2023-05-06,302.2076,0.002517177046317709
120503,Mirae Asset Large Cap Fund - Direct Growth,2023-05-07,300.9975,-0.004004201085611392
120503,Mirae Asset Large Cap Fund - Direct Growth,2023-05-08,298.1287,-0.009530976170898486
120503,Mirae Asset Large Cap Fund - Direct Growth,2023-05-09,298.5561,0.0014336090420010716
120503,Mirae Asset Large Cap Fund - Direct Growth,2023-05-10,294.8344,-0.012465663907051283
120503,Mirae Asset Large Cap Fund - Direct Growth,2023-05-11,284.6166,-0.03465606455691739
120503,Mirae Asset Large Cap Fund - Direct Growth,2023-05-12,286.2215,0.005638813758578998
120503,Mirae Asset Large Cap Fund - Direct Growth,2023-05-13,289.4407,0.011247233348997243
120503,Mirae Asset Large Cap Fund - Direct Growth,2023-05-14,281.3493,-0.027955294469644287
120503,Mirae Asset Large Cap Fund - Direct Growth,2023-05-15,278.0528,-0.011716752094282912
120503,Mirae Asset Large Cap Fund - Direct Growth,2023-05-16,280.2299,0.00782980786383014
120503,Mirae Asset Large Cap Fund - Direct Growth,2023-05-17,287.2609,0.02509011351037138
120503,Mirae Asset Large Cap Fund - Direct Growth,2023-05-18,287.4475,0.0006495837059621312
120503,Mirae Asset Large Cap Fund - Direct Growth,2023-05-19,285.0513,-0.008336130945650777
120503,Mirae Asset Large Cap Fund - Direct Growth,2023-05-20,284.5397,-0.0017947646616592872
120503,Mirae Asset Large Cap Fund - Direct Growth,2023-05-21,289.348,0.016898520663373162
120503,Mirae Asset Large Cap Fund - Direct Growth,2023-05-22,287.2208,-0.007351701065844596
120503,Mirae Asset Large Cap Fund - Direct Growth,2023-05-23,284.5812,-0.009190142218112207
120503,Mirae Asset Large Cap Fund - Direct Growth,2023-05-24,283.0465,-0.005392836912628263
120503,Mirae Asset Large Cap Fund - Direct Growth,2023-05-25,279.9217,-0.011039882139507129
120503,Mirae Asset Large Cap Fund - Direct Growth,2023-05-26,280.4457,0.0018719520494481223
120503,Mirae Asset Large Cap Fund - Direct Growth,2023-05-27,286.0255,0.019896186677135885
120503,Mirae Asset Large Cap Fund - Direct Growth,2023-05-28,287.2488,0.004276891396046922
120503,Mirae Asset Large Cap Fund - Direct Growth,2023-05-29,286.4938,-0.002628383478016305
120503,Mirae Asset Large Cap Fund - Direct Growth,2023-05-30,285.6052,-0.003101637801585899
120503,Mirae Asset Large Cap Fund - Direct Growth,2023-05-31,280.362,-0.0183582091642589
120503,Mirae Asset Large Cap Fund - Direct Growth,2023-06-01,283.4452,0.010997210748960207
120503,Mirae Asset Large Cap Fund - Direct Growth,2023-06-02,283.2938,-0.0005341420493274462
120503,Mirae Asset Large Cap Fund - Direct Growth,2023-06-03,282.7936,-0.001765658125945424
120503,Mirae Asset Large Cap Fund - Direct Growth,2023-06-04,293.7426,0.03871728355945803
120503,Mirae Asset Large Cap Fund - Direct Growth,2023-06-05,294.9132,0.0039851216677460055
120503,Mirae Asset Large Cap Fund - Direct Growth,2023-06-06,292.3706,-0.008621519823459933
120503,Mirae Asset Large Cap Fund - Direct Growth,2023-06-07,290.9917,-0.004716274481770921
120503,Mirae Asset Large Cap Fund - Direct Growth,2023-06-08,295.1184,0.014181504145994728
120503,Mirae Asset Large Cap Fund - Direct Growth,2023-06-09,295.6376,0.0017592938969579475
120503,Mirae Asset Large Cap Fund - Direct Growth,2023-06-10,290.6533,-0.01685949283852939
120503,Mirae Asset Large Cap Fund - Direct Growth,2023-06-11,293.9757,0.011430800888894144
120503,Mirae Asset Large Cap Fund - Direct Growth,2023-06-12,291.7363,-0.007617636423690732
120503,Mirae Asset Large Cap Fund - Direct Growth,2023-06-13,298.4111,0.022879566238414473
120503,Mirae Asset Large Cap Fund - Direct Growth,2023-06-14,302.398,0.013360427946547793
120503,Mirae Asset Large Cap Fund - Direct Growth,2023-06-15,300.8957,-0.004967956137276186
120503,Mirae Asset Large Cap Fund - Direct Growth,2023-06-16,305.6415,0.015772242674122694
120503,Mirae Asset Large Cap Fund - Direct Growth,2023-06-17,306.0126,0.0012141675786829786
120503,Mirae Asset Large Cap Fund - Direct Growth,2023-06-18,309.2665,0.01063322229215391
120503,Mirae Asset Large Cap Fund - Direct Growth,2023-06-19,311.1891,0.006216644867775845
120503,Mirae Asset Large Cap Fund - Direct Growth,2023-06-20,308.1531,-0.009756125776898994
120503,Mirae Asset Large Cap Fund - Direct Growth,2023-06-21,305.8966,-0.007322658769293611
120503,Mirae Asset Large Cap Fund - Direct Growth,2023-06-22,309.7997,0.012759540315256945
120503,Mirae Asset Large Cap Fund - Direct Growth,2023-06-23,308.6791,-0.0036171758720230374
120503,Mirae Asset Large Cap Fund - Direct Growth,2023-06-24,307.3074,-0.0044437734851502375
120503,Mirae Asset Large Cap Fund - Direct Growth,2023-06-25,303.9081,-0.011061562461561203
120503,Mirae Asset Large Cap Fund - Direct Growth,2023-06-26,305.5745,0.005483236544205239
120503,Mirae Asset Large Cap Fund - Direct Growth,2023-06-27,313.2598,0.025150331588532415
120503,Mirae Asset Large Cap Fund - Direct Growth,2023-06-28,309.3721,-0.012410465690139594
120503,Mirae Asset Large Cap Fund - Direct Growth,2023-06-29,309.5858,0.0006907539496936455
120503,Mirae Asset Large Cap Fund - Direct Growth,2023-06-30,314.9561,0.01734672585112107
120503,Mirae Asset Large Cap Fund - Direct Growth,2023-07-01,314.7811,-0.000555632991391497
120503,Mirae Asset Large Cap Fund - Direct Growth,2023-07-02,316.6158,0.005828494785741656
120503,Mirae Asset Large Cap Fund - Direct Growth,2023-07-03,312.706,-0.012348720436566873
120503,Mirae Asset Large Cap Fund - Direct Growth,2023-07-04,314.4383,0.005539708224338469
120503,Mirae Asset Large Cap Fund - Direct Growth,2023-07-05,313.8579,-0.001845831121717878
120503,Mirae Asset Large Cap Fund - Direct Growth,2023-07-06,317.696,0.012228782515909531
120503,Mirae Asset Large Cap Fund - Direct Growth,2023-07-07,322.3498,0.014648594883158728
120503,Mirae Asset Large Cap Fund - Direct Growth,2023-07-08,332.4957,0.03147481400639918
120503,Mirae Asset Large Cap Fund - Direct Growth,2023-07-09,334.9414,0.007355583846648139
120503,Mirae Asset Large Cap Fund - Direct Growth,2023-07-10,336.3848,0.004309410541664782
120503,Mirae Asset Large Cap Fund - Direct Growth,2023-07-11,337.304,0.0027325848254735607
120503,Mirae Asset Large Cap Fund - Direct Growth,2023-07-12,336.0094,-0.0038380807817278706
120503,Mirae Asset Large Cap Fund - Direct Growth,2023-07-13,337.5086,0.004461779938299326
120503,Mirae Asset Large Cap Fund - Direct Growth,2023-07-14,336.4472,-0.003144808754502848
120503,Mirae Asset Large Cap Fund - Direct Growth,2023-07-15,337.2619,0.002421479507037194
120503,Mirae Asset Large Cap Fund - Direct Growth,2023-07-16,342.7293,0.016211140363023402
120503,Mirae Asset Large Cap Fund - Direct Growth,2023-07-17,338.7267,-0.0116786046597126
120503,Mirae Asset Large Cap Fund - Direct Growth,2023-07-18,343.4955,0.014078606735164367
120503,Mirae Asset Large Cap Fund - Direct Growth,2023-07-19,349.062,0.016205452473176507
120503,Mirae Asset Large Cap Fund - Direct Growth,2023-07-20,348.7071,-0.0010167248225243508
120503,Mirae Asset Large Cap Fund - Direct Growth,2023-07-21,339.9677,-0.025062294401232532
120503,Mirae Asset Large Cap Fund - Direct Growth,2023-07-22,337.624,-0.006893890213687803
120503,Mirae Asset Large Cap Fund - Direct Growth,2023-07-23,343.0138,0.01596391251806728
120503,Mirae Asset Large Cap Fund - Direct Growth,2023-07-24,343.0569,0.0001256509213332091
120503,Mirae Asset Large Cap Fund - Direct Growth,2023-07-25,339.0803,-0.011591663073968084
120503,Mirae Asset Large Cap Fund - Direct Growth,2023-07-26,337.162,-0.0056573619877062775
120503,Mirae Asset Large Cap Fund - Direct Growth,2023-07-27,340.698,0.010487540114247684
120503,Mirae Asset Large Cap Fund - Direct Growth,2023-07-28,343.0695,0.006960710071676424
120503,Mirae Asset Large Cap Fund - Direct Growth,2023-07-29,342.2231,-0.0024671385827070846
120503,Mirae Asset Large Cap Fund - Direct Growth,2023-07-30,340.8536,-0.004001775449991585
120503,Mirae Asset Large Cap Fund - Direct Growth,2023-07-31,339.3876,-0.004300966749360868
120503,Mirae Asset Large Cap Fund - Direct Growth,2023-08-01,335.7667,-0.010668922494516564
120503,Mirae Asset Large Cap Fund - Direct Growth,2023-08-02,342.4097,0.019784570655755784
120503,Mirae Asset Large Cap Fund - Direct Growth,2023-08-03,341.2223,-0.0034677755916376896
120503,Mirae Asset Large Cap Fund - Direct Growth,2023-08-04,346.3426,0.015005760174525484
120503,Mirae Asset Large Cap Fund - Direct Growth,2023-08-05,352.8039,0.018655804974611723
120503,Mirae Asset Large Cap Fund - Direct Growth,2023-08-06,357.1715,0.012379681743880822
120503,Mirae Asset Large Cap Fund - Direct Growth,2023-08-07,355.4644,-0.004779496684365836
120503,Mirae Asset Large Cap Fund - Direct Growth,2023-08-08,357.3287,0.005244688356977667
120503,Mirae Asset Large Cap Fund - Direct Growth,2023-08-09,357.3679,0.00010970291499123874
120503,Mirae Asset Large Cap Fund - Direct Growth,2023-08-10,353.6354,-0.010444418762849184
120503,Mirae Asset Large Cap Fund - Direct Growth,2023-08-11,355.1533,0.004292273906967514
120503,Mirae Asset Large Cap Fund - Direct Growth,2023-08-12,350.2705,-0.013748429199447076
120503,Mirae Asset Large Cap Fund - Direct Growth,2023-08-13,355.4027,0.014652104587739911
120503,Mirae Asset Large Cap Fund - Direct Growth,2023-08-14,353.5633,-0.005175537495916482
120503,Mirae Asset Large Cap Fund - Direct Growth,2023-08-15,354.5582,0.0028139232776704937
120503,Mirae Asset Large Cap Fund - Direct Growth,2023-08-16,355.9053,0.0037993762378081275
120503,Mirae Asset Large Cap Fund - Direct Growth,2023-08-17,354.9419,-0.002706899841053323
120503,Mirae Asset Large Cap Fund - Direct Growth,2023-08-18,357.5828,0.00744037263563424
120503,Mirae Asset Large Cap Fund - Direct Growth,2023-08-19,355.688,-0.005298912587518245
120503,Mirae Asset Large Cap Fund - Direct Growth,2023-08-20,359.5492,0.010855581295967198
120503,Mirae Asset Large Cap Fund - Direct Growth,2023-08-21,353.8857,-0.01575166903444647
120503,Mirae Asset Large Cap Fund - Direct Growth,2023-08-22,354.5639,0.0019164379911367213
120503,Mirae Asset Large Cap Fund - Direct Growth,2023-08-23,362.9554,0.02366710203717859
120503,Mirae Asset Large Cap Fund - Direct Growth,2023-08-24,358.7437,-0.011603905052797181
120503,Mirae Asset Large Cap Fund - Direct Growth,2023-08-25,355.9696,-0.007732818722670176
120503,Mirae Asset Large Cap Fund - Direct Growth,2023-08-26,358.3072,0.006566852899798192
120503,Mirae Asset Large Cap Fund - Direct Growth,2023-08-27,359.2227,0.002555070062783882
120503,Mirae Asset Large Cap Fund - Direct Growth,2023-08-28,360.8778,0.004607448248676871
120503,Mirae Asset Large Cap Fund - Direct Growth,2023-08-29,363.1406,0.006270266555604254
120503,Mirae Asset Large Cap Fund - Direct Growth,2023-08-30,366.0518,0.008016729608311568
120503,Mirae Asset Large Cap Fund - Direct Growth,2023-08-31,371.0727,0.01371636473307869
120503,Mirae Asset Large Cap Fund - Direct Growth,2023-09-01,373.046,0.005317825859999958
120503,Mirae Asset Large Cap Fund - Direct Growth,2023-09-02,372.1152,-0.002495134648273889
120503,Mirae Asset Large Cap Fund - Direct Growth,2023-09-03,375.2673,0.008470763892471922
120503,Mirae Asset Large Cap Fund - Direct Growth,2023-09-04,383.973,0.0231986639923063
120503,Mirae Asset Large Cap Fund - Direct Growth,2023-09-05,383.5155,-0.0011914900266426498
120503,Mirae Asset Large Cap Fund - Direct Growth,2023-09-06,379.1839,-0.01129445876372659
120503,Mirae Asset Large Cap Fund - Direct Growth,2023-09-07,384.373,0.0136849164745656
120503,Mirae Asset Large Cap Fund - Direct Growth,2023-09-08,383.9715,-0.0010445582806284381
120503,Mirae Asset Large Cap Fund - Direct Growth,2023-09-09,374.1142,-0.025671957423923364
120503,Mirae Asset Large Cap Fund - Direct Growth,2023-09-10,378.0682,0.010568965305246314
120503,Mirae Asset Large Cap Fund - Direct Growth,2023-09-11,375.7907,-0.0060240453971002195
120503,Mirae Asset Large Cap Fund - Direct Growth,2023-09-12,375.5328,-0.0006862862758445498
120503,Mirae Asset Large Cap Fund - Direct Growth,2023-09-13,377.179,0.00438363839323741
120503,Mirae Asset Large Cap Fund - Direct Growth,2023-09-14,378.1921,0.0026859925923765626
120503,Mirae Asset Large Cap Fund - Direct Growth,2023-09-15,381.5631,0.008913459588394401
120503,Mirae Asset Large Cap Fund - Direct Growth,2023-09-16,379.7217,-0.004825938357246873
120503,Mirae Asset Large Cap Fund - Direct Growth,2023-09-17,382.2116,0.006557170685794311
120503,Mirae Asset Large Cap Fund - Direct Growth,2023-09-18,381.1741,-0.0027144649717589786
120503,Mirae Asset Large Cap Fund - Direct Growth,2023-09-19,384.706,0.009265844662583289
120503,Mirae Asset Large Cap Fund - Direct Growth,2023-09-21,383.5037,-0.003125243692586155
120503,Mirae Asset Large Cap Fund - Direct Growth,2023-09-22,388.6548,0.013431682666946942
120503,Mirae Asset Large Cap Fund - Direct Growth,2023-09-23,386.3106,-0.006031573519740374
120503,Mirae Asset Large Cap Fund - Direct Growth,2023-09-24,390.2111,0.010096797758073262
120503,Mirae Asset Large Cap Fund - Direct Growth,2023-09-25,392.087,0.004807397841834815
120503,Mirae Asset Large Cap Fund - Direct Growth,2023-09-26,400.8926,0.022458280942750042
120503,Mirae Asset Large Cap Fund - Direct Growth,2023-09-27,399.9779,-0.0022816584791039984
120503,Mirae Asset Large Cap Fund - Direct Growth,2023-09-28,398.4613,-0.003791709491949402
120503,Mirae Asset Large Cap Fund - Direct Growth,2023-09-29,398.5278,0.0001668919917694467
120503,Mirae Asset Large Cap Fund - Direct Growth,2023-09-30,397.2373,-0.003238168077609682
120503,Mirae Asset Large Cap Fund - Direct Growth,2023-10-01,401.2094,0.009999312753359302
120503,Mirae Asset Large Cap Fund - Direct Growth,2023-10-02,393.5881,-0.018995816149870892
120503,Mirae Asset Large Cap Fund - Direct Growth,2023-10-03,388.7689,-0.0122442726291776
120503,Mirae Asset Large Cap Fund - Direct Growth,2023-10-04,383.9429,-0.012413544396169485
120503,Mirae Asset Large Cap Fund - Direct Growth,2023-10-05,388.4748,0.011803578084137012
120503,Mirae Asset Large Cap Fund - Direct Growth,2023-10-06,396.6046,0.02092748358452079
120503,Mirae Asset Large Cap Fund - Direct Growth,2023-10-07,396.2661,-0.0008534948913855311
120503,Mirae Asset Large Cap Fund - Direct Growth,2023-10-08,395.6218,-0.0016259276279246837
120503,Mirae Asset Large Cap Fund - Direct Growth,2023-10-09,396.1126,0.0012405787547602465
120503,Mirae Asset Large Cap Fund - Direct Growth,2023-10-10,401.7939,0.014342638936504448
120503,Mirae Asset Large Cap Fund - Direct Growth,2023-10-11,397.4834,-0.010728136987644632
120503,Mirae Asset Large Cap Fund - Direct Growth,2023-10-12,398.7794,0.003260513520816133
120503,Mirae Asset Large Cap Fund - Direct Growth,2023-10-13,403.6056,0.012102430566874656
120503,Mirae Asset Large Cap Fund - Direct Growth,2023-10-14,406.194,0.006413191491892123
120503,Mirae Asset Large Cap Fund - Direct Growth,2023-10-15,407.2806,0.0026750764413063788
120503,Mirae Asset Large Cap Fund - Direct Growth,2023-10-16,412.336,0.012412572560539292
120503,Mirae Asset Large Cap Fund - Direct Growth,2023-10-17,399.1253,-0.03203867719529707
120503,Mirae Asset Large Cap Fund - Direct Growth,2023-10-18,402.5316,0.008534412626811871
120503,Mirae Asset Large Cap Fund - Direct Growth,2023-10-19,399.5332,-0.007448856189178676
120503,Mirae Asset Large Cap Fund - Direct Growth,2023-10-20,390.9162,-0.02156766947027189
120503,Mirae Asset Large Cap Fund - Direct Growth,2023-10-21,393.4706,0.006534392793135613
120503,Mirae Asset Large Cap Fund - Direct Growth,2023-10-22,400.1139,0.016883853583978148
120503,Mirae Asset Large Cap Fund - Direct Growth,2023-10-23,399.614,-0.0012493942349915965
120503,Mirae Asset Large Cap Fund - Direct Growth,2023-10-24,404.3432,0.011834420215508068
120503,Mirae Asset Large Cap Fund - Direct Growth,2023-10-25,412.3279,0.019747333453363325
120503,Mirae Asset Large Cap Fund - Direct Growth,2023-10-26,418.9989,0.0161788712333073
120503,Mirae Asset Large Cap Fund - Direct Growth,2023-10-27,427.4122,0.020079527655084473
120503,Mirae Asset Large Cap Fund - Direct Growth,2023-10-28,431.3895,0.009305536903251754
120503,Mirae Asset Large Cap Fund - Direct Growth,2023-10-29,431.9526,0.0013053168887977584
120503,Mirae Asset Large Cap Fund - Direct Growth,2023-10-30,423.8217,-0.018823593144247752
120503,Mirae Asset Large Cap Fund - Direct Growth,2023-10-31,422.7398,-0.002552724412176244
120503,Mirae Asset Large Cap Fund - Direct Growth,2023-11-01,418.6312,-0.009718980800956123
120503,Mirae Asset Large Cap Fund - Direct Growth,2023-11-02,429.7045,0.026451205739084882
120503,Mirae Asset Large Cap Fund - Direct Growth,2023-11-03,428.9694,-0.0017107104998900224
120503,Mirae Asset Large Cap Fund - Direct Growth,2023-11-04,429.7752,0.0018784556660684792
120503,Mirae Asset Large Cap Fund - Direct Growth,2023-11-05,432.7913,0.007017854915779109
120503,Mirae Asset Large Cap Fund - Direct Growth,2023-11-06,433.1909,0.0009233087633693238
120503,Mirae Asset Large Cap Fund - Direct Growth,2023-11-07,442.1755,0.020740509553640152
120503,Mirae Asset Large Cap Fund - Direct Growth,2023-11-08,439.0485,-0.00707185269197419
120503,Mirae Asset Large Cap Fund - Direct Growth,2023-11-09,440.2494,0.002735233123447589
120503,Mirae Asset Large Cap Fund - Direct Growth,2023-11-10,436.503,-0.008509721989399588
120503,Mirae Asset Large Cap Fund - Direct Growth,2023-11-11,429.7633,-0.015440214614790615
120503,Mirae Asset Large Cap Fund - Direct Growth,2023-11-12,426.7802,-0.006941262783490387
120503,Mirae Asset Large Cap Fund - Direct Growth,2023-11-13,426.7612,-4.4519403664899926e-05
120503,Mirae Asset Large Cap Fund - Direct Growth,2023-11-14,424.7334,-0.004751603472855415
120503,Mirae Asset Large Cap Fund - Direct Growth,2023-11-15,421.3742,-0.007908961244865731
120503,Mirae Asset Large Cap Fund - Direct Growth,2023-11-16,414.4317,-0.016475854478038787
120503,Mirae Asset Large Cap Fund - Direct Growth,2023-11-17,414.1842,-0.0005972033509984431
120503,Mirae Asset Large Cap Fund - Direct Growth,2023-11-18,406.8711,-0.017656636829700312
120503,Mirae Asset Large Cap Fund - Direct Growth,2023-11-19,410.7448,0.00952070569770136
120503,Mirae Asset Large Cap Fund - Direct Growth,2023-11-20,411.3154,0.0013891837462094436
120503,Mirae Asset Large Cap Fund - Direct Growth,2023-11-21,404.2858,-0.0170905344171407
120503,Mirae Asset Large Cap Fund - Direct Growth,2023-11-22,402.9474,-0.0033105293334566577
120503,Mirae Asset Large Cap Fund - Direct Growth,2023-11-23,399.4716,-0.008625939762857415
120503,Mirae Asset Large Cap Fund - Direct Growth,2023-11-24,401.1614,0.004230087946176964
120503,Mirae Asset Large Cap Fund - Direct Growth,2023-11-25,407.7747,0.016485384685565485
120503,Mirae Asset Large Cap Fund - Direct Growth,2023-11-26,398.762,-0.022102155920904365
120503,Mirae Asset Large Cap Fund - Direct Growth,2023-11-27,399.4719,0.0017802599044041134
120503,Mirae Asset Large Cap Fund - Direct Growth,2023-11-28,398.8641,-0.0015215087719561149
120503,Mirae Asset Large Cap Fund - Direct Growth,2023-11-29,402.2369,0.008456012962811066
120503,Mirae Asset Large Cap Fund - Direct Growth,2023-11-30,403.4269,0.0029584555768005227
120503,Mirae Asset Large Cap Fund - Direct Growth,2023-12-01,399.9479,-0.008623619297572827
120503,Mirae Asset Large Cap Fund - Direct Growth,2023-12-02,398.5766,-0.0034286965877305953
120503,Mirae Asset Large Cap Fund - Direct Growth,2023-12-03,394.9287,-0.009152318525472825
120503,Mirae Asset Large Cap Fund - Direct Growth,2023-12-04,400.186,0.01331202315759783
120503,Mirae Asset Large Cap Fund - Direct Growth,2023-12-05,400.4484,0.0006556951017777646
120503,Mirae Asset Large Cap Fund - Direct Growth,2023-12-06,409.7445,0.02321422685169927
120503,Mirae Asset Large Cap Fund - Direct Growth,2023-12-07,409.6101,-0.0003280092838342519
120503,Mirae Asset Large Cap Fund - Direct Growth,2023-12-08,406.2919,-0.008100874465741925
120503,Mirae Asset Large Cap Fund - Direct Growth,2023-12-09,399.0743,-0.017764567789808283
120503,Mirae Asset Large Cap Fund - Direct Growth,2023-12-10,390.5989,-0.021237649229729816
120503,Mirae Asset Large Cap Fund - Direct Growth,2023-12-11,383.33,-0.018609627420865804
120503,Mirae Asset Large Cap Fund - Direct Growth,2023-12-12,384.7121,0.0036055096131271114
120503,Mirae Asset Large Cap Fund - Direct Growth,2023-12-13,387.2145,0.006504604352189469
120503,Mirae Asset Large Cap Fund - Direct Growth,2023-12-14,380.0223,-0.0185742011210841
120503,Mirae Asset Large Cap Fund - Direct Growth,2023-12-15,384.2559,0.011140398866066548
120503,Mirae Asset Large Cap Fund - Direct Growth,2023-12-16,382.1822,-0.00539666404601713
120503,Mirae Asset Large Cap Fund - Direct Growth,2023-12-17,383.0083,0.002161534472301385
120503,Mirae Asset Large Cap Fund - Direct Growth,2023-12-18,390.5714,0.01974656946076614
120503,Mirae Asset Large Cap Fund - Direct Growth,2023-12-19,394.931,0.01116210761975922
120503,Mirae Asset Large Cap Fund - Direct Growth,2023-12-20,393.8164,-0.0028222651551790268
120503,Mirae Asset Large Cap Fund - Direct Growth,2023-12-21,389.7623,-0.010294390990319369
120503,Mirae Asset Large Cap Fund - Direct Growth,2023-12-22,379.8538,-0.025421904581330756
120503,Mirae Asset Large Cap Fund - Direct Growth,2023-12-23,376.7277,-0.008229745233560792
120503,Mirae Asset Large Cap Fund - Direct Growth,2023-12-24,375.9239,-0.002133636576232667
120503,Mirae Asset Large Cap Fund - Direct Growth,2023-12-25,371.621,-0.01144619961646498
120503,Mirae Asset Large Cap Fund - Direct Growth,2023-12-26,371.1843,-0.0011751219656584988
120503,Mirae Asset Large Cap Fund - Direct Growth,2023-12-27,371.6751,0.0013222542009454497
120503,Mirae Asset Large Cap Fund - Direct Growth,2023-12-28,370.8209,-0.002298243815633594
120503,Mirae Asset Large Cap Fund - Direct Growth,2023-12-29,368.0768,-0.007400068334875387
120503,Mirae Asset Large Cap Fund - Direct Growth,2023-12-30,368.969,0.002423950653776652
120503,Mirae Asset Large Cap Fund - Direct Growth,2023-12-31,371.0733,0.005703189156812671
120503,Mirae Asset Large Cap Fund - Direct Growth,2024-01-01,366.3663,-0.012684825343132977
120503,Mirae Asset Large Cap Fund - Direct Growth,2024-01-02,372.7159,0.01733128838542175
120503,Mirae Asset Large Cap Fund - Direct Growth,2024-01-03,372.424,-0.0007831702377064653
120503,Mirae Asset Large Cap Fund - Direct Growth,2024-01-04,372.6572,0.0006261680235430944
120503,Mirae Asset Large Cap Fund - Direct Growth,2024-01-05,375.9733,0.008898526581534005
120503,Mirae Asset Large Cap Fund - Direct Growth,2024-01-06,377.1759,0.0031986313921761322
120503,Mirae Asset Large Cap Fund - Direct Growth,2024-01-07,381.6408,0.011837712854930516
120503,Mirae Asset Large Cap Fund - Direct Growth,2024-01-08,383.1084,0.003845500795512491
120503,Mirae Asset Large Cap Fund - Direct Growth,2024-01-09,380.4461,-0.006949208109245375
120503,Mirae Asset Large Cap Fund - Direct Growth,2024-01-10,382.2487,0.004738121904784842
120503,Mirae Asset Large Cap Fund - Direct Growth,2024-01-11,377.1553,-0.013324832759404992
120503,Mirae Asset Large Cap Fund - Direct Growth,2024-01-12,377.7975,0.0017027468525565581
120503,Mirae Asset Large Cap Fund - Direct Growth,2024-01-13,377.798,1.323460319335723e-06
120503,Mirae Asset Large Cap Fund - Direct Growth,2024-01-14,377.0056,-0.002097417138259061
120503,Mirae Asset Large Cap Fund - Direct Growth,2024-01-15,376.5749,-0.001142423348618693
120503,Mirae Asset Large Cap Fund - Direct Growth,2024-01-16,368.2216,-0.02218230689299794
120503,Mirae Asset Large Cap Fund - Direct Growth,2024-01-17,365.9443,-0.0061845910180174934
120503,Mirae Asset Large Cap Fund - Direct Growth,2024-01-18,366.4984,0.0015141648606085134
120503,Mirae Asset Large Cap Fund - Direct Growth,2024-01-19,367.348,0.0023181547313713136
120503,Mirae Asset Large Cap Fund - Direct Growth,2024-01-20,362.9648,-0.011932009974193414
120503,Mirae Asset Large Cap Fund - Direct Growth,2024-01-21,368.6229,0.015588563959921142
120503,Mirae Asset Large Cap Fund - Direct Growth,2024-01-22,364.9388,-0.00999422444997311
120503,Mirae Asset Large Cap Fund - Direct Growth,2024-01-23,369.3303,0.012033524525208117
120503,Mirae Asset Large Cap Fund - Direct Growth,2024-01-24,371.3713,0.005526218672012639
120503,Mirae Asset Large Cap Fund - Direct Growth,2024-01-25,368.64,-0.007354634027993079
120503,Mirae Asset Large Cap Fund - Direct Growth,2024-01-26,376.6409,0.021703830295138893
120503,Mirae Asset Large Cap Fund - Direct Growth,2024-01-27,371.3967,-0.013923607340572852
120503,Mirae Asset Large Cap Fund - Direct Growth,2024-01-28,375.6417,0.011429826920917652
120503,Mirae Asset Large Cap Fund - Direct Growth,2024-01-29,380.3023,0.012407035747096229
120503,Mirae Asset Large Cap Fund - Direct Growth,2024-01-30,377.394,-0.007647337394488529
120503,Mirae Asset Large Cap Fund - Direct Growth,2024-01-31,383.8511,0.017109704976761675
120503,Mirae Asset Large Cap Fund - Direct Growth,2024-02-01,382.8529,-0.0026004875327959587
120503,Mirae Asset Large Cap Fund - Direct Growth,2024-02-02,384.3324,0.0038644084973629145
120503,Mirae Asset Large Cap Fund - Direct Growth,2024-02-03,385.6867,0.0035237726509655953
120503,Mirae Asset Large Cap Fund - Direct Growth,2024-02-04,385.2194,-0.0012116051707252717
120503,Mirae Asset Large Cap Fund - Direct Growth,2024-02-05,389.1216,0.010129811738453398
120503,Mirae Asset Large Cap Fund - Direct Growth,2024-02-06,392.9824,0.009921834202984314
120503,Mirae Asset Large Cap Fund - Direct Growth,2024-02-07,384.8939,-0.020582346690335318
120503,Mirae Asset Large Cap Fund - Direct Growth,2024-02-08,391.0722,0.01605195613648336
120503,Mirae Asset Large Cap Fund - Direct Growth,2024-02-09,383.4268,-0.01954984271446547
120503,Mirae Asset Large Cap Fund - Direct Growth,2024-02-10,388.331,0.012790446572852998
120503,Mirae Asset Large Cap Fund - Direct Growth,2024-02-11,393.7367,0.01392034115226437
120503,Mirae Asset Large Cap Fund - Direct Growth,2024-02-12,388.7396,-0.012691476308913985
120503,Mirae Asset Large Cap Fund - Direct Growth,2024-02-13,386.9787,-0.004529767484454883
120503,Mirae Asset Large Cap Fund - Direct Growth,2024-02-14,381.9989,-0.012868408519642105
120503,Mirae Asset Large Cap Fund - Direct Growth,2024-02-15,381.1665,-0.0021790638664143103
120503,Mirae Asset Large Cap Fund - Direct Growth,2024-02-16,379.91,-0.003296459683629016
120503,Mirae Asset Large Cap Fund - Direct Growth,2024-02-17,383.6164,0.009755994840883186
120503,Mirae Asset Large Cap Fund - Direct Growth,2024-02-18,389.8017,0.016123658946802122
120503,Mirae Asset Large Cap Fund - Direct Growth,2024-02-19,396.4861,0.0171482063828865
120503,Mirae Asset Large Cap Fund - Direct Growth,2024-02-20,393.97,-0.006345998005983011
120503,Mirae Asset Large Cap Fund - Direct Growth,2024-02-21,393.1385,-0.0021105667944260054
120503,Mirae Asset Large Cap Fund - Direct Growth,2024-02-22,385.3539,-0.019801164220751732
120503,Mirae Asset Large Cap Fund - Direct Growth,2024-02-23,381.7815,-0.009270439458378466
120503,Mirae Asset Large Cap Fund - Direct Growth,2024-02-24,386.3546,0.011978317440735076
120503,Mirae Asset Large Cap Fund - Direct Growth,2024-02-25,393.9994,0.01978700395957489
120503,Mirae Asset Large Cap Fund - Direct Growth,2024-02-26,388.321,-0.014412204688636465
120503,Mirae Asset Large Cap Fund - Direct Growth,2024-02-27,385.7155,-0.00670965515642985
120503,Mirae Asset Large Cap Fund - Direct Growth,2024-02-28,385.7476,8.322196022714223e-05
120503,Mirae Asset Large Cap Fund - Direct Growth,2024-02-29,387.1988,0.0037620454411122495
120503,Mirae Asset Large Cap Fund - Direct Growth,2024-03-01,383.5919,-0.009315369779038574
120503,Mirae Asset Large Cap Fund - Direct Growth,2024-03-02,385.6973,0.0054886456153009355
120503,Mirae Asset Large Cap Fund - Direct Growth,2024-03-03,383.6585,-0.005286010558020471
120503,Mirae Asset Large Cap Fund - Direct Growth,2024-03-04,383.7454,0.00022650351810282743
120503,Mirae Asset Large Cap Fund - Direct Growth,2024-03-05,386.4145,0.006955392820343853
120503,Mirae Asset Large Cap Fund - Direct Growth,2024-03-06,386.5988,0.0004769489757761036
120503,Mirae Asset Large Cap Fund - Direct Growth,2024-03-07,384.729,-0.004836538551076686
120503,Mirae Asset Large Cap Fund - Direct Growth,2024-03-08,384.3769,-0.0009151896529765446
120503,Mirae Asset Large Cap Fund - Direct Growth,2024-03-09,384.1231,-0.0006602894190570474
120503,Mirae Asset Large Cap Fund - Direct Growth,2024-03-10,382.5712,-0.00404011109980118
120503,Mirae Asset Large Cap Fund - Direct Growth,2024-03-11,381.5361,-0.0027056401527350005
120503,Mirae Asset Large Cap Fund - Direct Growth,2024-03-12,389.008,0.01958373008478098
120503,Mirae Asset Large Cap Fund - Direct Growth,2024-03-13,391.782,0.007130958746349725
120503,Mirae Asset Large Cap Fund - Direct Growth,2024-03-14,390.5495,-0.0031458821487458932
120503,Mirae Asset Large Cap Fund - Direct Growth,2024-03-15,393.9721,0.008763549818908922
120503,Mirae Asset Large Cap Fund - Direct Growth,2024-03-16,392.5515,-0.0036058390936820617
120503,Mirae Asset Large Cap Fund - Direct Growth,2024-03-17,398.2347,0.014477590838399612
120503,Mirae Asset Large Cap Fund - Direct Growth,2024-03-18,400.1604,0.004835590670526635
120503,Mirae Asset Large Cap Fund - Direct Growth,2024-03-19,399.8052,-0.0008876440547339604
120503,Mirae Asset Large Cap Fund - Direct Growth,2024-03-20,402.1131,0.005772561237322504
120503,Mirae Asset Large Cap Fund - Direct Growth,2024-03-21,394.6939,-0.01845053046021128
120503,Mirae Asset Large Cap Fund - Direct Growth,2024-03-22,389.515,-0.013121307423296868
120503,Mirae Asset Large Cap Fund - Direct Growth,2024-03-23,384.0902,-0.01392706314262615
120503,Mirae Asset Large Cap Fund - Direct Growth,2024-03-24,384.9027,0.002115388520717243
120503,Mirae Asset Large Cap Fund - Direct Growth,2024-03-25,393.0589,0.021190290429243586
120503,Mirae Asset Large Cap Fund - Direct Growth,2024-03-26,403.7405,0.027175570887721934
120503,Mirae Asset Large Cap Fund - Direct Growth,2024-03-27,406.9933,0.008056660156709583
120503,Mirae Asset Large Cap Fund - Direct Growth,2024-03-28,409.6022,0.006410179233908853
120503,Mirae Asset Large Cap Fund - Direct Growth,2024-03-29,400.9134,-0.02121277668918764
120503,Mirae Asset Large Cap Fund - Direct Growth,2024-03-30,398.463,-0.006112043149468227
120503,Mirae Asset Large Cap Fund - Direct Growth,2024-03-31,394.8556,-0.009053287256282405
120503,Mirae Asset Large Cap Fund - Direct Growth,2024-04-01,392.0718,-0.007050172265506638
120503,Mirae Asset Large Cap Fund - Direct Growth,2024-04-02,391.4375,-0.0016178159204512932
120503,Mirae Asset Large Cap Fund - Direct Growth,2024-04-03,389.3765,-0.005265208366597385
120503,Mirae Asset Large Cap Fund - Direct Growth,2024-04-04,380.2839,-0.023351691743081604
120503,Mirae Asset Large Cap Fund - Direct Growth,2024-04-05,383.849,0.009374838114366568
120503,Mirae Asset Large Cap Fund - Direct Growth,2024-04-06,379.0613,-0.012472873447631705
120503,Mirae Asset Large Cap Fund - Direct Growth,2024-04-07,380.3012,0.003270974905641877
120503,Mirae Asset Large Cap Fund - Direct Growth,2024-04-08,389.9186,0.025288902585634876
120503,Mirae Asset Large Cap Fund - Direct Growth,2024-04-09,385.7727,-0.01063273206253823
120503,Mirae Asset Large Cap Fund - Direct Growth,2024-04-10,374.2136,-0.02996349923154229
120503,Mirae Asset Large Cap Fund - Direct Growth,2024-04-11,373.079,-0.003031958218514763
120503,Mirae Asset Large Cap Fund - Direct Growth,2024-04-12,378.1572,0.013611594327206822
120503,Mirae Asset Large Cap Fund - Direct Growth,2024-04-13,387.1952,0.02390011349777299
120503,Mirae Asset Large Cap Fund - Direct Growth,2024-04-14,381.6372,-0.014354516791530436
120503,Mirae Asset Large Cap Fund - Direct Growth,2024-04-15,384.0646,0.0063604910632402145
120503,Mirae Asset Large Cap Fund - Direct Growth,2024-04-16,382.0737,-0.005183763356477078
120503,Mirae Asset Large Cap Fund - Direct Growth,2024-04-17,381.7408,-0.000871297867400922
120503,Mirae Asset Large Cap Fund - Direct Growth,2024-04-18,394.0069,0.032132012087783046
120503,Mirae Asset Large Cap Fund - Direct Growth,2024-04-19,387.0583,-0.01763573176002753
120503,Mirae Asset Large Cap Fund - Direct Growth,2024-04-20,388.3917,0.0034449590668901298
120503,Mirae Asset Large Cap Fund - Direct Growth,2024-04-21,390.7268,0.006012229406550107
120503,Mirae Asset Large Cap Fund - Direct Growth,2024-04-22,395.974,0.01342933220859166
120503,Mirae Asset Large Cap Fund - Direct Growth,2024-04-23,396.598,0.001575861041381632
120503,Mirae Asset Large Cap Fund - Direct Growth,2024-04-24,398.2227,0.00409659151079933
120503,Mirae Asset Large Cap Fund - Direct Growth,2024-04-25,396.5104,-0.004299855332204783
120503,Mirae Asset Large Cap Fund - Direct Growth,2024-04-26,397.9495,0.003629412999003323
120503,Mirae Asset Large Cap Fund - Direct Growth,2024-04-27,396.4698,-0.003718310991721263
120503,Mirae Asset Large Cap Fund - Direct Growth,2024-04-28,399.5856,0.007858858354406806
120503,Mirae Asset Large Cap Fund - Direct Growth,2024-04-29,397.9731,-0.004035430706211707
120503,Mirae Asset Large Cap Fund - Direct Growth,2024-04-30,399.9332,0.0049252072564702765
120503,Mirae Asset Large Cap Fund - Direct Growth,2024-05-01,399.9527,4.875814260985045e-05
120503,Mirae Asset Large Cap Fund - Direct Growth,2024-05-02,405.5171,0.01391264517029156
120503,Mirae Asset Large Cap Fund - Direct Growth,2024-05-03,405.4292,-0.00021676027965289446
120503,Mirae Asset Large Cap Fund - Direct Growth,2024-05-04,396.9653,-0.020876394694807288
120503,Mirae Asset Large Cap Fund - Direct Growth,2024-05-05,403.1354,0.015543172161395447
120503,Mirae Asset Large Cap Fund - Direct Growth,2024-05-06,398.9151,-0.010468691164308597
120503,Mirae Asset Large Cap Fund - Direct Growth,2024-05-07,395.9451,-0.0074451932253253306
120503,Mirae Asset Large Cap Fund - Direct Growth,2024-05-08,393.2733,-0.006747905202009075
120503,Mirae Asset Large Cap Fund - Direct Growth,2024-05-09,399.917,0.016893341093839664
120503,Mirae Asset Large Cap Fund - Direct Growth,2024-05-10,389.8279,-0.025227984806847403
120503,Mirae Asset Large Cap Fund - Direct Growth,2024-05-11,404.662,0.038052945928190196
120503,Mirae Asset Large Cap Fund - Direct Growth,2024-05-12,409.952,0.013072638399454384
120503,Mirae Asset Large Cap Fund - Direct Growth,2024-05-13,411.2142,0.003078897041604911
120503,Mirae Asset Large Cap Fund - Direct Growth,2024-05-14,411.1078,-0.0002587459285209315
120503,Mirae Asset Large Cap Fund - Direct Growth,2024-05-15,412.681,0.003826733523421222
120503,Mirae Asset Large Cap Fund - Direct Growth,2024-05-16,415.4268,0.006653565344660883
120503,Mirae Asset Large Cap Fund - Direct Growth,2024-05-17,418.8094,0.008142469383294326
120503,Mirae Asset Large Cap Fund - Direct Growth,2024-05-18,421.7692,0.007067176620200177
120503,Mirae Asset Large Cap Fund - Direct Growth,2024-05-19,422.3913,0.001474977309865233
120503,Mirae Asset Large Cap Fund - Direct Growth,2024-05-20,421.56,-0.0019680803084722864
120503,Mirae Asset Large Cap Fund - Direct Growth,2024-05-21,420.9634,-0.0014152196603093303
120503,Mirae Asset Large Cap Fund - Direct Growth,2024-05-22,420.1472,-0.0019388858983939716
120503,Mirae Asset Large Cap Fund - Direct Growth,2024-05-23,426.0315,0.01400532956068723
120503,Mirae Asset Large Cap Fund - Direct Growth,2024-05-24,429.2364,0.007522683181877321
120503,Mirae Asset Large Cap Fund - Direct Growth,2024-05-25,414.2626,-0.03488473950485094
120503,Mirae Asset Large Cap Fund - Direct Growth,2024-05-26,417.6889,0.008270840766219312
120503,Mirae Asset Large Cap Fund - Direct Growth,2024-05-27,418.832,0.002736725826326669
120503,Mirae Asset Large Cap Fund - Direct Growth,2024-05-28,418.9055,0.00017548802383782203
120503,Mirae Asset Large Cap Fund - Direct Growth,2024-05-29,417.12,-0.00426229782134635
120503,Mirae Asset Large Cap Fund - Direct Growth,2024-05-30,422.9135,0.01388928845416193
120503,Mirae Asset Large Cap Fund - Direct Growth,2024-05-31,427.8913,0.011770255619647951
120503,Mirae Asset Large Cap Fund - Direct Growth,2024-06-01,424.094,-0.008874450123197208
120503,Mirae Asset Large Cap Fund - Direct Growth,2024-06-02,426.3352,0.0052846774535832974
120503,Mirae Asset Large Cap Fund - Direct Growth,2024-06-03,421.5347,-0.01125991942490323
120503,Mirae Asset Large Cap Fund - Direct Growth,2024-06-04,414.7246,-0.01615549087655177
120503,Mirae Asset Large Cap Fund - Direct Growth,2024-06-05,411.7715,-0.007120628966789111
120503,Mirae Asset Large Cap Fund - Direct Growth,2024-06-06,416.1975,0.010748679789640558
120503,Mirae Asset Large Cap Fund - Direct Growth,2024-06-07,421.1242,0.011837408922446668
120503,Mirae Asset Large Cap Fund - Direct Growth,2024-06-08,423.8855,0.006556972978517983
120503,Mirae Asset Large Cap Fund - Direct Growth,2024-06-09,427.7433,0.009101042616461275
120503,Mirae Asset Large Cap Fund - Direct Growth,2024-06-10,430.5639,0.006594141860316816
120503,Mirae Asset Large Cap Fund - Direct Growth,2024-06-11,427.4217,-0.007297871465768546
120503,Mirae Asset Large Cap Fund - Direct Growth,2024-06-12,429.808,0.005583010876611949
120503,Mirae Asset Large Cap Fund - Direct Growth,2024-06-13,434.1082,0.010004932434947822
120503,Mirae Asset Large Cap Fund - Direct Growth,2024-06-14,438.2112,0.009451560693854777
120503,Mirae Asset Large Cap Fund - Direct Growth,2024-06-15,444.6384,0.01466690034394369
120503,Mirae Asset Large Cap Fund - Direct Growth,2024-06-16,448.5955,0.008899591218392455
120503,Mirae Asset Large Cap Fund - Direct Growth,2024-06-17,450.6668,0.004617299995207214
120503,Mirae Asset Large Cap Fund - Direct Growth,2024-06-18,456.6344,0.013241712058664978
120503,Mirae Asset Large Cap Fund - Direct Growth,2024-06-19,456.6717,8.168460370039377e-05
120503,Mirae Asset Large Cap Fund - Direct Growth,2024-06-20,452.0216,-0.010182588498477196
120503,Mirae Asset Large Cap Fund - Direct Growth,2024-06-21,451.3179,-0.0015567840120913612
120503,Mirae Asset Large Cap Fund - Direct Growth,2024-06-22,447.4642,-0.008538770565049592
120503,Mirae Asset Large Cap Fund - Direct Growth,2024-06-23,444.0178,-0.007702068679460772
120503,Mirae Asset Large Cap Fund - Direct Growth,2024-06-24,443.4254,-0.0013341807468079114
120503,Mirae Asset Large Cap Fund - Direct Growth,2024-06-25,439.3862,-0.009109085767301628
120503,Mirae Asset Large Cap Fund - Direct Growth,2024-06-26,437.9382,-0.0032955063222285252
120503,Mirae Asset Large Cap Fund - Direct Growth,2024-06-27,428.1619,-0.022323469384493033
120503,Mirae Asset Large Cap Fund - Direct Growth,2024-06-28,429.4291,0.00295962812197903
120503,Mirae Asset Large Cap Fund - Direct Growth,2024-06-29,429.6071,0.00041450381448293605
120503,Mirae Asset Large Cap Fund - Direct Growth,2024-06-30,425.5666,-0.009405105269442715
120503,Mirae Asset Large Cap Fund - Direct Growth,2024-07-01,429.1035,0.008311037567327872
120503,Mirae Asset Large Cap Fund - Direct Growth,2024-07-02,434.1029,0.011650802195740662
120503,Mirae Asset Large Cap Fund - Direct Growth,2024-07-03,425.9024,-0.018890682370470202
120503,Mirae Asset Large Cap Fund - Direct Growth,2024-07-04,422.1746,-0.008752709540965298
120503,Mirae Asset Large Cap Fund - Direct Growth,2024-07-05,418.4469,-0.008829759061771969
120503,Mirae Asset Large Cap Fund - Direct Growth,2024-07-06,413.8947,-0.010878799675657858
120503,Mirae Asset Large Cap Fund - Direct Growth,2024-07-07,418.18,0.010353599599125074
120503,Mirae Asset Large Cap Fund - Direct Growth,2024-07-08,417.3746,-0.0019259648954995656
120503,Mirae Asset Large Cap Fund - Direct Growth,2024-07-09,416.2167,-0.0027742464443212267
120503,Mirae Asset Large Cap Fund - Direct Growth,2024-07-10,406.3747,-0.02364633615133649
120503,Mirae Asset Large Cap Fund - Direct Growth,2024-07-11,409.6359,0.008025105893649354
120503,Mirae Asset Large Cap Fund - Direct Growth,2024-07-12,403.708,-0.014471143764499095
120503,Mirae Asset Large Cap Fund - Direct Growth,2024-07-13,404.1598,0.001119125704717172
120503,Mirae Asset Large Cap Fund - Direct Growth,2024-07-14,405.6667,0.0037284757167832527
120503,Mirae Asset Large Cap Fund - Direct Growth,2024-07-15,412.4527,0.016728018346095386
120503,Mirae Asset Large Cap Fund - Direct Growth,2024-07-16,406.1398,-0.015305755059913606
120503,Mirae Asset Large Cap Fund - Direct Growth,2024-07-17,391.5861,-0.035834212751372774
120503,Mirae Asset Large Cap Fund - Direct Growth,2024-07-18,392.6066,0.002606067988623728
120503,Mirae Asset Large Cap Fund - Direct Growth,2024-07-19,401.2464,0.022006252569365836
120503,Mirae Asset Large Cap Fund - Direct Growth,2024-07-20,407.3724,0.01526742669840786
120503,Mirae Asset Large Cap Fund - Direct Growth,2024-07-21,408.5603,0.0029160051098207074
120503,Mirae Asset Large Cap Fund - Direct Growth,2024-07-22,406.3134,-0.005499555389987698
120503,Mirae Asset Large Cap Fund - Direct Growth,2024-07-23,410.4113,0.010085564492827492
120503,Mirae Asset Large Cap Fund - Direct Growth,2024-07-24,405.7808,-0.01128258408089633
120503,Mirae Asset Large Cap Fund - Direct Growth,2024-07-25,408.2627,0.006116356417060542
120503,Mirae Asset Large Cap Fund - Direct Growth,2024-07-26,410.9024,0.006465689860964519
120503,Mirae Asset Large Cap Fund - Direct Growth,2024-07-27,416.2945,0.013122580934061379
120503,Mirae Asset Large Cap Fund - Direct Growth,2024-07-28,430.247,0.0335159364344233
120503,Mirae Asset Large Cap Fund - Direct Growth,2024-07-29,432.4451,0.005108925803085196
120503,Mirae Asset Large Cap Fund - Direct Growth,2024-07-30,429.9769,-0.00570754530459483
120503,Mirae Asset Large Cap Fund - Direct Growth,2024-07-31,430.0169,9.302825337820231e-05
120503,Mirae Asset Large Cap Fund - Direct Growth,2024-08-01,421.0601,-0.020828948815732717
120503,Mirae Asset Large Cap Fund - Direct Growth,2024-08-02,417.7183,-0.007936634223950412
120503,Mirae Asset Large Cap Fund - Direct Growth,2024-08-03,415.8338,-0.004511413553105026
120503,Mirae Asset Large Cap Fund - Direct Growth,2024-08-04,413.3849,-0.005889131667507486
120503,Mirae Asset Large Cap Fund - Direct Growth,2024-08-05,414.306,0.002228189757293997
120503,Mirae Asset Large Cap Fund - Direct Growth,2024-08-06,410.3829,-0.009469088065342968
120503,Mirae Asset Large Cap Fund - Direct Growth,2024-08-07,416.0677,0.013852429036395053
120503,Mirae Asset Large Cap Fund - Direct Growth,2024-08-08,416.2352,0.00040257871495441577
120503,Mirae Asset Large Cap Fund - Direct Growth,2024-08-09,416.3552,0.00028829853890299795
120503,Mirae Asset Large Cap Fund - Direct Growth,2024-08-10,414.8835,-0.003534722275595481
120503,Mirae Asset Large Cap Fund - Direct Growth,2024-08-11,415.8221,0.0022623218325144023
120503,Mirae Asset Large Cap Fund - Direct Growth,2024-08-12,420.1056,0.010301280283082637
120503,Mirae Asset Large Cap Fund - Direct Growth,2024-08-13,415.9022,-0.010005579549522747
120503,Mirae Asset Large Cap Fund - Direct Growth,2024-08-14,412.784,-0.007497435695218768
120503,Mirae Asset Large Cap Fund - Direct Growth,2024-08-15,411.4446,-0.0032447963099345722
120503,Mirae Asset Large Cap Fund - Direct Growth,2024-08-16,404.9642,-0.015750358614501137
120503,Mirae Asset Large Cap Fund - Direct Growth,2024-08-17,401.1449,-0.009431204042233854
120503,Mirae Asset Large Cap Fund - Direct Growth,2024-08-18,399.013,-0.005314538462286356
120503,Mirae Asset Large Cap Fund - Direct Growth,2024-08-19,403.3593,0.010892627558500623
120503,Mirae Asset Large Cap Fund - Direct Growth,2024-08-20,404.7915,0.0035506804975116157
120503,Mirae Asset Large Cap Fund - Direct Growth,2024-08-21,405.8938,0.0027231303028842913
120503,Mirae Asset Large Cap Fund - Direct Growth,2024-08-22,410.2006,0.01061065727044852
120503,Mirae Asset Large Cap Fund - Direct Growth,2024-08-23,409.6885,-0.0012484135810626462
120503,Mirae Asset Large Cap Fund - Direct Growth,2024-08-24,411.772,0.005085571110734266
120503,Mirae Asset Large Cap Fund - Direct Growth,2024-08-25,411.4267,-0.0008385708596019281
120503,Mirae Asset Large Cap Fund - Direct Growth,2024-08-26,412.9014,0.003584356581622039
120503,Mirae Asset Large Cap Fund - Direct Growth,2024-08-27,410.1791,-0.006593099466361774
120503,Mirae Asset Large Cap Fund - Direct Growth,2024-08-28,398.3389,-0.028865927103550626
120503,Mirae Asset Large Cap Fund - Direct Growth,2024-08-29,397.8564,-0.0012112801436164888
120503,Mirae Asset Large Cap Fund - Direct Growth,2024-08-30,404.8081,0.017472887202518272
120503,Mirae Asset Large Cap Fund - Direct Growth,2024-08-31,409.4693,0.011514591728772006
120503,Mirae Asset Large Cap Fund - Direct Growth,2024-09-01,414.3767,0.01198478127664293
120503,Mirae Asset Large Cap Fund - Direct Growth,2024-09-02,420.6891,0.01523348199838459
120503,Mirae Asset Large Cap Fund - Direct Growth,2024-09-03,421.3049,0.001463788816967071
120503,Mirae Asset Large Cap Fund - Direct Growth,2024-09-04,422.471,0.002767829189738835
120503,Mirae Asset Large Cap Fund - Direct Growth,2024-09-05,419.5087,-0.007011842232958032
120503,Mirae Asset Large Cap Fund - Direct Growth,2024-09-06,418.0854,-0.0033927782665770234
120503,Mirae Asset Large Cap Fund - Direct Growth,2024-09-07,421.342,0.007789317684855801
120503,Mirae Asset Large Cap Fund - Direct Growth,2024-09-08,427.5975,0.014846609167849412
120503,Mirae Asset Large Cap Fund - Direct Growth,2024-09-09,427.053,-0.0012733937873818935
120503,Mirae Asset Large Cap Fund - Direct Growth,2024-09-10,424.9168,-0.005002189423795156
120503,Mirae Asset Large Cap Fund - Direct Growth,2024-09-11,425.0895,0.00040643250631644534
120503,Mirae Asset Large Cap Fund - Direct Growth,2024-09-12,428.3263,0.007614396497678699
120503,Mirae Asset Large Cap Fund - Direct Growth,2024-09-13,421.0763,-0.016926347973495903
120503,Mirae Asset Large Cap Fund - Direct Growth,2024-09-14,409.6423,-0.027154223593206295
120503,Mirae Asset Large Cap Fund - Direct Growth,2024-09-15,407.0999,-0.006206390306860321
120503,Mirae Asset Large Cap Fund - Direct Growth,2024-09-16,401.2993,-0.014248591070643801
120503,Mirae Asset Large Cap Fund - Direct Growth,2024-09-17,399.0128,-0.00569774230854625
120503,Mirae Asset Large Cap Fund - Direct Growth,2024-09-18,398.4648,-0.0013733895253486006
120503,Mirae Asset Large Cap Fund - Direct Growth,2024-09-19,396.4569,-0.005039090027525672
120503,Mirae Asset Large Cap Fund - Direct Growth,2024-09-20,403.5256,0.017829680855598662
120503,Mirae Asset Large Cap Fund - Direct Growth,2024-09-21,405.2692,0.004320915451212937
120503,Mirae Asset Large Cap Fund - Direct Growth,2024-09-22,406.8926,0.0040057324859623655
120503,Mirae Asset Large Cap Fund - Direct Growth,2024-09-23,410.0934,0.007866449279244625
120503,Mirae Asset Large Cap Fund - Direct Growth,2024-09-24,404.6531,-0.01326600233020081
120503,Mirae Asset Large Cap Fund - Direct Growth,2024-09-25,409.8607,0.01286929471193976
120503,Mirae Asset Large Cap Fund - Direct Growth,2024-09-26,409.652,-0.00050919739316313
120503,Mirae Asset Large Cap Fund - Direct Growth,2024-09-27,413.1118,0.008445705135090353
120503,Mirae Asset Large Cap Fund - Direct Growth,2024-09-28,407.9635,-0.01246224387683914
120503,Mirae Asset Large Cap Fund - Direct Growth,2024-09-29,400.5202,-0.01824501456625416
120503,Mirae Asset Large Cap Fund - Direct Growth,2024-09-30,404.6114,0.010214715762151272
120503,Mirae Asset Large Cap Fund - Direct Growth,2024-10-01,406.6008,0.004916816481196573
120503,Mirae Asset Large Cap Fund - Direct Growth,2024-10-02,402.3621,-0.010424721249933544
120503,Mirae Asset Large Cap Fund - Direct Growth,2024-10-03,398.324,-0.010035984999581138
120503,Mirae Asset Large Cap Fund - Direct Growth,2024-10-04,403.8628,0.013905263052188532
120503,Mirae Asset Large Cap Fund - Direct Growth,2024-10-05,398.26,-0.013873028166991319
120503,Mirae Asset Large Cap Fund - Direct Growth,2024-10-06,406.2698,0.020111987144076693
120503,Mirae Asset Large Cap Fund - Direct Growth,2024-10-07,402.0416,-0.010407369683889778
120503,Mirae Asset Large Cap Fund - Direct Growth,2024-10-09,403.8462,0.00448859023543835
120503,Mirae Asset Large Cap Fund - Direct Growth,2024-10-10,406.9309,0.007638303888955811
120503,Mirae Asset Large Cap Fund - Direct Growth,2024-10-11,404.4367,-0.006129296153229102
120503,Mirae Asset Large Cap Fund - Direct Growth,2024-10-12,403.8084,-0.0015535187583124443
120503,Mirae Asset Large Cap Fund - Direct Growth,2024-10-13,404.1682,0.0008910166306594913
120503,Mirae Asset Large Cap Fund - Direct Growth,2024-10-14,399.4692,-0.01162634764437187
120503,Mirae Asset Large Cap Fund - Direct Growth,2024-10-15,403.1802,0.009289827601226763
120503,Mirae Asset Large Cap Fund - Direct Growth,2024-10-16,400.8585,-0.005758467305686188
120503,Mirae Asset Large Cap Fund - Direct Growth,2024-10-17,399.9192,-0.0023432208622244932
120503,Mirae Asset Large Cap Fund - Direct Growth,2024-10-18,395.3073,-0.011532079480054969
120503,Mirae Asset Large Cap Fund - Direct Growth,2024-10-19,383.3105,-0.030348035566254428
120503,Mirae Asset Large Cap Fund - Direct Growth,2024-10-20,382.5851,-0.0018924605509109682
120503,Mirae Asset Large Cap Fund - Direct Growth,2024-10-21,393.8145,0.02935137829465906
120503,Mirae Asset Large Cap Fund - Direct Growth,2024-10-22,397.6799,0.009815281052373503
120503,Mirae Asset Large Cap Fund - Direct Growth,2024-10-23,397.7471,0.00016898012698152165
120503,Mirae Asset Large Cap Fund - Direct Growth,2024-10-24,396.6514,-0.0027547655281457972
120503,Mirae Asset Large Cap Fund - Direct Growth,2024-10-25,396.917,0.0006696056033079767
120503,Mirae Asset Large Cap Fund - Direct Growth,2024-10-26,399.6817,0.006965436098731015
120503,Mirae Asset Large Cap Fund - Direct Growth,2024-10-27,394.1782,-0.013769707244539742
120503,Mirae Asset Large Cap Fund - Direct Growth,2024-10-28,399.6068,0.013771943755387817
120503,Mirae Asset Large Cap Fund - Direct Growth,2024-10-29,403.1971,0.008984581843952455
120503,Mirae Asset Large Cap Fund - Direct Growth,2024-10-30,406.8332,0.009018170021560135
120503,Mirae Asset Large Cap Fund - Direct Growth,2024-10-31,409.1366,0.00566177981541327
120503,Mirae Asset Large Cap Fund - Direct Growth,2024-11-01,409.3966,0.0006354845789890984
120503,Mirae Asset Large Cap Fund - Direct Growth,2024-11-02,412.866,0.008474423089981808
120503,Mirae Asset Large Cap Fund - Direct Growth,2024-11-03,415.9632,0.007501707575823691
120503,Mirae Asset Large Cap Fund - Direct Growth,2024-11-04,414.3624,-0.0038484173599971916
120503,Mirae Asset Large Cap Fund - Direct Growth,2024-11-05,411.676,-0.0064832137278865165
120503,Mirae Asset Large Cap Fund - Direct Growth,2024-11-06,412.3439,0.0016223923668128304
120503,Mirae Asset Large Cap Fund - Direct Growth,2024-11-07,420.1736,0.018988276533252968
120503,Mirae Asset Large Cap Fund - Direct Growth,2024-11-08,414.094,-0.014469257468817665
120503,Mirae Asset Large Cap Fund - Direct Growth,2024-11-09,406.9673,-0.017210343545185358
120503,Mirae Asset Large Cap Fund - Direct Growth,2024-11-10,407.9347,0.0023770951621910896
120503,Mirae Asset Large Cap Fund - Direct Growth,2024-11-11,408.347,0.0010107009773867581
120503,Mirae Asset Large Cap Fund - Direct Growth,2024-11-12,409.3597,0.0024799986286172526
120503,Mirae Asset Large Cap Fund - Direct Growth,2024-11-13,410.7218,0.003327391533656021
120503,Mirae Asset Large Cap Fund - Direct Growth,2024-11-14,409.786,-0.0022784278798932966
120503,Mirae Asset Large Cap Fund - Direct Growth,2024-11-15,417.2762,0.018278320879678622
120503,Mirae Asset Large Cap Fund - Direct Growth,2024-11-16,409.4269,-0.018810802053891518
120503,Mirae Asset Large Cap Fund - Direct Growth,2024-11-17,405.5202,-0.00954187426375741
120503,Mirae Asset Large Cap Fund - Direct Growth,2024-11-18,405.1799,-0.0008391690475592073
120503,Mirae Asset Large Cap Fund - Direct Growth,2024-11-19,397.3525,-0.019318332424683393
120503,Mirae Asset Large Cap Fund - Direct Growth,2024-11-20,396.6729,-0.0017103201817025848
120503,Mirae Asset Large Cap Fund - Direct Growth,2024-11-21,404.7403,0.02033766360142053
120503,Mirae Asset Large Cap Fund - Direct Growth,2024-11-22,405.0036,0.000650540605914518
120503,Mirae Asset Large Cap Fund - Direct Growth,2024-11-23,406.2868,0.003168366898467223
120503,Mirae Asset Large Cap Fund - Direct Growth,2024-11-24,400.3055,-0.014721866425392194
120503,Mirae Asset Large Cap Fund - Direct Growth,2024-11-25,397.5048,-0.0069964064945398086
120503,Mirae Asset Large Cap Fund - Direct Growth,2024-11-26,395.8741,-0.004102340399411486
120503,Mirae Asset Large Cap Fund - Direct Growth,2024-11-27,394.5231,-0.003412701159282716
120503,Mirae Asset Large Cap Fund - Direct Growth,2024-11-28,400.7486,0.01577981111879123
120503,Mirae Asset Large Cap Fund - Direct Growth,2024-11-29,403.5908,0.007092226897361664
120503,Mirae Asset Large Cap Fund - Direct Growth,2024-11-30,398.3693,-0.012937609083259582
120503,Mirae Asset Large Cap Fund - Direct Growth,2024-12-01,399.707,0.0033579394797740303
120503,Mirae Asset Large Cap Fund - Direct Growth,2024-12-02,402.2566,0.006378672377516548
120503,Mirae Asset Large Cap Fund - Direct Growth,2024-12-03,407.9211,0.014081807483084186
120503,Mirae Asset Large Cap Fund - Direct Growth,2024-12-04,415.8211,0.019366490235489087
120503,Mirae Asset Large Cap Fund - Direct Growth,2024-12-05,410.9223,-0.0117810279468743
120503,Mirae Asset Large Cap Fund - Direct Growth,2024-12-06,407.0883,-0.009330231043679027
120503,Mirae Asset Large Cap Fund - Direct Growth,2024-12-07,401.1078,-0.014690915951158567
120503,Mirae Asset Large Cap Fund - Direct Growth,2024-12-08,400.1418,-0.00240833012970576
120503,Mirae Asset Large Cap Fund - Direct Growth,2024-12-09,402.5412,0.005996374285315964
120503,Mirae Asset Large Cap Fund - Direct Growth,2024-12-10,407.4715,0.01224793884452069
120503,Mirae Asset Large Cap Fund - Direct Growth,2024-12-11,407.2631,-0.0005114468128445404
120503,Mirae Asset Large Cap Fund - Direct Growth,2024-12-12,405.8629,-0.0034380723419332737
120503,Mirae Asset Large Cap Fund - Direct Growth,2024-12-13,406.7644,0.0022211934128495425
120503,Mirae Asset Large Cap Fund - Direct Growth,2024-12-14,402.8506,-0.009621785977337316
120503,Mirae Asset Large Cap Fund - Direct Growth,2024-12-15,413.113,0.025474456287268854
120503,Mirae Asset Large Cap Fund - Direct Growth,2024-12-16,405.3085,-0.018891925453810465
120503,Mirae Asset Large Cap Fund - Direct Growth,2024-12-17,406.3691,0.0026167721624392737
120503,Mirae Asset Large Cap Fund - Direct Growth,2024-12-18,416.3996,0.02468322517632382
120503,Mirae Asset Large Cap Fund - Direct Growth,2024-12-19,416.6001,0.0004815086277700775
120503,Mirae Asset Large Cap Fund - Direct Growth,2024-12-20,415.8167,-0.001880460422357011
120503,Mirae Asset Large Cap Fund - Direct Growth,2024-12-21,414.1994,-0.003889454175361351
120503,Mirae Asset Large Cap Fund - Direct Growth,2024-12-22,413.4685,-0.0017646090264737957
120503,Mirae Asset Large Cap Fund - Direct Growth,2024-12-23,420.4454,0.01687407867830326
120503,Mirae Asset Large Cap Fund - Direct Growth,2024-12-24,409.454,-0.02614227673795455
120503,Mirae Asset Large Cap Fund - Direct Growth,2024-12-25,417.1522,0.01880113517025106
120503,Mirae Asset Large Cap Fund - Direct Growth,2024-12-26,410.191,-0.016687434466365114
120503,Mirae Asset Large Cap Fund - Direct Growth,2024-12-27,409.0425,-0.0027999151614734874
120503,Mirae Asset Large Cap Fund - Direct Growth,2024-12-28,407.0992,-0.004750851072932605
120503,Mirae Asset Large Cap Fund - Direct Growth,2024-12-29,410.1372,0.007462554581291192
120503,Mirae Asset Large Cap Fund - Direct Growth,2024-12-30,402.4359,-0.018777374985736506
120503,Mirae Asset Large Cap Fund - Direct Growth,2024-12-31,404.8288,0.0059460401022870535
120594,DSP Top 100 Equity Fund - Direct Growth,2022-01-01,92.6931,0.0
120594,DSP Top 100 Equity Fund - Direct Growth,2022-01-02,92.4076,-0.003080056660096586
120594,DSP Top 100 Equity Fund - Direct Growth,2022-01-03,91.5148,-0.009661542989970573
120594,DSP Top 100 Equity Fund - Direct Growth,2022-01-04,90.736,-0.008510098912962616
120594,DSP Top 100 Equity Fund - Direct Growth,2022-01-05,90.5387,-0.002174440134015132
120594,DSP Top 100 Equity Fund - Direct Growth,2022-01-06,86.6625,-0.04281263150453907
120594,DSP Top 100 Equity Fund - Direct Growth,2022-01-07,85.9679,-0.008015000721188437
120594,DSP Top 100 Equity Fund - Direct Growth,2022-01-08,85.0988,-0.010109587415768062
120594,DSP Top 100 Equity Fund - Direct Growth,2022-01-09,85.6769,0.0067932802812731286
120594,DSP Top 100 Equity Fund - Direct Growth,2022-01-10,84.883,-0.009266208277843968
120594,DSP Top 100 Equity Fund - Direct Growth,2022-01-11,84.6978,-0.0021818267497614174
120594,DSP Top 100 Equity Fund - Direct Growth,2022-01-12,86.2992,0.018907220730644658
120594,DSP Top 100 Equity Fund - Direct Growth,2022-01-13,87.3635,0.012332675158054807
120594,DSP Top 100 Equity Fund - Direct Growth,2022-01-14,88.3444,0.011227801083976585
120594,DSP Top 100 Equity Fund - Direct Growth,2022-01-15,87.8498,-0.005598543880540152
120594,DSP Top 100 Equity Fund - Direct Growth,2022-01-16,88.4574,0.006916350407172311
120594,DSP Top 100 Equity Fund - Direct Growth,2022-01-17,88.2445,-0.0024068082489424603
120594,DSP Top 100 Equity Fund - Direct Growth,2022-01-18,88.0721,-0.0019536628345109275
120594,DSP Top 100 Equity Fund - Direct Growth,2022-01-19,88.5403,0.005316098968912941
120594,DSP Top 100 Equity Fund - Direct Growth,2022-01-20,87.9414,-0.006764151465490809
120594,DSP Top 100 Equity Fund - Direct Growth,2022-01-21,89.5521,0.01831560561919643
120594,DSP Top 100 Equity Fund - Direct Growth,2022-01-22,89.4158,-0.001522019025796073
120594,DSP Top 100 Equity Fund - Direct Growth,2022-01-23,90.1151,0.007820765457558831
120594,DSP Top 100 Equity Fund - Direct Growth,2022-01-24,91.7252,0.017867149900516077
120594,DSP Top 100 Equity Fund - Direct Growth,2022-01-25,92.8974,0.012779476087269481
120594,DSP Top 100 Equity Fund - Direct Growth,2022-01-26,91.3639,-0.016507458766337968
120594,DSP Top 100 Equity Fund - Direct Growth,2022-01-27,91.8882,0.005738590406057398
120594,DSP Top 100 Equity Fund - Direct Growth,2022-01-28,92.863,0.010608543860909148
120594,DSP Top 100 Equity Fund - Direct Growth,2022-01-29,93.894,0.011102376619321008
120594,DSP Top 100 Equity Fund - Direct Growth,2022-01-30,92.6772,-0.012959294523611775
120594,DSP Top 100 Equity Fund - Direct Growth,2022-01-31,91.9836,-0.007484041382346485
120594,DSP Top 100 Equity Fund - Direct Growth,2022-02-01,93.1182,0.012334807509164714
120594,DSP Top 100 Equity Fund - Direct Growth,2022-02-02,92.3042,-0.008741577908507714
120594,DSP Top 100 Equity Fund - Direct Growth,2022-02-03,92.0092,-0.0031959542469355284
120594,DSP Top 100 Equity Fund - Direct Growth,2022-02-04,93.7859,0.019310025519187146
120594,DSP Top 100 Equity Fund - Direct Growth,2022-02-05,93.7696,-0.00017380011281009633
120594,DSP Top 100 Equity Fund - Direct Growth,2022-02-06,92.9893,-0.008321460260041547
120594,DSP Top 100 Equity Fund - Direct Growth,2022-02-07,92.0472,-0.01013127316798812
120594,DSP Top 100 Equity Fund - Direct Growth,2022-02-08,92.4515,0.004392311770482937
120594,DSP Top 100 Equity Fund - Direct Growth,2022-02-09,91.0095,-0.015597367268243234
120594,DSP Top 100 Equity Fund - Direct Growth,2022-02-10,90.7758,-0.0025678637944390736
120594,DSP Top 100 Equity Fund - Direct Growth,2022-02-11,91.1751,0.004398749446438366
120594,DSP Top 100 Equity Fund - Direct Growth,2022-02-12,92.633,0.01599011133522188
120594,DSP Top 100 Equity Fund - Direct Growth,2022-02-13,93.4121,0.008410609609966313
120594,DSP Top 100 Equity Fund - Direct Growth,2022-02-14,92.649,-0.008169177226504898
120594,DSP Top 100 Equity Fund - Direct Growth,2022-02-15,93.9962,0.014540901682694951
120594,DSP Top 100 Equity Fund - Direct Growth,2022-02-16,93.696,-0.0031937461301627668
120594,DSP Top 100 Equity Fund - Direct Growth,2022-02-17,92.3441,-0.014428577527322406
120594,DSP Top 100 Equity Fund - Direct Growth,2022-02-18,92.1904,-0.0016644268556410546
120594,DSP Top 100 Equity Fund - Direct Growth,2022-02-19,93.8183,0.017658020791752715
120594,DSP Top 100 Equity Fund - Direct Growth,2022-02-20,94.0419,0.0023833303310762943
120594,DSP Top 100 Equity Fund - Direct Growth,2022-02-21,94.0936,0.0005497549496553678
120594,DSP Top 100 Equity Fund - Direct Growth,2022-02-22,95.9799,0.020047059523708333
120594,DSP Top 100 Equity Fund - Direct Growth,2022-02-23,94.3697,-0.016776429231537104
120594,DSP Top 100 Equity Fund - Direct Growth,2022-02-24,92.9516,-0.015027069069839083
120594,DSP Top 100 Equity Fund - Direct Growth,2022-02-25,91.1864,-0.018990528404029594
120594,DSP Top 100 Equity Fund - Direct Growth,2022-02-26,91.6306,0.004871340463051377
120594,DSP Top 100 Equity Fund - Direct Growth,2022-02-27,91.8503,0.002397670647142025
120594,DSP Top 100 Equity Fund - Direct Growth,2022-02-28,93.5874,0.018912295332731643
120594,DSP Top 100 Equity Fund - Direct Growth,2022-03-01,93.8983,0.0033220283927111183
120594,DSP Top 100 Equity Fund - Direct Growth,2022-03-02,93.4805,-0.004449494825784939
120594,DSP Top 100 Equity Fund - Direct Growth,2022-03-03,93.5199,0.0004214782762179681
120594,DSP Top 100 Equity Fund - Direct Growth,2022-03-04,93.6894,0.0018124484735333457
120594,DSP Top 100 Equity Fund - Direct Growth,2022-03-05,91.8474,-0.019660708682092243
120594,DSP Top 100 Equity Fund - Direct Growth,2022-03-06,94.8714,0.03292417640564671
120594,DSP Top 100 Equity Fund - Direct Growth,2022-03-07,95.5012,0.006638460062779794
120594,DSP Top 100 Equity Fund - Direct Growth,2022-03-08,95.7801,0.00292038215226631
120594,DSP Top 100 Equity Fund - Direct Growth,2022-03-09,96.5255,0.007782409916047062
120594,DSP Top 100 Equity Fund - Direct Growth,2022-03-10,97.3858,0.008912670745036433
120594,DSP Top 100 Equity Fund - Direct Growth,2022-03-11,97.2605,-0.0012866352178655394
120594,DSP Top 100 Equity Fund - Direct Growth,2022-03-12,96.5627,-0.007174546707039209
120594,DSP Top 100 Equity Fund - Direct Growth,2022-03-13,97.2959,0.0075929939821484105
120594,DSP Top 100 Equity Fund - Direct Growth,2022-03-14,97.7852,0.005028988888534869
120594,DSP Top 100 Equity Fund - Direct Growth,2022-03-15,96.874,-0.009318383559066334
120594,DSP Top 100 Equity Fund - Direct Growth,2022-03-16,98.5624,0.017428825071742704
120594,DSP Top 100 Equity Fund - Direct Growth,2022-03-17,98.9488,0.003920359082165259
120594,DSP Top 100 Equity Fund - Direct Growth,2022-03-18,99.855,0.009158271752663927
120594,DSP Top 100 Equity Fund - Direct Growth,2022-03-19,101.5628,0.017102799058634988
120594,DSP Top 100 Equity Fund - Direct Growth,2022-03-20,101.6301,0.0006626441964971974
120594,DSP Top 100 Equity Fund - Direct Growth,2022-03-21,102.0573,0.004203479087396378
120594,DSP Top 100 Equity Fund - Direct Growth,2022-03-22,103.0902,0.010120785088376882
120594,DSP Top 100 Equity Fund - Direct Growth,2022-03-23,102.2347,-0.008298557961862407
120594,DSP Top 100 Equity Fund - Direct Growth,2022-03-24,102.3419,0.0010485676585345605
120594,DSP Top 100 Equity Fund - Direct Growth,2022-03-25,102.537,0.001906355070601773
120594,DSP Top 100 Equity Fund - Direct Growth,2022-03-26,101.4016,-0.011073076060349019
120594,DSP Top 100 Equity Fund - Direct Growth,2022-03-27,104.2623,0.02821158640494814
120594,DSP Top 100 Equity Fund - Direct Growth,2022-03-28,102.5433,-0.016487263373242245
120594,DSP Top 100 Equity Fund - Direct Growth,2022-03-29,100.987,-0.015177003275689493
120594,DSP Top 100 Equity Fund - Direct Growth,2022-03-30,102.62,0.016170398170061606
120594,DSP Top 100 Equity Fund - Direct Growth,2022-03-31,103.5394,0.008959267199376342
120594,DSP Top 100 Equity Fund - Direct Growth,2022-04-01,102.3061,-0.011911407638058535
120594,DSP Top 100 Equity Fund - Direct Growth,2022-04-02,103.0926,0.0076877136358437514
120594,DSP Top 100 Equity Fund - Direct Growth,2022-04-03,104.9497,0.018013902064745624
120594,DSP Top 100 Equity Fund - Direct Growth,2022-04-04,104.9536,3.716065886782971e-05
120594,DSP Top 100 Equity Fund - Direct Growth,2022-04-05,108.2687,0.03158633910604314
120594,DSP Top 100 Equity Fund - Direct Growth,2022-04-06,106.0721,-0.020288412071078565
120594,DSP Top 100 Equity Fund - Direct Growth,2022-04-07,106.9977,0.00872614005002248
120594,DSP Top 100 Equity Fund - Direct Growth,2022-04-08,108.5383,0.014398440340306573
120594,DSP Top 100 Equity Fund - Direct Growth,2022-04-09,109.7427,0.011096543800667602
120594,DSP Top 100 Equity Fund - Direct Growth,2022-04-10,109.5175,-0.00205207271189789
120594,DSP Top 100 Equity Fund - Direct Growth,2022-04-11,109.1796,-0.0030853516561281102
120594,DSP Top 100 Equity Fund - Direct Growth,2022-04-12,109.8052,0.005730008170024448
120594,DSP Top 100 Equity Fund - Direct Growth,2022-04-13,110.924,0.010188952800049611
120594,DSP Top 100 Equity Fund - Direct Growth,2022-04-14,111.7703,0.007629548159099997
120594,DSP Top 100 Equity Fund - Direct Growth,2022-04-15,113.21,0.012880881593768434
120594,DSP Top 100 Equity Fund - Direct Growth,2022-04-16,111.8711,-0.011826693754968587
120594,DSP Top 100 Equity Fund - Direct Growth,2022-04-17,111.6101,-0.002333042224488713
120594,DSP Top 100 Equity Fund - Direct Growth,2022-04-18,110.3958,-0.010879839727766627
120594,DSP Top 100 Equity Fund - Direct Growth,2022-04-19,109.9285,-0.004232950891247644
120594,DSP Top 100 Equity Fund - Direct Growth,2022-04-20,111.3117,0.01258272422529183
120594,DSP Top 100 Equity Fund - Direct Growth,2022-04-21,111.5005,0.0016961379621369677
120594,DSP Top 100 Equity Fund - Direct Growth,2022-04-22,115.0331,0.031682369137358224
120594,DSP Top 100 Equity Fund - Direct Growth,2022-04-23,115.3461,0.0027209559683256668
120594,DSP Top 100 Equity Fund - Direct Growth,2022-04-24,115.4749,0.001116639400898567
120594,DSP Top 100 Equity Fund - Direct Growth,2022-04-25,115.6682,0.0016739568512291747
120594,DSP Top 100 Equity Fund - Direct Growth,2022-04-26,114.8292,-0.007253506149486166
120594,DSP Top 100 Equity Fund - Direct Growth,2022-04-27,114.7954,-0.0002943502175404289
120594,DSP Top 100 Equity Fund - Direct Growth,2022-04-28,116.3949,0.013933485139648427
120594,DSP Top 100 Equity Fund - Direct Growth,2022-04-29,116.6006,0.0017672595620596976
120594,DSP Top 100 Equity Fund - Direct Growth,2022-04-30,115.537,-0.009121736937888758
120594,DSP Top 100 Equity Fund - Direct Growth,2022-05-01,114.3006,-0.010701333771865329
120594,DSP Top 100 Equity Fund - Direct Growth,2022-05-02,113.7288,-0.005002598411556813
120594,DSP Top 100 Equity Fund - Direct Growth,2022-05-03,113.8751,0.0012863935959932515
120594,DSP Top 100 Equity Fund - Direct Growth,2022-05-04,115.5517,0.01472314843192235
120594,DSP Top 100 Equity Fund - Direct Growth,2022-05-05,113.7392,-0.01568561951057401
120594,DSP Top 100 Equity Fund - Direct Growth,2022-05-06,113.3482,-0.003437689028936264
120594,DSP Top 100 Equity Fund - Direct Growth,2022-05-07,113.5898,0.0021314851051890127
120594,DSP Top 100 Equity Fund - Direct Growth,2022-05-08,111.1358,-0.021604052476542734
120594,DSP Top 100 Equity Fund - Direct Growth,2022-05-09,110.0685,-0.009603566087615367
120594,DSP Top 100 Equity Fund - Direct Growth,2022-05-10,109.2145,-0.007758804744318337
120594,DSP Top 100 Equity Fund - Direct Growth,2022-05-11,108.215,-0.009151715202651678
120594,DSP Top 100 Equity Fund - Direct Growth,2022-05-12,108.5075,0.0027029524557593554
120594,DSP Top 100 Equity Fund - Direct Growth,2022-05-13,108.3418,-0.0015270833813330054
120594,DSP Top 100 Equity Fund - Direct Growth,2022-05-14,107.6632,-0.006263510482565349
120594,DSP Top 100 Equity Fund - Direct Growth,2022-05-15,108.2592,0.005535781957066055
120594,DSP Top 100 Equity Fund - Direct Growth,2022-05-16,110.541,0.021077192515739807
120594,DSP Top 100 Equity Fund - Direct Growth,2022-05-17,112.7597,0.020071285767271796
120594,DSP Top 100 Equity Fund - Direct Growth,2022-05-18,110.2031,-0.022672993986326606
120594,DSP Top 100 Equity Fund - Direct Growth,2022-05-19,111.0103,0.007324657836303983
120594,DSP Top 100 Equity Fund - Direct Growth,2022-05-20,110.8176,-0.0017358749593506806
120594,DSP Top 100 Equity Fund - Direct Growth,2022-05-21,111.0683,0.0022622760283563803
120594,DSP Top 100 Equity Fund - Direct Growth,2022-05-22,110.5819,-0.00437928733941173
120594,DSP Top 100 Equity Fund - Direct Growth,2022-05-23,110.7822,0.0018113271701787337
120594,DSP Top 100 Equity Fund - Direct Growth,2022-05-24,111.0278,0.0022169626528449893
120594,DSP Top 100 Equity Fund - Direct Growth,2022-05-25,110.3009,-0.006547008947308752
120594,DSP Top 100 Equity Fund - Direct Growth,2022-05-26,109.1586,-0.010356216495060244
120594,DSP Top 100 Equity Fund - Direct Growth,2022-05-27,108.6145,-0.0049844904570047754
120594,DSP Top 100 Equity Fund - Direct Growth,2022-05-28,108.9633,0.0032113575995837973
120594,DSP Top 100 Equity Fund - Direct Growth,2022-05-29,109.7901,0.007587875917854925
120594,DSP Top 100 Equity Fund - Direct Growth,2022-05-30,110.9583,0.0106403036339342
120594,DSP Top 100 Equity Fund - Direct Growth,2022-05-31,110.3447,-0.005530005416449213
120594,DSP Top 100 Equity Fund - Direct Growth,2022-06-01,110.7647,0.00380625440098159
120594,DSP Top 100 Equity Fund - Direct Growth,2022-06-02,112.0883,0.011949655440767648
120594,DSP Top 100 Equity Fund - Direct Growth,2022-06-03,113.7009,0.014386871778767185
120594,DSP Top 100 Equity Fund - Direct Growth,2022-06-04,113.6661,-0.0003060661788957253
120594,DSP Top 100 Equity Fund - Direct Growth,2022-06-05,113.4102,-0.002251330871737456
120594,DSP Top 100 Equity Fund - Direct Growth,2022-06-06,113.7157,0.00269376123135312
120594,DSP Top 100 Equity Fund - Direct Growth,2022-06-07,112.1923,-0.013396567052746389
120594,DSP Top 100 Equity Fund - Direct Growth,2022-06-08,111.9765,-0.0019234831623917703
120594,DSP Top 100 Equity Fund - Direct Growth,2022-06-09,113.0218,0.009334994396145602
120594,DSP Top 100 Equity Fund - Direct Growth,2022-06-10,113.9377,0.00810374635689759
120594,DSP Top 100 Equity Fund - Direct Growth,2022-06-11,113.6138,-0.002842781625397084
120594,DSP Top 100 Equity Fund - Direct Growth,2022-06-12,113.9561,0.003012838229158765
120594,DSP Top 100 Equity Fund - Direct Growth,2022-06-13,112.874,-0.00949576196447588
120594,DSP Top 100 Equity Fund - Direct Growth,2022-06-14,113.872,0.008841717313110342
120594,DSP Top 100 Equity Fund - Direct Growth,2022-06-15,113.8112,-0.0005339328368694218
120594,DSP Top 100 Equity Fund - Direct Growth,2022-06-16,113.4798,-0.0029118399595119415
120594,DSP Top 100 Equity Fund - Direct Growth,2022-06-17,113.0326,-0.0039407894620892
120594,DSP Top 100 Equity Fund - Direct Growth,2022-06-18,112.9925,-0.00035476490853081355
120594,DSP Top 100 Equity Fund - Direct Growth,2022-06-19,112.4304,-0.004974666460163313
120594,DSP Top 100 Equity Fund - Direct Growth,2022-06-20,113.3633,0.008297577879292417
120594,DSP Top 100 Equity Fund - Direct Growth,2022-06-21,112.8709,-0.004343557394677067
120594,DSP Top 100 Equity Fund - Direct Growth,2022-06-22,115.0736,0.019515216056574358
120594,DSP Top 100 Equity Fund - Direct Growth,2022-06-23,117.1429,0.0179824043047232
120594,DSP Top 100 Equity Fund - Direct Growth,2022-06-24,115.9365,-0.010298532817609951
120594,DSP Top 100 Equity Fund - Direct Growth,2022-06-25,116.0798,0.0012360214427726834
120594,DSP Top 100 Equity Fund - Direct Growth,2022-06-26,115.2199,-0.007407834954919035
120594,DSP Top 100 Equity Fund - Direct Growth,2022-06-27,114.8144,-0.003519357333238382
120594,DSP Top 100 Equity Fund - Direct Growth,2022-06-28,117.6192,0.024428991485388574
120594,DSP Top 100 Equity Fund - Direct Growth,2022-06-29,117.2321,-0.0032911293394276564
120594,DSP Top 100 Equity Fund - Direct Growth,2022-06-30,117.7858,0.004723109114312507
120594,DSP Top 100 Equity Fund - Direct Growth,2022-07-01,118.598,0.006895568056590973
120594,DSP Top 100 Equity Fund - Direct Growth,2022-07-02,117.2214,-0.011607278368943819
120594,DSP Top 100 Equity Fund - Direct Growth,2022-07-03,116.0655,-0.00986082745983241
120594,DSP Top 100 Equity Fund - Direct Growth,2022-07-04,114.4322,-0.014072226458336057
120594,DSP Top 100 Equity Fund - Direct Growth,2022-07-05,113.2614,-0.010231385921095626
120594,DSP Top 100 Equity Fund - Direct Growth,2022-07-06,109.4331,-0.03380057106834278
120594,DSP Top 100 Equity Fund - Direct Growth,2022-07-07,110.192,0.006934830503750655
120594,DSP Top 100 Equity Fund - Direct Growth,2022-07-08,112.9523,0.025049912879338
120594,DSP Top 100 Equity Fund - Direct Growth,2022-07-09,113.1978,0.002173483851147795
120594,DSP Top 100 Equity Fund - Direct Growth,2022-07-10,111.3193,-0.01659484548286272
120594,DSP Top 100 Equity Fund - Direct Growth,2022-07-11,110.5052,-0.007313197262289628
120594,DSP Top 100 Equity Fund - Direct Growth,2022-07-12,109.9409,-0.005106547022221575
120594,DSP Top 100 Equity Fund - Direct Growth,2022-07-13,108.6424,-0.011810891124231282
120594,DSP Top 100 Equity Fund - Direct Growth,2022-07-14,109.8073,0.01072233308542514
120594,DSP Top 100 Equity Fund - Direct Growth,2022-07-15,110.9189,0.010123188531181437
120594,DSP Top 100 Equity Fund - Direct Growth,2022-07-16,109.4253,-0.013465694304577447
120594,DSP Top 100 Equity Fund - Direct Growth,2022-07-17,110.4212,0.009101185923182431
120594,DSP Top 100 Equity Fund - Direct Growth,2022-07-18,112.4885,0.018721948321517967
120594,DSP Top 100 Equity Fund - Direct Growth,2022-07-19,115.1017,0.023230819150402038
120594,DSP Top 100 Equity Fund - Direct Growth,2022-07-20,119.1052,0.034782283841159556
120594,DSP Top 100 Equity Fund - Direct Growth,2022-07-21,117.8637,-0.010423558333305327
120594,DSP Top 100 Equity Fund - Direct Growth,2022-07-22,121.9053,0.03429045584009338
120594,DSP Top 100 Equity Fund - Direct Growth,2022-07-23,121.4359,-0.0038505298785204145
120594,DSP Top 100 Equity Fund - Direct Growth,2022-07-24,120.6211,-0.0067097126961631615
120594,DSP Top 100 Equity Fund - Direct Growth,2022-07-25,121.1428,0.004325113931144653
120594,DSP Top 100 Equity Fund - Direct Growth,2022-07-26,120.3451,-0.00658479084188246
120594,DSP Top 100 Equity Fund - Direct Growth,2022-07-27,120.9695,0.00518841232422429
120594,DSP Top 100 Equity Fund - Direct Growth,2022-07-28,119.1016,-0.015441082256271166
120594,DSP Top 100 Equity Fund - Direct Growth,2022-07-29,118.808,-0.002465122214982851
120594,DSP Top 100 Equity Fund - Direct Growth,2022-07-30,120.6884,0.015827217022422735
120594,DSP Top 100 Equity Fund - Direct Growth,2022-07-31,120.654,-0.0002850315357565414
120594,DSP Top 100 Equity Fund - Direct Growth,2022-08-01,120.9073,0.002099391648847204
120594,DSP Top 100 Equity Fund - Direct Growth,2022-08-02,121.6452,0.006103022728983332
120594,DSP Top 100 Equity Fund - Direct Growth,2022-08-03,123.4027,0.014447754617527009
120594,DSP Top 100 Equity Fund - Direct Growth,2022-08-04,121.001,-0.01946229701619162
120594,DSP Top 100 Equity Fund - Direct Growth,2022-08-05,121.8981,0.0074139883141461915
120594,DSP Top 100 Equity Fund - Direct Growth,2022-08-06,121.5546,-0.0028179274328312687
120594,DSP Top 100 Equity Fund - Direct Growth,2022-08-07,121.8463,0.0023997446415027213
120594,DSP Top 100 Equity Fund - Direct Growth,2022-08-08,123.4449,0.01311980749518038
120594,DSP Top 100 Equity Fund - Direct Growth,2022-08-09,121.7253,-0.013930101608085832
120594,DSP Top 100 Equity Fund - Direct Growth,2022-08-10,120.2948,-0.011751870810751797
120594,DSP Top 100 Equity Fund - Direct Growth,2022-08-11,117.5491,-0.02282476050502602
120594,DSP Top 100 Equity Fund - Direct Growth,2022-08-12,116.8215,-0.006189753898583561
120594,DSP Top 100 Equity Fund - Direct Growth,2022-08-13,118.7333,0.016365138266500656
120594,DSP Top 100 Equity Fund - Direct Growth,2022-08-14,118.609,-0.0010468840670646573
120594,DSP Top 100 Equity Fund - Direct Growth,2022-08-15,116.749,-0.01568177794265191
120594,DSP Top 100 Equity Fund - Direct Growth,2022-08-16,116.1153,-0.005427883750610207
120594,DSP Top 100 Equity Fund - Direct Growth,2022-08-17,114.0886,-0.017454202848375733
120594,DSP Top 100 Equity Fund - Direct Growth,2022-08-18,112.5938,-0.013102097843255112
120594,DSP Top 100 Equity Fund - Direct Growth,2022-08-19,113.1642,0.005065998305412878
120594,DSP Top 100 Equity Fund - Direct Growth,2022-08-20,111.6154,-0.013686307153675803
120594,DSP Top 100 Equity Fund - Direct Growth,2022-08-21,113.1503,0.01375168659521897
120594,DSP Top 100 Equity Fund - Direct Growth,2022-08-22,113.099,-0.0004533792663385938
120594,DSP Top 100 Equity Fund - Direct Growth,2022-08-23,113.2604,0.0014270683206747403
120594,DSP Top 100 Equity Fund - Direct Growth,2022-08-24,112.9274,-0.0029401273525433425
120594,DSP Top 100 Equity Fund - Direct Growth,2022-08-25,114.0199,0.00967435715335685
120594,DSP Top 100 Equity Fund - Direct Growth,2022-08-26,115.1371,0.009798289596816057
120594,DSP Top 100 Equity Fund - Direct Growth,2022-08-27,115.6461,0.00442081657432758
120594,DSP Top 100 Equity Fund - Direct Growth,2022-08-28,116.4761,0.007177068660335184
120594,DSP Top 100 Equity Fund - Direct Growth,2022-08-29,116.2262,-0.002145504528396791
120594,DSP Top 100 Equity Fund - Direct Growth,2022-08-30,117.0289,0.006906360183848381
120594,DSP Top 100 Equity Fund - Direct Growth,2022-08-31,116.6012,-0.0036546528250712695
120594,DSP Top 100 Equity Fund - Direct Growth,2022-09-01,116.651,0.00042709680517849513
120594,DSP Top 100 Equity Fund - Direct Growth,2022-09-02,116.3132,-0.0028958174383417745
120594,DSP Top 100 Equity Fund - Direct Growth,2022-09-03,115.7216,-0.005086267078887041
120594,DSP Top 100 Equity Fund - Direct Growth,2022-09-04,114.8109,-0.007869749467687925
120594,DSP Top 100 Equity Fund - Direct Growth,2022-09-05,115.5012,0.0060124953292761685
120594,DSP Top 100 Equity Fund - Direct Growth,2022-09-06,117.3639,0.016127105172933254
120594,DSP Top 100 Equity Fund - Direct Growth,2022-09-07,119.0602,0.014453337014192602
120594,DSP Top 100 Equity Fund - Direct Growth,2022-09-08,117.3125,-0.014679128709677913
120594,DSP Top 100 Equity Fund - Direct Growth,2022-09-09,119.1743,0.01587043153969092
120594,DSP Top 100 Equity Fund - Direct Growth,2022-09-10,118.767,-0.003417683174979924
120594,DSP Top 100 Equity Fund - Direct Growth,2022-09-11,119.6707,0.007609015972450228
120594,DSP Top 100 Equity Fund - Direct Growth,2022-09-12,118.4172,-0.01047457731926027
120594,DSP Top 100 Equity Fund - Direct Growth,2022-09-13,118.6663,0.0021035795475659036
120594,DSP Top 100 Equity Fund - Direct Growth,2022-09-14,119.1605,0.004164619609779541
120594,DSP Top 100 Equity Fund - Direct Growth,2022-09-15,117.0853,-0.017415166938708704
120594,DSP Top 100 Equity Fund - Direct Growth,2022-09-16,117.9868,0.007699514798185536
120594,DSP Top 100 Equity Fund - Direct Growth,2022-09-17,119.9396,0.016551004010618042
120594,DSP Top 100 Equity Fund - Direct Growth,2022-09-18,119.7362,-0.001695853579635087
120594,DSP Top 100 Equity Fund - Direct Growth,2022-09-19,121.7384,0.016721760002405217
120594,DSP Top 100 Equity Fund - Direct Growth,2022-09-20,121.51,-0.0018761541140674964
120594,DSP Top 100 Equity Fund - Direct Growth,2022-09-21,122.7974,0.0105950127561516
120594,DSP Top 100 Equity Fund - Direct Growth,2022-09-22,119.5773,-0.02622286791088413
120594,DSP Top 100 Equity Fund - Direct Growth,2022-09-23,123.0959,0.029425317347021585
120594,DSP Top 100 Equity Fund - Direct Growth,2022-09-24,125.3542,0.01834585879789663
120594,DSP Top 100 Equity Fund - Direct Growth,2022-09-25,124.9762,-0.0030154554055628058
120594,DSP Top 100 Equity Fund - Direct Growth,2022-09-26,122.0686,-0.02326522969973488
120594,DSP Top 100 Equity Fund - Direct Growth,2022-09-27,122.5393,0.0038560284954525237
120594,DSP Top 100 Equity Fund - Direct Growth,2022-09-28,120.4651,-0.0169268144995115
120594,DSP Top 100 Equity Fund - Direct Growth,2022-09-29,121.1564,0.005738591509075963
120594,DSP Top 100 Equity Fund - Direct Growth,2022-09-30,121.8032,0.005338554133335061
120594,DSP Top 100 Equity Fund - Direct Growth,2022-10-01,120.4759,-0.010897086447646753
120594,DSP Top 100 Equity Fund - Direct Growth,2022-10-02,122.1447,0.013851733002202105
120594,DSP Top 100 Equity Fund - Direct Growth,2022-10-03,123.3743,0.010066748700516825
120594,DSP Top 100 Equity Fund - Direct Growth,2022-10-04,124.8683,0.012109491198734279
120594,DSP Top 100 Equity Fund - Direct Growth,2022-10-05,124.9315,0.000506133262004882
120594,DSP Top 100 Equity Fund - Direct Growth,2022-10-06,122.8594,-0.016585889067208925
120594,DSP Top 100 Equity Fund - Direct Growth,2022-10-07,124.3502,0.012134195674079473
120594,DSP Top 100 Equity Fund - Direct Growth,2022-10-08,123.9965,-0.0028443862575211476
120594,DSP Top 100 Equity Fund - Direct Growth,2022-10-09,121.9782,-0.016277072336719156
120594,DSP Top 100 Equity Fund - Direct Growth,2022-10-10,124.006,0.0166242820438407
120594,DSP Top 100 Equity Fund - Direct Growth,2022-10-11,127.1797,0.025593116462106602
120594,DSP Top 100 Equity Fund - Direct Growth,2022-10-13,130.5133,0.026211730331177074
120594,DSP Top 100 Equity Fund - Direct Growth,2022-10-14,130.7085,0.0014956330121145278
120594,DSP Top 100 Equity Fund - Direct Growth,2022-10-15,130.164,-0.004165758156508548
120594,DSP Top 100 Equity Fund - Direct Growth,2022-10-16,129.2313,-0.007165575735226248
120594,DSP Top 100 Equity Fund - Direct Growth,2022-10-17,131.8217,0.020044679578399283
120594,DSP Top 100 Equity Fund - Direct Growth,2022-10-18,130.6403,-0.008962105632077222
120594,DSP Top 100 Equity Fund - Direct Growth,2022-10-19,131.8452,0.009223034546001596
120594,DSP Top 100 Equity Fund - Direct Growth,2022-10-20,131.0133,-0.006309672252004739
120594,DSP Top 100 Equity Fund - Direct Growth,2022-10-21,130.342,-0.00512390726742995
120594,DSP Top 100 Equity Fund - Direct Growth,2022-10-22,132.0056,0.012763345659879244
120594,DSP Top 100 Equity Fund - Direct Growth,2022-10-23,131.4564,-0.004160429557533818
120594,DSP Top 100 Equity Fund - Direct Growth,2022-10-24,130.8704,-0.004457751771690166
120594,DSP Top 100 Equity Fund - Direct Growth,2022-10-25,132.7018,0.013993997114702728
120594,DSP Top 100 Equity Fund - Direct Growth,2022-10-26,135.2986,0.019568687086384706
120594,DSP Top 100 Equity Fund - Direct Growth,2022-10-27,136.3994,0.008136078274276537
120594,DSP Top 100 Equity Fund - Direct Growth,2022-10-28,135.3822,-0.00745751081016488
120594,DSP Top 100 Equity Fund - Direct Growth,2022-10-29,134.6068,-0.005727488547239035
120594,DSP Top 100 Equity Fund - Direct Growth,2022-10-30,134.7897,0.0013587723651407035
120594,DSP Top 100 Equity Fund - Direct Growth,2022-10-31,135.3627,0.004251066661621561
120594,DSP Top 100 Equity Fund - Direct Growth,2022-11-01,133.8122,-0.011454411000962561
120594,DSP Top 100 Equity Fund - Direct Growth,2022-11-02,135.0267,0.009076152996513098
120594,DSP Top 100 Equity Fund - Direct Growth,2022-11-03,135.2193,0.0014263845594981728
120594,DSP Top 100 Equity Fund - Direct Growth,2022-11-04,132.4894,-0.020188686082534213
120594,DSP Top 100 Equity Fund - Direct Growth,2022-11-05,131.0655,-0.01074727487632976
120594,DSP Top 100 Equity Fund - Direct Growth,2022-11-06,130.325,-0.005649846832309069
120594,DSP Top 100 Equity Fund - Direct Growth,2022-11-07,130.2632,-0.0004741991175905014
120594,DSP Top 100 Equity Fund - Direct Growth,2022-11-08,133.2685,0.02307098244170236
120594,DSP Top 100 Equity Fund - Direct Growth,2022-11-09,133.7027,0.0032580842434635215
120594,DSP Top 100 Equity Fund - Direct Growth,2022-11-10,132.4072,-0.009689407917715998
120594,DSP Top 100 Equity Fund - Direct Growth,2022-11-11,132.8107,0.0030474173609895683
120594,DSP Top 100 Equity Fund - Direct Growth,2022-11-12,132.3027,-0.003824993016376066
120594,DSP Top 100 Equity Fund - Direct Growth,2022-11-13,132.8712,0.004296964461042663
120594,DSP Top 100 Equity Fund - Direct Growth,2022-11-14,133.85,0.0073665324013030276
120594,DSP Top 100 Equity Fund - Direct Growth,2022-11-15,135.8458,0.014910720956294421
120594,DSP Top 100 Equity Fund - Direct Growth,2022-11-16,135.8605,0.00010821092738977356
120594,DSP Top 100 Equity Fund - Direct Growth,2022-11-17,138.5869,0.02006764291313523
120594,DSP Top 100 Equity Fund - Direct Growth,2022-11-18,140.1524,0.011296161469806831
120594,DSP Top 100 Equity Fund - Direct Growth,2022-11-19,139.0187,-0.008089051632365951
120594,DSP Top 100 Equity Fund - Direct Growth,2022-11-20,142.7608,0.02691796139656022
120594,DSP Top 100 Equity Fund - Direct Growth,2022-11-21,143.3781,0.004324016116469043
120594,DSP Top 100 Equity Fund - Direct Growth,2022-11-22,141.9986,-0.009621413591057393
120594,DSP Top 100 Equity Fund - Direct Growth,2022-11-23,144.8719,0.020234706539360214
120594,DSP Top 100 Equity Fund - Direct Growth,2022-11-24,148.542,0.025333415244778168
120594,DSP Top 100 Equity Fund - Direct Growth,2022-11-25,148.5425,3.3660513523159352e-06
120594,DSP Top 100 Equity Fund - Direct Growth,2022-11-26,147.7042,-0.005643502701247138
120594,DSP Top 100 Equity Fund - Direct Growth,2022-11-27,147.4578,-0.0016681990085589682
120594,DSP Top 100 Equity Fund - Direct Growth,2022-11-28,148.7815,0.008976805567423307
120594,DSP Top 100 Equity Fund - Direct Growth,2022-11-29,151.1225,0.015734483117860742
120594,DSP Top 100 Equity Fund - Direct Growth,2022-11-30,152.2175,0.007245777432215661
120594,DSP Top 100 Equity Fund - Direct Growth,2022-12-01,152.4642,0.0016207072117200294
120594,DSP Top 100 Equity Fund - Direct Growth,2022-12-02,155.2659,0.01837611714750076
120594,DSP Top 100 Equity Fund - Direct Growth,2022-12-03,154.7451,-0.0033542458453529322
120594,DSP Top 100 Equity Fund - Direct Growth,2022-12-04,156.7214,0.01277132523097646
120594,DSP Top 100 Equity Fund - Direct Growth,2022-12-05,156.2423,-0.0030570171016848224
120594,DSP Top 100 Equity Fund - Direct Growth,2022-12-06,157.1129,0.0055721145938072425
120594,DSP Top 100 Equity Fund - Direct Growth,2022-12-07,156.9616,-0.0009630017649727707
120594,DSP Top 100 Equity Fund - Direct Growth,2022-12-08,156.9192,-0.00027012976422269297
120594,DSP Top 100 Equity Fund - Direct Growth,2022-12-09,156.2713,-0.0041288765173413955
120594,DSP Top 100 Equity Fund - Direct Growth,2022-12-10,158.8558,0.016538545465482057
120594,DSP Top 100 Equity Fund - Direct Growth,2022-12-11,157.5222,-0.008395034994000738
120594,DSP Top 100 Equity Fund - Direct Growth,2022-12-12,156.186,-0.008482613879186474
120594,DSP Top 100 Equity Fund - Direct Growth,2022-12-13,160.2237,0.025851868925511834
120594,DSP Top 100 Equity Fund - Direct Growth,2022-12-14,162.1679,0.01213428475312961
120594,DSP Top 100 Equity Fund - Direct Growth,2022-12-15,157.5913,-0.02822136810059217
120594,DSP Top 100 Equity Fund - Direct Growth,2022-12-16,156.5854,-0.006382966572393234
120594,DSP Top 100 Equity Fund - Direct Growth,2022-12-17,153.2433,-0.021343624629116098
120594,DSP Top 100 Equity Fund - Direct Growth,2022-12-18,151.5564,-0.011007985340957815
120594,DSP Top 100 Equity Fund - Direct Growth,2022-12-19,145.9091,-0.03726203578337839
120594,DSP Top 100 Equity Fund - Direct Growth,2022-12-20,145.7276,-0.0012439251561416897
120594,DSP Top 100 Equity Fund - Direct Growth,2022-12-21,143.7889,-0.013303588338790862
120594,DSP Top 100 Equity Fund - Direct Growth,2022-12-22,143.9498,0.0011190015362798622
120594,DSP Top 100 Equity Fund - Direct Growth,2022-12-23,141.2001,-0.019101797987909785
120594,DSP Top 100 Equity Fund - Direct Growth,2022-12-24,141.3971,0.0013951831478873356
120594,DSP Top 100 Equity Fund - Direct Growth,2022-12-25,140.7496,-0.004579301838580907
120594,DSP Top 100 Equity Fund - Direct Growth,2022-12-26,143.3427,0.018423498184009235
120594,DSP Top 100 Equity Fund - Direct Growth,2022-12-27,145.8277,0.01733607640989021
120594,DSP Top 100 Equity Fund - Direct Growth,2022-12-28,147.2603,0.009823922341228863
120594,DSP Top 100 Equity Fund - Direct Growth,2022-12-29,146.742,-0.0035196179825792706
120594,DSP Top 100 Equity Fund - Direct Growth,2022-12-30,150.2968,0.02422482997369535
120594,DSP Top 100 Equity Fund - Direct Growth,2022-12-31,147.5559,-0.01823658254866356
120594,DSP Top 100 Equity Fund - Direct Growth,2023-01-01,145.1297,-0.0164425820993942
120594,DSP Top 100 Equity Fund - Direct Growth,2023-01-02,145.0418,-0.0006056651395270896
120594,DSP Top 100 Equity Fund - Direct Growth,2023-01-03,149.023,0.02744863894408378
120594,DSP Top 100 Equity Fund - Direct Growth,2023-01-04,148.7208,-0.002027874891795234
120594,DSP Top 100 Equity Fund - Direct Growth,2023-01-05,148.4533,-0.001798672411659874
120594,DSP Top 100 Equity Fund - Direct Growth,2023-01-07,147.659,-0.005350504165283043
120594,DSP Top 100 Equity Fund - Direct Growth,2023-01-08,149.407,0.011838086401777304
120594,DSP Top 100 Equity Fund - Direct Growth,2023-01-09,150.8815,0.00986901550797481
120594,DSP Top 100 Equity Fund - Direct Growth,2023-01-10,149.8026,-0.007150644711246712
120594,DSP Top 100 Equity Fund - Direct Growth,2023-01-11,148.5921,-0.008080634114494889
120594,DSP Top 100 Equity Fund - Direct Growth,2023-01-12,146.3458,-0.015117223593986484
120594,DSP Top 100 Equity Fund - Direct Growth,2023-01-13,146.5516,0.0014062583278782181
120594,DSP Top 100 Equity Fund - Direct Growth,2023-01-14,144.7102,-0.012564857701997223
120594,DSP Top 100 Equity Fund - Direct Growth,2023-01-15,142.7235,-0.013728818010064203
120594,DSP Top 100 Equity Fund - Direct Growth,2023-01-16,142.0549,-0.0046845824268603176
120594,DSP Top 100 Equity Fund - Direct Growth,2023-01-17,141.2779,-0.005469716285745996
120594,DSP Top 100 Equity Fund - Direct Growth,2023-01-18,140.4224,-0.006055441084557356
120594,DSP Top 100 Equity Fund - Direct Growth,2023-01-19,141.2646,0.005997618613554412
120594,DSP Top 100 Equity Fund - Direct Growth,2023-01-20,141.4551,0.0013485331781635246
120594,DSP Top 100 Equity Fund - Direct Growth,2023-01-21,141.0225,-0.003058214231936307
120594,DSP Top 100 Equity Fund - Direct Growth,2023-01-22,141.3886,0.002596039639064518
120594,DSP Top 100 Equity Fund - Direct Growth,2023-01-23,139.7629,-0.011498098149355762
120594,DSP Top 100 Equity Fund - Direct Growth,2023-01-24,139.9954,0.0016635315952944207
120594,DSP Top 100 Equity Fund - Direct Growth,2023-01-25,140.3044,0.0022072153799339578
120594,DSP Top 100 Equity Fund - Direct Growth,2023-01-26,137.8299,-0.0176366528776003
120594,DSP Top 100 Equity Fund - Direct Growth,2023-01-27,139.5319,0.012348554268703626
120594,DSP Top 100 Equity Fund - Direct Growth,2023-01-28,138.1119,-0.010176884282375731
120594,DSP Top 100 Equity Fund - Direct Growth,2023-01-29,138.3168,0.0014835796191350337
120594,DSP Top 100 Equity Fund - Direct Growth,2023-01-30,140.3048,0.014372802146955355
120594,DSP Top 100 Equity Fund - Direct Growth,2023-01-31,141.9194,0.011507803011728823
120594,DSP Top 100 Equity Fund - Direct Growth,2023-02-01,142.0346,0.0008117283472168779
120594,DSP Top 100 Equity Fund - Direct Growth,2023-02-02,141.4736,-0.003949741823471187
120594,DSP Top 100 Equity Fund - Direct Growth,2023-02-03,143.1388,0.011770393910948806
120594,DSP Top 100 Equity Fund - Direct Growth,2023-02-04,144.355,0.008496648008785801
120594,DSP Top 100 Equity Fund - Direct Growth,2023-02-05,143.3416,-0.007020193273526987
120594,DSP Top 100 Equity Fund - Direct Growth,2023-02-06,142.0316,-0.00913900779675969
120594,DSP Top 100 Equity Fund - Direct Growth,2023-02-07,138.5563,-0.024468498559475527
120594,DSP Top 100 Equity Fund - Direct Growth,2023-02-08,138.8678,0.002248183590352726
120594,DSP Top 100 Equity Fund - Direct Growth,2023-02-09,138.7855,-0.0005926499879740366
120594,DSP Top 100 Equity Fund - Direct Growth,2023-02-10,140.7333,0.01403460736172013
120594,DSP Top 100 Equity Fund - Direct Growth,2023-02-11,141.396,0.004708906847206595
120594,DSP Top 100 Equity Fund - Direct Growth,2023-02-12,143.7164,0.016410648108857506
120594,DSP Top 100 Equity Fund - Direct Growth,2023-02-13,142.5712,-0.007968471239190422
120594,DSP Top 100 Equity Fund - Direct Growth,2023-02-14,144.5754,0.014057537567194522
120594,DSP Top 100 Equity Fund - Direct Growth,2023-02-15,143.7156,-0.005947069833457164
120594,DSP Top 100 Equity Fund - Direct Growth,2023-02-16,145.1141,0.00973102432860462
120594,DSP Top 100 Equity Fund - Direct Growth,2023-02-17,142.6319,-0.01710516069768553
120594,DSP Top 100 Equity Fund - Direct Growth,2023-02-18,143.0914,0.0032215794643413176
120594,DSP Top 100 Equity Fund - Direct Growth,2023-02-19,139.7407,-0.02341650162064235
120594,DSP Top 100 Equity Fund - Direct Growth,2023-02-20,139.3486,-0.0028059112341644044
120594,DSP Top 100 Equity Fund - Direct Growth,2023-02-21,140.1407,0.005684305403857781
120594,DSP Top 100 Equity Fund - Direct Growth,2023-02-22,139.3206,-0.005851975907070539
120594,DSP Top 100 Equity Fund - Direct Growth,2023-02-23,137.6202,-0.01220494313116649
120594,DSP Top 100 Equity Fund - Direct Growth,2023-02-24,139.0726,0.010553683252894519
120594,DSP Top 100 Equity Fund - Direct Growth,2023-02-25,138.9556,-0.0008412872125781456
120594,DSP Top 100 Equity Fund - Direct Growth,2023-02-26,138.1948,-0.005475130185469412
120594,DSP Top 100 Equity Fund - Direct Growth,2023-02-27,138.3196,0.0009030730534000941
120594,DSP Top 100 Equity Fund - Direct Growth,2023-02-28,142.7514,0.03204028930100988
120594,DSP Top 100 Equity Fund - Direct Growth,2023-03-01,144.7845,0.014242242107608272
120594,DSP Top 100 Equity Fund - Direct Growth,2023-03-02,146.8623,0.01435098370336596
120594,DSP Top 100 Equity Fund - Direct Growth,2023-03-03,147.6886,0.00562635884090068
120594,DSP Top 100 Equity Fund - Direct Growth,2023-03-04,148.0427,0.002397612273391303
120594,DSP Top 100 Equity Fund - Direct Growth,2023-03-05,143.8452,-0.02835330617450227
120594,DSP Top 100 Equity Fund - Direct Growth,2023-03-06,142.7307,-0.007747912339097773
120594,DSP Top 100 Equity Fund - Direct Growth,2023-03-07,141.9647,-0.005366750110523011
120594,DSP Top 100 Equity Fund - Direct Growth,2023-03-08,138.8275,-0.02209845123470844
120594,DSP Top 100 Equity Fund - Direct Growth,2023-03-09,136.9549,-0.013488681997442686
120594,DSP Top 100 Equity Fund - Direct Growth,2023-03-10,133.7543,-0.023369737044822814
120594,DSP Top 100 Equity Fund - Direct Growth,2023-03-11,133.7463,-5.981116121134278e-05
120594,DSP Top 100 Equity Fund - Direct Growth,2023-03-12,135.1139,0.010225329597902899
120594,DSP Top 100 Equity Fund - Direct Growth,2023-03-13,136.9624,0.013681049840171822
120594,DSP Top 100 Equity Fund - Direct Growth,2023-03-14,137.6989,0.00537738824670142
120594,DSP Top 100 Equity Fund - Direct Growth,2023-03-15,136.1621,-0.011160582982144396
120594,DSP Top 100 Equity Fund - Direct Growth,2023-03-16,133.0597,-0.022784607464191753
120594,DSP Top 100 Equity Fund - Direct Growth,2023-03-17,130.3077,-0.02068244554887755
120594,DSP Top 100 Equity Fund - Direct Growth,2023-03-18,128.3755,-0.014827980234475957
120594,DSP Top 100 Equity Fund - Direct Growth,2023-03-19,127.0576,-0.01026597754244385
120594,DSP Top 100 Equity Fund - Direct Growth,2023-03-20,126.8649,-0.001516634975003317
120594,DSP Top 100 Equity Fund - Direct Growth,2023-03-21,125.3717,-0.011770001001064956
120594,DSP Top 100 Equity Fund - Direct Growth,2023-03-22,125.9318,0.004467515396217703
120594,DSP Top 100 Equity Fund - Direct Growth,2023-03-23,125.6312,-0.0023870063002354724
120594,DSP Top 100 Equity Fund - Direct Growth,2023-03-24,125.6974,0.0005269391679774138
120594,DSP Top 100 Equity Fund - Direct Growth,2023-03-25,127.4676,0.014083027970347883
120594,DSP Top 100 Equity Fund - Direct Growth,2023-03-26,125.7133,-0.013762713034528029
120594,DSP Top 100 Equity Fund - Direct Growth,2023-03-27,126.3952,0.005424247076482702
120594,DSP Top 100 Equity Fund - Direct Growth,2023-03-28,126.4246,0.00023260376976330654
120594,DSP Top 100 Equity Fund - Direct Growth,2023-03-29,125.9692,-0.003602147050494886
120594,DSP Top 100 Equity Fund - Direct Growth,2023-03-30,127.3578,0.011023329512293456
120594,DSP Top 100 Equity Fund - Direct Growth,2023-03-31,128.7521,0.010947896398964208
120594,DSP Top 100 Equity Fund - Direct Growth,2023-04-01,127.3412,-0.010958267865145643
120594,DSP Top 100 Equity Fund - Direct Growth,2023-04-02,127.1138,-0.0017857535503041921
120594,DSP Top 100 Equity Fund - Direct Growth,2023-04-03,127.5936,0.00377457050296659
120594,DSP Top 100 Equity Fund - Direct Growth,2023-04-04,127.2266,-0.002876319815413808
120594,DSP Top 100 Equity Fund - Direct Growth,2023-04-05,128.1707,0.007420618015415048
120594,DSP Top 100 Equity Fund - Direct Growth,2023-04-06,128.6545,0.0037746536454899005
120594,DSP Top 100 Equity Fund - Direct Growth,2023-04-07,131.5352,0.022390977385167155
120594,DSP Top 100 Equity Fund - Direct Growth,2023-04-08,129.1724,-0.017963252422165232
120594,DSP Top 100 Equity Fund - Direct Growth,2023-04-09,129.0343,-0.0010691138354633756
120594,DSP Top 100 Equity Fund - Direct Growth,2023-04-10,127.6792,-0.010501858808084408
120594,DSP Top 100 Equity Fund - Direct Growth,2023-04-11,128.6559,0.007649640661908874
120594,DSP Top 100 Equity Fund - Direct Growth,2023-04-12,126.2107,-0.01900573545402895
120594,DSP Top 100 Equity Fund - Direct Growth,2023-04-13,126.7857,0.004555873630365692
120594,DSP Top 100 Equity Fund - Direct Growth,2023-04-14,125.8778,-0.00716090221531307
120594,DSP Top 100 Equity Fund - Direct Growth,2023-04-15,124.8192,-0.008409743417822635
120594,DSP Top 100 Equity Fund - Direct Growth,2023-04-16,122.7025,-0.016958128236681524
120594,DSP Top 100 Equity Fund - Direct Growth,2023-04-17,122.0668,-0.005180823536602763
120594,DSP Top 100 Equity Fund - Direct Growth,2023-04-18,123.7042,0.013413966778845765
120594,DSP Top 100 Equity Fund - Direct Growth,2023-04-19,123.7163,9.781397883013021e-05
120594,DSP Top 100 Equity Fund - Direct Growth,2023-04-20,124.6976,0.00793185699863308
120594,DSP Top 100 Equity Fund - Direct Growth,2023-04-21,127.2384,0.02037569287620622
120594,DSP Top 100 Equity Fund - Direct Growth,2023-04-22,127.692,0.003564961521050236
120594,DSP Top 100 Equity Fund - Direct Growth,2023-04-23,126.8868,-0.006305798327224887
120594,DSP Top 100 Equity Fund - Direct Growth,2023-04-24,127.649,0.006006929010740292
120594,DSP Top 100 Equity Fund - Direct Growth,2023-04-25,126.8663,-0.006131657905663279
120594,DSP Top 100 Equity Fund - Direct Growth,2023-04-26,126.1491,-0.005653195529466748
120594,DSP Top 100 Equity Fund - Direct Growth,2023-04-27,123.8988,-0.017838415018418763
120594,DSP Top 100 Equity Fund - Direct Growth,2023-04-28,125.3255,0.011515042922126906
120594,DSP Top 100 Equity Fund - Direct Growth,2023-04-29,124.7951,-0.004232179404829783
120594,DSP Top 100 Equity Fund - Direct Growth,2023-04-30,125.1177,0.0025850373932949644
120594,DSP Top 100 Equity Fund - Direct Growth,2023-05-01,123.6123,-0.012031870790463639
120594,DSP Top 100 Equity Fund - Direct Growth,2023-05-02,124.3084,0.005631316624640004
120594,DSP Top 100 Equity Fund - Direct Growth,2023-05-03,123.2215,-0.008743576459837032
120594,DSP Top 100 Equity Fund - Direct Growth,2023-05-04,123.0612,-0.0013009093380620396
120594,DSP Top 100 Equity Fund - Direct Growth,2023-05-05,124.4067,0.010933584265389928
120594,DSP Top 100 Equity Fund - Direct Growth,2023-05-06,125.637,0.00988933875747855
120594,DSP Top 100 Equity Fund - Direct Growth,2023-05-07,125.654,0.0001353104579064901
120594,DSP Top 100 Equity Fund - Direct Growth,2023-05-08,123.0382,-0.020817482929313735
120594,DSP Top 100 Equity Fund - Direct Growth,2023-05-09,127.5062,0.03631392526873767
120594,DSP Top 100 Equity Fund - Direct Growth,2023-05-10,130.2285,0.021350334336683208
120594,DSP Top 100 Equity Fund - Direct Growth,2023-05-11,131.4099,0.009071746967829641
120594,DSP Top 100 Equity Fund - Direct Growth,2023-05-12,130.2747,-0.008638618551570332
120594,DSP Top 100 Equity Fund - Direct Growth,2023-05-13,130.1492,-0.0009633489848757115
120594,DSP Top 100 Equity Fund - Direct Growth,2023-05-14,129.3526,-0.006120667664495927
120594,DSP Top 100 Equity Fund - Direct Growth,2023-05-15,131.3661,0.015565980119456313
120594,DSP Top 100 Equity Fund - Direct Growth,2023-05-16,131.8325,0.0035503832419476744
120594,DSP Top 100 Equity Fund - Direct Growth,2023-05-17,130.6447,-0.009009917888229468
120594,DSP Top 100 Equity Fund - Direct Growth,2023-05-18,129.9589,-0.005249351868081953
120594,DSP Top 100 Equity Fund - Direct Growth,2023-05-19,131.7594,0.013854380115559506
120594,DSP Top 100 Equity Fund - Direct Growth,2023-05-20,134.342,0.019600878571092606
120594,DSP Top 100 Equity Fund - Direct Growth,2023-05-21,136.8596,0.01874023015884818
120594,DSP Top 100 Equity Fund - Direct Growth,2023-05-22,138.1576,0.009484172100459265
120594,DSP Top 100 Equity Fund - Direct Growth,2023-05-23,137.794,-0.002631777043029082
120594,DSP Top 100 Equity Fund - Direct Growth,2023-05-24,132.4892,-0.0384980478104997
120594,DSP Top 100 Equity Fund - Direct Growth,2023-05-25,133.0146,0.003965606253188758
120594,DSP Top 100 Equity Fund - Direct Growth,2023-05-26,133.0649,0.0003781539770821851
120594,DSP Top 100 Equity Fund - Direct Growth,2023-05-27,133.3416,0.0020794364253835518
120594,DSP Top 100 Equity Fund - Direct Growth,2023-05-28,133.4812,0.0010469350900244034
120594,DSP Top 100 Equity Fund - Direct Growth,2023-05-29,131.4102,-0.01551529353946468
120594,DSP Top 100 Equity Fund - Direct Growth,2023-05-30,132.3418,0.0070892518236789215
120594,DSP Top 100 Equity Fund - Direct Growth,2023-05-31,133.3988,0.007986894541256007
120594,DSP Top 100 Equity Fund - Direct Growth,2023-06-01,134.5444,0.008587783398351423
120594,DSP Top 100 Equity Fund - Direct Growth,2023-06-02,136.1265,0.011758943516043674
120594,DSP Top 100 Equity Fund - Direct Growth,2023-06-03,137.1677,0.007648767873999596
120594,DSP Top 100 Equity Fund - Direct Growth,2023-06-04,136.5477,-0.004520014551530727
120594,DSP Top 100 Equity Fund - Direct Growth,2023-06-05,136.4862,-0.0004503920607963341
120594,DSP Top 100 Equity Fund - Direct Growth,2023-06-06,136.69,0.0014931912530351532
120594,DSP Top 100 Equity Fund - Direct Growth,2023-06-07,136.9213,0.0016921501207112222
120594,DSP Top 100 Equity Fund - Direct Growth,2023-06-08,138.6162,0.012378643790264876
120594,DSP Top 100 Equity Fund - Direct Growth,2023-06-09,139.7423,0.008123870081563345
120594,DSP Top 100 Equity Fund - Direct Growth,2023-06-10,143.2817,0.02532805027539986
120594,DSP Top 100 Equity Fund - Direct Growth,2023-06-11,147.1328,0.026877821801388535
120594,DSP Top 100 Equity Fund - Direct Growth,2023-06-12,147.3323,0.001355917919050098
120594,DSP Top 100 Equity Fund - Direct Growth,2023-06-13,140.6081,-0.045639686613186625
120594,DSP Top 100 Equity Fund - Direct Growth,2023-06-14,142.7512,0.015241653930321286
120594,DSP Top 100 Equity Fund - Direct Growth,2023-06-15,141.8826,-0.006084712422732785
120594,DSP Top 100 Equity Fund - Direct Growth,2023-06-16,140.5748,-0.009217479803725004
120594,DSP Top 100 Equity Fund - Direct Growth,2023-06-17,139.9589,-0.0043812973591284
120594,DSP Top 100 Equity Fund - Direct Growth,2023-06-18,139.2647,-0.004960027550945267
120594,DSP Top 100 Equity Fund - Direct Growth,2023-06-19,140.3436,0.007747117539476989
120594,DSP Top 100 Equity Fund - Direct Growth,2023-06-20,137.7735,-0.01831291202448848
120594,DSP Top 100 Equity Fund - Direct Growth,2023-06-21,136.0468,-0.012532889125993152
120594,DSP Top 100 Equity Fund - Direct Growth,2023-06-22,136.6614,0.004517563073883402
120594,DSP Top 100 Equity Fund - Direct Growth,2023-06-23,137.7377,0.007875669355063009
120594,DSP Top 100 Equity Fund - Direct Growth,2023-06-24,138.8532,0.008098726782863386
120594,DSP Top 100 Equity Fund - Direct Growth,2023-06-25,137.5974,-0.009044083967816308
120594,DSP Top 100 Equity Fund - Direct Growth,2023-06-26,136.0372,-0.01133887704273473
120594,DSP Top 100 Equity Fund - Direct Growth,2023-06-27,135.2646,-0.005679328889450885
120594,DSP Top 100 Equity Fund - Direct Growth,2023-06-28,135.7081,0.003278758817902183
120594,DSP Top 100 Equity Fund - Direct Growth,2023-06-29,138.1815,0.01822588334815678
120594,DSP Top 100 Equity Fund - Direct Growth,2023-06-30,134.8418,-0.02416893723110547
120594,DSP Top 100 Equity Fund - Direct Growth,2023-07-01,134.5386,-0.0022485609061878575
120594,DSP Top 100 Equity Fund - Direct Growth,2023-07-02,132.4409,-0.015591807852913586
120594,DSP Top 100 Equity Fund - Direct Growth,2023-07-03,129.868,-0.019426778283747725
120594,DSP Top 100 Equity Fund - Direct Growth,2023-07-04,131.4269,0.01200372686112039
120594,DSP Top 100 Equity Fund - Direct Growth,2023-07-05,132.3384,0.0069354142873339075
120594,DSP Top 100 Equity Fund - Direct Growth,2023-07-06,133.1051,0.0057934809548851884
120594,DSP Top 100 Equity Fund - Direct Growth,2023-07-07,134.6295,0.011452603994888344
120594,DSP Top 100 Equity Fund - Direct Growth,2023-07-08,133.9083,-0.0053569240025403975
120594,DSP Top 100 Equity Fund - Direct Growth,2023-07-09,133.2667,-0.004791338550336421
120594,DSP Top 100 Equity Fund - Direct Growth,2023-07-10,136.8154,0.0266285576216716
120594,DSP Top 100 Equity Fund - Direct Growth,2023-07-11,136.4653,-0.0025589224604832816
120594,DSP Top 100 Equity Fund - Direct Growth,2023-07-12,137.7237,0.009221391811691237
120594,DSP Top 100 Equity Fund - Direct Growth,2023-07-13,137.7893,0.00047631598628261607
120594,DSP Top 100 Equity Fund - Direct Growth,2023-07-14,134.7884,-0.021778904457748216
120594,DSP Top 100 Equity Fund - Direct Growth,2023-07-15,131.5352,-0.024135608108709627
120594,DSP Top 100 Equity Fund - Direct Growth,2023-07-16,130.6739,-0.006548057098023974
120594,DSP Top 100 Equity Fund - Direct Growth,2023-07-17,132.3822,0.013073000805822854
120594,DSP Top 100 Equity Fund - Direct Growth,2023-07-18,133.6874,0.009859331541551608
120594,DSP Top 100 Equity Fund - Direct Growth,2023-07-19,135.2073,0.011369059462597031
120594,DSP Top 100 Equity Fund - Direct Growth,2023-07-20,133.6599,-0.011444648328899465
120594,DSP Top 100 Equity Fund - Direct Growth,2023-07-21,136.3051,0.019790528049175693
120594,DSP Top 100 Equity Fund - Direct Growth,2023-07-22,134.7814,-0.011178598599759115
120594,DSP Top 100 Equity Fund - Direct Growth,2023-07-23,135.1795,0.002953671649055467
120594,DSP Top 100 Equity Fund - Direct Growth,2023-07-24,135.2168,0.0002759294123739764
120594,DSP Top 100 Equity Fund - Direct Growth,2023-07-25,134.9888,-0.0016861810070938343
120594,DSP Top 100 Equity Fund - Direct Growth,2023-07-26,137.2111,0.016462847288071236
120594,DSP Top 100 Equity Fund - Direct Growth,2023-07-27,136.105,-0.008061301162952561
120594,DSP Top 100 Equity Fund - Direct Growth,2023-07-28,133.9552,-0.0157951581499578
120594,DSP Top 100 Equity Fund - Direct Growth,2023-07-29,134.0409,0.0006397661307662172
120594,DSP Top 100 Equity Fund - Direct Growth,2023-07-30,133.4514,-0.004397911383764108
120594,DSP Top 100 Equity Fund - Direct Growth,2023-07-31,138.9134,0.04092875758515824
120594,DSP Top 100 Equity Fund - Direct Growth,2023-08-01,140.0967,0.008518256698057947
120594,DSP Top 100 Equity Fund - Direct Growth,2023-08-02,139.4646,-0.004511883577557607
120594,DSP Top 100 Equity Fund - Direct Growth,2023-08-03,137.7529,-0.012273365427499017
120594,DSP Top 100 Equity Fund - Direct Growth,2023-08-04,134.6998,-0.022163598733674572
120594,DSP Top 100 Equity Fund - Direct Growth,2023-08-05,,0.0
120594,DSP Top 100 Equity Fund - Direct Growth,2023-08-06,133.3333,-0.010144781209771692
120594,DSP Top 100 Equity Fund - Direct Growth,2023-08-07,135.6704,0.017528254382063624
120594,DSP Top 100 Equity Fund - Direct Growth,2023-08-08,137.5508,0.013860060853362333
120594,DSP Top 100 Equity Fund - Direct Growth,2023-08-09,137.984,0.003149381901086823
120594,DSP Top 100 Equity Fund - Direct Growth,2023-08-10,137.5041,-0.0034779394712431966
120594,DSP Top 100 Equity Fund - Direct Growth,2023-08-11,138.0027,0.003626073695257137
120594,DSP Top 100 Equity Fund - Direct Growth,2023-08-12,137.199,-0.005823799099582749
120594,DSP Top 100 Equity Fund - Direct Growth,2023-08-13,140.083,0.02102056137435393
120594,DSP Top 100 Equity Fund - Direct Growth,2023-08-14,139.821,-0.0018703197390118609
120594,DSP Top 100 Equity Fund - Direct Growth,2023-08-15,139.7321,-0.0006358129322490136
120594,DSP Top 100 Equity Fund - Direct Growth,2023-08-16,136.0725,-0.026190116658949547
120594,DSP Top 100 Equity Fund - Direct Growth,2023-08-17,135.8078,-0.0019452865200536573
120594,DSP Top 100 Equity Fund - Direct Growth,2023-08-18,137.2253,0.010437544824376976
120594,DSP Top 100 Equity Fund - Direct Growth,2023-08-19,135.522,-0.012412434150262497
120594,DSP Top 100 Equity Fund - Direct Growth,2023-08-20,134.3553,-0.008608934342763441
120594,DSP Top 100 Equity Fund - Direct Growth,2023-08-21,135.6871,0.009912522989416805
120594,DSP Top 100 Equity Fund - Direct Growth,2023-08-22,133.337,-0.017319995784418674
120594,DSP Top 100 Equity Fund - Direct Growth,2023-08-23,135.0829,0.01309388991802729
120594,DSP Top 100 Equity Fund - Direct Growth,2023-08-24,134.2743,-0.0059859538105858645
120594,DSP Top 100 Equity Fund - Direct Growth,2023-08-25,133.7019,-0.004262915539310352
120594,DSP Top 100 Equity Fund - Direct Growth,2023-08-26,131.9522,-0.01308657543385694
120594,DSP Top 100 Equity Fund - Direct Growth,2023-08-27,132.6036,0.004936636145513207
120594,DSP Top 100 Equity Fund - Direct Growth,2023-08-28,136.5709,0.0299184939172088
120594,DSP Top 100 Equity Fund - Direct Growth,2023-08-29,137.9063,0.009778071316803194
120594,DSP Top 100 Equity Fund - Direct Growth,2023-08-30,136.5312,-0.009971263096754668
120594,DSP Top 100 Equity Fund - Direct Growth,2023-08-31,138.4464,0.014027562930670756
120594,DSP Top 100 Equity Fund - Direct Growth,2023-09-01,137.9757,-0.003399871719308112
120594,DSP Top 100 Equity Fund - Direct Growth,2023-09-02,140.3066,0.01689355444473195
120594,DSP Top 100 Equity Fund - Direct Growth,2023-09-03,141.7209,0.010080067509297574
120594,DSP Top 100 Equity Fund - Direct Growth,2023-09-04,136.7723,-0.03491792671370275
120594,DSP Top 100 Equity Fund - Direct Growth,2023-09-05,135.179,-0.011649288635198762
120594,DSP Top 100 Equity Fund - Direct Growth,2023-09-06,136.765,0.011732591600766229
120594,DSP Top 100 Equity Fund - Direct Growth,2023-09-07,137.0686,0.002219866193836184
120594,DSP Top 100 Equity Fund - Direct Growth,2023-09-08,135.4395,-0.011885289555740641
120594,DSP Top 100 Equity Fund - Direct Growth,2023-09-09,134.4639,-0.007203216196161488
120594,DSP Top 100 Equity Fund - Direct Growth,2023-09-10,131.4418,-0.022475177352434317
120594,DSP Top 100 Equity Fund - Direct Growth,2023-09-11,131.355,-0.0006603683151022999
120594,DSP Top 100 Equity Fund - Direct Growth,2023-09-12,134.8922,0.026928552396178418
120594,DSP Top 100 Equity Fund - Direct Growth,2023-09-13,136.2491,0.010059143523495129
120594,DSP Top 100 Equity Fund - Direct Growth,2023-09-14,139.8849,0.026684946909740992
120594,DSP Top 100 Equity Fund - Direct Growth,2023-09-15,141.4221,0.010989034556267319
120594,DSP Top 100 Equity Fund - Direct Growth,2023-09-16,143.2224,0.01272997643225482
120594,DSP Top 100 Equity Fund - Direct Growth,2023-09-17,146.6725,0.024089108966195427
120594,DSP Top 100 Equity Fund - Direct Growth,2023-09-18,147.3952,0.00492730402768049
120594,DSP Top 100 Equity Fund - Direct Growth,2023-09-19,147.123,-0.001846735850285497
120594,DSP Top 100 Equity Fund - Direct Growth,2023-09-20,149.005,0.012792017563535207
120594,DSP Top 100 Equity Fund - Direct Growth,2023-09-21,151.6642,0.017846380993926436
120594,DSP Top 100 Equity Fund - Direct Growth,2023-09-22,150.8513,-0.0053598673912498285
120594,DSP Top 100 Equity Fund - Direct Growth,2023-09-23,149.6054,-0.008259126702918729
120594,DSP Top 100 Equity Fund - Direct Growth,2023-09-24,149.9145,0.0020661018920440366
120594,DSP Top 100 Equity Fund - Direct Growth,2023-09-25,151.4703,0.010377915411784677
120594,DSP Top 100 Equity Fund - Direct Growth,2023-09-26,152.9815,0.009976873354050175
120594,DSP Top 100 Equity Fund - Direct Growth,2023-09-27,150.4282,-0.016690253396652532
120594,DSP Top 100 Equity Fund - Direct Growth,2023-09-28,153.9391,0.023339373867399704
120594,DSP Top 100 Equity Fund - Direct Growth,2023-09-29,152.8163,-0.007293793454684283
120594,DSP Top 100 Equity Fund - Direct Growth,2023-09-30,152.3914,-0.00278046255536879
120594,DSP Top 100 Equity Fund - Direct Growth,2023-10-01,150.8017,-0.010431691027183887
120594,DSP Top 100 Equity Fund - Direct Growth,2023-10-02,155.745,0.03278013444145511
120594,DSP Top 100 Equity Fund - Direct Growth,2023-10-03,156.2597,0.0033047609875116457
120594,DSP Top 100 Equity Fund - Direct Growth,2023-10-04,154.7265,-0.009811870879055995
120594,DSP Top 100 Equity Fund - Direct Growth,2023-10-05,156.3925,0.010767386323609962
120594,DSP Top 100 Equity Fund - Direct Growth,2023-10-06,157.8985,0.00962961778857685
120594,DSP Top 100 Equity Fund - Direct Growth,2023-10-07,157.606,-0.0018524558498023147
120594,DSP Top 100 Equity Fund - Direct Growth,2023-10-08,159.2589,0.01048754489042314
120594,DSP Top 100 Equity Fund - Direct Growth,2023-10-09,157.7454,-0.00950339353091112
120594,DSP Top 100 Equity Fund - Direct Growth,2023-10-10,156.8754,-0.00551521629156837
120594,DSP Top 100 Equity Fund - Direct Growth,2023-10-11,153.1539,-0.02372264867531826
120594,DSP Top 100 Equity Fund - Direct Growth,2023-10-12,150.7819,-0.015487689180621489
120594,DSP Top 100 Equity Fund - Direct Growth,2023-10-13,154.1129,0.0220915109837454
120594,DSP Top 100 Equity Fund - Direct Growth,2023-10-14,157.2101,0.020096954894755825
120594,DSP Top 100 Equity Fund - Direct Growth,2023-10-15,157.3971,0.0011894910059848662
120594,DSP Top 100 Equity Fund - Direct Growth,2023-10-16,160.6009,0.020354885826994185
120594,DSP Top 100 Equity Fund - Direct Growth,2023-10-17,160.3566,-0.0015211620856421249
120594,DSP Top 100 Equity Fund - Direct Growth,2023-10-18,159.9524,-0.0025206321411153088
120594,DSP Top 100 Equity Fund - Direct Growth,2023-10-19,160.1248,0.001077820651643746
120594,DSP Top 100 Equity Fund - Direct Growth,2023-10-20,159.9488,-0.0010991426687183559
120594,DSP Top 100 Equity Fund - Direct Growth,2023-10-21,159.5997,-0.002182573423495482
120594,DSP Top 100 Equity Fund - Direct Growth,2023-10-22,161.8534,0.014120953861441965
120594,DSP Top 100 Equity Fund - Direct Growth,2023-10-23,162.2097,0.0022013748243780995
120594,DSP Top 100 Equity Fund - Direct Growth,2023-10-24,163.6614,0.008949526446322187
120594,DSP Top 100 Equity Fund - Direct Growth,2023-10-25,165.7524,0.012776378547415534
120594,DSP Top 100 Equity Fund - Direct Growth,2023-10-26,166.5908,0.005058146971024247
120594,DSP Top 100 Equity Fund - Direct Growth,2023-10-27,164.7178,-0.011243117867253072
120594,DSP Top 100 Equity Fund - Direct Growth,2023-10-28,162.1096,-0.015834354271366036
120594,DSP Top 100 Equity Fund - Direct Growth,2023-10-29,162.4639,0.002185558412333366
120594,DSP Top 100 Equity Fund - Direct Growth,2023-10-30,162.195,-0.0016551369258032134
120594,DSP Top 100 Equity Fund - Direct Growth,2023-10-31,162.43,0.0014488732698296758
120594,DSP Top 100 Equity Fund - Direct Growth,2023-11-01,162.4637,0.00020747398879517043
120594,DSP Top 100 Equity Fund - Direct Growth,2023-11-02,167.5655,0.03140270718935989
120594,DSP Top 100 Equity Fund - Direct Growth,2023-11-03,164.9577,-0.015562869445082672
120594,DSP Top 100 Equity Fund - Direct Growth,2023-11-04,161.0846,-0.02347935258554157
120594,DSP Top 100 Equity Fund - Direct Growth,2023-11-05,161.7915,0.004388377287462664
120594,DSP Top 100 Equity Fund - Direct Growth,2023-11-06,161.1254,-0.004117027161501086
120594,DSP Top 100 Equity Fund - Direct Growth,2023-11-07,161.801,0.004193007433961116
120594,DSP Top 100 Equity Fund - Direct Growth,2023-11-08,162.9994,0.00740662913084611
120594,DSP Top 100 Equity Fund - Direct Growth,2023-11-09,165.5763,0.015809260647585255
120594,DSP Top 100 Equity Fund - Direct Growth,2023-11-10,162.6478,-0.017686709994123584
120594,DSP Top 100 Equity Fund - Direct Growth,2023-11-11,161.6263,-0.006280441543015103
120594,DSP Top 100 Equity Fund - Direct Growth,2023-11-12,162.5225,0.005544889662140617
120594,DSP Top 100 Equity Fund - Direct Growth,2023-11-13,164.0901,0.009645433709178697
120594,DSP Top 100 Equity Fund - Direct Growth,2023-11-14,168.4748,0.02672129519087374
120594,DSP Top 100 Equity Fund - Direct Growth,2023-11-15,170.4743,0.011868243796698374
120594,DSP Top 100 Equity Fund - Direct Growth,2023-11-16,170.4263,-0.00028156736821915995
120594,DSP Top 100 Equity Fund - Direct Growth,2023-11-17,168.6734,-0.010285384356757188
120594,DSP Top 100 Equity Fund - Direct Growth,2023-11-18,167.5987,-0.006371484774718383
120594,DSP Top 100 Equity Fund - Direct Growth,2023-11-19,166.4737,-0.006712462566833777
120594,DSP Top 100 Equity Fund - Direct Growth,2023-11-20,167.8492,0.00826256639937717
120594,DSP Top 100 Equity Fund - Direct Growth,2023-11-21,168.434,0.0034840797573059135
120594,DSP Top 100 Equity Fund - Direct Growth,2023-11-22,165.826,-0.0154838096821307
120594,DSP Top 100 Equity Fund - Direct Growth,2023-11-23,165.0249,-0.004830967399563346
120594,DSP Top 100 Equity Fund - Direct Growth,2023-11-24,166.8287,0.010930471704573064
120594,DSP Top 100 Equity Fund - Direct Growth,2023-11-25,167.5994,0.004619708719183269
120594,DSP Top 100 Equity Fund - Direct Growth,2023-11-26,168.8101,0.007223772877468448
120594,DSP Top 100 Equity Fund - Direct Growth,2023-11-27,169.6533,0.004994961794347663
120594,DSP Top 100 Equity Fund - Direct Growth,2023-11-28,173.0323,0.019917089735360216
120594,DSP Top 100 Equity Fund - Direct Growth,2023-11-29,173.5916,0.003232344481348237
120594,DSP Top 100 Equity Fund - Direct Growth,2023-11-30,172.8569,-0.0042323476481581634
120594,DSP Top 100 Equity Fund - Direct Growth,2023-12-01,171.0265,-0.010589105786346975
120594,DSP Top 100 Equity Fund - Direct Growth,2023-12-02,171.6072,0.003395380248090163
120594,DSP Top 100 Equity Fund - Direct Growth,2023-12-03,166.6497,-0.028888648028754127
120594,DSP Top 100 Equity Fund - Direct Growth,2023-12-04,166.3478,-0.0018115844192938546
120594,DSP Top 100 Equity Fund - Direct Growth,2023-12-05,166.0034,-0.002070361014693378
120594,DSP Top 100 Equity Fund - Direct Growth,2023-12-06,163.3517,-0.015973769211955924
120594,DSP Top 100 Equity Fund - Direct Growth,2023-12-07,161.5974,-0.010739404609808156
120594,DSP Top 100 Equity Fund - Direct Growth,2023-12-08,163.2321,0.010115880577286518
120594,DSP Top 100 Equity Fund - Direct Growth,2023-12-09,163.7493,0.003168494432161273
120594,DSP Top 100 Equity Fund - Direct Growth,2023-12-10,164.0148,0.001621380976895903
120594,DSP Top 100 Equity Fund - Direct Growth,2023-12-11,164.6834,0.00407646139250839
120594,DSP Top 100 Equity Fund - Direct Growth,2023-12-12,164.9323,0.0015113848754639836
120594,DSP Top 100 Equity Fund - Direct Growth,2023-12-13,167.4581,0.015314162235050333
120594,DSP Top 100 Equity Fund - Direct Growth,2023-12-14,167.7731,0.0018810675625724471
120594,DSP Top 100 Equity Fund - Direct Growth,2023-12-15,164.9044,-0.017098688645557525
120594,DSP Top 100 Equity Fund - Direct Growth,2023-12-16,168.1961,0.01996126240415652
120594,DSP Top 100 Equity Fund - Direct Growth,2023-12-17,169.0109,0.0048443453801840786
120594,DSP Top 100 Equity Fund - Direct Growth,2023-12-18,167.8834,-0.006671167362578334
120594,DSP Top 100 Equity Fund - Direct Growth,2023-12-19,165.4254,-0.014641114011272105
120594,DSP Top 100 Equity Fund - Direct Growth,2023-12-20,166.2775,0.005150962306876838
120594,DSP Top 100 Equity Fund - Direct Growth,2023-12-21,166.1102,-0.0010061493587527615
120594,DSP Top 100 Equity Fund - Direct Growth,2023-12-22,169.3144,0.019289604130270144
120594,DSP Top 100 Equity Fund - Direct Growth,2023-12-23,168.6793,-0.0037510099554437515
120594,DSP Top 100 Equity Fund - Direct Growth,2023-12-24,167.0518,-0.009648486803063738
120594,DSP Top 100 Equity Fund - Direct Growth,2023-12-25,168.9144,0.011149834961371452
120594,DSP Top 100 Equity Fund - Direct Growth,2023-12-26,170.8575,0.011503459740555
120594,DSP Top 100 Equity Fund - Direct Growth,2023-12-27,171.2716,0.002423657141185087
120594,DSP Top 100 Equity Fund - Direct Growth,2023-12-28,172.7302,0.008516298090284646
120594,DSP Top 100 Equity Fund - Direct Growth,2023-12-29,172.7212,-5.210438012570595e-05
120594,DSP Top 100 Equity Fund - Direct Growth,2023-12-30,173.275,0.0032063232538912523
120594,DSP Top 100 Equity Fund - Direct Growth,2023-12-31,175.7667,0.014380031741451305
120594,DSP Top 100 Equity Fund - Direct Growth,2024-01-01,177.1559,0.007903658656617019
120594,DSP Top 100 Equity Fund - Direct Growth,2024-01-02,176.8669,-0.0016313314995437533
120594,DSP Top 100 Equity Fund - Direct Growth,2024-01-03,179.8079,0.01662832333240427
120594,DSP Top 100 Equity Fund - Direct Growth,2024-01-04,174.7772,-0.027978192281874148
120594,DSP Top 100 Equity Fund - Direct Growth,2024-01-05,179.151,0.025025003261295087
120594,DSP Top 100 Equity Fund - Direct Growth,2024-01-06,175.5552,-0.020071336470351753
120594,DSP Top 100 Equity Fund - Direct Growth,2024-01-07,174.3043,-0.0071253941780135
120594,DSP Top 100 Equity Fund - Direct Growth,2024-01-08,174.2884,-9.121978057924363e-05
120594,DSP Top 100 Equity Fund - Direct Growth,2024-01-09,174.0518,-0.0013575200644450058
120594,DSP Top 100 Equity Fund - Direct Growth,2024-01-10,176.2234,0.012476745428659841
120594,DSP Top 100 Equity Fund - Direct Growth,2024-01-11,174.0569,-0.01229405402460737
120594,DSP Top 100 Equity Fund - Direct Growth,2024-01-12,174.6712,0.003529305646601699
120594,DSP Top 100 Equity Fund - Direct Growth,2024-01-13,173.5291,-0.00653857075465214
120594,DSP Top 100 Equity Fund - Direct Growth,2024-01-14,174.2131,0.003941701996956093
120594,DSP Top 100 Equity Fund - Direct Growth,2024-01-15,174.1474,-0.0003771243379515621
120594,DSP Top 100 Equity Fund - Direct Growth,2024-01-16,174.4113,0.0015153829457115187
120594,DSP Top 100 Equity Fund - Direct Growth,2024-01-17,173.3301,-0.006199139619967431
120594,DSP Top 100 Equity Fund - Direct Growth,2024-01-18,172.3385,-0.0057208759471089055
120594,DSP Top 100 Equity Fund - Direct Growth,2024-01-19,173.0015,0.003847080019844462
120594,DSP Top 100 Equity Fund - Direct Growth,2024-01-20,175.0299,0.01172475383161431
120594,DSP Top 100 Equity Fund - Direct Growth,2024-01-21,173.8433,-0.006779413117415922
120594,DSP Top 100 Equity Fund - Direct Growth,2024-01-22,172.1005,-0.010025120323877812
120594,DSP Top 100 Equity Fund - Direct Growth,2024-01-23,173.4363,0.007761743864776571
120594,DSP Top 100 Equity Fund - Direct Growth,2024-01-24,173.438,9.801869620185144e-06
120594,DSP Top 100 Equity Fund - Direct Growth,2024-01-25,175.2359,0.01036624038561329
120594,DSP Top 100 Equity Fund - Direct Growth,2024-01-26,173.4013,-0.01046931593355016
120594,DSP Top 100 Equity Fund - Direct Growth,2024-01-27,169.768,-0.020953130109174434
120594,DSP Top 100 Equity Fund - Direct Growth,2024-01-28,168.7501,-0.005995829602752023
120594,DSP Top 100 Equity Fund - Direct Growth,2024-01-29,167.2657,-0.008796439231739672
120594,DSP Top 100 Equity Fund - Direct Growth,2024-01-30,167.1745,-0.0005452402973235015
120594,DSP Top 100 Equity Fund - Direct Growth,2024-01-31,165.9638,-0.007242133220078384
120594,DSP Top 100 Equity Fund - Direct Growth,2024-02-01,167.506,0.009292387858075069
120594,DSP Top 100 Equity Fund - Direct Growth,2024-02-02,166.9938,-0.0030578009145941776
120594,DSP Top 100 Equity Fund - Direct Growth,2024-02-03,167.3621,0.0022054711013224093
120594,DSP Top 100 Equity Fund - Direct Growth,2024-02-04,167.7456,0.002291438742702212
120594,DSP Top 100 Equity Fund - Direct Growth,2024-02-05,168.2051,0.0027392670806267727
120594,DSP Top 100 Equity Fund - Direct Growth,2024-02-06,168.2237,0.00011057928683499973
120594,DSP Top 100 Equity Fund - Direct Growth,2024-02-07,169.3217,0.006527023243454888
120594,DSP Top 100 Equity Fund - Direct Growth,2024-02-08,167.7728,-0.009147675696617785
120594,DSP Top 100 Equity Fund - Direct Growth,2024-02-09,170.6573,0.01719289419977499
120594,DSP Top 100 Equity Fund - Direct Growth,2024-02-10,170.2412,-0.0024382197538576067
120594,DSP Top 100 Equity Fund - Direct Growth,2024-02-11,167.6299,-0.015338825149258772
120594,DSP Top 100 Equity Fund - Direct Growth,2024-02-12,168.0753,0.0026570438805966212
120594,DSP Top 100 Equity Fund - Direct Growth,2024-02-13,166.4258,-0.0098140535819361
120594,DSP Top 100 Equity Fund - Direct Growth,2024-02-14,167.8211,0.008383916436033312
120594,DSP Top 100 Equity Fund - Direct Growth,2024-02-15,172.338,0.02691497076350946
120594,DSP Top 100 Equity Fund - Direct Growth,2024-02-16,170.7803,-0.009038633383235184
120594,DSP Top 100 Equity Fund - Direct Growth,2024-02-17,171.5298,0.004388679490550107
120594,DSP Top 100 Equity Fund - Direct Growth,2024-02-18,167.985,-0.020665796846961793
120594,DSP Top 100 Equity Fund - Direct Growth,2024-02-19,168.9672,0.005846950620590929
120594,DSP Top 100 Equity Fund - Direct Growth,2024-02-20,167.2389,-0.010228612417084393
120594,DSP Top 100 Equity Fund - Direct Growth,2024-02-21,166.0518,-0.007098228940754958
120594,DSP Top 100 Equity Fund - Direct Growth,2024-02-22,163.9238,-0.01281527812405514
120594,DSP Top 100 Equity Fund - Direct Growth,2024-02-23,165.4296,0.009185975434927718
120594,DSP Top 100 Equity Fund - Direct Growth,2024-02-24,167.4954,0.012487487124432262
120594,DSP Top 100 Equity Fund - Direct Growth,2024-02-25,167.6094,0.0006806157064611629
120594,DSP Top 100 Equity Fund - Direct Growth,2024-02-26,165.9378,-0.0099731876613125
120594,DSP Top 100 Equity Fund - Direct Growth,2024-02-27,169.1693,0.01947416441582317
120594,DSP Top 100 Equity Fund - Direct Growth,2024-02-28,167.7136,-0.00860498920312358
120594,DSP Top 100 Equity Fund - Direct Growth,2024-02-29,163.4295,-0.02554414191812726
120594,DSP Top 100 Equity Fund - Direct Growth,2024-03-01,164.3938,0.005900403537917098
120594,DSP Top 100 Equity Fund - Direct Growth,2024-03-02,162.2801,-0.01285754085616364
120594,DSP Top 100 Equity Fund - Direct Growth,2024-03-03,164.2702,0.012263364392799847
120594,DSP Top 100 Equity Fund - Direct Growth,2024-03-04,163.5846,-0.0041736115254014106
120594,DSP Top 100 Equity Fund - Direct Growth,2024-03-05,164.8351,0.007644362611150646
120594,DSP Top 100 Equity Fund - Direct Growth,2024-03-06,167.6732,0.017217813439006635
120594,DSP Top 100 Equity Fund - Direct Growth,2024-03-07,165.308,-0.014106010978498729
120594,DSP Top 100 Equity Fund - Direct Growth,2024-03-08,164.2515,-0.006391100249231729
120594,DSP Top 100 Equity Fund - Direct Growth,2024-03-09,164.1681,-0.000507757920018892
120594,DSP Top 100 Equity Fund - Direct Growth,2024-03-10,167.2628,0.018850799881340974
120594,DSP Top 100 Equity Fund - Direct Growth,2024-03-11,166.0082,-0.007500771241423787
120594,DSP Top 100 Equity Fund - Direct Growth,2024-03-12,164.8903,-0.006734004705791552
120594,DSP Top 100 Equity Fund - Direct Growth,2024-03-13,165.9023,0.006137413783588341
120594,DSP Top 100 Equity Fund - Direct Growth,2024-03-14,164.8195,-0.006526732902437105
120594,DSP Top 100 Equity Fund - Direct Growth,2024-03-15,165.1871,0.0022303186212795367
120594,DSP Top 100 Equity Fund - Direct Growth,2024-03-16,162.1776,-0.018218734998071695
120594,DSP Top 100 Equity Fund - Direct Growth,2024-03-17,166.5518,0.02697166563076503
120594,DSP Top 100 Equity Fund - Direct Growth,2024-03-18,163.9249,-0.01577227024865524
120594,DSP Top 100 Equity Fund - Direct Growth,2024-03-19,163.3576,-0.0034607311030845356
120594,DSP Top 100 Equity Fund - Direct Growth,2024-03-20,163.3593,1.0406617139357976e-05
120594,DSP Top 100 Equity Fund - Direct Growth,2024-03-21,167.1741,0.02335220584319364
120594,DSP Top 100 Equity Fund - Direct Growth,2024-03-22,164.5832,-0.015498214137237842
120594,DSP Top 100 Equity Fund - Direct Growth,2024-03-23,168.5668,0.024204171507176797
120594,DSP Top 100 Equity Fund - Direct Growth,2024-03-24,170.1658,0.009485853679372047
120594,DSP Top 100 Equity Fund - Direct Growth,2024-03-25,171.0856,0.005405316461944754
120594,DSP Top 100 Equity Fund - Direct Growth,2024-03-26,169.1326,-0.011415338286799193
120594,DSP Top 100 Equity Fund - Direct Growth,2024-03-27,170.3594,0.007253480405315038
120594,DSP Top 100 Equity Fund - Direct Growth,2024-03-28,168.9485,-0.008281902847744216
120594,DSP Top 100 Equity Fund - Direct Growth,2024-03-29,171.5841,0.015600020124475922
120594,DSP Top 100 Equity Fund - Direct Growth,2024-03-30,169.6533,-0.01125279090545106
120594,DSP Top 100 Equity Fund - Direct Growth,2024-03-31,169.4908,-0.0009578357744882693
120594,DSP Top 100 Equity Fund - Direct Growth,2024-04-01,168.4292,-0.006263466807637896
120594,DSP Top 100 Equity Fund - Direct Growth,2024-04-02,166.5006,-0.011450508581647423
120594,DSP Top 100 Equity Fund - Direct Growth,2024-04-03,168.0484,0.009296062596771293
120594,DSP Top 100 Equity Fund - Direct Growth,2024-04-04,169.1954,0.0068254145829416135
120594,DSP Top 100 Equity Fund - Direct Growth,2024-04-05,171.7178,0.014908206724296269
120594,DSP Top 100 Equity Fund - Direct Growth,2024-04-06,168.1189,-0.020958223317559477
120594,DSP Top 100 Equity Fund - Direct Growth,2024-04-07,170.333,0.013169845865039553
120594,DSP Top 100 Equity Fund - Direct Growth,2024-04-08,175.5223,0.030465617349544782
120594,DSP Top 100 Equity Fund - Direct Growth,2024-04-09,174.6412,-0.005019874967454263
120594,DSP Top 100 Equity Fund - Direct Growth,2024-04-10,178.6827,0.023141732878610544
120594,DSP Top 100 Equity Fund - Direct Growth,2024-04-11,178.1899,-0.0027579614590557133
120594,DSP Top 100 Equity Fund - Direct Growth,2024-04-12,175.3266,-0.016068811980925912
120594,DSP Top 100 Equity Fund - Direct Growth,2024-04-13,174.7537,-0.0032676159806898086
120594,DSP Top 100 Equity Fund - Direct Growth,2024-04-14,177.0217,0.01297826598235119
120594,DSP Top 100 Equity Fund - Direct Growth,2024-04-15,175.312,-0.009658137957097912
120594,DSP Top 100 Equity Fund - Direct Growth,2024-04-16,174.1192,-0.006803869672355578
120594,DSP Top 100 Equity Fund - Direct Growth,2024-04-17,175.429,0.007522432908030785
120594,DSP Top 100 Equity Fund - Direct Growth,2024-04-18,175.5056,0.0004366438844203291
120594,DSP Top 100 Equity Fund - Direct Growth,2024-04-19,176.8071,0.007415717789062137
120594,DSP Top 100 Equity Fund - Direct Growth,2024-04-20,177.3824,0.0032538286075616263
120594,DSP Top 100 Equity Fund - Direct Growth,2024-04-21,178.4743,0.0061556276158176715
120594,DSP Top 100 Equity Fund - Direct Growth,2024-04-22,177.6198,-0.00478780418245095
120594,DSP Top 100 Equity Fund - Direct Growth,2024-04-23,178.1848,0.0031809516731806653
120594,DSP Top 100 Equity Fund - Direct Growth,2024-04-24,176.2731,-0.010728749029097817
120594,DSP Top 100 Equity Fund - Direct Growth,2024-04-25,179.069,0.015861183583882
120594,DSP Top 100 Equity Fund - Direct Growth,2024-04-26,177.7777,-0.007211186749241816
120594,DSP Top 100 Equity Fund - Direct Growth,2024-04-27,180.257,0.013946068601405015
120594,DSP Top 100 Equity Fund - Direct Growth,2024-04-28,179.8238,-0.002403235380595503
120594,DSP Top 100 Equity Fund - Direct Growth,2024-04-29,180.3316,0.00282387537133566
120594,DSP Top 100 Equity Fund - Direct Growth,2024-04-30,179.3326,-0.005539794467525394
120594,DSP Top 100 Equity Fund - Direct Growth,2024-05-01,177.2179,-0.011792055655246325
120594,DSP Top 100 Equity Fund - Direct Growth,2024-05-02,173.5784,-0.020536864504093533
120594,DSP Top 100 Equity Fund - Direct Growth,2024-05-03,171.4497,-0.012263622662727514
120594,DSP Top 100 Equity Fund - Direct Growth,2024-05-04,170.8519,-0.0034867369263404946
120594,DSP Top 100 Equity Fund - Direct Growth,2024-05-05,171.3546,0.0029423143670044283
120594,DSP Top 100 Equity Fund - Direct Growth,2024-05-06,173.5007,0.012524320911139863
120594,DSP Top 100 Equity Fund - Direct Growth,2024-05-07,172.642,-0.0049492595707106846
120594,DSP Top 100 Equity Fund - Direct Growth,2024-05-08,170.8839,-0.010183501117920213
120594,DSP Top 100 Equity Fund - Direct Growth,2024-05-09,167.9938,-0.016912652391477545
120594,DSP Top 100 Equity Fund - Direct Growth,2024-05-10,169.0288,0.006160941653799101
120594,DSP Top 100 Equity Fund - Direct Growth,2024-05-11,171.902,0.016998286682506247
120594,DSP Top 100 Equity Fund - Direct Growth,2024-05-12,174.583,0.01559609544973295
120594,DSP Top 100 Equity Fund - Direct Growth,2024-05-13,176.1401,0.008918966909722048
120594,DSP Top 100 Equity Fund - Direct Growth,2024-05-14,177.5602,0.008062332200333922
120594,DSP Top 100 Equity Fund - Direct Growth,2024-05-15,181.2484,0.020771546776811478
120594,DSP Top 100 Equity Fund - Direct Growth,2024-05-16,182.0432,0.004385142158496391
120594,DSP Top 100 Equity Fund - Direct Growth,2024-05-17,183.5275,0.00815355915518956
120594,DSP Top 100 Equity Fund - Direct Growth,2024-05-18,182.8944,-0.0034496192668674874
120594,DSP Top 100 Equity Fund - Direct Growth,2024-05-19,179.9782,-0.015944720013297276
120594,DSP Top 100 Equity Fund - Direct Growth,2024-05-20,178.5733,-0.007805945386719082
120594,DSP Top 100 Equity Fund - Direct Growth,2024-05-21,178.6251,0.0002900769599936126
120594,DSP Top 100 Equity Fund - Direct Growth,2024-05-22,178.8268,0.0011291806134747784
120594,DSP Top 100 Equity Fund - Direct Growth,2024-05-23,183.032,0.023515490966678376
120594,DSP Top 100 Equity Fund - Direct Growth,2024-05-24,183.2837,0.0013751693692907185
120594,DSP Top 100 Equity Fund - Direct Growth,2024-05-25,185.9498,0.014546301716955812
120594,DSP Top 100 Equity Fund - Direct Growth,2024-05-26,185.0533,-0.004821193677003177
120594,DSP Top 100 Equity Fund - Direct Growth,2024-05-27,184.4352,-0.0033401187657825515
120594,DSP Top 100 Equity Fund - Direct Growth,2024-05-28,181.5676,-0.015548008189326223
120594,DSP Top 100 Equity Fund - Direct Growth,2024-05-29,180.0228,-0.008508125899114205
120594,DSP Top 100 Equity Fund - Direct Growth,2024-05-30,181.2332,0.006723592789357857
120594,DSP Top 100 Equity Fund - Direct Growth,2024-05-31,181.3221,0.0004905282255127652
120594,DSP Top 100 Equity Fund - Direct Growth,2024-06-01,183.4463,0.01171506396627886
120594,DSP Top 100 Equity Fund - Direct Growth,2024-06-02,183.9187,0.0025751405179608167
120594,DSP Top 100 Equity Fund - Direct Growth,2024-06-03,183.2144,-0.0038294094075261853
120594,DSP Top 100 Equity Fund - Direct Growth,2024-06-04,188.0109,0.026179710765092512
120594,DSP Top 100 Equity Fund - Direct Growth,2024-06-05,187.8742,-0.0007270855040850677
120594,DSP Top 100 Equity Fund - Direct Growth,2024-06-06,190.5713,0.014355882819461208
120594,DSP Top 100 Equity Fund - Direct Growth,2024-06-07,189.73,-0.004414620669534242
120594,DSP Top 100 Equity Fund - Direct Growth,2024-06-08,191.4215,0.008915300690454986
120594,DSP Top 100 Equity Fund - Direct Growth,2024-06-09,193.6298,0.011536321677554362
120594,DSP Top 100 Equity Fund - Direct Growth,2024-06-10,194.1917,0.002901929351783794
120594,DSP Top 100 Equity Fund - Direct Growth,2024-06-11,188.7827,-0.027853919606244726
120594,DSP Top 100 Equity Fund - Direct Growth,2024-06-12,188.8996,0.0006192304697409945
120594,DSP Top 100 Equity Fund - Direct Growth,2024-06-13,191.7644,0.015165728249292298
120594,DSP Top 100 Equity Fund - Direct Growth,2024-06-14,193.0549,0.006729611961344251
120594,DSP Top 100 Equity Fund - Direct Growth,2024-06-15,194.165,0.005750177799164868
120594,DSP Top 100 Equity Fund - Direct Growth,2024-06-16,190.2298,-0.020267298431746128
120594,DSP Top 100 Equity Fund - Direct Growth,2024-06-17,188.6613,-0.008245290695779506
120594,DSP Top 100 Equity Fund - Direct Growth,2024-06-18,189.6681,0.0053365475590383404
120594,DSP Top 100 Equity Fund - Direct Growth,2024-06-19,190.678,0.005324564331060433
120594,DSP Top 100 Equity Fund - Direct Growth,2024-06-20,193.5336,0.01497603289314986
120594,DSP Top 100 Equity Fund - Direct Growth,2024-06-21,193.2746,-0.0013382689104114442
120594,DSP Top 100 Equity Fund - Direct Growth,2024-06-22,194.2931,0.005269704348114024
120594,DSP Top 100 Equity Fund - Direct Growth,2024-06-23,194.409,0.0005965214410599273
120594,DSP Top 100 Equity Fund - Direct Growth,2024-06-24,192.1843,-0.011443400254103397
120594,DSP Top 100 Equity Fund - Direct Growth,2024-06-25,187.0588,-0.026669712354235098
120594,DSP Top 100 Equity Fund - Direct Growth,2024-06-26,188.1011,0.005572044726043446
120594,DSP Top 100 Equity Fund - Direct Growth,2024-06-27,188.569,0.002487492098663946
120594,DSP Top 100 Equity Fund - Direct Growth,2024-06-28,187.2456,-0.007018120687917961
120594,DSP Top 100 Equity Fund - Direct Growth,2024-06-29,183.6823,-0.01903008668828532
120594,DSP Top 100 Equity Fund - Direct Growth,2024-06-30,185.1438,0.007956673016398463
120594,DSP Top 100 Equity Fund - Direct Growth,2024-07-01,184.6271,-0.002790803688808352
120594,DSP Top 100 Equity Fund - Direct Growth,2024-07-02,185.9347,0.007082383897055067
120594,DSP Top 100 Equity Fund - Direct Growth,2024-07-03,190.1682,0.02276874623187619
120594,DSP Top 100 Equity Fund - Direct Growth,2024-07-04,185.3575,-0.025297079112070353
120594,DSP Top 100 Equity Fund - Direct Growth,2024-07-05,183.8755,-0.007995360317224809
120594,DSP Top 100 Equity Fund - Direct Growth,2024-07-06,183.4871,-0.0021122988108801533
120594,DSP Top 100 Equity Fund - Direct Growth,2024-07-07,186.7638,0.017857931157013285
120594,DSP Top 100 Equity Fund - Direct Growth,2024-07-08,183.1711,-0.019236597242078046
120594,DSP Top 100 Equity Fund - Direct Growth,2024-07-09,187.4995,0.023630365270504106
120594,DSP Top 100 Equity Fund - Direct Growth,2024-07-10,187.8802,0.00203040541441446
120594,DSP Top 100 Equity Fund - Direct Growth,2024-07-11,187.7389,-0.0007520749924686543
120594,DSP Top 100 Equity Fund - Direct Growth,2024-07-12,187.3678,-0.0019766814442825353
120594,DSP Top 100 Equity Fund - Direct Growth,2024-07-13,186.4618,-0.0048354092859070885
120594,DSP Top 100 Equity Fund - Direct Growth,2024-07-14,188.8816,0.012977457044820895
120594,DSP Top 100 Equity Fund - Direct Growth,2024-07-15,186.5353,-0.01242206758096065
120594,DSP Top 100 Equity Fund - Direct Growth,2024-07-16,187.3831,0.004544984246949602
120594,DSP Top 100 Equity Fund - Direct Growth,2024-07-17,186.5942,-0.004210091518392023
120594,DSP Top 100 Equity Fund - Direct Growth,2024-07-18,184.9623,-0.008745716640710222
120594,DSP Top 100 Equity Fund - Direct Growth,2024-07-19,190.776,0.03143181069872081
120594,DSP Top 100 Equity Fund - Direct Growth,2024-07-20,191.8116,0.0054283557680210315
120594,DSP Top 100 Equity Fund - Direct Growth,2024-07-21,193.2999,0.0077591761916380175
120594,DSP Top 100 Equity Fund - Direct Growth,2024-07-22,196.0164,0.014053292319344157
120594,DSP Top 100 Equity Fund - Direct Growth,2024-07-23,192.7515,-0.016656259374215665
120594,DSP Top 100 Equity Fund - Direct Growth,2024-07-24,196.8817,0.021427589409161563
120594,DSP Top 100 Equity Fund - Direct Growth,2024-07-25,191.0328,-0.02970768740822527
120594,DSP Top 100 Equity Fund - Direct Growth,2024-07-26,189.3469,-0.008825186041349964
120594,DSP Top 100 Equity Fund - Direct Growth,2024-07-27,188.3796,-0.005108612815947877
120594,DSP Top 100 Equity Fund - Direct Growth,2024-07-28,189.77,0.007380841662260718
120594,DSP Top 100 Equity Fund - Direct Growth,2024-07-29,190.344,0.0030247141276280587
120594,DSP Top 100 Equity Fund - Direct Growth,2024-07-30,190.0391,-0.0016018366746521906
120594,DSP Top 100 Equity Fund - Direct Growth,2024-07-31,190.0878,0.00025626305323478427
120594,DSP Top 100 Equity Fund - Direct Growth,2024-08-01,187.9329,-0.011336340364820896
120594,DSP Top 100 Equity Fund - Direct Growth,2024-08-02,184.6315,-0.01756690818903983
120594,DSP Top 100 Equity Fund - Direct Growth,2024-08-03,186.315,0.00911816239374108
120594,DSP Top 100 Equity Fund - Direct Growth,2024-08-04,187.9405,0.00872447199635018
120594,DSP Top 100 Equity Fund - Direct Growth,2024-08-05,191.5892,0.019414123086828106
120594,DSP Top 100 Equity Fund - Direct Growth,2024-08-06,189.8495,-0.009080365699110415
120594,DSP Top 100 Equity Fund - Direct Growth,2024-08-07,191.5038,0.008713744307991433
120594,DSP Top 100 Equity Fund - Direct Growth,2024-08-08,190.9284,-0.0030046401168019043
120594,DSP Top 100 Equity Fund - Direct Growth,2024-08-09,193.7323,0.014685609893551721
120594,DSP Top 100 Equity Fund - Direct Growth,2024-08-10,196.1856,0.012663350406720841
120594,DSP Top 100 Equity Fund - Direct Growth,2024-08-11,196.7613,0.002934466138187597
120594,DSP Top 100 Equity Fund - Direct Growth,2024-08-12,196.0383,-0.0036745030653894117
120594,DSP Top 100 Equity Fund - Direct Growth,2024-08-13,198.3773,0.011931341987764688
120594,DSP Top 100 Equity Fund - Direct Growth,2024-08-14,199.9966,0.00816272829602993
120594,DSP Top 100 Equity Fund - Direct Growth,2024-08-15,198.434,-0.007813132823258018
120594,DSP Top 100 Equity Fund - Direct Growth,2024-08-16,195.3516,-0.01553362830966476
120594,DSP Top 100 Equity Fund - Direct Growth,2024-08-17,194.7534,-0.00306217097786754
120594,DSP Top 100 Equity Fund - Direct Growth,2024-08-18,198.3729,0.018585041390804857
120594,DSP Top 100 Equity Fund - Direct Growth,2024-08-19,201.1814,0.01415767980404592
120594,DSP Top 100 Equity Fund - Direct Growth,2024-08-20,198.5765,-0.012948016069079915
120594,DSP Top 100 Equity Fund - Direct Growth,2024-08-21,195.8733,-0.013612889742743994
120594,DSP Top 100 Equity Fund - Direct Growth,2024-08-22,198.9478,0.015696371072524862
120594,DSP Top 100 Equity Fund - Direct Growth,2024-08-23,196.3162,-0.013227590352846263
120594,DSP Top 100 Equity Fund - Direct Growth,2024-08-24,197.5945,0.006511434104775837
120594,DSP Top 100 Equity Fund - Direct Growth,2024-08-25,196.2128,-0.006992603539066278
120594,DSP Top 100 Equity Fund - Direct Growth,2024-08-26,200.0987,0.019804518359658685
120594,DSP Top 100 Equity Fund - Direct Growth,2024-08-27,198.3288,-0.0088451349259141
120594,DSP Top 100 Equity Fund - Direct Growth,2024-08-28,201.1293,0.014120490821302845
120594,DSP Top 100 Equity Fund - Direct Growth,2024-08-29,201.6559,0.002618216241989657
120594,DSP Top 100 Equity Fund - Direct Growth,2024-08-30,202.3468,0.0034261333291016882
120594,DSP Top 100 Equity Fund - Direct Growth,2024-08-31,197.6435,-0.02324375774660148
120594,DSP Top 100 Equity Fund - Direct Growth,2024-09-01,192.4979,-0.026034754494835388
120594,DSP Top 100 Equity Fund - Direct Growth,2024-09-02,192.0654,-0.002246777757055951
120594,DSP Top 100 Equity Fund - Direct Growth,2024-09-03,192.7113,0.0033629170063946834
120594,DSP Top 100 Equity Fund - Direct Growth,2024-09-04,190.1863,-0.013102500995011757
120594,DSP Top 100 Equity Fund - Direct Growth,2024-09-05,187.7777,-0.012664424303958643
120594,DSP Top 100 Equity Fund - Direct Growth,2024-09-06,189.118,0.007137695264133992
120594,DSP Top 100 Equity Fund - Direct Growth,2024-09-07,190.471,0.007154263475713574
120594,DSP Top 100 Equity Fund - Direct Growth,2024-09-08,190.2324,-0.0012526841356426122
120594,DSP Top 100 Equity Fund - Direct Growth,2024-09-09,192.0895,0.009762269729026052
120594,DSP Top 100 Equity Fund - Direct Growth,2024-09-10,189.4597,-0.013690493233622814
120594,DSP Top 100 Equity Fund - Direct Growth,2024-09-11,188.7263,-0.003871007924112546
120594,DSP Top 100 Equity Fund - Direct Growth,2024-09-12,192.5338,0.02017471862692166
120594,DSP Top 100 Equity Fund - Direct Growth,2024-09-13,192.7687,0.0012200455192801218
120594,DSP Top 100 Equity Fund - Direct Growth,2024-09-14,193.138,0.0019157674456486973
120594,DSP Top 100 Equity Fund - Direct Growth,2024-09-15,198.5596,0.028071120131719196
120594,DSP Top 100 Equity Fund - Direct Growth,2024-09-16,195.3048,-0.01639205558431822
120594,DSP Top 100 Equity Fund - Direct Growth,2024-09-17,197.2495,0.009957256554882443
120594,DSP Top 100 Equity Fund - Direct Growth,2024-09-18,201.267,0.020367605494563845
120594,DSP Top 100 Equity Fund - Direct Growth,2024-09-19,200.5629,-0.0034983380285887877
120594,DSP Top 100 Equity Fund - Direct Growth,2024-09-20,202.712,0.010715341670867184
120594,DSP Top 100 Equity Fund - Direct Growth,2024-09-21,200.4043,-0.011384131181183088
120594,DSP Top 100 Equity Fund - Direct Growth,2024-09-22,198.833,-0.007840650125770843
120594,DSP Top 100 Equity Fund - Direct Growth,2024-09-23,199.8311,0.005019790477435837
120594,DSP Top 100 Equity Fund - Direct Growth,2024-09-24,201.826,0.009982930584878869
120594,DSP Top 100 Equity Fund - Direct Growth,2024-09-25,204.6215,0.013851040004756676
120594,DSP Top 100 Equity Fund - Direct Growth,2024-09-26,208.5575,0.019235515329523167
120594,DSP Top 100 Equity Fund - Direct Growth,2024-09-27,208.4721,-0.0004094794001653357
120594,DSP Top 100 Equity Fund - Direct Growth,2024-09-28,211.5415,0.014723313095613255
120594,DSP Top 100 Equity Fund - Direct Growth,2024-09-29,210.7572,-0.003707546746146706
120594,DSP Top 100 Equity Fund - Direct Growth,2024-09-30,213.123,0.011225239280081345
120594,DSP Top 100 Equity Fund - Direct Growth,2024-10-01,213.7389,0.0028898804915471477
120594,DSP Top 100 Equity Fund - Direct Growth,2024-10-02,214.9675,0.005748134756939471
120594,DSP Top 100 Equity Fund - Direct Growth,2024-10-03,216.146,0.00548222405712484
120594,DSP Top 100 Equity Fund - Direct Growth,2024-10-04,212.0703,-0.01885623606266129
120594,DSP Top 100 Equity Fund - Direct Growth,2024-10-05,209.2944,-0.013089527387852073
120594,DSP Top 100 Equity Fund - Direct Growth,2024-10-06,209.6357,0.0016307173053842217
120594,DSP Top 100 Equity Fund - Direct Growth,2024-10-07,205.475,-0.019847287461057572
120594,DSP Top 100 Equity Fund - Direct Growth,2024-10-08,207.6067,0.01037449811412583
120594,DSP Top 100 Equity Fund - Direct Growth,2024-10-09,209.861,0.010858512755127947
120594,DSP Top 100 Equity Fund - Direct Growth,2024-10-10,210.7689,0.004326196863638332
120594,DSP Top 100 Equity Fund - Direct Growth,2024-10-11,208.0176,-0.013053633624315664
120594,DSP Top 100 Equity Fund - Direct Growth,2024-10-12,211.5459,0.016961545561529512
120594,DSP Top 100 Equity Fund - Direct Growth,2024-10-13,216.8021,0.024846617211678357
120594,DSP Top 100 Equity Fund - Direct Growth,2024-10-14,217.2715,0.0021651081793028215
120594,DSP Top 100 Equity Fund - Direct Growth,2024-10-15,218.6895,0.006526396697219772
120594,DSP Top 100 Equity Fund - Direct Growth,2024-10-16,219.3064,0.002820894464526047
120594,DSP Top 100 Equity Fund - Direct Growth,2024-10-17,220.7899,0.006764508468517061
120594,DSP Top 100 Equity Fund - Direct Growth,2024-10-18,220.5614,-0.0010349205285204999
120594,DSP Top 100 Equity Fund - Direct Growth,2024-10-19,220.5581,-1.4961820155257044e-05
120594,DSP Top 100 Equity Fund - Direct Growth,2024-10-20,223.0435,0.011268686119439764
120594,DSP Top 100 Equity Fund - Direct Growth,2024-10-21,229.4108,0.02854734614548282
120594,DSP Top 100 Equity Fund - Direct Growth,2024-10-22,225.6483,-0.016400709992729134
120594,DSP Top 100 Equity Fund - Direct Growth,2024-10-23,225.4575,-0.0008455636492719076
120594,DSP Top 100 Equity Fund - Direct Growth,2024-10-24,222.354,-0.013765343800938079
120594,DSP Top 100 Equity Fund - Direct Growth,2024-10-25,226.6909,0.019504483841082276
120594,DSP Top 100 Equity Fund - Direct Growth,2024-10-26,225.1828,-0.0066526711041334785
120594,DSP Top 100 Equity Fund - Direct Growth,2024-10-27,221.3731,-0.01691825485783105
120594,DSP Top 100 Equity Fund - Direct Growth,2024-10-28,223.157,0.00805834132512051
120594,DSP Top 100 Equity Fund - Direct Growth,2024-10-29,227.9173,0.02133161854658372
120594,DSP Top 100 Equity Fund - Direct Growth,2024-10-30,229.8234,0.00836312118474547
120594,DSP Top 100 Equity Fund - Direct Growth,2024-10-31,230.4801,0.0028574113863080175
120594,DSP Top 100 Equity Fund - Direct Growth,2024-11-01,231.7039,0.005309785964167979
120594,DSP Top 100 Equity Fund - Direct Growth,2024-11-02,235.7305,0.01737821417766372
120594,DSP Top 100 Equity Fund - Direct Growth,2024-11-03,233.3519,-0.010090336210206163
120594,DSP Top 100 Equity Fund - Direct Growth,2024-11-04,233.132,-0.0009423535870074495
120594,DSP Top 100 Equity Fund - Direct Growth,2024-11-05,231.9588,-0.005032342192406003
120594,DSP Top 100 Equity Fund - Direct Growth,2024-11-06,228.8008,-0.013614486710570972
120594,DSP Top 100 Equity Fund - Direct Growth,2024-11-07,227.9907,-0.0035406344733061035
120594,DSP Top 100 Equity Fund - Direct Growth,2024-11-08,231.1125,0.013692663779706793
120594,DSP Top 100 Equity Fund - Direct Growth,2024-11-09,232.7763,0.007199091351614451
120594,DSP Top 100 Equity Fund - Direct Growth,2024-11-10,234.6692,0.008131841600712786
120594,DSP Top 100 Equity Fund - Direct Growth,2024-11-11,235.1755,0.0021575051178426286
120594,DSP Top 100 Equity Fund - Direct Growth,2024-11-12,236.7464,0.006679692399931048
120594,DSP Top 100 Equity Fund - Direct Growth,2024-11-13,234.5667,-0.009206898183034662
120594,DSP Top 100 Equity Fund - Direct Growth,2024-11-14,233.7893,-0.003314195919540186
120594,DSP Top 100 Equity Fund - Direct Growth,2024-11-15,234.4215,0.0027041442871851284
120594,DSP Top 100 Equity Fund - Direct Growth,2024-11-16,235.2959,0.0037300332947276527
120594,DSP Top 100 Equity Fund - Direct Growth,2024-11-17,236.2941,0.00424231786444218
120594,DSP Top 100 Equity Fund - Direct Growth,2024-11-18,235.9964,-0.001259870644252148
120594,DSP Top 100 Equity Fund - Direct Growth,2024-11-19,235.022,-0.004128876542184523
120594,DSP Top 100 Equity Fund - Direct Growth,2024-11-20,244.0218,0.03829343635914939
120594,DSP Top 100 Equity Fund - Direct Growth,2024-11-21,246.7747,0.011281369123578244
120594,DSP Top 100 Equity Fund - Direct Growth,2024-11-22,248.0969,0.0053579236445227
120594,DSP Top 100 Equity Fund - Direct Growth,2024-11-23,247.5018,-0.002398659556004157
120594,DSP Top 100 Equity Fund - Direct Growth,2024-11-24,246.2607,-0.005014508985389132
120594,DSP Top 100 Equity Fund - Direct Growth,2024-11-25,245.9727,-0.0011694923306886373
120594,DSP Top 100 Equity Fund - Direct Growth,2024-11-26,246.9354,0.003913848975922951
120594,DSP Top 100 Equity Fund - Direct Growth,2024-11-27,241.462,-0.02216531125144472
120594,DSP Top 100 Equity Fund - Direct Growth,2024-11-28,237.0112,-0.018432714050243826
120594,DSP Top 100 Equity Fund - Direct Growth,2024-11-29,235.2946,-0.007242695703831736
120594,DSP Top 100 Equity Fund - Direct Growth,2024-11-30,235.9736,0.002885744084224706
120594,DSP Top 100 Equity Fund - Direct Growth,2024-12-01,235.3904,-0.002471462909410249
120594,DSP Top 100 Equity Fund - Direct Growth,2024-12-02,239.6598,0.018137528123491897
120594,DSP Top 100 Equity Fund - Direct Growth,2024-12-03,235.4924,-0.017388815312371908
120594,DSP Top 100 Equity Fund - Direct Growth,2024-12-04,233.4634,-0.008615989305811977
120594,DSP Top 100 Equity Fund - Direct Growth,2024-12-05,237.8154,0.018641037524511406
120594,DSP Top 100 Equity Fund - Direct Growth,2024-12-06,238.2847,0.0019733793522200838
120594,DSP Top 100 Equity Fund - Direct Growth,2024-12-07,240.9101,0.011017912606222868
120594,DSP Top 100 Equity Fund - Direct Growth,2024-12-08,246.9365,0.025015140502619104
120594,DSP Top 100 Equity Fund - Direct Growth,2024-12-09,244.9794,-0.007925519313669693
120594,DSP Top 100 Equity Fund - Direct Growth,2024-12-10,244.7854,-0.0007919033192178571
120594,DSP Top 100 Equity Fund - Direct Growth,2024-12-11,244.0831,-0.002869043660283732
120594,DSP Top 100 Equity Fund - Direct Growth,2024-12-12,238.4557,-0.02305526273633851
120594,DSP Top 100 Equity Fund - Direct Growth,2024-12-13,237.6629,-0.0033247265634664958
120594,DSP Top 100 Equity Fund - Direct Growth,2024-12-14,240.2707,0.010972684419823242
120594,DSP Top 100 Equity Fund - Direct Growth,2024-12-15,241.9255,0.0068872317764920865
120594,DSP Top 100 Equity Fund - Direct Growth,2024-12-16,243.8195,0.007828856404140883
120594,DSP Top 100 Equity Fund - Direct Growth,2024-12-17,242.8184,-0.004105906213407895
120594,DSP Top 100 Equity Fund - Direct Growth,2024-12-18,241.0038,-0.007473074528124624
120594,DSP Top 100 Equity Fund - Direct Growth,2024-12-19,244.7709,0.015630873870038586
120594,DSP Top 100 Equity Fund - Direct Growth,2024-12-20,243.4081,-0.005567655305430574
120594,DSP Top 100 Equity Fund - Direct Growth,2024-12-21,244.3644,0.003928792838036266
120594,DSP Top 100 Equity Fund - Direct Growth,2024-12-22,244.9411,0.0023600000654759867
120594,DSP Top 100 Equity Fund - Direct Growth,2024-12-23,249.3355,0.01794063960682779
120594,DSP Top 100 Equity Fund - Direct Growth,2024-12-24,252.3417,0.012056847099590762
120594,DSP Top 100 Equity Fund - Direct Growth,2024-12-25,248.5205,-0.015142958932273243
120594,DSP Top 100 Equity Fund - Direct Growth,2024-12-26,245.0783,-0.01385076885005454
120594,DSP Top 100 Equity Fund - Direct Growth,2024-12-27,246.8789,0.0073470397011892175
120594,DSP Top 100 Equity Fund - Direct Growth,2024-12-28,246.787,-0.00037224728399221085
120594,DSP Top 100 Equity Fund - Direct Growth,2024-12-29,245.5377,-0.00506226016767497
120594,DSP Top 100 Equity Fund - Direct Growth,2024-12-30,248.6284,0.012587476383463692
120594,DSP Top 100 Equity Fund - Direct Growth,2024-12-31,249.2871,0.002649335313262835
120716,Canara Robeco Bluechip Equity Fund - Direct Growth,2022-01-01,151.2141,0.0
120716,Canara Robeco Bluechip Equity Fund - Direct Growth,2022-01-02,152.6896,0.0097576879404766
120716,Canara Robeco Bluechip Equity Fund - Direct Growth,2022-01-03,152.0634,-0.0041011306598485175
120716,Canara Robeco Bluechip Equity Fund - Direct Growth,2022-01-04,154.9864,0.01922224545814455
120716,Canara Robeco Bluechip Equity Fund - Direct Growth,2022-01-05,153.5828,-0.009056278486370473
120716,Canara Robeco Bluechip Equity Fund - Direct Growth,2022-01-06,154.8549,0.008282828545904897
120716,Canara Robeco Bluechip Equity Fund - Direct Growth,2022-01-07,157.5813,0.01760615905599372
120716,Canara Robeco Bluechip Equity Fund - Direct Growth,2022-01-08,155.0399,-0.016127548129124536
120716,Canara Robeco Bluechip Equity Fund - Direct Growth,2022-01-09,154.4631,-0.003720332636953372
120716,Canara Robeco Bluechip Equity Fund - Direct Growth,2022-01-10,156.642,0.014106281694463041
120716,Canara Robeco Bluechip Equity Fund - Direct Growth,2022-01-11,158.8799,0.014286717483178224
120716,Canara Robeco Bluechip Equity Fund - Direct Growth,2022-01-12,158.6165,-0.0016578560283584398
120716,Canara Robeco Bluechip Equity Fund - Direct Growth,2022-01-13,157.2816,-0.008415896202475848
120716,Canara Robeco Bluechip Equity Fund - Direct Growth,2022-01-14,159.1487,0.01187106438388219
120716,Canara Robeco Bluechip Equity Fund - Direct Growth,2022-01-15,161.4727,0.014602695466566784
120716,Canara Robeco Bluechip Equity Fund - Direct Growth,2022-01-16,159.2806,-0.01357566944752897
120716,Canara Robeco Bluechip Equity Fund - Direct Growth,2022-01-17,157.0432,-0.014046908411947112
120716,Canara Robeco Bluechip Equity Fund - Direct Growth,2022-01-18,157.5305,0.0031029678457901166
120716,Canara Robeco Bluechip Equity Fund - Direct Growth,2022-01-19,158.7832,0.007952110861071393
120716,Canara Robeco Bluechip Equity Fund - Direct Growth,2022-01-20,158.2769,-0.0031886244892405102
120716,Canara Robeco Bluechip Equity Fund - Direct Growth,2022-01-21,159.6304,0.008551468976205623
120716,Canara Robeco Bluechip Equity Fund - Direct Growth,2022-01-22,158.3339,-0.008121886557948876
120716,Canara Robeco Bluechip Equity Fund - Direct Growth,2022-01-23,154.3793,-0.024976331663655094
120716,Canara Robeco Bluechip Equity Fund - Direct Growth,2022-01-24,153.6558,-0.0046865091369114875
120716,Canara Robeco Bluechip Equity Fund - Direct Growth,2022-01-25,153.8339,0.0011590841347999259
120716,Canara Robeco Bluechip Equity Fund - Direct Growth,2022-01-26,153.3862,-0.0029102818039457024
120716,Canara Robeco Bluechip Equity Fund - Direct Growth,2022-01-27,151.315,-0.013503170428630473
120716,Canara Robeco Bluechip Equity Fund - Direct Growth,2022-01-28,148.0787,-0.02138783332782601
120716,Canara Robeco Bluechip Equity Fund - Direct Growth,2022-01-29,147.2244,-0.005769229470545034
120716,Canara Robeco Bluechip Equity Fund - Direct Growth,2022-01-30,148.8692,0.011172061152906698
120716,Canara Robeco Bluechip Equity Fund - Direct Growth,2022-01-31,151.1729,0.015474658290633547
120716,Canara Robeco Bluechip Equity Fund - Direct Growth,2022-02-01,153.388,0.01465275853013348
120716,Canara Robeco Bluechip Equity Fund - Direct Growth,2022-02-02,151.9475,-0.009391217044358191
120716,Canara Robeco Bluechip Equity Fund - Direct Growth,2022-02-03,149.9046,-0.013444775333585679
120716,Canara Robeco Bluechip Equity Fund - Direct Growth,2022-02-04,150.8579,0.006359377897676266
120716,Canara Robeco Bluechip Equity Fund - Direct Growth,2022-02-05,152.068,0.00802145595291992
120716,Canara Robeco Bluechip Equity Fund - Direct Growth,2022-02-06,152.8591,0.005202277928295196
120716,Canara Robeco Bluechip Equity Fund - Direct Growth,2022-02-07,149.2258,-0.023768948005058355
120716,Canara Robeco Bluechip Equity Fund - Direct Growth,2022-02-08,147.7332,-0.010002291828892784
120716,Canara Robeco Bluechip Equity Fund - Direct Growth,2022-02-09,147.7397,4.399823465539576e-05
120716,Canara Robeco Bluechip Equity Fund - Direct Growth,2022-02-10,148.6626,0.006246797577089902
120716,Canara Robeco Bluechip Equity Fund - Direct Growth,2022-02-11,150.0909,0.009607661913621834
120716,Canara Robeco Bluechip Equity Fund - Direct Growth,2022-02-12,150.4108,0.0021313750533842324
120716,Canara Robeco Bluechip Equity Fund - Direct Growth,2022-02-13,151.068,0.004369367093320475
120716,Canara Robeco Bluechip Equity Fund - Direct Growth,2022-02-14,151.2823,0.001418566473376126
120716,Canara Robeco Bluechip Equity Fund - Direct Growth,2022-02-15,152.5875,0.008627579036014188
120716,Canara Robeco Bluechip Equity Fund - Direct Growth,2022-02-16,153.2214,0.004154337675104314
120716,Canara Robeco Bluechip Equity Fund - Direct Growth,2022-02-17,153.4036,0.0011891289336869448
120716,Canara Robeco Bluechip Equity Fund - Direct Growth,2022-02-18,152.9709,-0.002820663921837663
120716,Canara Robeco Bluechip Equity Fund - Direct Growth,2022-02-19,153.1813,0.0013754249991337897
120716,Canara Robeco Bluechip Equity Fund - Direct Growth,2022-02-20,154.1333,0.006214857818806818
120716,Canara Robeco Bluechip Equity Fund - Direct Growth,2022-02-21,154.6897,0.003609862372375039
120716,Canara Robeco Bluechip Equity Fund - Direct Growth,2022-02-22,155.4585,0.00496994951829377
120716,Canara Robeco Bluechip Equity Fund - Direct Growth,2022-02-23,158.0255,0.01651244544363939
120716,Canara Robeco Bluechip Equity Fund - Direct Growth,2022-02-24,158.5915,0.0035817004217673087
120716,Canara Robeco Bluechip Equity Fund - Direct Growth,2022-02-25,157.4198,-0.007388163930601488
120716,Canara Robeco Bluechip Equity Fund - Direct Growth,2022-02-26,159.1519,0.011003063147075443
120716,Canara Robeco Bluechip Equity Fund - Direct Growth,2022-02-27,156.6064,-0.01599415401261317
120716,Canara Robeco Bluechip Equity Fund - Direct Growth,2022-02-28,154.6368,-0.012576752929637669
120716,Canara Robeco Bluechip Equity Fund - Direct Growth,2022-03-01,155.3219,0.004430381383991433
120716,Canara Robeco Bluechip Equity Fund - Direct Growth,2022-03-02,156.3465,0.006596622884474046
120716,Canara Robeco Bluechip Equity Fund - Direct Growth,2022-03-03,154.0731,-0.014540779614509947
120716,Canara Robeco Bluechip Equity Fund - Direct Growth,2022-03-04,153.4269,-0.004194113054128312
120716,Canara Robeco Bluechip Equity Fund - Direct Growth,2022-03-05,152.3724,-0.006872979901177634
120716,Canara Robeco Bluechip Equity Fund - Direct Growth,2022-03-06,151.5435,-0.005439961567842988
120716,Canara Robeco Bluechip Equity Fund - Direct Growth,2022-03-07,153.3201,0.011723366558116899
120716,Canara Robeco Bluechip Equity Fund - Direct Growth,2022-03-08,154.6813,0.008878157527943076
120716,Canara Robeco Bluechip Equity Fund - Direct Growth,2022-03-09,154.7077,0.0001706735073987442
120716,Canara Robeco Bluechip Equity Fund - Direct Growth,2022-03-10,153.756,-0.0061516007283412
120716,Canara Robeco Bluechip Equity Fund - Direct Growth,2022-03-11,151.3273,-0.01579580634251665
120716,Canara Robeco Bluechip Equity Fund - Direct Growth,2022-03-12,153.9668,0.017442325343807852
120716,Canara Robeco Bluechip Equity Fund - Direct Growth,2022-03-13,155.1224,0.007505514175783379
120716,Canara Robeco Bluechip Equity Fund - Direct Growth,2022-03-14,153.869,-0.008080070963316754
120716,Canara Robeco Bluechip Equity Fund - Direct Growth,2022-03-15,155.2592,0.009034958308691055
120716,Canara Robeco Bluechip Equity Fund - Direct Growth,2022-03-16,155.1905,-0.00044248585591066814
120716,Canara Robeco Bluechip Equity Fund - Direct Growth,2022-03-17,154.7179,-0.003045289499035042
120716,Canara Robeco Bluechip Equity Fund - Direct Growth,2022-03-18,155.5878,0.005622490998132834
120716,Canara Robeco Bluechip Equity Fund - Direct Growth,2022-03-19,154.2656,-0.00849809560903858
120716,Canara Robeco Bluechip Equity Fund - Direct Growth,2022-03-20,153.6909,-0.0037253930882841235
120716,Canara Robeco Bluechip Equity Fund - Direct Growth,2022-03-21,153.9764,0.0018576246218873216
120716,Canara Robeco Bluechip Equity Fund - Direct Growth,2022-03-22,153.1151,-0.005593714361421642
120716,Canara Robeco Bluechip Equity Fund - Direct Growth,2022-03-23,154.4057,0.008428953120887428
120716,Canara Robeco Bluechip Equity Fund - Direct Growth,2022-03-24,157.9306,0.022828820438623776
120716,Canara Robeco Bluechip Equity Fund - Direct Growth,2022-03-25,156.5643,-0.008651268341917207
120716,Canara Robeco Bluechip Equity Fund - Direct Growth,2022-03-26,153.4985,-0.01958173095654625
120716,Canara Robeco Bluechip Equity Fund - Direct Growth,2022-03-27,149.8727,-0.02362107773040123
120716,Canara Robeco Bluechip Equity Fund - Direct Growth,2022-03-28,149.662,-0.0014058597729940114
120716,Canara Robeco Bluechip Equity Fund - Direct Growth,2022-03-29,148.5309,-0.007557696676511072
120716,Canara Robeco Bluechip Equity Fund - Direct Growth,2022-03-30,148.9608,0.00289434723683768
120716,Canara Robeco Bluechip Equity Fund - Direct Growth,2022-03-31,149.2574,0.001991127867197129
120716,Canara Robeco Bluechip Equity Fund - Direct Growth,2022-04-01,146.4456,-0.018838596947286845
120716,Canara Robeco Bluechip Equity Fund - Direct Growth,2022-04-02,143.3148,-0.021378586997492732
120716,Canara Robeco Bluechip Equity Fund - Direct Growth,2022-04-03,143.8811,0.003951441163090097
120716,Canara Robeco Bluechip Equity Fund - Direct Growth,2022-04-04,144.1725,0.0020252833763434452
120716,Canara Robeco Bluechip Equity Fund - Direct Growth,2022-04-05,143.4935,-0.004709636026287933
120716,Canara Robeco Bluechip Equity Fund - Direct Growth,2022-04-06,140.6974,-0.019485900058190952
120716,Canara Robeco Bluechip Equity Fund - Direct Growth,2022-04-07,141.5496,0.006056970491281399
120716,Canara Robeco Bluechip Equity Fund - Direct Growth,2022-04-08,143.7667,0.015663060863471134
120716,Canara Robeco Bluechip Equity Fund - Direct Growth,2022-04-09,144.3038,0.00373591381036098
120716,Canara Robeco Bluechip Equity Fund - Direct Growth,2022-04-10,142.894,-0.009769666495268892
120716,Canara Robeco Bluechip Equity Fund - Direct Growth,2022-04-11,143.0276,0.0009349587806346538
120716,Canara Robeco Bluechip Equity Fund - Direct Growth,2022-04-12,140.7401,-0.015993416655246895
120716,Canara Robeco Bluechip Equity Fund - Direct Growth,2022-04-13,142.5832,0.013095770146532404
120716,Canara Robeco Bluechip Equity Fund - Direct Growth,2022-04-14,142.7803,0.0013823507958863335
120716,Canara Robeco Bluechip Equity Fund - Direct Growth,2022-04-15,139.8079,-0.020817998001124938
120716,Canara Robeco Bluechip Equity Fund - Direct Growth,2022-04-16,139.3594,-0.0032079732261195426
120716,Canara Robeco Bluechip Equity Fund - Direct Growth,2022-04-17,140.1899,0.005959411421117
120716,Canara Robeco Bluechip Equity Fund - Direct Growth,2022-04-18,139.6857,-0.0035965501081033358
120716,Canara Robeco Bluechip Equity Fund - Direct Growth,2022-04-19,139.2791,-0.002910820506322409
120716,Canara Robeco Bluechip Equity Fund - Direct Growth,2022-04-20,137.2884,-0.01429288385694627
120716,Canara Robeco Bluechip Equity Fund - Direct Growth,2022-04-21,138.2767,0.007198714530870953
120716,Canara Robeco Bluechip Equity Fund - Direct Growth,2022-04-22,137.256,-0.0073815762163835785
120716,Canara Robeco Bluechip Equity Fund - Direct Growth,2022-04-23,133.7591,-0.025477210468030642
120716,Canara Robeco Bluechip Equity Fund - Direct Growth,2022-04-24,133.2167,-0.004055051207730864
120716,Canara Robeco Bluechip Equity Fund - Direct Growth,2022-04-25,134.8385,0.012174149337132789
120716,Canara Robeco Bluechip Equity Fund - Direct Growth,2022-04-26,134.2664,-0.004242853487690823
120716,Canara Robeco Bluechip Equity Fund - Direct Growth,2022-04-27,137.1203,0.021255503983125923
120716,Canara Robeco Bluechip Equity Fund - Direct Growth,2022-04-28,137.881,0.005547683311661444
120716,Canara Robeco Bluechip Equity Fund - Direct Growth,2022-04-29,138.4967,0.004465444840115795
120716,Canara Robeco Bluechip Equity Fund - Direct Growth,2022-04-30,138.3387,-0.001140821405853143
120716,Canara Robeco Bluechip Equity Fund - Direct Growth,2022-05-01,138.2807,-0.00041926084313348433
120716,Canara Robeco Bluechip Equity Fund - Direct Growth,2022-05-02,137.8989,-0.002761050529828113
120716,Canara Robeco Bluechip Equity Fund - Direct Growth,2022-05-03,137.4539,-0.0032270018107467546
120716,Canara Robeco Bluechip Equity Fund - Direct Growth,2022-05-04,138.3845,0.006770269886849256
120716,Canara Robeco Bluechip Equity Fund - Direct Growth,2022-05-05,136.8858,-0.010829970119486054
120716,Canara Robeco Bluechip Equity Fund - Direct Growth,2022-05-06,135.1733,-0.012510428400900442
120716,Canara Robeco Bluechip Equity Fund - Direct Growth,2022-05-07,133.4055,-0.013078026503755003
120716,Canara Robeco Bluechip Equity Fund - Direct Growth,2022-05-08,136.7337,0.024947996896679703
120716,Canara Robeco Bluechip Equity Fund - Direct Growth,2022-05-09,137.6586,0.006764243196812458
120716,Canara Robeco Bluechip Equity Fund - Direct Growth,2022-05-10,138.2167,0.004054232717752404
120716,Canara Robeco Bluechip Equity Fund - Direct Growth,2022-05-11,136.518,-0.01229012123715878
120716,Canara Robeco Bluechip Equity Fund - Direct Growth,2022-05-12,137.5938,0.007880279523579281
120716,Canara Robeco Bluechip Equity Fund - Direct Growth,2022-05-13,137.4564,-0.0009985915063032147
120716,Canara Robeco Bluechip Equity Fund - Direct Growth,2022-05-14,137.8646,0.0029696689277471933
120716,Canara Robeco Bluechip Equity Fund - Direct Growth,2022-05-15,136.304,-0.011319802182721217
120716,Canara Robeco Bluechip Equity Fund - Direct Growth,2022-05-16,136.6207,0.002323482803145982
120716,Canara Robeco Bluechip Equity Fund - Direct Growth,2022-05-17,135.9805,-0.0046859663286749065
120716,Canara Robeco Bluechip Equity Fund - Direct Growth,2022-05-18,134.7856,-0.008787289353988426
120716,Canara Robeco Bluechip Equity Fund - Direct Growth,2022-05-19,136.0269,0.00920944077112118
120716,Canara Robeco Bluechip Equity Fund - Direct Growth,2022-05-20,133.5713,-0.018052311711874713
120716,Canara Robeco Bluechip Equity Fund - Direct Growth,2022-05-21,134.53,0.007177440063846019
120716,Canara Robeco Bluechip Equity Fund - Direct Growth,2022-05-22,135.6888,0.008613692113283111
120716,Canara Robeco Bluechip Equity Fund - Direct Growth,2022-05-23,134.3108,-0.010155591323675828
120716,Canara Robeco Bluechip Equity Fund - Direct Growth,2022-05-24,133.0424,-0.009443767738707587
120716,Canara Robeco Bluechip Equity Fund - Direct Growth,2022-05-25,132.7396,-0.002275966158157061
120716,Canara Robeco Bluechip Equity Fund - Direct Growth,2022-05-26,133.2419,0.003784100599971696
120716,Canara Robeco Bluechip Equity Fund - Direct Growth,2022-05-27,133.0508,-0.001434233525639983
120716,Canara Robeco Bluechip Equity Fund - Direct Growth,2022-05-28,133.7963,0.005603123017674294
120716,Canara Robeco Bluechip Equity Fund - Direct Growth,2022-05-29,136.6804,0.021555902517483627
120716,Canara Robeco Bluechip Equity Fund - Direct Growth,2022-05-30,135.9023,-0.005692842572892598
120716,Canara Robeco Bluechip Equity Fund - Direct Growth,2022-05-31,133.1595,-0.02018214555603537
120716,Canara Robeco Bluechip Equity Fund - Direct Growth,2022-06-01,134.5325,0.010310942891795127
120716,Canara Robeco Bluechip Equity Fund - Direct Growth,2022-06-02,137.3038,0.02059948339620532
120716,Canara Robeco Bluechip Equity Fund - Direct Growth,2022-06-03,138.0059,0.005113478286835393
120716,Canara Robeco Bluechip Equity Fund - Direct Growth,2022-06-04,136.2597,-0.012653082223296197
120716,Canara Robeco Bluechip Equity Fund - Direct Growth,2022-06-05,136.1116,-0.0010868950981104408
120716,Canara Robeco Bluechip Equity Fund - Direct Growth,2022-06-06,134.3391,-0.013022402205249306
120716,Canara Robeco Bluechip Equity Fund - Direct Growth,2022-06-07,135.4292,0.008114539996173953
120716,Canara Robeco Bluechip Equity Fund - Direct Growth,2022-06-08,133.2873,-0.0158156438936361
120716,Canara Robeco Bluechip Equity Fund - Direct Growth,2022-06-09,132.8606,-0.003201355267906103
120716,Canara Robeco Bluechip Equity Fund - Direct Growth,2022-06-10,131.3125,-0.011652062387193851
120716,Canara Robeco Bluechip Equity Fund - Direct Growth,2022-06-11,131.5649,0.0019221323179436922
120716,Canara Robeco Bluechip Equity Fund - Direct Growth,2022-06-12,131.0392,-0.003995746585905513
120716,Canara Robeco Bluechip Equity Fund - Direct Growth,2022-06-13,131.3696,0.0025213829144254962
120716,Canara Robeco Bluechip Equity Fund - Direct Growth,2022-06-14,131.4574,0.0006683433610212841
120716,Canara Robeco Bluechip Equity Fund - Direct Growth,2022-06-15,129.9535,-0.011440208006548214
120716,Canara Robeco Bluechip Equity Fund - Direct Growth,2022-06-16,130.9831,0.007922833936754525
120716,Canara Robeco Bluechip Equity Fund - Direct Growth,2022-06-17,130.9588,-0.0001855201167174636
120716,Canara Robeco Bluechip Equity Fund - Direct Growth,2022-06-18,129.4577,-0.011462383589342706
120716,Canara Robeco Bluechip Equity Fund - Direct Growth,2022-06-19,132.9907,0.02729076756345905
120716,Canara Robeco Bluechip Equity Fund - Direct Growth,2022-06-20,133.8042,0.006116969081296775
120716,Canara Robeco Bluechip Equity Fund - Direct Growth,2022-06-21,133.6116,-0.0014394166999242008
120716,Canara Robeco Bluechip Equity Fund - Direct Growth,2022-06-22,135.9341,0.017382472779309488
120716,Canara Robeco Bluechip Equity Fund - Direct Growth,2022-06-23,138.9929,0.022502080052025253
120716,Canara Robeco Bluechip Equity Fund - Direct Growth,2022-06-24,138.8061,-0.0013439535400729952
120716,Canara Robeco Bluechip Equity Fund - Direct Growth,2022-06-25,139.4403,0.004568963467743936
120716,Canara Robeco Bluechip Equity Fund - Direct Growth,2022-06-26,137.8429,-0.01145579864644597
120716,Canara Robeco Bluechip Equity Fund - Direct Growth,2022-06-27,137.6546,-0.0013660478704380363
120716,Canara Robeco Bluechip Equity Fund - Direct Growth,2022-06-28,137.3808,-0.0019890363271550804
120716,Canara Robeco Bluechip Equity Fund - Direct Growth,2022-06-29,137.7405,0.0026182698018937245
120716,Canara Robeco Bluechip Equity Fund - Direct Growth,2022-06-30,138.3456,0.004393043440382494
120716,Canara Robeco Bluechip Equity Fund - Direct Growth,2022-07-01,139.3303,0.007117682094696098
120716,Canara Robeco Bluechip Equity Fund - Direct Growth,2022-07-02,139.7834,0.0032519846723937373
120716,Canara Robeco Bluechip Equity Fund - Direct Growth,2022-07-03,137.8084,-0.014129002442350047
120716,Canara Robeco Bluechip Equity Fund - Direct Growth,2022-07-04,136.3116,-0.010861456921348878
120716,Canara Robeco Bluechip Equity Fund - Direct Growth,2022-07-05,135.4723,-0.006157216260391674
120716,Canara Robeco Bluechip Equity Fund - Direct Growth,2022-07-06,135.0677,-0.0029865884022046707
120716,Canara Robeco Bluechip Equity Fund - Direct Growth,2022-07-07,136.8248,0.013009031767032386
120716,Canara Robeco Bluechip Equity Fund - Direct Growth,2022-07-08,134.9701,-0.013555291146049586
120716,Canara Robeco Bluechip Equity Fund - Direct Growth,2022-07-09,134.4452,-0.0038890094917318763
120716,Canara Robeco Bluechip Equity Fund - Direct Growth,2022-07-10,136.0365,0.011836049185839137
120716,Canara Robeco Bluechip Equity Fund - Direct Growth,2022-07-11,135.6014,-0.003198406310071067
120716,Canara Robeco Bluechip Equity Fund - Direct Growth,2022-07-12,136.4048,0.0059247175914112216
120716,Canara Robeco Bluechip Equity Fund - Direct Growth,2022-07-13,136.231,-0.0012741487103092863
120716,Canara Robeco Bluechip Equity Fund - Direct Growth,2022-07-14,136.7053,0.003481586423060845
120716,Canara Robeco Bluechip Equity Fund - Direct Growth,2022-07-15,136.3852,-0.002341533210490021
120716,Canara Robeco Bluechip Equity Fund - Direct Growth,2022-07-16,137.5315,0.008404870909746842
120716,Canara Robeco Bluechip Equity Fund - Direct Growth,2022-07-17,135.0366,-0.018140571432726293
120716,Canara Robeco Bluechip Equity Fund - Direct Growth,2022-07-18,134.5019,-0.003959667230957975
120716,Canara Robeco Bluechip Equity Fund - Direct Growth,2022-07-19,135.0344,0.003959051879564468
120716,Canara Robeco Bluechip Equity Fund - Direct Growth,2022-07-20,135.9532,0.006804192116971697
120716,Canara Robeco Bluechip Equity Fund - Direct Growth,2022-07-21,138.4432,0.018315126087506517
120716,Canara Robeco Bluechip Equity Fund - Direct Growth,2022-07-22,137.849,-0.004292012897708197
120716,Canara Robeco Bluechip Equity Fund - Direct Growth,2022-07-23,140.3515,0.018153922045136328
120716,Canara Robeco Bluechip Equity Fund - Direct Growth,2022-07-24,139.2977,-0.007508291681955659
120716,Canara Robeco Bluechip Equity Fund - Direct Growth,2022-07-25,141.5743,0.016343414141080537
120716,Canara Robeco Bluechip Equity Fund - Direct Growth,2022-07-26,143.0197,0.010209480110443758
120716,Canara Robeco Bluechip Equity Fund - Direct Growth,2022-07-27,141.5092,-0.010561482089530339
120716,Canara Robeco Bluechip Equity Fund - Direct Growth,2022-07-28,142.0872,0.004084540086439548
120716,Canara Robeco Bluechip Equity Fund - Direct Growth,2022-07-29,142.0567,-0.00021465691490851757
120716,Canara Robeco Bluechip Equity Fund - Direct Growth,2022-07-30,143.1799,0.007906702042212777
120716,Canara Robeco Bluechip Equity Fund - Direct Growth,2022-07-31,142.8536,-0.002278951165631482
120716,Canara Robeco Bluechip Equity Fund - Direct Growth,2022-08-01,142.384,-0.0032872815245819087
120716,Canara Robeco Bluechip Equity Fund - Direct Growth,2022-08-02,144.7802,0.016829138105405317
120716,Canara Robeco Bluechip Equity Fund - Direct Growth,2022-08-03,144.6666,-0.0007846376783566811
120716,Canara Robeco Bluechip Equity Fund - Direct Growth,2022-08-04,146.1591,0.010316825030795007
120716,Canara Robeco Bluechip Equity Fund - Direct Growth,2022-08-05,145.8223,-0.002304338217736568
120716,Canara Robeco Bluechip Equity Fund - Direct Growth,2022-08-06,148.7971,0.02040017199015498
120716,Canara Robeco Bluechip Equity Fund - Direct Growth,2022-08-07,147.6454,-0.007740070202981175
120716,Canara Robeco Bluechip Equity Fund - Direct Growth,2022-08-08,146.6164,-0.006969401010800125
120716,Canara Robeco Bluechip Equity Fund - Direct Growth,2022-08-09,149.3573,0.018694361613025734
120716,Canara Robeco Bluechip Equity Fund - Direct Growth,2022-08-10,148.6196,-0.0049391626656347665
120716,Canara Robeco Bluechip Equity Fund - Direct Growth,2022-08-11,151.5345,0.01961316004080227
120716,Canara Robeco Bluechip Equity Fund - Direct Growth,2022-08-12,153.2168,0.011101762304953633
120716,Canara Robeco Bluechip Equity Fund - Direct Growth,2022-08-13,152.9937,-0.0014561066410473389
120716,Canara Robeco Bluechip Equity Fund - Direct Growth,2022-08-14,149.7258,-0.021359703046596068
120716,Canara Robeco Bluechip Equity Fund - Direct Growth,2022-08-15,149.751,0.0001683076664142913
120716,Canara Robeco Bluechip Equity Fund - Direct Growth,2022-08-16,149.9935,0.001619354795627359
120716,Canara Robeco Bluechip Equity Fund - Direct Growth,2022-08-17,152.1544,0.014406624287052416
120716,Canara Robeco Bluechip Equity Fund - Direct Growth,2022-08-18,155.1155,0.019461152618655664
120716,Canara Robeco Bluechip Equity Fund - Direct Growth,2022-08-19,153.9025,-0.007819979305743074
120716,Canara Robeco Bluechip Equity Fund - Direct Growth,2022-08-20,155.4437,0.010014132324036362
120716,Canara Robeco Bluechip Equity Fund - Direct Growth,2022-08-21,156.9336,0.009584820742172262
120716,Canara Robeco Bluechip Equity Fund - Direct Growth,2022-08-22,159.0178,0.013280776073447464
120716,Canara Robeco Bluechip Equity Fund - Direct Growth,2022-08-23,160.033,0.006384190952207769
120716,Canara Robeco Bluechip Equity Fund - Direct Growth,2022-08-24,156.3666,-0.022910274755831517
120716,Canara Robeco Bluechip Equity Fund - Direct Growth,2022-08-25,156.1375,-0.001465146648964799
120716,Canara Robeco Bluechip Equity Fund - Direct Growth,2022-08-26,154.0346,-0.013468257145144324
120716,Canara Robeco Bluechip Equity Fund - Direct Growth,2022-08-27,153.7217,-0.00203136178494967
120716,Canara Robeco Bluechip Equity Fund - Direct Growth,2022-08-28,155.591,0.012160287064220565
120716,Canara Robeco Bluechip Equity Fund - Direct Growth,2022-08-29,156.223,0.00406193160272772
120716,Canara Robeco Bluechip Equity Fund - Direct Growth,2022-08-30,158.4378,0.01417716981494399
120716,Canara Robeco Bluechip Equity Fund - Direct Growth,2022-08-31,159.1509,0.004500819880104423
120716,Canara Robeco Bluechip Equity Fund - Direct Growth,2022-09-01,156.735,-0.015179933006976398
120716,Canara Robeco Bluechip Equity Fund - Direct Growth,2022-09-02,152.0564,-0.029850384406801433
120716,Canara Robeco Bluechip Equity Fund - Direct Growth,2022-09-03,152.3888,0.002186030972717967
120716,Canara Robeco Bluechip Equity Fund - Direct Growth,2022-09-04,152.0586,-0.0021668259084656194
120716,Canara Robeco Bluechip Equity Fund - Direct Growth,2022-09-05,150.3368,-0.0113232661618613
120716,Canara Robeco Bluechip Equity Fund - Direct Growth,2022-09-06,147.3289,-0.02000774261524796
120716,Canara Robeco Bluechip Equity Fund - Direct Growth,2022-09-07,146.0888,-0.00841722160417957
120716,Canara Robeco Bluechip Equity Fund - Direct Growth,2022-09-08,145.8063,-0.0019337553597538193
120716,Canara Robeco Bluechip Equity Fund - Direct Growth,2022-09-09,147.0297,0.00839058394596126
120716,Canara Robeco Bluechip Equity Fund - Direct Growth,2022-09-10,147.4213,0.0026634074612137404
120716,Canara Robeco Bluechip Equity Fund - Direct Growth,2022-09-11,150.325,0.0196966110053296
120716,Canara Robeco Bluechip Equity Fund - Direct Growth,2022-09-12,148.517,-0.012027274239148511
120716,Canara Robeco Bluechip Equity Fund - Direct Growth,2022-09-13,150.1466,0.010972481264771128
120716,Canara Robeco Bluechip Equity Fund - Direct Growth,2022-09-14,150.2919,0.0009677208807925552
120716,Canara Robeco Bluechip Equity Fund - Direct Growth,2022-09-15,151.6049,0.00873633243042371
120716,Canara Robeco Bluechip Equity Fund - Direct Growth,2022-09-16,150.8714,-0.004838234120401075
120716,Canara Robeco Bluechip Equity Fund - Direct Growth,2022-09-17,152.872,0.013260299831512334
120716,Canara Robeco Bluechip Equity Fund - Direct Growth,2022-09-18,153.4747,0.003942513998639319
120716,Canara Robeco Bluechip Equity Fund - Direct Growth,2022-09-19,152.2848,-0.00775306939840914
120716,Canara Robeco Bluechip Equity Fund - Direct Growth,2022-09-20,152.3237,0.0002554424341760786
120716,Canara Robeco Bluechip Equity Fund - Direct Growth,2022-09-21,151.9467,-0.0024749924010512014
120716,Canara Robeco Bluechip Equity Fund - Direct Growth,2022-09-22,152.8994,0.006269961769489019
120716,Canara Robeco Bluechip Equity Fund - Direct Growth,2022-09-23,150.7959,-0.013757411736082803
120716,Canara Robeco Bluechip Equity Fund - Direct Growth,2022-09-24,150.8031,4.774665624207586e-05
120716,Canara Robeco Bluechip Equity Fund - Direct Growth,2022-09-25,151.5788,0.005143793463131763
120716,Canara Robeco Bluechip Equity Fund - Direct Growth,2022-09-26,151.6995,0.0007962854963887711
120716,Canara Robeco Bluechip Equity Fund - Direct Growth,2022-09-27,154.2121,0.01656300778842379
120716,Canara Robeco Bluechip Equity Fund - Direct Growth,2022-09-28,155.7061,0.009687955744069443
120716,Canara Robeco Bluechip Equity Fund - Direct Growth,2022-09-29,155.7544,0.0003101997930716749
120716,Canara Robeco Bluechip Equity Fund - Direct Growth,2022-09-30,156.2217,0.003000236269408818
120716,Canara Robeco Bluechip Equity Fund - Direct Growth,2022-10-01,156.8385,0.003948235104342279
120716,Canara Robeco Bluechip Equity Fund - Direct Growth,2022-10-02,157.6603,0.005239784874249587
120716,Canara Robeco Bluechip Equity Fund - Direct Growth,2022-10-03,154.2694,-0.021507633817771654
120716,Canara Robeco Bluechip Equity Fund - Direct Growth,2022-10-04,153.7729,-0.0032183958711189398
120716,Canara Robeco Bluechip Equity Fund - Direct Growth,2022-10-05,151.0952,-0.01741334136248962
120716,Canara Robeco Bluechip Equity Fund - Direct Growth,2022-10-06,153.4733,0.015739083703519396
120716,Canara Robeco Bluechip Equity Fund - Direct Growth,2022-10-07,153.4226,-0.0003303506212481988
120716,Canara Robeco Bluechip Equity Fund - Direct Growth,2022-10-08,153.128,-0.0019201864653577427
120716,Canara Robeco Bluechip Equity Fund - Direct Growth,2022-10-09,154.8371,0.011161250718353388
120716,Canara Robeco Bluechip Equity Fund - Direct Growth,2022-10-10,155.6837,0.005467681841109018
120716,Canara Robeco Bluechip Equity Fund - Direct Growth,2022-10-11,153.6375,-0.01314331558152848
120716,Canara Robeco Bluechip Equity Fund - Direct Growth,2022-10-12,153.5682,-0.000451061752501869
120716,Canara Robeco Bluechip Equity Fund - Direct Growth,2022-10-13,153.012,-0.0036218435848045516
120716,Canara Robeco Bluechip Equity Fund - Direct Growth,2022-10-14,149.87,-0.02053433717616915
120716,Canara Robeco Bluechip Equity Fund - Direct Growth,2022-10-15,148.6885,-0.007883499032494856
120716,Canara Robeco Bluechip Equity Fund - Direct Growth,2022-10-16,148.4205,-0.0018024258769171464
120716,Canara Robeco Bluechip Equity Fund - Direct Growth,2022-10-17,148.2751,-0.0009796490377003142
120716,Canara Robeco Bluechip Equity Fund - Direct Growth,2022-10-18,145.6971,-0.01738660098694933
120716,Canara Robeco Bluechip Equity Fund - Direct Growth,2022-10-19,147.7689,0.014219912407316349
120716,Canara Robeco Bluechip Equity Fund - Direct Growth,2022-10-20,147.647,-0.000824936776277041
120716,Canara Robeco Bluechip Equity Fund - Direct Growth,2022-10-21,147.7726,0.0008506776297521057
120716,Canara Robeco Bluechip Equity Fund - Direct Growth,2022-10-22,148.5422,0.005208002024732483
120716,Canara Robeco Bluechip Equity Fund - Direct Growth,2022-10-23,147.1969,-0.009056685574873713
120716,Canara Robeco Bluechip Equity Fund - Direct Growth,2022-10-24,148.0619,0.005876482453095244
120716,Canara Robeco Bluechip Equity Fund - Direct Growth,2022-10-25,147.4689,-0.004005081658414622
120716,Canara Robeco Bluechip Equity Fund - Direct Growth,2022-10-26,145.9413,-0.010358794294932583
120716,Canara Robeco Bluechip Equity Fund - Direct Growth,2022-10-27,147.004,0.007281694763579427
120716,Canara Robeco Bluechip Equity Fund - Direct Growth,2022-10-28,149.6942,0.018300182307964485
120716,Canara Robeco Bluechip Equity Fund - Direct Growth,2022-10-29,151.0561,0.00909788087982033
120716,Canara Robeco Bluechip Equity Fund - Direct Growth,2022-10-30,152.7896,0.0114758688990384
120716,Canara Robeco Bluechip Equity Fund - Direct Growth,2022-10-31,151.8962,-0.005847256619560537
120716,Canara Robeco Bluechip Equity Fund - Direct Growth,2022-11-01,149.0449,-0.018771371502381062
120716,Canara Robeco Bluechip Equity Fund - Direct Growth,2022-11-02,151.7697,0.018281739261121865
120716,Canara Robeco Bluechip Equity Fund - Direct Growth,2022-11-03,155.5722,0.02505440809331505
120716,Canara Robeco Bluechip Equity Fund - Direct Growth,2022-11-04,158.5146,0.018913404837110903
120716,Canara Robeco Bluechip Equity Fund - Direct Growth,2022-11-05,157.9393,-0.003629318687363825
120716,Canara Robeco Bluechip Equity Fund - Direct Growth,2022-11-06,155.8141,-0.013455802324057409
120716,Canara Robeco Bluechip Equity Fund - Direct Growth,2022-11-07,153.8838,-0.012388480888443243
120716,Canara Robeco Bluechip Equity Fund - Direct Growth,2022-11-08,150.8362,-0.019804553825678917
120716,Canara Robeco Bluechip Equity Fund - Direct Growth,2022-11-09,150.7022,-0.0008883809059098136
120716,Canara Robeco Bluechip Equity Fund - Direct Growth,2022-11-10,153.6662,0.019667927873647573
120716,Canara Robeco Bluechip Equity Fund - Direct Growth,2022-11-11,153.4664,-0.0013002208683497996
120716,Canara Robeco Bluechip Equity Fund - Direct Growth,2022-11-12,154.0845,0.004027591707370437
120716,Canara Robeco Bluechip Equity Fund - Direct Growth,2022-11-13,156.6896,0.01690695689702748
120716,Canara Robeco Bluechip Equity Fund - Direct Growth,2022-11-14,155.9925,-0.00444892322145185
120716,Canara Robeco Bluechip Equity Fund - Direct Growth,2022-11-15,159.8652,0.024826193566998223
120716,Canara Robeco Bluechip Equity Fund - Direct Growth,2022-11-16,163.7507,0.02430485183767339
120716,Canara Robeco Bluechip Equity Fund - Direct Growth,2022-11-17,163.5586,-0.0011731247561077573
120716,Canara Robeco Bluechip Equity Fund - Direct Growth,2022-11-18,162.4905,-0.00653038116002469
120716,Canara Robeco Bluechip Equity Fund - Direct Growth,2022-11-19,163.915,0.008766666358956288
120716,Canara Robeco Bluechip Equity Fund - Direct Growth,2022-11-20,163.297,-0.003770246774242758
120716,Canara Robeco Bluechip Equity Fund - Direct Growth,2022-11-21,161.096,-0.013478508484540352
120716,Canara Robeco Bluechip Equity Fund - Direct Growth,2022-11-22,163.6373,0.015775065799275012
120716,Canara Robeco Bluechip Equity Fund - Direct Growth,2022-11-23,166.0914,0.014997191960512524
120716,Canara Robeco Bluechip Equity Fund - Direct Growth,2022-11-24,166.4678,0.00226622209217342
120716,Canara Robeco Bluechip Equity Fund - Direct Growth,2022-11-25,164.0117,-0.014754204717068564
120716,Canara Robeco Bluechip Equity Fund - Direct Growth,2022-11-26,161.6574,-0.014354463736428569
120716,Canara Robeco Bluechip Equity Fund - Direct Growth,2022-11-27,161.9301,0.0016869008161706223
120716,Canara Robeco Bluechip Equity Fund - Direct Growth,2022-11-28,161.0235,-0.005598712036860354
120716,Canara Robeco Bluechip Equity Fund - Direct Growth,2022-11-29,160.4288,-0.0036932497430500755
120716,Canara Robeco Bluechip Equity Fund - Direct Growth,2022-11-30,162.4604,0.012663561654765232
120716,Canara Robeco Bluechip Equity Fund - Direct Growth,2022-12-01,163.9547,0.009197933773399614
120716,Canara Robeco Bluechip Equity Fund - Direct Growth,2022-12-02,166.7317,0.016937605326349248
120716,Canara Robeco Bluechip Equity Fund - Direct Growth,2022-12-03,164.8164,-0.011487317648653517
120716,Canara Robeco Bluechip Equity Fund - Direct Growth,2022-12-04,164.2036,-0.0037180765991733367
120716,Canara Robeco Bluechip Equity Fund - Direct Growth,2022-12-05,165.7648,0.009507708722585884
120716,Canara Robeco Bluechip Equity Fund - Direct Growth,2022-12-06,166.7224,0.005776859743443552
120716,Canara Robeco Bluechip Equity Fund - Direct Growth,2022-12-07,169.8549,0.018788717053017434
120716,Canara Robeco Bluechip Equity Fund - Direct Growth,2022-12-08,170.78,0.005446413379890824
120716,Canara Robeco Bluechip Equity Fund - Direct Growth,2022-12-09,174.6358,0.022577585197329775
120716,Canara Robeco Bluechip Equity Fund - Direct Growth,2022-12-10,175.8373,0.006880032616450871
120716,Canara Robeco Bluechip Equity Fund - Direct Growth,2022-12-11,178.1489,0.013146243715070671
120716,Canara Robeco Bluechip Equity Fund - Direct Growth,2022-12-12,177.5286,-0.003481918776933157
120716,Canara Robeco Bluechip Equity Fund - Direct Growth,2022-12-13,177.63,0.0005711755739636892
120716,Canara Robeco Bluechip Equity Fund - Direct Growth,2022-12-14,179.6428,0.011331419242245122
120716,Canara Robeco Bluechip Equity Fund - Direct Growth,2022-12-15,183.1918,0.019755871095306965
120716,Canara Robeco Bluechip Equity Fund - Direct Growth,2022-12-16,184.8682,0.009151064621888194
120716,Canara Robeco Bluechip Equity Fund - Direct Growth,2022-12-17,184.7576,-0.0005982640605577405
120716,Canara Robeco Bluechip Equity Fund - Direct Growth,2022-12-18,187.8852,0.016928126366655638
120716,Canara Robeco Bluechip Equity Fund - Direct Growth,2022-12-19,183.0183,-0.02590358367769252
120716,Canara Robeco Bluechip Equity Fund - Direct Growth,2022-12-20,179.968,-0.016666639346994416
120716,Canara Robeco Bluechip Equity Fund - Direct Growth,2022-12-21,181.5121,0.00857985864153643
120716,Canara Robeco Bluechip Equity Fund - Direct Growth,2022-12-22,181.6154,0.0005691080649719016
120716,Canara Robeco Bluechip Equity Fund - Direct Growth,2022-12-23,183.0077,0.007666200112986132
120716,Canara Robeco Bluechip Equity Fund - Direct Growth,2022-12-24,183.2223,0.0011726282555324374
120716,Canara Robeco Bluechip Equity Fund - Direct Growth,2022-12-25,184.5509,0.007251300742322497
120716,Canara Robeco Bluechip Equity Fund - Direct Growth,2022-12-26,182.8211,-0.009373023919146517
120716,Canara Robeco Bluechip Equity Fund - Direct Growth,2022-12-27,184.1458,0.007245881356145567
120716,Canara Robeco Bluechip Equity Fund - Direct Growth,2022-12-28,186.4169,0.01233316209221158
120716,Canara Robeco Bluechip Equity Fund - Direct Growth,2022-12-29,189.2218,0.015046382597285968
120716,Canara Robeco Bluechip Equity Fund - Direct Growth,2022-12-30,193.8696,0.024562708947911904
120716,Canara Robeco Bluechip Equity Fund - Direct Growth,2022-12-31,194.515,0.0033290417889138
120716,Canara Robeco Bluechip Equity Fund - Direct Growth,2023-01-01,195.2322,0.003687119245302517
120716,Canara Robeco Bluechip Equity Fund - Direct Growth,2023-01-02,191.7418,-0.01787819837096538
120716,Canara Robeco Bluechip Equity Fund - Direct Growth,2023-01-03,190.5958,-0.005976787534069383
120716,Canara Robeco Bluechip Equity Fund - Direct Growth,2023-01-04,190.2304,-0.001917146128088798
120716,Canara Robeco Bluechip Equity Fund - Direct Growth,2023-01-05,192.7041,0.013003704980907305
120716,Canara Robeco Bluechip Equity Fund - Direct Growth,2023-01-06,191.3683,-0.006931871195267836
120716,Canara Robeco Bluechip Equity Fund - Direct Growth,2023-01-07,193.2736,0.009956194416734565
120716,Canara Robeco Bluechip Equity Fund - Direct Growth,2023-01-08,193.3471,0.00038028991026206604
120716,Canara Robeco Bluechip Equity Fund - Direct Growth,2023-01-09,193.0134,-0.0017259115859509233
120716,Canara Robeco Bluechip Equity Fund - Direct Growth,2023-01-10,193.6671,0.0033868114856274723
120716,Canara Robeco Bluechip Equity Fund - Direct Growth,2023-01-11,192.8355,-0.0042939662957725
120716,Canara Robeco Bluechip Equity Fund - Direct Growth,2023-01-12,191.9198,-0.004748606973301039
120716,Canara Robeco Bluechip Equity Fund - Direct Growth,2023-01-13,188.0704,-0.02005733644991292
120716,Canara Robeco Bluechip Equity Fund - Direct Growth,2023-01-14,187.586,-0.0025756312529775505
120716,Canara Robeco Bluechip Equity Fund - Direct Growth,2023-01-15,186.5806,-0.0053596750290534345
120716,Canara Robeco Bluechip Equity Fund - Direct Growth,2023-01-16,185.5,-0.005791598912212814
120716,Canara Robeco Bluechip Equity Fund - Direct Growth,2023-01-17,186.5022,0.005402695417789705
120716,Canara Robeco Bluechip Equity Fund - Direct Growth,2023-01-18,188.0508,0.008303387305887089
120716,Canara Robeco Bluechip Equity Fund - Direct Growth,2023-01-19,188.65,0.0031863730438796978
120716,Canara Robeco Bluechip Equity Fund - Direct Growth,2023-01-20,190.9789,0.012345083487940611
120716,Canara Robeco Bluechip Equity Fund - Direct Growth,2023-01-21,192.3743,0.007306566327484276
120716,Canara Robeco Bluechip Equity Fund - Direct Growth,2023-01-22,191.7701,-0.00314075216907872
120716,Canara Robeco Bluechip Equity Fund - Direct Growth,2023-01-23,190.7817,-0.005154088150342573
120716,Canara Robeco Bluechip Equity Fund - Direct Growth,2023-01-24,191.5742,0.004153962355928131
120716,Canara Robeco Bluechip Equity Fund - Direct Growth,2023-01-25,192.9699,0.007285427787248944
120716,Canara Robeco Bluechip Equity Fund - Direct Growth,2023-01-26,196.284,0.01717418105103441
120716,Canara Robeco Bluechip Equity Fund - Direct Growth,2023-01-27,199.1682,0.014694014794889076
120716,Canara Robeco Bluechip Equity Fund - Direct Growth,2023-01-28,197.9537,-0.006097861003915406
120716,Canara Robeco Bluechip Equity Fund - Direct Growth,2023-01-29,197.7906,-0.000823930040206311
120716,Canara Robeco Bluechip Equity Fund - Direct Growth,2023-01-30,199.4624,0.008452373368602828
120716,Canara Robeco Bluechip Equity Fund - Direct Growth,2023-01-31,202.0985,0.013216024674324478
120716,Canara Robeco Bluechip Equity Fund - Direct Growth,2023-02-01,204.4565,0.0116675779384805
120716,Canara Robeco Bluechip Equity Fund - Direct Growth,2023-02-02,204.3816,-0.000366337093709479
120716,Canara Robeco Bluechip Equity Fund - Direct Growth,2023-02-03,201.3878,-0.014648089651906004
120716,Canara Robeco Bluechip Equity Fund - Direct Growth,2023-02-04,199.0543,-0.011587097132994106
120716,Canara Robeco Bluechip Equity Fund - Direct Growth,2023-02-05,199.7851,0.0036713600258824197
120716,Canara Robeco Bluechip Equity Fund - Direct Growth,2023-02-06,200.6855,0.004506842602376215
120716,Canara Robeco Bluechip Equity Fund - Direct Growth,2023-02-07,198.1199,-0.012784182215456519
120716,Canara Robeco Bluechip Equity Fund - Direct Growth,2023-02-08,198.3051,0.0009347874696081782
120716,Canara Robeco Bluechip Equity Fund - Direct Growth,2023-02-09,199.8865,0.007974580583151925
120716,Canara Robeco Bluechip Equity Fund - Direct Growth,2023-02-10,197.2051,-0.013414612792760017
120716,Canara Robeco Bluechip Equity Fund - Direct Growth,2023-02-11,199.8989,0.013659890134687158
120716,Canara Robeco Bluechip Equity Fund - Direct Growth,2023-02-12,199.0732,-0.004130588012240088
120716,Canara Robeco Bluechip Equity Fund - Direct Growth,2023-02-13,202.1571,0.015491286622207223
120716,Canara Robeco Bluechip Equity Fund - Direct Growth,2023-02-14,200.9439,-0.006001273267176921
120716,Canara Robeco Bluechip Equity Fund - Direct Growth,2023-02-15,198.5487,-0.011919744764583684
120716,Canara Robeco Bluechip Equity Fund - Direct Growth,2023-02-16,197.5366,-0.005097489935718569
120716,Canara Robeco Bluechip Equity Fund - Direct Growth,2023-02-17,197.3901,-0.0007416347147819469
120716,Canara Robeco Bluechip Equity Fund - Direct Growth,2023-02-18,196.5489,-0.004261611904548324
120716,Canara Robeco Bluechip Equity Fund - Direct Growth,2023-02-19,196.1181,-0.002191820966690794
120716,Canara Robeco Bluechip Equity Fund - Direct Growth,2023-02-20,196.9825,0.004407548308901665
120716,Canara Robeco Bluechip Equity Fund - Direct Growth,2023-02-21,196.6567,-0.0016539540314494117
120716,Canara Robeco Bluechip Equity Fund - Direct Growth,2023-02-22,196.5793,-0.00039357926783079034
120716,Canara Robeco Bluechip Equity Fund - Direct Growth,2023-02-23,192.6259,-0.020110967940164537
120716,Canara Robeco Bluechip Equity Fund - Direct Growth,2023-02-24,193.6084,0.005100560205039795
120716,Canara Robeco Bluechip Equity Fund - Direct Growth,2023-02-25,193.4786,-0.0006704254567466705
120716,Canara Robeco Bluechip Equity Fund - Direct Growth,2023-02-26,197.2947,0.01972362834959518
120716,Canara Robeco Bluechip Equity Fund - Direct Growth,2023-02-27,195.1492,-0.010874595212136962
120716,Canara Robeco Bluechip Equity Fund - Direct Growth,2023-02-28,190.9926,-0.021299600510788608
120716,Canara Robeco Bluechip Equity Fund - Direct Growth,2023-03-01,192.4856,0.007817056786493248
120716,Canara Robeco Bluechip Equity Fund - Direct Growth,2023-03-02,193.363,0.004558263059678103
120716,Canara Robeco Bluechip Equity Fund - Direct Growth,2023-03-03,191.1004,-0.011701307902752811
120716,Canara Robeco Bluechip Equity Fund - Direct Growth,2023-03-04,187.6688,-0.017957052941804386
120716,Canara Robeco Bluechip Equity Fund - Direct Growth,2023-03-05,191.2061,0.01884863120561331
120716,Canara Robeco Bluechip Equity Fund - Direct Growth,2023-03-06,194.5272,0.017369215731088072
120716,Canara Robeco Bluechip Equity Fund - Direct Growth,2023-03-07,188.7985,-0.029449352070044732
120716,Canara Robeco Bluechip Equity Fund - Direct Growth,2023-03-08,187.8359,-0.005098557456759356
120716,Canara Robeco Bluechip Equity Fund - Direct Growth,2023-03-09,191.6622,0.020370440368427944
120716,Canara Robeco Bluechip Equity Fund - Direct Growth,2023-03-10,190.6439,-0.005312993381063169
120716,Canara Robeco Bluechip Equity Fund - Direct Growth,2023-03-11,189.5978,-0.005487193663159418
120716,Canara Robeco Bluechip Equity Fund - Direct Growth,2023-03-12,189.0303,-0.002993178190886181
120716,Canara Robeco Bluechip Equity Fund - Direct Growth,2023-03-13,186.5633,-0.013050817778948787
120716,Canara Robeco Bluechip Equity Fund - Direct Growth,2023-03-14,182.8213,-0.020057535431673768
120716,Canara Robeco Bluechip Equity Fund - Direct Growth,2023-03-15,185.2036,0.013030757357047396
120716,Canara Robeco Bluechip Equity Fund - Direct Growth,2023-03-16,181.1819,-0.02171502065834563
120716,Canara Robeco Bluechip Equity Fund - Direct Growth,2023-03-17,181.792,0.0033673341542395097
120716,Canara Robeco Bluechip Equity Fund - Direct Growth,2023-03-18,183.7988,0.011038989614504446
120716,Canara Robeco Bluechip Equity Fund - Direct Growth,2023-03-19,180.6715,-0.017014800967144472
120716,Canara Robeco Bluechip Equity Fund - Direct Growth,2023-03-20,178.7399,-0.010691226895221506
120716,Canara Robeco Bluechip Equity Fund - Direct Growth,2023-03-21,181.4135,0.014958047979214406
120716,Canara Robeco Bluechip Equity Fund - Direct Growth,2023-03-22,182.6462,0.0067949739131871745
120716,Canara Robeco Bluechip Equity Fund - Direct Growth,2023-03-23,181.3663,-0.0070075369758582085
120716,Canara Robeco Bluechip Equity Fund - Direct Growth,2023-03-24,184.0554,0.014826900036004398
120716,Canara Robeco Bluechip Equity Fund - Direct Growth,2023-03-25,186.7939,0.01487867239972318
120716,Canara Robeco Bluechip Equity Fund - Direct Growth,2023-03-26,187.4717,0.0036285981501535947
120716,Canara Robeco Bluechip Equity Fund - Direct Growth,2023-03-27,185.5216,-0.010402103357466719
120716,Canara Robeco Bluechip Equity Fund - Direct Growth,2023-03-28,184.6754,-0.004561193952618003
120716,Canara Robeco Bluechip Equity Fund - Direct Growth,2023-03-29,185.3839,0.0038364611637500268
120716,Canara Robeco Bluechip Equity Fund - Direct Growth,2023-03-30,185.0385,-0.0018631607167612918
120716,Canara Robeco Bluechip Equity Fund - Direct Growth,2023-03-31,187.1974,0.011667301669652463
120716,Canara Robeco Bluechip Equity Fund - Direct Growth,2023-04-01,183.8358,-0.017957514367186622
120716,Canara Robeco Bluechip Equity Fund - Direct Growth,2023-04-02,180.6129,-0.0175314057436039
120716,Canara Robeco Bluechip Equity Fund - Direct Growth,2023-04-03,181.0772,0.002570691240769696
120716,Canara Robeco Bluechip Equity Fund - Direct Growth,2023-04-04,180.0815,-0.005498759645057416
120716,Canara Robeco Bluechip Equity Fund - Direct Growth,2023-04-05,178.7985,-0.0071245519389833145
120716,Canara Robeco Bluechip Equity Fund - Direct Growth,2023-04-06,175.0765,-0.020816729446835325
120716,Canara Robeco Bluechip Equity Fund - Direct Growth,2023-04-07,175.1876,0.0006345797408560117
120716,Canara Robeco Bluechip Equity Fund - Direct Growth,2023-04-08,175.1468,-0.0002328931956371294
120716,Canara Robeco Bluechip Equity Fund - Direct Growth,2023-04-09,176.5903,0.008241657855010853
120716,Canara Robeco Bluechip Equity Fund - Direct Growth,2023-04-10,176.807,0.0012271342197163193
120716,Canara Robeco Bluechip Equity Fund - Direct Growth,2023-04-11,176.5964,-0.0011911293104911458
120716,Canara Robeco Bluechip Equity Fund - Direct Growth,2023-04-12,179.1613,0.014524078633539661
120716,Canara Robeco Bluechip Equity Fund - Direct Growth,2023-04-13,176.4112,-0.015349855130544432
120716,Canara Robeco Bluechip Equity Fund - Direct Growth,2023-04-14,177.6173,0.006836867500476185
120716,Canara Robeco Bluechip Equity Fund - Direct Growth,2023-04-15,174.1265,-0.019653490960621522
120716,Canara Robeco Bluechip Equity Fund - Direct Growth,2023-04-16,172.4444,-0.00966021828957675
120716,Canara Robeco Bluechip Equity Fund - Direct Growth,2023-04-17,170.004,-0.01415180777108449
120716,Canara Robeco Bluechip Equity Fund - Direct Growth,2023-04-18,171.6672,0.009783299216489239
120716,Canara Robeco Bluechip Equity Fund - Direct Growth,2023-04-19,171.6011,-0.00038504734742572655
120716,Canara Robeco Bluechip Equity Fund - Direct Growth,2023-04-20,171.6419,0.00023776071365499973
120716,Canara Robeco Bluechip Equity Fund - Direct Growth,2023-04-21,169.431,-0.012880887475610447
120716,Canara Robeco Bluechip Equity Fund - Direct Growth,2023-04-22,168.8894,-0.0031965814992535035
120716,Canara Robeco Bluechip Equity Fund - Direct Growth,2023-04-23,167.4097,-0.008761355064320298
120716,Canara Robeco Bluechip Equity Fund - Direct Growth,2023-04-24,168.247,0.005001502302435457
120716,Canara Robeco Bluechip Equity Fund - Direct Growth,2023-04-25,166.3133,-0.011493221275862386
120716,Canara Robeco Bluechip Equity Fund - Direct Growth,2023-04-26,169.0338,0.016357681556436132
120716,Canara Robeco Bluechip Equity Fund - Direct Growth,2023-04-27,165.7027,-0.019706709545665002
120716,Canara Robeco Bluechip Equity Fund - Direct Growth,2023-04-28,164.1653,-0.00927806245764251
120716,Canara Robeco Bluechip Equity Fund - Direct Growth,2023-04-29,167.535,0.020526262249086713
120716,Canara Robeco Bluechip Equity Fund - Direct Growth,2023-04-30,166.7272,-0.004821679052138261
120716,Canara Robeco Bluechip Equity Fund - Direct Growth,2023-05-01,164.1632,-0.015378414559832021
120716,Canara Robeco Bluechip Equity Fund - Direct Growth,2023-05-02,164.6604,0.0030286933977896613
120716,Canara Robeco Bluechip Equity Fund - Direct Growth,2023-05-03,163.7869,-0.005304857755720316
120716,Canara Robeco Bluechip Equity Fund - Direct Growth,2023-05-04,162.2096,-0.009630196309961314
120716,Canara Robeco Bluechip Equity Fund - Direct Growth,2023-05-05,160.1414,-0.012750170150225282
120716,Canara Robeco Bluechip Equity Fund - Direct Growth,2023-05-06,165.5254,0.033620288070417725
120716,Canara Robeco Bluechip Equity Fund - Direct Growth,2023-05-07,165.092,-0.002618329271519504
120716,Canara Robeco Bluechip Equity Fund - Direct Growth,2023-05-08,161.3433,-0.022706733215419383
120716,Canara Robeco Bluechip Equity Fund - Direct Growth,2023-05-09,164.2998,0.018324281206594906
120716,Canara Robeco Bluechip Equity Fund - Direct Growth,2023-05-10,165.5703,0.007732815256013659
120716,Canara Robeco Bluechip Equity Fund - Direct Growth,2023-05-11,164.1137,-0.008797471527200229
120716,Canara Robeco Bluechip Equity Fund - Direct Growth,2023-05-12,162.3417,-0.010797392295707087
120716,Canara Robeco Bluechip Equity Fund - Direct Growth,2023-05-13,163.7186,0.008481493048305033
120716,Canara Robeco Bluechip Equity Fund - Direct Growth,2023-05-14,163.299,-0.0025629342053987703
120716,Canara Robeco Bluechip Equity Fund - Direct Growth,2023-05-15,159.5902,-0.022711712870256417
120716,Canara Robeco Bluechip Equity Fund - Direct Growth,2023-05-17,162.2926,0.016933370595437536
120716,Canara Robeco Bluechip Equity Fund - Direct Growth,2023-05-18,165.2702,0.018347108863866923
120716,Canara Robeco Bluechip Equity Fund - Direct Growth,2023-05-19,167.8718,0.015741494836939873
120716,Canara Robeco Bluechip Equity Fund - Direct Growth,2023-05-20,165.9225,-0.011611837128094105
120716,Canara Robeco Bluechip Equity Fund - Direct Growth,2023-05-21,168.046,0.012798143711672427
120716,Canara Robeco Bluechip Equity Fund - Direct Growth,2023-05-22,166.7996,-0.00741701676921791
120716,Canara Robeco Bluechip Equity Fund - Direct Growth,2023-05-23,163.1299,-0.022000652279741684
120716,Canara Robeco Bluechip Equity Fund - Direct Growth,2023-05-24,162.364,-0.004695031382965231
120716,Canara Robeco Bluechip Equity Fund - Direct Growth,2023-05-25,163.2037,0.005171712941292261
120716,Canara Robeco Bluechip Equity Fund - Direct Growth,2023-05-26,162.3627,-0.005153069446342307
120716,Canara Robeco Bluechip Equity Fund - Direct Growth,2023-05-27,161.8294,-0.003284621406271282
120716,Canara Robeco Bluechip Equity Fund - Direct Growth,2023-05-28,164.1149,0.014122897322736305
120716,Canara Robeco Bluechip Equity Fund - Direct Growth,2023-05-29,164.3903,0.0016780926046324751
120716,Canara Robeco Bluechip Equity Fund - Direct Growth,2023-05-30,162.7925,-0.009719551579381536
120716,Canara Robeco Bluechip Equity Fund - Direct Growth,2023-05-31,164.229,0.008824116590137931
120716,Canara Robeco Bluechip Equity Fund - Direct Growth,2023-06-01,164.6843,0.0027723483672188465
120716,Canara Robeco Bluechip Equity Fund - Direct Growth,2023-06-02,159.7669,-0.029859555525329484
120716,Canara Robeco Bluechip Equity Fund - Direct Growth,2023-06-03,160.652,0.0055399460088416674
120716,Canara Robeco Bluechip Equity Fund - Direct Growth,2023-06-04,161.4716,0.005101710529592074
120716,Canara Robeco Bluechip Equity Fund - Direct Growth,2023-06-05,161.5752,0.000641598894170814
120716,Canara Robeco Bluechip Equity Fund - Direct Growth,2023-06-06,163.3688,0.011100713475830526
120716,Canara Robeco Bluechip Equity Fund - Direct Growth,2023-06-07,162.116,-0.007668538913182754
120716,Canara Robeco Bluechip Equity Fund - Direct Growth,2023-06-08,162.8355,0.004438180068592645
120716,Canara Robeco Bluechip Equity Fund - Direct Growth,2023-06-09,159.8388,-0.018403235166778775
120716,Canara Robeco Bluechip Equity Fund - Direct Growth,2023-06-10,160.6836,0.005285324964902305
120716,Canara Robeco Bluechip Equity Fund - Direct Growth,2023-06-11,164.5138,0.02383690681563011
120716,Canara Robeco Bluechip Equity Fund - Direct Growth,2023-06-12,162.6156,-0.011538241776677727
120716,Canara Robeco Bluechip Equity Fund - Direct Growth,2023-06-13,161.198,-0.008717490818838991
120716,Canara Robeco Bluechip Equity Fund - Direct Growth,2023-06-14,159.889,-0.008120448144517955
120716,Canara Robeco Bluechip Equity Fund - Direct Growth,2023-06-15,160.2024,0.0019601098261918803
120716,Canara Robeco Bluechip Equity Fund - Direct Growth,2023-06-16,158.2229,-0.012356244350896106
120716,Canara Robeco Bluechip Equity Fund - Direct Growth,2023-06-17,159.086,0.005454962587590151
120716,Canara Robeco Bluechip Equity Fund - Direct Growth,2023-06-18,160.7663,0.010562211633958984
120716,Canara Robeco Bluechip Equity Fund - Direct Growth,2023-06-19,161.8615,0.0068123729911058195
120716,Canara Robeco Bluechip Equity Fund - Direct Growth,2023-06-20,158.4914,-0.020820886992892085
120716,Canara Robeco Bluechip Equity Fund - Direct Growth,2023-06-21,160.4475,0.012341994581409388
120716,Canara Robeco Bluechip Equity Fund - Direct Growth,2023-06-22,162.3165,0.011648670125742111
120716,Canara Robeco Bluechip Equity Fund - Direct Growth,2023-06-23,163.9984,0.01036185477138818
120716,Canara Robeco Bluechip Equity Fund - Direct Growth,2023-06-24,164.7977,0.004873828037346595
120716,Canara Robeco Bluechip Equity Fund - Direct Growth,2023-06-25,165.2991,0.003042518190484511
120716,Canara Robeco Bluechip Equity Fund - Direct Growth,2023-06-26,167.4131,0.012788938354776125
120716,Canara Robeco Bluechip Equity Fund - Direct Growth,2023-06-27,171.3443,0.023482033365370025
120716,Canara Robeco Bluechip Equity Fund - Direct Growth,2023-06-28,169.4533,-0.011036258574110724
120716,Canara Robeco Bluechip Equity Fund - Direct Growth,2023-06-29,171.7134,0.013337598028483333
120716,Canara Robeco Bluechip Equity Fund - Direct Growth,2023-06-30,171.6044,-0.0006347786486087248
120716,Canara Robeco Bluechip Equity Fund - Direct Growth,2023-07-01,171.406,-0.0011561475113691655
120716,Canara Robeco Bluechip Equity Fund - Direct Growth,2023-07-02,168.3141,-0.01803845839702234
120716,Canara Robeco Bluechip Equity Fund - Direct Growth,2023-07-03,167.8062,-0.003017572502838517
120716,Canara Robeco Bluechip Equity Fund - Direct Growth,2023-07-04,165.8652,-0.011566914690875563
120716,Canara Robeco Bluechip Equity Fund - Direct Growth,2023-07-05,165.0083,-0.00516624343141292
120716,Canara Robeco Bluechip Equity Fund - Direct Growth,2023-07-06,162.8998,-0.0127781450993677
120716,Canara Robeco Bluechip Equity Fund - Direct Growth,2023-07-07,162.0874,-0.004987114778532531
120716,Canara Robeco Bluechip Equity Fund - Direct Growth,2023-07-08,161.3623,-0.004473512438351146
120716,Canara Robeco Bluechip Equity Fund - Direct Growth,2023-07-09,161.6142,0.0015610833509438482
120716,Canara Robeco Bluechip Equity Fund - Direct Growth,2023-07-10,158.5472,-0.018977292836891868
120716,Canara Robeco Bluechip Equity Fund - Direct Growth,2023-07-11,155.8604,-0.016946373067452503
120716,Canara Robeco Bluechip Equity Fund - Direct Growth,2023-07-12,156.5996,0.004742705651980872
120716,Canara Robeco Bluechip Equity Fund - Direct Growth,2023-07-13,155.1637,-0.009169244365886065
120716,Canara Robeco Bluechip Equity Fund - Direct Growth,2023-07-14,157.2265,0.013294346551416147
120716,Canara Robeco Bluechip Equity Fund - Direct Growth,2023-07-15,157.7144,0.0031031664509482138
120716,Canara Robeco Bluechip Equity Fund - Direct Growth,2023-07-16,158.9258,0.0076809726949473855
120716,Canara Robeco Bluechip Equity Fund - Direct Growth,2023-07-17,161.6797,0.01732821228522985
120716,Canara Robeco Bluechip Equity Fund - Direct Growth,2023-07-18,161.1435,-0.0033164336648324744
120716,Canara Robeco Bluechip Equity Fund - Direct Growth,2023-07-19,160.0971,-0.006493591115992792
120716,Canara Robeco Bluechip Equity Fund - Direct Growth,2023-07-20,161.8358,0.010860284165047362
120716,Canara Robeco Bluechip Equity Fund - Direct Growth,2023-07-21,162.89,0.006514009879148963
120716,Canara Robeco Bluechip Equity Fund - Direct Growth,2023-07-22,162.589,-0.0018478727975933529
120716,Canara Robeco Bluechip Equity Fund - Direct Growth,2023-07-23,165.3689,0.017097712637386353
120716,Canara Robeco Bluechip Equity Fund - Direct Growth,2023-07-24,165.0139,-0.002146715615814032
120716,Canara Robeco Bluechip Equity Fund - Direct Growth,2023-07-25,165.1448,0.0007932665066396893
120716,Canara Robeco Bluechip Equity Fund - Direct Growth,2023-07-26,165.2529,0.0006545770741797075
120716,Canara Robeco Bluechip Equity Fund - Direct Growth,2023-07-27,163.4657,-0.010814938799863838
120716,Canara Robeco Bluechip Equity Fund - Direct Growth,2023-07-28,163.6833,0.0013311661100769978
120716,Canara Robeco Bluechip Equity Fund - Direct Growth,2023-07-29,166.4923,0.01716118871014949
120716,Canara Robeco Bluechip Equity Fund - Direct Growth,2023-07-30,167.4479,0.0057396047745150724
120716,Canara Robeco Bluechip Equity Fund - Direct Growth,2023-07-31,167.5773,0.000772777681893988
120716,Canara Robeco Bluechip Equity Fund - Direct Growth,2023-08-01,167.319,-0.0015413782176942892
120716,Canara Robeco Bluechip Equity Fund - Direct Growth,2023-08-02,168.0503,0.004370693107178525
120716,Canara Robeco Bluechip Equity Fund - Direct Growth,2023-08-03,169.6295,0.009397186437632099
120716,Canara Robeco Bluechip Equity Fund - Direct Growth,2023-08-04,170.9375,0.007710922923194419
120716,Canara Robeco Bluechip Equity Fund - Direct Growth,2023-08-05,170.3251,-0.0035825959780622085
120716,Canara Robeco Bluechip Equity Fund - Direct Growth,2023-08-06,171.0571,0.004297663703118237
120716,Canara Robeco Bluechip Equity Fund - Direct Growth,2023-08-07,172.1107,0.006159346791217768
120716,Canara Robeco Bluechip Equity Fund - Direct Growth,2023-08-08,170.0994,-0.011686083433511185
120716,Canara Robeco Bluechip Equity Fund - Direct Growth,2023-08-09,170.5108,0.0024185858386331915
120716,Canara Robeco Bluechip Equity Fund - Direct Growth,2023-08-10,166.1567,-0.025535625895837577
120716,Canara Robeco Bluechip Equity Fund - Direct Growth,2023-08-11,167.1853,0.006190541819860451
120716,Canara Robeco Bluechip Equity Fund - Direct Growth,2023-08-12,168.577,0.008324296454293334
120716,Canara Robeco Bluechip Equity Fund - Direct Growth,2023-08-13,170.1567,0.009370791982298954
120716,Canara Robeco Bluechip Equity Fund - Direct Growth,2023-08-14,169.4181,-0.0043407047738937
120716,Canara Robeco Bluechip Equity Fund - Direct Growth,2023-08-15,170.1142,0.00410876996023446
120716,Canara Robeco Bluechip Equity Fund - Direct Growth,2023-08-16,173.0891,0.017487664169128614
120716,Canara Robeco Bluechip Equity Fund - Direct Growth,2023-08-17,176.0948,0.017365044939282592
120716,Canara Robeco Bluechip Equity Fund - Direct Growth,2023-08-18,176.1036,4.997308268062106e-05
120716,Canara Robeco Bluechip Equity Fund - Direct Growth,2023-08-19,176.4685,0.0020720757554075764
120716,Canara Robeco Bluechip Equity Fund - Direct Growth,2023-08-20,178.8916,0.013731062484239498
120716,Canara Robeco Bluechip Equity Fund - Direct Growth,2023-08-21,175.7414,-0.01760954678699289
120716,Canara Robeco Bluechip Equity Fund - Direct Growth,2023-08-22,175.1304,-0.0034766992865653545
120716,Canara Robeco Bluechip Equity Fund - Direct Growth,2023-08-23,178.0072,0.01642661696655745
120716,Canara Robeco Bluechip Equity Fund - Direct Growth,2023-08-24,180.1615,0.012102319456740895
120716,Canara Robeco Bluechip Equity Fund - Direct Growth,2023-08-25,181.0319,0.004831220876824416
120716,Canara Robeco Bluechip Equity Fund - Direct Growth,2023-08-26,177.8331,-0.017669813994108274
120716,Canara Robeco Bluechip Equity Fund - Direct Growth,2023-08-27,177.7977,-0.00019906305406591773
120716,Canara Robeco Bluechip Equity Fund - Direct Growth,2023-08-28,176.6102,-0.006678939041393717
120716,Canara Robeco Bluechip Equity Fund - Direct Growth,2023-08-29,177.3824,0.0043723408953728615
120716,Canara Robeco Bluechip Equity Fund - Direct Growth,2023-08-30,175.7306,-0.009312085077211596
120716,Canara Robeco Bluechip Equity Fund - Direct Growth,2023-08-31,173.6379,-0.01190856913935312
120716,Canara Robeco Bluechip Equity Fund - Direct Growth,2023-09-01,169.4049,-0.024378318327968773
120716,Canara Robeco Bluechip Equity Fund - Direct Growth,2023-09-02,171.9564,0.0150615478064684
120716,Canara Robeco Bluechip Equity Fund - Direct Growth,2023-09-03,171.2003,-0.00439704483229475
120716,Canara Robeco Bluechip Equity Fund - Direct Growth,2023-09-04,171.5916,0.0022856268359343623
120716,Canara Robeco Bluechip Equity Fund - Direct Growth,2023-09-05,171.6556,0.00037297863065544057
120716,Canara Robeco Bluechip Equity Fund - Direct Growth,2023-09-06,169.5255,-0.01240914948303462
120716,Canara Robeco Bluechip Equity Fund - Direct Growth,2023-09-07,167.032,-0.014708701640755995
120716,Canara Robeco Bluechip Equity Fund - Direct Growth,2023-09-08,165.0838,-0.011663633315771915
120716,Canara Robeco Bluechip Equity Fund - Direct Growth,2023-09-09,163.7172,-0.008278219910130558
120716,Canara Robeco Bluechip Equity Fund - Direct Growth,2023-09-10,164.5029,0.004799129230160348
120716,Canara Robeco Bluechip Equity Fund - Direct Growth,2023-09-11,162.9979,-0.0091487748848198
120716,Canara Robeco Bluechip Equity Fund - Direct Growth,2023-09-12,166.4792,0.021357943875350616
120716,Canara Robeco Bluechip Equity Fund - Direct Growth,2023-09-13,168.5978,0.012725914108189018
120716,Canara Robeco Bluechip Equity Fund - Direct Growth,2023-09-14,170.3007,0.010100369043961388
120716,Canara Robeco Bluechip Equity Fund - Direct Growth,2023-09-15,170.1243,-0.001035814885082642
120716,Canara Robeco Bluechip Equity Fund - Direct Growth,2023-09-16,173.2837,0.018571127111177033
120716,Canara Robeco Bluechip Equity Fund - Direct Growth,2023-09-17,172.8997,-0.00221601916394909
120716,Canara Robeco Bluechip Equity Fund - Direct Growth,2023-09-18,172.904,2.486991012706774e-05
120716,Canara Robeco Bluechip Equity Fund - Direct Growth,2023-09-19,173.3258,0.002439504002220927
120716,Canara Robeco Bluechip Equity Fund - Direct Growth,2023-09-20,174.8549,0.008822114191886055
120716,Canara Robeco Bluechip Equity Fund - Direct Growth,2023-09-21,176.2612,0.00804266852115676
120716,Canara Robeco Bluechip Equity Fund - Direct Growth,2023-09-22,175.3268,-0.005301223411618761
120716,Canara Robeco Bluechip Equity Fund - Direct Growth,2023-09-23,174.2756,-0.00599566067480839
120716,Canara Robeco Bluechip Equity Fund - Direct Growth,2023-09-24,175.6835,0.008078583576817566
120716,Canara Robeco Bluechip Equity Fund - Direct Growth,2023-09-25,177.2616,0.008982630696678928
120716,Canara Robeco Bluechip Equity Fund - Direct Growth,2023-09-26,176.4958,-0.004320168609557751
120716,Canara Robeco Bluechip Equity Fund - Direct Growth,2023-09-27,173.2048,-0.01864633606012156
120716,Canara Robeco Bluechip Equity Fund - Direct Growth,2023-09-28,172.8432,-0.00208770195745156
120716,Canara Robeco Bluechip Equity Fund - Direct Growth,2023-09-29,174.2056,0.007882288687087513
120716,Canara Robeco Bluechip Equity Fund - Direct Growth,2023-09-30,178.0494,0.022064732706640777
120716,Canara Robeco Bluechip Equity Fund - Direct Growth,2023-10-01,175.5611,-0.013975334935135919
120716,Canara Robeco Bluechip Equity Fund - Direct Growth,2023-10-02,174.7327,-0.004718585153544952
120716,Canara Robeco Bluechip Equity Fund - Direct Growth,2023-10-03,173.9861,-0.004272812129612835
120716,Canara Robeco Bluechip Equity Fund - Direct Growth,2023-10-04,176.8864,0.016669722466335024
120716,Canara Robeco Bluechip Equity Fund - Direct Growth,2023-10-05,176.883,-1.9221375979205924e-05
120716,Canara Robeco Bluechip Equity Fund - Direct Growth,2023-10-06,175.0279,-0.01048772352345917
120716,Canara Robeco Bluechip Equity Fund - Direct Growth,2023-10-07,176.2714,0.007104581612417338
120716,Canara Robeco Bluechip Equity Fund - Direct Growth,2023-10-08,175.486,-0.0044556292172185374
120716,Canara Robeco Bluechip Equity Fund - Direct Growth,2023-10-09,172.9778,-0.014292878064346981
120716,Canara Robeco Bluechip Equity Fund - Direct Growth,2023-10-10,171.1938,-0.010313462189945666
120716,Canara Robeco Bluechip Equity Fund - Direct Growth,2023-10-11,174.8246,0.021208711997747542
120716,Canara Robeco Bluechip Equity Fund - Direct Growth,2023-10-12,175.7006,0.0050107364753015915
120716,Canara Robeco Bluechip Equity Fund - Direct Growth,2023-10-13,175.9981,0.001693221309432058
120716,Canara Robeco Bluechip Equity Fund - Direct Growth,2023-10-14,175.5407,-0.0025988916925807626
120716,Canara Robeco Bluechip Equity Fund - Direct Growth,2023-10-15,176.2263,0.0039056469525302617
120716,Canara Robeco Bluechip Equity Fund - Direct Growth,2023-10-16,176.8894,0.0037627754767590726
120716,Canara Robeco Bluechip Equity Fund - Direct Growth,2023-10-17,177.5803,0.0039058304228518637
120716,Canara Robeco Bluechip Equity Fund - Direct Growth,2023-10-18,177.8961,0.0017783504138690898
120716,Canara Robeco Bluechip Equity Fund - Direct Growth,2023-10-19,179.8219,0.01082542000639708
120716,Canara Robeco Bluechip Equity Fund - Direct Growth,2023-10-20,179.9437,0.0006773368538537383
120716,Canara Robeco Bluechip Equity Fund - Direct Growth,2023-10-21,177.904,-0.011335212069108369
120716,Canara Robeco Bluechip Equity Fund - Direct Growth,2023-10-22,176.6677,-0.00694925352999376
120716,Canara Robeco Bluechip Equity Fund - Direct Growth,2023-10-23,172.5428,-0.023348354000193527
120716,Canara Robeco Bluechip Equity Fund - Direct Growth,2023-10-24,176.8084,0.024721982024170197
120716,Canara Robeco Bluechip Equity Fund - Direct Growth,2023-10-25,178.7096,0.010752882781587259
120716,Canara Robeco Bluechip Equity Fund - Direct Growth,2023-10-26,177.001,-0.009560762264590128
120716,Canara Robeco Bluechip Equity Fund - Direct Growth,2023-10-27,176.4732,-0.002981904057039353
120716,Canara Robeco Bluechip Equity Fund - Direct Growth,2023-10-28,175.1951,-0.007242459478266405
120716,Canara Robeco Bluechip Equity Fund - Direct Growth,2023-10-29,178.5081,0.018910346236852504
120716,Canara Robeco Bluechip Equity Fund - Direct Growth,2023-10-30,175.538,-0.01663846066368979
120716,Canara Robeco Bluechip Equity Fund - Direct Growth,2023-10-31,175.8494,0.001773974865840966
120716,Canara Robeco Bluechip Equity Fund - Direct Growth,2023-11-01,175.6907,-0.0009024767784252541
120716,Canara Robeco Bluechip Equity Fund - Direct Growth,2023-11-02,177.5042,0.010322117220775029
120716,Canara Robeco Bluechip Equity Fund - Direct Growth,2023-11-03,177.3537,-0.0008478672617323602
120716,Canara Robeco Bluechip Equity Fund - Direct Growth,2023-11-04,173.6827,-0.020698750575826708
120716,Canara Robeco Bluechip Equity Fund - Direct Growth,2023-11-05,173.2288,-0.002613386364905712
120716,Canara Robeco Bluechip Equity Fund - Direct Growth,2023-11-06,171.2772,-0.011266025048952688
120716,Canara Robeco Bluechip Equity Fund - Direct Growth,2023-11-07,171.5093,0.0013551132316502734
120716,Canara Robeco Bluechip Equity Fund - Direct Growth,2023-11-08,174.5296,0.017610123765883223
120716,Canara Robeco Bluechip Equity Fund - Direct Growth,2023-11-09,170.9564,-0.020473317993050966
120716,Canara Robeco Bluechip Equity Fund - Direct Growth,2023-11-10,169.3831,-0.009202931273704862
120716,Canara Robeco Bluechip Equity Fund - Direct Growth,2023-11-11,168.3275,-0.006232026689793835
120716,Canara Robeco Bluechip Equity Fund - Direct Growth,2023-11-12,167.624,-0.004179352749847709
120716,Canara Robeco Bluechip Equity Fund - Direct Growth,2023-11-13,169.1798,0.009281487137880129
120716,Canara Robeco Bluechip Equity Fund - Direct Growth,2023-11-14,168.8951,-0.0016828250181167848
120716,Canara Robeco Bluechip Equity Fund - Direct Growth,2023-11-15,169.8054,0.005389735995893208
120716,Canara Robeco Bluechip Equity Fund - Direct Growth,2023-11-16,168.5982,-0.0071093145447671535
120716,Canara Robeco Bluechip Equity Fund - Direct Growth,2023-11-17,169.1308,0.003158989835004178
120716,Canara Robeco Bluechip Equity Fund - Direct Growth,2023-11-18,170.777,0.009733295177460244
120716,Canara Robeco Bluechip Equity Fund - Direct Growth,2023-11-19,169.3446,-0.008387546332351392
120716,Canara Robeco Bluechip Equity Fund - Direct Growth,2023-11-20,171.0002,0.009776514869679787
120716,Canara Robeco Bluechip Equity Fund - Direct Growth,2023-11-21,171.1761,0.0010286537676562624
120716,Canara Robeco Bluechip Equity Fund - Direct Growth,2023-11-22,173.3921,0.012945732494197504
120716,Canara Robeco Bluechip Equity Fund - Direct Growth,2023-11-23,173.0424,-0.0020168162217309993
120716,Canara Robeco Bluechip Equity Fund - Direct Growth,2023-11-24,173.9033,0.004975081251762603
120716,Canara Robeco Bluechip Equity Fund - Direct Growth,2023-11-25,173.8881,-8.740489685932218e-05
120716,Canara Robeco Bluechip Equity Fund - Direct Growth,2023-11-26,173.7569,-0.0007545082153408433
120716,Canara Robeco Bluechip Equity Fund - Direct Growth,2023-11-27,174.3663,0.003507198850808191
120716,Canara Robeco Bluechip Equity Fund - Direct Growth,2023-11-28,175.5593,0.006841918421162774
120716,Canara Robeco Bluechip Equity Fund - Direct Growth,2023-11-29,172.9971,-0.014594498838853998
120716,Canara Robeco Bluechip Equity Fund - Direct Growth,2023-11-30,176.0425,0.017603763300078512
120716,Canara Robeco Bluechip Equity Fund - Direct Growth,2023-12-01,172.1844,-0.021915730576423154
120716,Canara Robeco Bluechip Equity Fund - Direct Growth,2023-12-02,170.8383,-0.00781778140179945
120716,Canara Robeco Bluechip Equity Fund - Direct Growth,2023-12-03,170.7134,-0.0007311006958041766
120716,Canara Robeco Bluechip Equity Fund - Direct Growth,2023-12-04,171.6264,0.005348144902509011
120716,Canara Robeco Bluechip Equity Fund - Direct Growth,2023-12-05,174.9412,0.019314044925489382
120716,Canara Robeco Bluechip Equity Fund - Direct Growth,2023-12-06,171.1101,-0.02189935818435007
120716,Canara Robeco Bluechip Equity Fund - Direct Growth,2023-12-07,170.1361,-0.005692241428179812
120716,Canara Robeco Bluechip Equity Fund - Direct Growth,2023-12-08,165.8619,-0.02512224037109123
120716,Canara Robeco Bluechip Equity Fund - Direct Growth,2023-12-09,165.9912,0.000779564203714056
120716,Canara Robeco Bluechip Equity Fund - Direct Growth,2023-12-10,166.5988,0.0036604350110127637
120716,Canara Robeco Bluechip Equity Fund - Direct Growth,2023-12-11,169.8457,0.01948933605764247
120716,Canara Robeco Bluechip Equity Fund - Direct Growth,2023-12-12,170.1595,0.0018475592846920463
120716,Canara Robeco Bluechip Equity Fund - Direct Growth,2023-12-13,172.3594,0.01292845829941891
120716,Canara Robeco Bluechip Equity Fund - Direct Growth,2023-12-14,173.6359,0.007406036456381271
120716,Canara Robeco Bluechip Equity Fund - Direct Growth,2023-12-15,172.7985,-0.004822735390550004
120716,Canara Robeco Bluechip Equity Fund - Direct Growth,2023-12-16,169.946,-0.01650766644386381
120716,Canara Robeco Bluechip Equity Fund - Direct Growth,2023-12-17,170.5748,0.003699998823155637
120716,Canara Robeco Bluechip Equity Fund - Direct Growth,2023-12-18,167.5888,-0.01750551664137967
120716,Canara Robeco Bluechip Equity Fund - Direct Growth,2023-12-19,170.2606,0.015942592822432156
120716,Canara Robeco Bluechip Equity Fund - Direct Growth,2023-12-20,169.9976,-0.0015446909032389433
120716,Canara Robeco Bluechip Equity Fund - Direct Growth,2023-12-21,172.5037,0.014741972827851724
120716,Canara Robeco Bluechip Equity Fund - Direct Growth,2023-12-22,171.5786,-0.005362783522904202
120716,Canara Robeco Bluechip Equity Fund - Direct Growth,2023-12-23,172.2008,0.0036263263600471163
120716,Canara Robeco Bluechip Equity Fund - Direct Growth,2023-12-24,172.7023,0.0029122977361313307
120716,Canara Robeco Bluechip Equity Fund - Direct Growth,2023-12-25,172.678,-0.00014070455344261656
120716,Canara Robeco Bluechip Equity Fund - Direct Growth,2023-12-26,171.8505,-0.004792156499380251
120716,Canara Robeco Bluechip Equity Fund - Direct Growth,2023-12-27,172.7286,0.005109673815322013
120716,Canara Robeco Bluechip Equity Fund - Direct Growth,2023-12-28,170.878,-0.010713917672001139
120716,Canara Robeco Bluechip Equity Fund - Direct Growth,2023-12-29,168.4664,-0.014112992895516041
120716,Canara Robeco Bluechip Equity Fund - Direct Growth,2023-12-30,171.0463,0.015314032946629252
120716,Canara Robeco Bluechip Equity Fund - Direct Growth,2023-12-31,172.6073,0.009126183963055645
120716,Canara Robeco Bluechip Equity Fund - Direct Growth,2024-01-01,172.8128,0.0011905637826441495
120716,Canara Robeco Bluechip Equity Fund - Direct Growth,2024-01-02,176.335,0.02038159210428847
120716,Canara Robeco Bluechip Equity Fund - Direct Growth,2024-01-03,175.8389,-0.0028133949584597806
120716,Canara Robeco Bluechip Equity Fund - Direct Growth,2024-01-04,178.7002,0.016272281048163917
120716,Canara Robeco Bluechip Equity Fund - Direct Growth,2024-01-05,179.1482,0.0025069921578151355
120716,Canara Robeco Bluechip Equity Fund - Direct Growth,2024-01-06,177.0169,-0.011896854112963484
120716,Canara Robeco Bluechip Equity Fund - Direct Growth,2024-01-07,181.0133,0.022576375476013766
120716,Canara Robeco Bluechip Equity Fund - Direct Growth,2024-01-08,183.2377,0.012288599787971366
120716,Canara Robeco Bluechip Equity Fund - Direct Growth,2024-01-09,183.0449,-0.0010521852217091343
120716,Canara Robeco Bluechip Equity Fund - Direct Growth,2024-01-10,184.7154,0.009126176145852538
120716,Canara Robeco Bluechip Equity Fund - Direct Growth,2024-01-11,183.8944,-0.004444675430418932
120716,Canara Robeco Bluechip Equity Fund - Direct Growth,2024-01-12,185.7977,0.010349961717159406
120716,Canara Robeco Bluechip Equity Fund - Direct Growth,2024-01-13,180.5409,-0.028293138182011957
120716,Canara Robeco Bluechip Equity Fund - Direct Growth,2024-01-14,178.4037,-0.011837760861943214
120716,Canara Robeco Bluechip Equity Fund - Direct Growth,2024-01-15,180.5715,0.012151093278895075
120716,Canara Robeco Bluechip Equity Fund - Direct Growth,2024-01-16,180.1028,-0.0025956477074177142
120716,Canara Robeco Bluechip Equity Fund - Direct Growth,2024-01-17,180.6234,0.0028905713847868775
120716,Canara Robeco Bluechip Equity Fund - Direct Growth,2024-01-18,177.7765,-0.01576152370069439
120716,Canara Robeco Bluechip Equity Fund - Direct Growth,2024-01-19,181.7897,0.02257441225358825
120716,Canara Robeco Bluechip Equity Fund - Direct Growth,2024-01-20,184.4595,0.014686200593322818
120716,Canara Robeco Bluechip Equity Fund - Direct Growth,2024-01-21,184.0891,-0.0020080288627042364
120716,Canara Robeco Bluechip Equity Fund - Direct Growth,2024-01-22,183.2687,-0.00445653762227094
120716,Canara Robeco Bluechip Equity Fund - Direct Growth,2024-01-23,185.6063,0.01275504218669088
120716,Canara Robeco Bluechip Equity Fund - Direct Growth,2024-01-24,190.0961,0.02418991165709361
120716,Canara Robeco Bluechip Equity Fund - Direct Growth,2024-01-25,192.3478,0.011845061524144995
120716,Canara Robeco Bluechip Equity Fund - Direct Growth,2024-01-26,197.4376,0.02646144120182292
120716,Canara Robeco Bluechip Equity Fund - Direct Growth,2024-01-27,195.3313,-0.010668180731532417
120716,Canara Robeco Bluechip Equity Fund - Direct Growth,2024-01-28,193.4888,-0.009432692046794311
120716,Canara Robeco Bluechip Equity Fund - Direct Growth,2024-01-29,190.8056,-0.013867469331558246
120716,Canara Robeco Bluechip Equity Fund - Direct Growth,2024-01-30,191.8934,0.005701090534030451
120716,Canara Robeco Bluechip Equity Fund - Direct Growth,2024-01-31,192.3745,0.0025071211412168726
120716,Canara Robeco Bluechip Equity Fund - Direct Growth,2024-02-01,192.1007,-0.0014232655575454611
120716,Canara Robeco Bluechip Equity Fund - Direct Growth,2024-02-02,194.0431,0.010111363467181667
120716,Canara Robeco Bluechip Equity Fund - Direct Growth,2024-02-03,196.9902,0.015187862902622973
120716,Canara Robeco Bluechip Equity Fund - Direct Growth,2024-02-04,193.4625,-0.017907997453680324
120716,Canara Robeco Bluechip Equity Fund - Direct Growth,2024-02-05,192.154,-0.006763584674032486
120716,Canara Robeco Bluechip Equity Fund - Direct Growth,2024-02-06,194.122,0.010241785234759604
120716,Canara Robeco Bluechip Equity Fund - Direct Growth,2024-02-07,193.1101,-0.005212701290940869
120716,Canara Robeco Bluechip Equity Fund - Direct Growth,2024-02-08,191.3376,-0.00917870168365087
120716,Canara Robeco Bluechip Equity Fund - Direct Growth,2024-02-09,193.7527,0.012622192397103271
120716,Canara Robeco Bluechip Equity Fund - Direct Growth,2024-02-10,190.8321,-0.015073854454673463
120716,Canara Robeco Bluechip Equity Fund - Direct Growth,2024-02-11,190.2178,-0.003219060105715932
120716,Canara Robeco Bluechip Equity Fund - Direct Growth,2024-02-12,191.0441,0.004343967809531835
120716,Canara Robeco Bluechip Equity Fund - Direct Growth,2024-02-13,189.805,-0.006485937016636356
120716,Canara Robeco Bluechip Equity Fund - Direct Growth,2024-02-14,191.6647,0.00979795052817356
120716,Canara Robeco Bluechip Equity Fund - Direct Growth,2024-02-15,190.433,-0.006426326809266469
120716,Canara Robeco Bluechip Equity Fund - Direct Growth,2024-02-16,193.7281,0.017303198500260075
120716,Canara Robeco Bluechip Equity Fund - Direct Growth,2024-02-17,193.5133,-0.0011087704881224125
120716,Canara Robeco Bluechip Equity Fund - Direct Growth,2024-02-18,195.1495,0.008455232792784706
120716,Canara Robeco Bluechip Equity Fund - Direct Growth,2024-02-19,196.9746,0.009352317069733829
120716,Canara Robeco Bluechip Equity Fund - Direct Growth,2024-02-20,195.5701,-0.007130360970399319
120716,Canara Robeco Bluechip Equity Fund - Direct Growth,2024-02-21,190.8291,-0.024241947005191444
120716,Canara Robeco Bluechip Equity Fund - Direct Growth,2024-02-22,191.7315,0.004728838526199652
120716,Canara Robeco Bluechip Equity Fund - Direct Growth,2024-02-23,191.9745,0.001267397376017998
120716,Canara Robeco Bluechip Equity Fund - Direct Growth,2024-02-24,193.3317,0.007069688943062813
120716,Canara Robeco Bluechip Equity Fund - Direct Growth,2024-02-25,192.8835,-0.0023182954476684836
120716,Canara Robeco Bluechip Equity Fund - Direct Growth,2024-02-26,191.9644,-0.004765052479864695
120716,Canara Robeco Bluechip Equity Fund - Direct Growth,2024-02-27,196.6678,0.02450141797124883
120716,Canara Robeco Bluechip Equity Fund - Direct Growth,2024-02-28,193.2717,-0.01726820557305253
120716,Canara Robeco Bluechip Equity Fund - Direct Growth,2024-02-29,195.0512,0.009207245551210885
120716,Canara Robeco Bluechip Equity Fund - Direct Growth,2024-03-01,193.7843,-0.0064952176659256455
120716,Canara Robeco Bluechip Equity Fund - Direct Growth,2024-03-02,193.081,-0.0036292929819392583
120716,Canara Robeco Bluechip Equity Fund - Direct Growth,2024-03-03,192.4235,-0.003405306581175771
120716,Canara Robeco Bluechip Equity Fund - Direct Growth,2024-03-04,190.6453,-0.009241075024620127
120716,Canara Robeco Bluechip Equity Fund - Direct Growth,2024-03-05,192.0284,0.007254833977024422
120716,Canara Robeco Bluechip Equity Fund - Direct Growth,2024-03-06,195.3097,0.01708757662929017
120716,Canara Robeco Bluechip Equity Fund - Direct Growth,2024-03-07,196.4894,0.006040150591598792
120716,Canara Robeco Bluechip Equity Fund - Direct Growth,2024-03-08,196.8118,0.0016408009795949585
120716,Canara Robeco Bluechip Equity Fund - Direct Growth,2024-03-09,194.5608,-0.011437322355671742
120716,Canara Robeco Bluechip Equity Fund - Direct Growth,2024-03-10,195.8453,0.0066020493336786945
120716,Canara Robeco Bluechip Equity Fund - Direct Growth,2024-03-11,200.9914,0.026276351793992347
120716,Canara Robeco Bluechip Equity Fund - Direct Growth,2024-03-12,200.1536,-0.004168337550760848
120716,Canara Robeco Bluechip Equity Fund - Direct Growth,2024-03-13,199.3306,-0.004111842105263164
120716,Canara Robeco Bluechip Equity Fund - Direct Growth,2024-03-14,198.0682,-0.006333197211065511
120716,Canara Robeco Bluechip Equity Fund - Direct Growth,2024-03-15,196.9842,-0.005472862377706278
120716,Canara Robeco Bluechip Equity Fund - Direct Growth,2024-03-16,190.5736,-0.03254372685728091
120716,Canara Robeco Bluechip Equity Fund - Direct Growth,2024-03-17,191.5761,0.00526043481363625
120716,Canara Robeco Bluechip Equity Fund - Direct Growth,2024-03-18,189.7089,-0.009746518485343358
120716,Canara Robeco Bluechip Equity Fund - Direct Growth,2024-03-19,186.119,-0.018923202865021138
120716,Canara Robeco Bluechip Equity Fund - Direct Growth,2024-03-20,187.8756,0.009438047700664587
120716,Canara Robeco Bluechip Equity Fund - Direct Growth,2024-03-21,185.5113,-0.012584390948052748
120716,Canara Robeco Bluechip Equity Fund - Direct Growth,2024-03-22,184.8316,-0.0036639277499537215
120716,Canara Robeco Bluechip Equity Fund - Direct Growth,2024-03-23,188.1581,0.017997463637170252
120716,Canara Robeco Bluechip Equity Fund - Direct Growth,2024-03-24,185.0515,-0.0165105833870558
120716,Canara Robeco Bluechip Equity Fund - Direct Growth,2024-03-25,181.7222,-0.017991207852949165
120716,Canara Robeco Bluechip Equity Fund - Direct Growth,2024-03-26,182.3822,0.003631917289137032
120716,Canara Robeco Bluechip Equity Fund - Direct Growth,2024-03-27,184.9709,0.014193819352985138
120716,Canara Robeco Bluechip Equity Fund - Direct Growth,2024-03-28,181.5504,-0.018492097946217534
120716,Canara Robeco Bluechip Equity Fund - Direct Growth,2024-03-29,182.5112,0.005292194343829548
120716,Canara Robeco Bluechip Equity Fund - Direct Growth,2024-03-30,183.8567,0.007372150311871106
120716,Canara Robeco Bluechip Equity Fund - Direct Growth,2024-03-31,179.3872,-0.024309693364451657
120716,Canara Robeco Bluechip Equity Fund - Direct Growth,2024-04-01,181.1778,0.009981760125582939
120716,Canara Robeco Bluechip Equity Fund - Direct Growth,2024-04-02,183.1561,0.010919108190959426
120716,Canara Robeco Bluechip Equity Fund - Direct Growth,2024-04-03,182.5441,-0.0033414120523423962
120716,Canara Robeco Bluechip Equity Fund - Direct Growth,2024-04-04,185.3604,0.015428052728080566
120716,Canara Robeco Bluechip Equity Fund - Direct Growth,2024-04-05,187.9624,0.014037518261721615
120716,Canara Robeco Bluechip Equity Fund - Direct Growth,2024-04-06,188.2702,0.0016375615548640532
120716,Canara Robeco Bluechip Equity Fund - Direct Growth,2024-04-07,187.3256,-0.005017257112384099
120716,Canara Robeco Bluechip Equity Fund - Direct Growth,2024-04-08,185.2137,-0.01127395294610034
120716,Canara Robeco Bluechip Equity Fund - Direct Growth,2024-04-09,185.2043,-5.075218517847091e-05
120716,Canara Robeco Bluechip Equity Fund - Direct Growth,2024-04-10,186.5446,0.007236873009967892
120716,Canara Robeco Bluechip Equity Fund - Direct Growth,2024-04-11,185.8935,-0.003490318133036352
120716,Canara Robeco Bluechip Equity Fund - Direct Growth,2024-04-12,181.0658,-0.025970246404527275
120716,Canara Robeco Bluechip Equity Fund - Direct Growth,2024-04-13,183.8949,0.015624706598374782
120716,Canara Robeco Bluechip Equity Fund - Direct Growth,2024-04-14,184.3882,0.0026825104992036497
120716,Canara Robeco Bluechip Equity Fund - Direct Growth,2024-04-15,183.622,-0.004155363521093025
120716,Canara Robeco Bluechip Equity Fund - Direct Growth,2024-04-16,185.5842,0.010686083366916899
120716,Canara Robeco Bluechip Equity Fund - Direct Growth,2024-04-17,189.0538,0.018695557057120116
120716,Canara Robeco Bluechip Equity Fund - Direct Growth,2024-04-18,182.7729,-0.03322281805496641
120716,Canara Robeco Bluechip Equity Fund - Direct Growth,2024-04-19,183.7985,0.005611335159643405
120716,Canara Robeco Bluechip Equity Fund - Direct Growth,2024-04-20,180.7254,-0.016719940587110238
120716,Canara Robeco Bluechip Equity Fund - Direct Growth,2024-04-21,181.8801,0.006389251317191702
120716,Canara Robeco Bluechip Equity Fund - Direct Growth,2024-04-22,182.2321,0.0019353409196498639
120716,Canara Robeco Bluechip Equity Fund - Direct Growth,2024-04-23,183.6952,0.008028772098878312
120716,Canara Robeco Bluechip Equity Fund - Direct Growth,2024-04-24,182.6682,-0.005590782992696552
120716,Canara Robeco Bluechip Equity Fund - Direct Growth,2024-04-25,178.6351,-0.022078829265301914
120716,Canara Robeco Bluechip Equity Fund - Direct Growth,2024-04-26,177.7411,-0.005004615554278002
120716,Canara Robeco Bluechip Equity Fund - Direct Growth,2024-04-27,178.68,0.005282402325629931
120716,Canara Robeco Bluechip Equity Fund - Direct Growth,2024-04-28,180.9286,0.012584508618759704
120716,Canara Robeco Bluechip Equity Fund - Direct Growth,2024-04-29,178.4568,-0.013661742809041755
120716,Canara Robeco Bluechip Equity Fund - Direct Growth,2024-04-30,180.7276,0.01272464820617647
120716,Canara Robeco Bluechip Equity Fund - Direct Growth,2024-05-01,179.3948,-0.007374634532854918
120716,Canara Robeco Bluechip Equity Fund - Direct Growth,2024-05-02,180.2468,0.004749301540512896
120716,Canara Robeco Bluechip Equity Fund - Direct Growth,2024-05-03,179.216,-0.005718825521451643
120716,Canara Robeco Bluechip Equity Fund - Direct Growth,2024-05-04,179.6795,0.002586264619230283
120716,Canara Robeco Bluechip Equity Fund - Direct Growth,2024-05-05,181.6744,0.011102546478590991
120716,Canara Robeco Bluechip Equity Fund - Direct Growth,2024-05-06,179.0721,-0.014323977401328847
120716,Canara Robeco Bluechip Equity Fund - Direct Growth,2024-05-07,177.6827,-0.007758885945940208
120716,Canara Robeco Bluechip Equity Fund - Direct Growth,2024-05-08,178.1481,0.002619275821450273
120716,Canara Robeco Bluechip Equity Fund - Direct Growth,2024-05-09,183.3534,0.02921894760595256
120716,Canara Robeco Bluechip Equity Fund - Direct Growth,2024-05-10,181.5275,-0.00995836455718846
120716,Canara Robeco Bluechip Equity Fund - Direct Growth,2024-05-11,186.0442,0.024881629505171254
120716,Canara Robeco Bluechip Equity Fund - Direct Growth,2024-05-12,190.5936,0.024453328832610755
120716,Canara Robeco Bluechip Equity Fund - Direct Growth,2024-05-13,190.4473,-0.0007676018502195125
120716,Canara Robeco Bluechip Equity Fund - Direct Growth,2024-05-14,189.8421,-0.0031777819900834503
120716,Canara Robeco Bluechip Equity Fund - Direct Growth,2024-05-15,188.3414,-0.00790499051580229
120716,Canara Robeco Bluechip Equity Fund - Direct Growth,2024-05-16,188.2626,-0.00041838915926084574
120716,Canara Robeco Bluechip Equity Fund - Direct Growth,2024-05-17,185.1599,-0.016480703018018406
120716,Canara Robeco Bluechip Equity Fund - Direct Growth,2024-05-18,185.0646,-0.0005146902758101923
120716,Canara Robeco Bluechip Equity Fund - Direct Growth,2024-05-19,188.4629,0.018362777105940253
120716,Canara Robeco Bluechip Equity Fund - Direct Growth,2024-05-20,187.1563,-0.006932929504958274
120716,Canara Robeco Bluechip Equity Fund - Direct Growth,2024-05-21,186.6905,-0.0024888288558814198
120716,Canara Robeco Bluechip Equity Fund - Direct Growth,2024-05-22,182.9541,-0.020013873228685863
120716,Canara Robeco Bluechip Equity Fund - Direct Growth,2024-05-23,183.8485,0.004888657865552037
120716,Canara Robeco Bluechip Equity Fund - Direct Growth,2024-05-24,184.5055,0.003573594562914728
120716,Canara Robeco Bluechip Equity Fund - Direct Growth,2024-05-25,184.7203,0.0011641929373378268
120716,Canara Robeco Bluechip Equity Fund - Direct Growth,2024-05-26,184.3136,-0.0022017071215237882
120716,Canara Robeco Bluechip Equity Fund - Direct Growth,2024-05-27,183.7398,-0.003113172332372627
120716,Canara Robeco Bluechip Equity Fund - Direct Growth,2024-05-28,184.9199,0.006422669448862051
120716,Canara Robeco Bluechip Equity Fund - Direct Growth,2024-05-29,184.9299,5.407746813612668e-05
120716,Canara Robeco Bluechip Equity Fund - Direct Growth,2024-05-30,185.7028,0.004179421499714175
120716,Canara Robeco Bluechip Equity Fund - Direct Growth,2024-05-31,186.2562,0.0029800304572682457
120716,Canara Robeco Bluechip Equity Fund - Direct Growth,2024-06-01,188.8416,0.013880880206940782
120716,Canara Robeco Bluechip Equity Fund - Direct Growth,2024-06-02,190.4513,0.008524075203768744
120716,Canara Robeco Bluechip Equity Fund - Direct Growth,2024-06-03,190.9682,0.002714079662359925
120716,Canara Robeco Bluechip Equity Fund - Direct Growth,2024-06-04,194.5242,0.0186209012809464
120716,Canara Robeco Bluechip Equity Fund - Direct Growth,2024-06-05,195.583,0.0054430245696937
120716,Canara Robeco Bluechip Equity Fund - Direct Growth,2024-06-06,198.724,0.016059677988373267
120716,Canara Robeco Bluechip Equity Fund - Direct Growth,2024-06-07,200.2509,0.007683520863106752
120716,Canara Robeco Bluechip Equity Fund - Direct Growth,2024-06-08,195.9048,-0.021703273243715793
120716,Canara Robeco Bluechip Equity Fund - Direct Growth,2024-06-09,199.0506,0.016057799502615655
120716,Canara Robeco Bluechip Equity Fund - Direct Growth,2024-06-10,199.4531,0.0020220989034949177
120716,Canara Robeco Bluechip Equity Fund - Direct Growth,2024-06-11,199.4085,-0.0002236114655526089
120716,Canara Robeco Bluechip Equity Fund - Direct Growth,2024-06-12,200.1615,0.003776168016909942
120716,Canara Robeco Bluechip Equity Fund - Direct Growth,2024-06-13,199.4129,-0.0037399799661772537
120716,Canara Robeco Bluechip Equity Fund - Direct Growth,2024-06-14,200.0359,0.0031241710039822124
120716,Canara Robeco Bluechip Equity Fund - Direct Growth,2024-06-15,198.6952,-0.006702296937699637
120716,Canara Robeco Bluechip Equity Fund - Direct Growth,2024-06-16,201.813,0.015691370501149438
120716,Canara Robeco Bluechip Equity Fund - Direct Growth,2024-06-17,201.6186,-0.0009632679757993756
120716,Canara Robeco Bluechip Equity Fund - Direct Growth,2024-06-18,200.7736,-0.004191081576798927
120716,Canara Robeco Bluechip Equity Fund - Direct Growth,2024-06-19,198.6255,-0.010699115820008154
120716,Canara Robeco Bluechip Equity Fund - Direct Growth,2024-06-20,199.3456,0.0036254156691863937
120716,Canara Robeco Bluechip Equity Fund - Direct Growth,2024-06-21,199.8729,0.002645154946986583
120716,Canara Robeco Bluechip Equity Fund - Direct Growth,2024-06-22,200.8845,0.005061216403024149
120716,Canara Robeco Bluechip Equity Fund - Direct Growth,2024-06-23,198.4885,-0.011927251729227595
120716,Canara Robeco Bluechip Equity Fund - Direct Growth,2024-06-24,194.7541,-0.01881418822752956
120716,Canara Robeco Bluechip Equity Fund - Direct Growth,2024-06-25,196.294,0.007906893872837717
120716,Canara Robeco Bluechip Equity Fund - Direct Growth,2024-06-26,199.8696,0.018215533842093956
120716,Canara Robeco Bluechip Equity Fund - Direct Growth,2024-06-27,197.4879,-0.011916269407653779
120716,Canara Robeco Bluechip Equity Fund - Direct Growth,2024-06-28,201.3336,0.01947309176916656
120716,Canara Robeco Bluechip Equity Fund - Direct Growth,2024-06-29,202.1001,0.0038071141627626925
120716,Canara Robeco Bluechip Equity Fund - Direct Growth,2024-06-30,202.1638,0.0003151903437950132
120716,Canara Robeco Bluechip Equity Fund - Direct Growth,2024-07-01,201.2802,-0.004370713253312397
120716,Canara Robeco Bluechip Equity Fund - Direct Growth,2024-07-02,198.0166,-0.01621421282371538
120716,Canara Robeco Bluechip Equity Fund - Direct Growth,2024-07-03,200.4428,0.012252508123056227
120716,Canara Robeco Bluechip Equity Fund - Direct Growth,2024-07-04,198.6574,-0.00890727928366597
120716,Canara Robeco Bluechip Equity Fund - Direct Growth,2024-07-05,196.8779,-0.008957632587560216
120716,Canara Robeco Bluechip Equity Fund - Direct Growth,2024-07-06,199.3001,0.012303056869257478
120716,Canara Robeco Bluechip Equity Fund - Direct Growth,2024-07-07,194.8765,-0.022195673760324275
120716,Canara Robeco Bluechip Equity Fund - Direct Growth,2024-07-08,191.3915,-0.0178831208483321
120716,Canara Robeco Bluechip Equity Fund - Direct Growth,2024-07-09,191.4264,0.0001823487458951778
120716,Canara Robeco Bluechip Equity Fund - Direct Growth,2024-07-10,192.1767,0.0039195220721908175
120716,Canara Robeco Bluechip Equity Fund - Direct Growth,2024-07-11,193.3714,0.006216674550036494
120716,Canara Robeco Bluechip Equity Fund - Direct Growth,2024-07-12,192.7484,-0.0032217794358421203
120716,Canara Robeco Bluechip Equity Fund - Direct Growth,2024-07-13,198.6782,0.030764457707560755
120716,Canara Robeco Bluechip Equity Fund - Direct Growth,2024-07-14,198.2143,-0.0023349315626978173
120716,Canara Robeco Bluechip Equity Fund - Direct Growth,2024-07-15,197.7446,-0.002369657486871568
120716,Canara Robeco Bluechip Equity Fund - Direct Growth,2024-07-16,195.9325,-0.00916384063079334
120716,Canara Robeco Bluechip Equity Fund - Direct Growth,2024-07-17,196.3022,0.0018868743062023796
120716,Canara Robeco Bluechip Equity Fund - Direct Growth,2024-07-18,197.8293,0.007779332070654288
120716,Canara Robeco Bluechip Equity Fund - Direct Growth,2024-07-19,200.7657,0.014843099581305808
120716,Canara Robeco Bluechip Equity Fund - Direct Growth,2024-07-20,197.258,-0.01747160994133956
120716,Canara Robeco Bluechip Equity Fund - Direct Growth,2024-07-21,196.7546,-0.0025519877520809864
120716,Canara Robeco Bluechip Equity Fund - Direct Growth,2024-07-22,197.888,0.005760475231582962
120716,Canara Robeco Bluechip Equity Fund - Direct Growth,2024-07-23,199.3612,0.007444615135834276
120716,Canara Robeco Bluechip Equity Fund - Direct Growth,2024-07-24,199.4566,0.0004785284197728057
120716,Canara Robeco Bluechip Equity Fund - Direct Growth,2024-07-25,200.8347,0.006909272493364371
120716,Canara Robeco Bluechip Equity Fund - Direct Growth,2024-07-26,198.9654,-0.009307654503927898
120716,Canara Robeco Bluechip Equity Fund - Direct Growth,2024-07-27,202.7646,0.019094777282884445
120716,Canara Robeco Bluechip Equity Fund - Direct Growth,2024-07-28,205.2609,0.012311320615136845
120716,Canara Robeco Bluechip Equity Fund - Direct Growth,2024-07-29,202.0303,-0.015738993641750465
120716,Canara Robeco Bluechip Equity Fund - Direct Growth,2024-07-30,199.5047,-0.012501095132759765
120716,Canara Robeco Bluechip Equity Fund - Direct Growth,2024-07-31,197.0781,-0.012163121971562663
120716,Canara Robeco Bluechip Equity Fund - Direct Growth,2024-08-01,198.7603,0.008535702343385632
120716,Canara Robeco Bluechip Equity Fund - Direct Growth,2024-08-02,195.7756,-0.015016580272821045
120716,Canara Robeco Bluechip Equity Fund - Direct Growth,2024-08-03,195.0762,-0.003572457446178179
120716,Canara Robeco Bluechip Equity Fund - Direct Growth,2024-08-04,196.2187,0.005856685746390422
120716,Canara Robeco Bluechip Equity Fund - Direct Growth,2024-08-05,196.1414,-0.00039394818128957176
120716,Canara Robeco Bluechip Equity Fund - Direct Growth,2024-08-06,196.8292,0.0035066538731751695
120716,Canara Robeco Bluechip Equity Fund - Direct Growth,2024-08-07,194.3906,-0.01238942189471881
120716,Canara Robeco Bluechip Equity Fund - Direct Growth,2024-08-08,195.856,0.007538430356200276
120716,Canara Robeco Bluechip Equity Fund - Direct Growth,2024-08-09,194.4931,-0.006958683931051368
120716,Canara Robeco Bluechip Equity Fund - Direct Growth,2024-08-10,193.8133,-0.003495239676883144
120716,Canara Robeco Bluechip Equity Fund - Direct Growth,2024-08-11,194.4437,0.003252614758636252
120716,Canara Robeco Bluechip Equity Fund - Direct Growth,2024-08-12,194.762,0.0016369776958573556
120716,Canara Robeco Bluechip Equity Fund - Direct Growth,2024-08-13,194.8959,0.0006875057762809611
120716,Canara Robeco Bluechip Equity Fund - Direct Growth,2024-08-14,193.2183,-0.008607672095718888
120716,Canara Robeco Bluechip Equity Fund - Direct Growth,2024-08-15,192.601,-0.0031948319594986563
120716,Canara Robeco Bluechip Equity Fund - Direct Growth,2024-08-16,192.6831,0.00042626985321980726
120716,Canara Robeco Bluechip Equity Fund - Direct Growth,2024-08-17,189.5807,-0.01610104882057628
120716,Canara Robeco Bluechip Equity Fund - Direct Growth,2024-08-18,188.6043,-0.005150313296659492
120716,Canara Robeco Bluechip Equity Fund - Direct Growth,2024-08-19,189.5572,0.005052376854610463
120716,Canara Robeco Bluechip Equity Fund - Direct Growth,2024-08-20,186.7273,-0.01492900296058386
120716,Canara Robeco Bluechip Equity Fund - Direct Growth,2024-08-21,189.3936,0.01427911183849373
120716,Canara Robeco Bluechip Equity Fund - Direct Growth,2024-08-22,192.3548,0.015635164018213965
120716,Canara Robeco Bluechip Equity Fund - Direct Growth,2024-08-23,189.5576,-0.014541877821608873
120716,Canara Robeco Bluechip Equity Fund - Direct Growth,2024-08-24,192.7216,0.016691496410589535
120716,Canara Robeco Bluechip Equity Fund - Direct Growth,2024-08-25,192.4666,-0.0013231521531577028
120716,Canara Robeco Bluechip Equity Fund - Direct Growth,2024-08-26,193.5102,0.005422239495060488
120716,Canara Robeco Bluechip Equity Fund - Direct Growth,2024-08-27,192.4343,-0.005559913637627312
120716,Canara Robeco Bluechip Equity Fund - Direct Growth,2024-08-28,194.6428,0.01147664423650041
120716,Canara Robeco Bluechip Equity Fund - Direct Growth,2024-08-29,195.6692,0.005273249254531764
120716,Canara Robeco Bluechip Equity Fund - Direct Growth,2024-08-30,193.8358,-0.00936989572196334
120716,Canara Robeco Bluechip Equity Fund - Direct Growth,2024-08-31,191.203,-0.013582630246837812
120716,Canara Robeco Bluechip Equity Fund - Direct Growth,2024-09-01,187.9289,-0.01712368529782482
120716,Canara Robeco Bluechip Equity Fund - Direct Growth,2024-09-02,188.4279,0.0026552595156998926
120716,Canara Robeco Bluechip Equity Fund - Direct Growth,2024-09-03,189.7977,0.007269624084331516
120716,Canara Robeco Bluechip Equity Fund - Direct Growth,2024-09-04,191.3562,0.008211374531935878
120716,Canara Robeco Bluechip Equity Fund - Direct Growth,2024-09-05,191.1618,-0.0010159064613531887
120716,Canara Robeco Bluechip Equity Fund - Direct Growth,2024-09-06,188.5842,-0.013483865500324765
120716,Canara Robeco Bluechip Equity Fund - Direct Growth,2024-09-07,187.1161,-0.007784851541115412
120716,Canara Robeco Bluechip Equity Fund - Direct Growth,2024-09-08,189.7784,0.014228064821787179
120716,Canara Robeco Bluechip Equity Fund - Direct Growth,2024-09-09,188.7506,-0.005415790205840154
120716,Canara Robeco Bluechip Equity Fund - Direct Growth,2024-09-10,189.1509,0.002120787960409265
120716,Canara Robeco Bluechip Equity Fund - Direct Growth,2024-09-11,186.785,-0.012508002869666579
120716,Canara Robeco Bluechip Equity Fund - Direct Growth,2024-09-12,187.6141,0.004438793264983865
120716,Canara Robeco Bluechip Equity Fund - Direct Growth,2024-09-13,186.6587,-0.005092367791120211
120716,Canara Robeco Bluechip Equity Fund - Direct Growth,2024-09-14,189.0779,0.012960553137892683
120716,Canara Robeco Bluechip Equity Fund - Direct Growth,2024-09-15,190.9087,0.009682781541364704
120716,Canara Robeco Bluechip Equity Fund - Direct Growth,2024-09-16,189.8494,-0.005548725647390618
120716,Canara Robeco Bluechip Equity Fund - Direct Growth,2024-09-17,189.6368,-0.001119834984993462
120716,Canara Robeco Bluechip Equity Fund - Direct Growth,2024-09-18,188.4585,-0.006213456459927658
120716,Canara Robeco Bluechip Equity Fund - Direct Growth,2024-09-19,185.3238,-0.016633370211478815
120716,Canara Robeco Bluechip Equity Fund - Direct Growth,2024-09-20,183.4911,-0.009889177752668621
120716,Canara Robeco Bluechip Equity Fund - Direct Growth,2024-09-21,184.0009,0.0027783363879774203
120716,Canara Robeco Bluechip Equity Fund - Direct Growth,2024-09-22,184.7927,0.0043032398211095835
120716,Canara Robeco Bluechip Equity Fund - Direct Growth,2024-09-23,185.196,0.0021824455186811864
120716,Canara Robeco Bluechip Equity Fund - Direct Growth,2024-09-24,184.5995,-0.0032209118987450713
120716,Canara Robeco Bluechip Equity Fund - Direct Growth,2024-09-25,186.7403,0.011596997825021216
120716,Canara Robeco Bluechip Equity Fund - Direct Growth,2024-09-26,186.9574,0.0011625771191328127
120716,Canara Robeco Bluechip Equity Fund - Direct Growth,2024-09-27,188.6099,0.008838911966041474
120716,Canara Robeco Bluechip Equity Fund - Direct Growth,2024-09-28,184.6707,-0.02088543602430204
120716,Canara Robeco Bluechip Equity Fund - Direct Growth,2024-09-29,176.0523,-0.046669016795842566
120716,Canara Robeco Bluechip Equity Fund - Direct Growth,2024-09-30,176.7223,0.00380568728724362
120716,Canara Robeco Bluechip Equity Fund - Direct Growth,2024-10-01,173.7715,-0.016697383408884936
120716,Canara Robeco Bluechip Equity Fund - Direct Growth,2024-10-02,173.398,-0.0021493743220263317
120716,Canara Robeco Bluechip Equity Fund - Direct Growth,2024-10-03,172.8388,-0.003224950691472772
120716,Canara Robeco Bluechip Equity Fund - Direct Growth,2024-10-04,176.2003,0.019448758033497215
120716,Canara Robeco Bluechip Equity Fund - Direct Growth,2024-10-05,177.1165,0.005199764132070239
120716,Canara Robeco Bluechip Equity Fund - Direct Growth,2024-10-06,177.5399,0.0023905169761144762
120716,Canara Robeco Bluechip Equity Fund - Direct Growth,2024-10-07,179.3941,0.010443849523402937
120716,Canara Robeco Bluechip Equity Fund - Direct Growth,2024-10-08,180.2591,0.004821786223738522
120716,Canara Robeco Bluechip Equity Fund - Direct Growth,2024-10-09,179.3412,-0.005092114628332256
120716,Canara Robeco Bluechip Equity Fund - Direct Growth,2024-10-10,181.7189,0.013257968609555526
120716,Canara Robeco Bluechip Equity Fund - Direct Growth,2024-10-11,179.3716,-0.012917203438937763
120716,Canara Robeco Bluechip Equity Fund - Direct Growth,2024-10-12,180.1391,0.004278826748493225
120716,Canara Robeco Bluechip Equity Fund - Direct Growth,2024-10-13,176.8658,-0.018170957887543637
120716,Canara Robeco Bluechip Equity Fund - Direct Growth,2024-10-14,177.3694,0.002847356583353111
120716,Canara Robeco Bluechip Equity Fund - Direct Growth,2024-10-15,177.8511,0.0027158010344512373
120716,Canara Robeco Bluechip Equity Fund - Direct Growth,2024-10-16,181.5002,0.020517725220704275
120716,Canara Robeco Bluechip Equity Fund - Direct Growth,2024-10-17,178.1643,-0.01837959407207268
120716,Canara Robeco Bluechip Equity Fund - Direct Growth,2024-10-18,176.9509,-0.006810567549166757
120716,Canara Robeco Bluechip Equity Fund - Direct Growth,2024-10-19,178.7686,0.010272341084447634
120716,Canara Robeco Bluechip Equity Fund - Direct Growth,2024-10-20,179.5594,0.004423595642635281
120716,Canara Robeco Bluechip Equity Fund - Direct Growth,2024-10-21,180.0197,0.0025634970934409473
120716,Canara Robeco Bluechip Equity Fund - Direct Growth,2024-10-22,178.0262,-0.011073788035420584
120716,Canara Robeco Bluechip Equity Fund - Direct Growth,2024-10-23,176.8352,-0.0066900265241858214
120716,Canara Robeco Bluechip Equity Fund - Direct Growth,2024-10-24,179.5479,0.015340271620130075
120716,Canara Robeco Bluechip Equity Fund - Direct Growth,2024-10-25,179.5087,-0.00021832614026673358
120716,Canara Robeco Bluechip Equity Fund - Direct Growth,2024-10-26,180.3891,0.004904497665015661
120716,Canara Robeco Bluechip Equity Fund - Direct Growth,2024-10-27,180.2119,-0.0009823209938959465
120716,Canara Robeco Bluechip Equity Fund - Direct Growth,2024-10-28,177.7255,-0.013797091091098834
120716,Canara Robeco Bluechip Equity Fund - Direct Growth,2024-10-29,179.7881,0.011605537753445416
120716,Canara Robeco Bluechip Equity Fund - Direct Growth,2024-10-30,180.9457,0.006438690881098275
120716,Canara Robeco Bluechip Equity Fund - Direct Growth,2024-10-31,186.0244,0.02806753628298453
120716,Canara Robeco Bluechip Equity Fund - Direct Growth,2024-11-01,183.8317,-0.011787163404370582
120716,Canara Robeco Bluechip Equity Fund - Direct Growth,2024-11-02,185.7198,0.010270807483148792
120716,Canara Robeco Bluechip Equity Fund - Direct Growth,2024-11-03,182.8711,-0.015338698404801066
120716,Canara Robeco Bluechip Equity Fund - Direct Growth,2024-11-04,183.2895,0.0022879503650385935
120716,Canara Robeco Bluechip Equity Fund - Direct Growth,2024-11-05,185.5106,0.012117988209908503
120716,Canara Robeco Bluechip Equity Fund - Direct Growth,2024-11-06,180.972,-0.024465448335566853
120716,Canara Robeco Bluechip Equity Fund - Direct Growth,2024-11-07,180.5993,-0.002059434608668753
120716,Canara Robeco Bluechip Equity Fund - Direct Growth,2024-11-08,179.451,-0.006358274921331453
120716,Canara Robeco Bluechip Equity Fund - Direct Growth,2024-11-09,178.0112,-0.008023360137307645
120716,Canara Robeco Bluechip Equity Fund - Direct Growth,2024-11-10,178.9053,0.005022717671697041
120716,Canara Robeco Bluechip Equity Fund - Direct Growth,2024-11-11,181.3828,0.01384810846855844
120716,Canara Robeco Bluechip Equity Fund - Direct Growth,2024-11-12,181.1653,-0.0011991214161430896
120716,Canara Robeco Bluechip Equity Fund - Direct Growth,2024-11-13,181.6845,0.002865890984642183
120716,Canara Robeco Bluechip Equity Fund - Direct Growth,2024-11-14,182.0064,0.0017717526811589224
120716,Canara Robeco Bluechip Equity Fund - Direct Growth,2024-11-15,182.0831,0.0004214137524833905
120716,Canara Robeco Bluechip Equity Fund - Direct Growth,2024-11-16,179.7757,-0.01267223591865474
120716,Canara Robeco Bluechip Equity Fund - Direct Growth,2024-11-17,182.2389,0.01370151805833597
120716,Canara Robeco Bluechip Equity Fund - Direct Growth,2024-11-18,182.9573,0.003942078228084123
120716,Canara Robeco Bluechip Equity Fund - Direct Growth,2024-11-19,183.8974,0.00513835742001012
120716,Canara Robeco Bluechip Equity Fund - Direct Growth,2024-11-20,182.1912,-0.009277999580200702
120716,Canara Robeco Bluechip Equity Fund - Direct Growth,2024-11-21,181.2601,-0.005110565164508585
120716,Canara Robeco Bluechip Equity Fund - Direct Growth,2024-11-22,180.9495,-0.001713559685777466
120716,Canara Robeco Bluechip Equity Fund - Direct Growth,2024-11-23,177.6907,-0.01800944462405263
120716,Canara Robeco Bluechip Equity Fund - Direct Growth,2024-11-24,174.1624,-0.019856413419498065
120716,Canara Robeco Bluechip Equity Fund - Direct Growth,2024-11-25,172.9765,-0.006809162023490689
120716,Canara Robeco Bluechip Equity Fund - Direct Growth,2024-11-26,174.1303,0.006670270239021114
120716,Canara Robeco Bluechip Equity Fund - Direct Growth,2024-11-27,172.8352,-0.007437533846780364
120716,Canara Robeco Bluechip Equity Fund - Direct Growth,2024-11-28,170.7913,-0.011825716057839997
120716,Canara Robeco Bluechip Equity Fund - Direct Growth,2024-11-29,169.1899,-0.00937635582140317
120716,Canara Robeco Bluechip Equity Fund - Direct Growth,2024-11-30,168.3331,-0.005064132078806072
120716,Canara Robeco Bluechip Equity Fund - Direct Growth,2024-12-01,167.6856,-0.0038465399853030435
120716,Canara Robeco Bluechip Equity Fund - Direct Growth,2024-12-02,172.1102,0.026386284809190474
120716,Canara Robeco Bluechip Equity Fund - Direct Growth,2024-12-03,174.3572,0.01305558880298796
120716,Canara Robeco Bluechip Equity Fund - Direct Growth,2024-12-04,176.5711,0.012697496862762225
120716,Canara Robeco Bluechip Equity Fund - Direct Growth,2024-12-05,179.1178,0.014423085091501253
120716,Canara Robeco Bluechip Equity Fund - Direct Growth,2024-12-06,177.0426,-0.011585671552464372
120716,Canara Robeco Bluechip Equity Fund - Direct Growth,2024-12-07,174.5165,-0.014268317342831516
120716,Canara Robeco Bluechip Equity Fund - Direct Growth,2024-12-08,172.2683,-0.012882449510504768
120716,Canara Robeco Bluechip Equity Fund - Direct Growth,2024-12-09,175.0959,0.016413931059864106
120716,Canara Robeco Bluechip Equity Fund - Direct Growth,2024-12-10,174.0162,-0.006166335134060841
120716,Canara Robeco Bluechip Equity Fund - Direct Growth,2024-12-11,171.4727,-0.014616455249568672
120716,Canara Robeco Bluechip Equity Fund - Direct Growth,2024-12-12,170.6544,-0.004772188225880769
120716,Canara Robeco Bluechip Equity Fund - Direct Growth,2024-12-13,170.234,-0.0024634583110660913
120716,Canara Robeco Bluechip Equity Fund - Direct Growth,2024-12-14,170.8504,0.0036208982929379907
120716,Canara Robeco Bluechip Equity Fund - Direct Growth,2024-12-15,171.4332,0.003411171410778069
120716,Canara Robeco Bluechip Equity Fund - Direct Growth,2024-12-16,169.798,-0.009538409129620118
120716,Canara Robeco Bluechip Equity Fund - Direct Growth,2024-12-17,171.263,0.008627899032968678
120716,Canara Robeco Bluechip Equity Fund - Direct Growth,2024-12-18,170.0179,-0.007270105043120867
120716,Canara Robeco Bluechip Equity Fund - Direct Growth,2024-12-19,169.7671,-0.001475138794209352
120716,Canara Robeco Bluechip Equity Fund - Direct Growth,2024-12-20,171.2341,0.008641250277586332
120716,Canara Robeco Bluechip Equity Fund - Direct Growth,2024-12-21,169.9838,-0.007301699836656406
120716,Canara Robeco Bluechip Equity Fund - Direct Growth,2024-12-22,168.8904,-0.006432377673637135
120716,Canara Robeco Bluechip Equity Fund - Direct Growth,2024-12-23,170.1571,0.007500130261992588
120716,Canara Robeco Bluechip Equity Fund - Direct Growth,2024-12-24,168.4738,-0.009892622758615466
120716,Canara Robeco Bluechip Equity Fund - Direct Growth,2024-12-25,167.7633,-0.004217272952827256
120716,Canara Robeco Bluechip Equity Fund - Direct Growth,2024-12-26,168.9492,0.007068888129883044
120716,Canara Robeco Bluechip Equity Fund - Direct Growth,2024-12-27,173.1812,0.025048949625094297
120716,Canara Robeco Bluechip Equity Fund - Direct Growth,2024-12-28,174.5086,0.007664804262818459
120716,Canara Robeco Bluechip Equity Fund - Direct Growth,2024-12-29,175.5682,0.006071907057875636
120716,Canara Robeco Bluechip Equity Fund - Direct Growth,2024-12-30,176.7567,0.00676944913714439
120716,Canara Robeco Bluechip Equity Fund - Direct Growth,2024-12-31,174.5511,-0.01247816914436628
122639,SBI Small Cap Fund - Direct Growth,2022-01-01,299.3987,0.0
122639,SBI Small Cap Fund - Direct Growth,2022-01-02,294.6209,-0.01595798512151192
122639,SBI Small Cap Fund - Direct Growth,2022-01-03,295.4094,0.0026763206547804064
122639,SBI Small Cap Fund - Direct Growth,2022-01-04,293.1809,-0.0075437680723767775
122639,SBI Small Cap Fund - Direct Growth,2022-01-05,294.7965,0.005510590901385282
122639,SBI Small Cap Fund - Direct Growth,2022-01-06,294.9822,0.0006299260676432272
122639,SBI Small Cap Fund - Direct Growth,2022-01-07,,0.0
122639,SBI Small Cap Fund - Direct Growth,2022-01-08,294.661,-0.0010888792611892795
122639,SBI Small Cap Fund - Direct Growth,2022-01-09,301.1589,0.022052120911827622
122639,SBI Small Cap Fund - Direct Growth,2022-01-10,300.5895,-0.001890696240423373
122639,SBI Small Cap Fund - Direct Growth,2022-01-11,303.306,0.009037241819824127
122639,SBI Small Cap Fund - Direct Growth,2022-01-12,298.7202,-0.015119384384087331
122639,SBI Small Cap Fund - Direct Growth,2022-01-13,295.4112,-0.011077255572271238
122639,SBI Small Cap Fund - Direct Growth,2022-01-14,297.204,0.0060688288054076
122639,SBI Small Cap Fund - Direct Growth,2022-01-15,302.6159,0.018209378070281668
122639,SBI Small Cap Fund - Direct Growth,2022-01-16,304.0283,0.004667302676429008
122639,SBI Small Cap Fund - Direct Growth,2022-01-17,303.0078,-0.0033565954222025685
122639,SBI Small Cap Fund - Direct Growth,2022-01-18,303.1264,0.00039140906603729597
122639,SBI Small Cap Fund - Direct Growth,2022-01-19,298.6993,-0.014604798526291374
122639,SBI Small Cap Fund - Direct Growth,2022-01-20,300.9856,0.007654185999096619
122639,SBI Small Cap Fund - Direct Growth,2022-01-21,304.2928,0.010987901082311069
122639,SBI Small Cap Fund - Direct Growth,2022-01-22,302.7637,-0.005025094251326467
122639,SBI Small Cap Fund - Direct Growth,2022-01-23,301.1771,-0.005240390443107867
122639,SBI Small Cap Fund - Direct Growth,2022-01-24,302.2585,0.0035905784337522118
122639,SBI Small Cap Fund - Direct Growth,2022-01-25,300.7954,-0.004840558660881511
122639,SBI Small Cap Fund - Direct Growth,2022-01-26,300.677,-0.00039362304077772414
122639,SBI Small Cap Fund - Direct Growth,2022-01-27,308.3733,0.025596570406116737
122639,SBI Small Cap Fund - Direct Growth,2022-01-28,307.5825,-0.00256442435191373
122639,SBI Small Cap Fund - Direct Growth,2022-01-29,306.3829,-0.003900091845277176
122639,SBI Small Cap Fund - Direct Growth,2022-01-30,304.1247,-0.007370515782701981
122639,SBI Small Cap Fund - Direct Growth,2022-01-31,306.9623,0.009330383227669437
122639,SBI Small Cap Fund - Direct Growth,2022-02-01,306.4175,-0.0017748107829528292
122639,SBI Small Cap Fund - Direct Growth,2022-02-02,304.1523,-0.007392528168267076
122639,SBI Small Cap Fund - Direct Growth,2022-02-03,309.0965,0.016255671911736158
122639,SBI Small Cap Fund - Direct Growth,2022-02-04,314.4857,0.017435331684441557
122639,SBI Small Cap Fund - Direct Growth,2022-02-05,312.3456,-0.006805078895479211
122639,SBI Small Cap Fund - Direct Growth,2022-02-06,305.4745,-0.0219983889640194
122639,SBI Small Cap Fund - Direct Growth,2022-02-07,309.2899,0.0124900769131302
122639,SBI Small Cap Fund - Direct Growth,2022-02-08,306.8726,-0.007815644804437527
122639,SBI Small Cap Fund - Direct Growth,2022-02-09,309.9068,0.009887490769785234
122639,SBI Small Cap Fund - Direct Growth,2022-02-10,302.7042,-0.023241180896966362
122639,SBI Small Cap Fund - Direct Growth,2022-02-11,306.0676,0.011111177182212995
122639,SBI Small Cap Fund - Direct Growth,2022-02-12,301.7416,-0.014134132459626692
122639,SBI Small Cap Fund - Direct Growth,2022-02-13,304.5083,0.00916910363039114
122639,SBI Small Cap Fund - Direct Growth,2022-02-14,304.6823,0.000571412995967524
122639,SBI Small Cap Fund - Direct Growth,2022-02-15,301.3164,-0.011047244949903612
122639,SBI Small Cap Fund - Direct Growth,2022-02-16,299.9652,-0.0044843227915905
122639,SBI Small Cap Fund - Direct Growth,2022-02-17,302.5556,0.008635668404201713
122639,SBI Small Cap Fund - Direct Growth,2022-02-18,303.0611,0.001670767290375741
122639,SBI Small Cap Fund - Direct Growth,2022-02-19,305.3077,0.007413026614105256
122639,SBI Small Cap Fund - Direct Growth,2022-02-20,312.6709,0.02411730853823868
122639,SBI Small Cap Fund - Direct Growth,2022-02-21,306.9269,-0.01837075340237937
122639,SBI Small Cap Fund - Direct Growth,2022-02-22,313.0061,0.019806670578564445
122639,SBI Small Cap Fund - Direct Growth,2022-02-23,313.5233,0.0016523639635137588
122639,SBI Small Cap Fund - Direct Growth,2022-02-24,310.2672,-0.010385512017767162
122639,SBI Small Cap Fund - Direct Growth,2022-02-25,305.4383,-0.01556368188451751
122639,SBI Small Cap Fund - Direct Growth,2022-02-26,304.8673,-0.0018694446636196016
122639,SBI Small Cap Fund - Direct Growth,2022-02-27,308.361,0.011459740024594378
122639,SBI Small Cap Fund - Direct Growth,2022-02-28,308.0124,-0.0011304931557492015
122639,SBI Small Cap Fund - Direct Growth,2022-03-01,313.7211,0.018533994085952354
122639,SBI Small Cap Fund - Direct Growth,2022-03-02,308.3834,-0.017014156841857253
122639,SBI Small Cap Fund - Direct Growth,2022-03-03,308.462,0.0002548775323185648
122639,SBI Small Cap Fund - Direct Growth,2022-03-04,303.9496,-0.014628706291212601
122639,SBI Small Cap Fund - Direct Growth,2022-03-05,305.3975,0.004763618705206474
122639,SBI Small Cap Fund - Direct Growth,2022-03-06,308.7699,0.011042657520117238
122639,SBI Small Cap Fund - Direct Growth,2022-03-07,307.3344,-0.0046490930625038285
122639,SBI Small Cap Fund - Direct Growth,2022-03-08,297.853,-0.03085043522625519
122639,SBI Small Cap Fund - Direct Growth,2022-03-09,298.6832,0.002787280974171802
122639,SBI Small Cap Fund - Direct Growth,2022-03-10,300.368,0.005640759172260035
122639,SBI Small Cap Fund - Direct Growth,2022-03-11,301.9454,0.005251558088744446
122639,SBI Small Cap Fund - Direct Growth,2022-03-12,306.5438,0.015229243432753004
122639,SBI Small Cap Fund - Direct Growth,2022-03-13,302.7265,-0.012452706595272756
122639,SBI Small Cap Fund - Direct Growth,2022-03-14,305.3186,0.00856251434876043
122639,SBI Small Cap Fund - Direct Growth,2022-03-15,309.8099,0.014710207632289807
122639,SBI Small Cap Fund - Direct Growth,2022-03-16,303.3215,-0.02094316547018027
122639,SBI Small Cap Fund - Direct Growth,2022-03-17,304.6063,0.004235769637167097
122639,SBI Small Cap Fund - Direct Growth,2022-03-18,302.8852,-0.00565024426612315
122639,SBI Small Cap Fund - Direct Growth,2022-03-19,302.71,-0.0005784369787629196
122639,SBI Small Cap Fund - Direct Growth,2022-03-20,304.094,0.004572032638499035
122639,SBI Small Cap Fund - Direct Growth,2022-03-21,302.4377,-0.005446671095121869
122639,SBI Small Cap Fund - Direct Growth,2022-03-22,300.1064,-0.0077083644003376195
122639,SBI Small Cap Fund - Direct Growth,2022-03-23,300.3494,0.0008097128218524929
122639,SBI Small Cap Fund - Direct Growth,2022-03-24,296.5509,-0.012646937200473829
122639,SBI Small Cap Fund - Direct Growth,2022-03-25,292.8055,-0.012629872308598689
122639,SBI Small Cap Fund - Direct Growth,2022-03-26,295.3097,0.008552434978168266
122639,SBI Small Cap Fund - Direct Growth,2022-03-27,291.3568,-0.013385608396879634
122639,SBI Small Cap Fund - Direct Growth,2022-03-28,293.803,0.008395891223407004
122639,SBI Small Cap Fund - Direct Growth,2022-03-29,295.5514,0.005950926300956727
122639,SBI Small Cap Fund - Direct Growth,2022-03-30,289.5488,-0.02030983443150658
122639,SBI Small Cap Fund - Direct Growth,2022-03-31,287.3104,-0.007730648512444205
122639,SBI Small Cap Fund - Direct Growth,2022-04-01,291.5423,0.014729365870500999
122639,SBI Small Cap Fund - Direct Growth,2022-04-02,288.2263,-0.011373992727642057
122639,SBI Small Cap Fund - Direct Growth,2022-04-03,286.7353,-0.0051730185621505775
122639,SBI Small Cap Fund - Direct Growth,2022-04-04,288.4399,0.005944855760696477
122639,SBI Small Cap Fund - Direct Growth,2022-04-05,291.2668,0.009800655179813766
122639,SBI Small Cap Fund - Direct Growth,2022-04-06,290.5041,-0.002618561401436792
122639,SBI Small Cap Fund - Direct Growth,2022-04-07,288.5374,-0.006769956086678297
122639,SBI Small Cap Fund - Direct Growth,2022-04-08,293.5777,0.017468446031606355
122639,SBI Small Cap Fund - Direct Growth,2022-04-09,299.8212,0.021266942277972767
122639,SBI Small Cap Fund - Direct Growth,2022-04-10,303.4629,0.012146239158538519
122639,SBI Small Cap Fund - Direct Growth,2022-04-11,303.895,0.0014238972869500266
122639,SBI Small Cap Fund - Direct Growth,2022-04-12,301.069,-0.009299264548610409
122639,SBI Small Cap Fund - Direct Growth,2022-04-13,298.1892,-0.009565249162152178
122639,SBI Small Cap Fund - Direct Growth,2022-04-14,300.1782,0.006670261699618818
122639,SBI Small Cap Fund - Direct Growth,2022-04-15,301.8054,0.005420780056646368
122639,SBI Small Cap Fund - Direct Growth,2022-04-16,307.0022,0.017219042469087675
122639,SBI Small Cap Fund - Direct Growth,2022-04-17,,0.0
122639,SBI Small Cap Fund - Direct Growth,2022-04-18,304.0623,-0.009576152874474553
122639,SBI Small Cap Fund - Direct Growth,2022-04-19,308.0222,0.013023317918729127
122639,SBI Small Cap Fund - Direct Growth,2022-04-20,304.4563,-0.011576762973577903
122639,SBI Small Cap Fund - Direct Growth,2022-04-21,303.1753,-0.004207500386754992
122639,SBI Small Cap Fund - Direct Growth,2022-04-22,304.2068,0.0034023220229353335
122639,SBI Small Cap Fund - Direct Growth,2022-04-23,311.6136,0.024347910697591457
122639,SBI Small Cap Fund - Direct Growth,2022-04-24,323.3674,0.03771914961349565
122639,SBI Small Cap Fund - Direct Growth,2022-04-25,325.8511,0.007680737142952587
122639,SBI Small Cap Fund - Direct Growth,2022-04-26,325.2651,-0.0017983674138278838
122639,SBI Small Cap Fund - Direct Growth,2022-04-27,327.4815,0.006814134070946887
122639,SBI Small Cap Fund - Direct Growth,2022-04-28,331.1008,0.011051922016968918
122639,SBI Small Cap Fund - Direct Growth,2022-04-29,329.9592,-0.003447892605514591
122639,SBI Small Cap Fund - Direct Growth,2022-04-30,337.1993,0.021942409849460054
122639,SBI Small Cap Fund - Direct Growth,2022-05-01,338.2651,0.003160742030010155
122639,SBI Small Cap Fund - Direct Growth,2022-05-02,340.4208,0.006372812329737743
122639,SBI Small Cap Fund - Direct Growth,2022-05-03,343.2773,0.008391085386086905
122639,SBI Small Cap Fund - Direct Growth,2022-05-04,345.1513,0.005459143380584619
122639,SBI Small Cap Fund - Direct Growth,2022-05-05,348.7641,0.010467293618769524
122639,SBI Small Cap Fund - Direct Growth,2022-05-06,346.3203,-0.007007028533040027
122639,SBI Small Cap Fund - Direct Growth,2022-05-07,344.1386,-0.0062996595925793875
122639,SBI Small Cap Fund - Direct Growth,2022-05-08,339.733,-0.012801818802075648
122639,SBI Small Cap Fund - Direct Growth,2022-05-09,341.6607,0.005674161768212116
122639,SBI Small Cap Fund - Direct Growth,2022-05-10,344.9909,0.009747097046865383
122639,SBI Small Cap Fund - Direct Growth,2022-05-11,347.024,0.005893198922058529
122639,SBI Small Cap Fund - Direct Growth,2022-05-12,354.1359,0.02049397159850619
122639,SBI Small Cap Fund - Direct Growth,2022-05-13,354.2538,0.00033292303886733876
122639,SBI Small Cap Fund - Direct Growth,2022-05-14,357.2384,0.008425033125967873
122639,SBI Small Cap Fund - Direct Growth,2022-05-15,352.7013,-0.0127004823669572
122639,SBI Small Cap Fund - Direct Growth,2022-05-16,351.204,-0.004245235274154102
122639,SBI Small Cap Fund - Direct Growth,2022-05-17,354.2758,0.008746483525244653
122639,SBI Small Cap Fund - Direct Growth,2022-05-18,358.0273,0.010589207617342167
122639,SBI Small Cap Fund - Direct Growth,2022-05-19,356.9075,-0.0031276944523503936
122639,SBI Small Cap Fund - Direct Growth,2022-05-20,356.7436,-0.0004592226277116973
122639,SBI Small Cap Fund - Direct Growth,2022-05-21,350.3884,-0.017814475158068777
122639,SBI Small Cap Fund - Direct Growth,2022-05-22,349.0274,-0.0038842610086406992
122639,SBI Small Cap Fund - Direct Growth,2022-05-23,352.8962,0.01108451657377052
122639,SBI Small Cap Fund - Direct Growth,2022-05-24,355.4732,0.007302430573069341
122639,SBI Small Cap Fund - Direct Growth,2022-05-25,357.7511,0.006408078021071573
122639,SBI Small Cap Fund - Direct Growth,2022-05-26,358.1079,0.000997341447727118
122639,SBI Small Cap Fund - Direct Growth,2022-05-27,358.2815,0.0004847700930361576
122639,SBI Small Cap Fund - Direct Growth,2022-05-28,355.5858,-0.0075239720722392045
122639,SBI Small Cap Fund - Direct Growth,2022-05-29,358.71,0.00878606513533442
122639,SBI Small Cap Fund - Direct Growth,2022-05-30,360.6656,0.005451757687268355
122639,SBI Small Cap Fund - Direct Growth,2022-05-31,362.9393,0.006304177609397721
122639,SBI Small Cap Fund - Direct Growth,2022-06-01,360.7935,-0.0059122834038639605
122639,SBI Small Cap Fund - Direct Growth,2022-06-02,351.6149,-0.025440037029491935
122639,SBI Small Cap Fund - Direct Growth,2022-06-03,356.3848,0.013565693603996953
122639,SBI Small Cap Fund - Direct Growth,2022-06-04,354.4795,-0.0053461876039606615
122639,SBI Small Cap Fund - Direct Growth,2022-06-05,350.9513,-0.009953184880930999
122639,SBI Small Cap Fund - Direct Growth,2022-06-06,354.0122,0.008721722928508813
122639,SBI Small Cap Fund - Direct Growth,2022-06-07,352.4885,-0.004304088955126462
122639,SBI Small Cap Fund - Direct Growth,2022-06-08,357.1129,0.013119293253538888
122639,SBI Small Cap Fund - Direct Growth,2022-06-09,359.8998,0.0078039745973892405
122639,SBI Small Cap Fund - Direct Growth,2022-06-10,362.996,0.00860295004331757
122639,SBI Small Cap Fund - Direct Growth,2022-06-11,357.1912,-0.015991360786344777
122639,SBI Small Cap Fund - Direct Growth,2022-06-12,362.5288,0.014943257280694455
122639,SBI Small Cap Fund - Direct Growth,2022-06-13,363.8103,0.003534891572752219
122639,SBI Small Cap Fund - Direct Growth,2022-06-14,362.3437,-0.0040312217658488025
122639,SBI Small Cap Fund - Direct Growth,2022-06-15,363.1121,0.002120638498751326
122639,SBI Small Cap Fund - Direct Growth,2022-06-16,355.5177,-0.020914753322734292
122639,SBI Small Cap Fund - Direct Growth,2022-06-17,357.4033,0.005303814690520436
122639,SBI Small Cap Fund - Direct Growth,2022-06-18,353.1315,-0.011952323887328364
122639,SBI Small Cap Fund - Direct Growth,2022-06-19,347.5407,-0.01583206256026437
122639,SBI Small Cap Fund - Direct Growth,2022-06-20,341.3307,-0.01786841080771273
122639,SBI Small Cap Fund - Direct Growth,2022-06-21,346.0248,0.013752352190998574
122639,SBI Small Cap Fund - Direct Growth,2022-06-22,343.5503,-0.0071512215309423866
122639,SBI Small Cap Fund - Direct Growth,2022-06-23,350.0107,0.01880481548116819
122639,SBI Small Cap Fund - Direct Growth,2022-06-24,347.9003,-0.006029529954369894
122639,SBI Small Cap Fund - Direct Growth,2022-06-25,340.9116,-0.020088226425789224
122639,SBI Small Cap Fund - Direct Growth,2022-06-26,336.4803,-0.012998384331891377
122639,SBI Small Cap Fund - Direct Growth,2022-06-27,341.6048,0.015229717757622163
122639,SBI Small Cap Fund - Direct Growth,2022-06-28,341.1024,-0.001470705329667532
122639,SBI Small Cap Fund - Direct Growth,2022-06-29,338.9946,-0.006179376046606566
122639,SBI Small Cap Fund - Direct Growth,2022-06-30,339.7811,0.002320095954330803
122639,SBI Small Cap Fund - Direct Growth,2022-07-01,341.963,0.006421487245759305
122639,SBI Small Cap Fund - Direct Growth,2022-07-02,346.6851,0.013808803876442566
122639,SBI Small Cap Fund - Direct Growth,2022-07-03,352.8499,0.017782131392436673
122639,SBI Small Cap Fund - Direct Growth,2022-07-04,351.4677,-0.00391724639853952
122639,SBI Small Cap Fund - Direct Growth,2022-07-05,346.0155,-0.015512663041297947
122639,SBI Small Cap Fund - Direct Growth,2022-07-06,344.4371,-0.004561645359817623
122639,SBI Small Cap Fund - Direct Growth,2022-07-07,345.6507,0.003523429967329239
122639,SBI Small Cap Fund - Direct Growth,2022-07-08,341.7915,-0.011165028741443317
122639,SBI Small Cap Fund - Direct Growth,2022-07-09,338.0025,-0.01108570575921286
122639,SBI Small Cap Fund - Direct Growth,2022-07-10,339.5321,0.0045254103150125236
122639,SBI Small Cap Fund - Direct Growth,2022-07-11,339.4697,-0.00018378232868121458
122639,SBI Small Cap Fund - Direct Growth,2022-07-12,339.7391,0.0007935907092739836
122639,SBI Small Cap Fund - Direct Growth,2022-07-13,336.7827,-0.008701971601149272
122639,SBI Small Cap Fund - Direct Growth,2022-07-14,335.9863,-0.0023647295422239978
122639,SBI Small Cap Fund - Direct Growth,2022-07-15,332.3943,-0.010690912099689864
122639,SBI Small Cap Fund - Direct Growth,2022-07-16,336.078,0.011082320003682256
122639,SBI Small Cap Fund - Direct Growth,2022-07-17,340.3875,0.012822916108760518
122639,SBI Small Cap Fund - Direct Growth,2022-07-18,332.9826,-0.021754324115897283
122639,SBI Small Cap Fund - Direct Growth,2022-07-19,329.4017,-0.010754015374977555
122639,SBI Small Cap Fund - Direct Growth,2022-07-20,323.6179,-0.017558500760621376
122639,SBI Small Cap Fund - Direct Growth,2022-07-21,321.223,-0.007400394106753749
122639,SBI Small Cap Fund - Direct Growth,2022-07-22,321.0299,-0.0006011400179938287
122639,SBI Small Cap Fund - Direct Growth,2022-07-23,315.5738,-0.01699561318120213
122639,SBI Small Cap Fund - Direct Growth,2022-07-24,312.2091,-0.010662165236784649
122639,SBI Small Cap Fund - Direct Growth,2022-07-25,308.5726,-0.011647642557503834
122639,SBI Small Cap Fund - Direct Growth,2022-07-26,309.4635,0.0028871649653923193
122639,SBI Small Cap Fund - Direct Growth,2022-07-27,309.8448,0.00123213238394837
122639,SBI Small Cap Fund - Direct Growth,2022-07-28,307.2852,-0.008260909978156983
122639,SBI Small Cap Fund - Direct Growth,2022-07-29,308.0601,0.0025217615426971207
122639,SBI Small Cap Fund - Direct Growth,2022-07-30,306.1624,-0.006160161604829684
122639,SBI Small Cap Fund - Direct Growth,2022-07-31,305.2868,-0.0028599200946947123
122639,SBI Small Cap Fund - Direct Growth,2022-08-01,311.5395,0.020481396509773653
122639,SBI Small Cap Fund - Direct Growth,2022-08-02,316.6754,0.016485549986438475
122639,SBI Small Cap Fund - Direct Growth,2022-08-03,311.8635,-0.015195054620599002
122639,SBI Small Cap Fund - Direct Growth,2022-08-04,315.0934,0.01035677467866547
122639,SBI Small Cap Fund - Direct Growth,2022-08-05,318.2874,0.010136676934521693
122639,SBI Small Cap Fund - Direct Growth,2022-08-06,314.029,-0.013379103288411631
122639,SBI Small Cap Fund - Direct Growth,2022-08-07,317.2401,0.010225488728747845
122639,SBI Small Cap Fund - Direct Growth,2022-08-08,323.2217,0.018855119513579766
122639,SBI Small Cap Fund - Direct Growth,2022-08-09,318.997,-0.013070595198280244
122639,SBI Small Cap Fund - Direct Growth,2022-08-10,315.6124,-0.010610131129759948
122639,SBI Small Cap Fund - Direct Growth,2022-08-11,319.5929,0.012611988629090742
122639,SBI Small Cap Fund - Direct Growth,2022-08-12,320.762,0.003658091277997766
122639,SBI Small Cap Fund - Direct Growth,2022-08-13,323.013,0.007017664187154216
122639,SBI Small Cap Fund - Direct Growth,2022-08-14,324.4624,0.004487125905149325
122639,SBI Small Cap Fund - Direct Growth,2022-08-15,326.1134,0.005088417024592173
122639,SBI Small Cap Fund - Direct Growth,2022-08-16,321.0529,-0.015517608292084817
122639,SBI Small Cap Fund - Direct Growth,2022-08-17,325.2163,0.012967956371052747
122639,SBI Small Cap Fund - Direct Growth,2022-08-18,329.9108,0.01443500833137823
122639,SBI Small Cap Fund - Direct Growth,2022-08-19,329.1346,-0.002352757169513775
122639,SBI Small Cap Fund - Direct Growth,2022-08-20,329.0945,-0.00012183465366444324
122639,SBI Small Cap Fund - Direct Growth,2022-08-21,323.1796,-0.017973256921644087
122639,SBI Small Cap Fund - Direct Growth,2022-08-22,325.3032,0.0065709593055998106
122639,SBI Small Cap Fund - Direct Growth,2022-08-23,327.6664,0.00726460729559375
122639,SBI Small Cap Fund - Direct Growth,2022-08-24,327.5529,-0.00034638888821070246
122639,SBI Small Cap Fund - Direct Growth,2022-08-25,332.1033,0.013892107198562265
122639,SBI Small Cap Fund - Direct Growth,2022-08-26,330.9048,-0.0036088168952249644
122639,SBI Small Cap Fund - Direct Growth,2022-08-27,333.2791,0.0071751754583191385
122639,SBI Small Cap Fund - Direct Growth,2022-08-28,329.3344,-0.011836025721384869
122639,SBI Small Cap Fund - Direct Growth,2022-08-29,329.3731,0.00011750974085922294
122639,SBI Small Cap Fund - Direct Growth,2022-08-30,328.8157,-0.0016923057772478822
122639,SBI Small Cap Fund - Direct Growth,2022-08-31,329.8362,0.0031035622690767095
122639,SBI Small Cap Fund - Direct Growth,2022-09-01,328.5055,-0.004034426785174072
122639,SBI Small Cap Fund - Direct Growth,2022-09-02,328.1186,-0.0011777580588452352
122639,SBI Small Cap Fund - Direct Growth,2022-09-03,331.5023,0.010312429712914684
122639,SBI Small Cap Fund - Direct Growth,2022-09-04,329.8974,-0.004841293710481032
122639,SBI Small Cap Fund - Direct Growth,2022-09-05,323.6693,-0.0188788999246432
122639,SBI Small Cap Fund - Direct Growth,2022-09-06,330.5942,0.021394985560879487
122639,SBI Small Cap Fund - Direct Growth,2022-09-07,336.2068,0.016977309341785096
122639,SBI Small Cap Fund - Direct Growth,2022-09-08,331.1277,-0.015107071005107553
122639,SBI Small Cap Fund - Direct Growth,2022-09-09,334.0007,0.00867641094357241
122639,SBI Small Cap Fund - Direct Growth,2022-09-10,332.1184,-0.005635616931341736
122639,SBI Small Cap Fund - Direct Growth,2022-09-11,333.3014,0.0035619827145980665
122639,SBI Small Cap Fund - Direct Growth,2022-09-12,334.6115,0.0039306765588142945
122639,SBI Small Cap Fund - Direct Growth,2022-09-13,333.8041,-0.002412947552609457
122639,SBI Small Cap Fund - Direct Growth,2022-09-14,330.7981,-0.009005281840456791
122639,SBI Small Cap Fund - Direct Growth,2022-09-15,328.1893,-0.007886381451404856
122639,SBI Small Cap Fund - Direct Growth,2022-09-16,324.7124,-0.010594190608895548
122639,SBI Small Cap Fund - Direct Growth,2022-09-17,321.601,-0.009582017810222276
122639,SBI Small Cap Fund - Direct Growth,2022-09-18,321.4704,-0.00040609326463536544
122639,SBI Small Cap Fund - Direct Growth,2022-09-19,318.8378,-0.008189245417307367
122639,SBI Small Cap Fund - Direct Growth,2022-09-20,321.5749,0.008584615751331848
122639,SBI Small Cap Fund - Direct Growth,2022-09-21,327.4427,0.018247070900123008
122639,SBI Small Cap Fund - Direct Growth,2022-09-22,325.2945,-0.006560537156577229
122639,SBI Small Cap Fund - Direct Growth,2022-09-23,326.3591,0.0032727267137930838
122639,SBI Small Cap Fund - Direct Growth,2022-09-24,328.4466,0.006396328461501399
122639,SBI Small Cap Fund - Direct Growth,2022-09-25,330.4383,0.006063999444658741
122639,SBI Small Cap Fund - Direct Growth,2022-09-26,330.8717,0.0013115913016135128
122639,SBI Small Cap Fund - Direct Growth,2022-09-27,333.9528,0.009312068696114117
122639,SBI Small Cap Fund - Direct Growth,2022-09-28,336.019,0.006187101889847835
122639,SBI Small Cap Fund - Direct Growth,2022-09-29,331.1629,-0.014451861353078299
122639,SBI Small Cap Fund - Direct Growth,2022-09-30,334.7494,0.010830017492901467
122639,SBI Small Cap Fund - Direct Growth,2022-10-01,338.4475,0.011047368568845917
122639,SBI Small Cap Fund - Direct Growth,2022-10-02,335.4829,-0.008759408770932064
122639,SBI Small Cap Fund - Direct Growth,2022-10-03,335.7698,0.00085518516741101
122639,SBI Small Cap Fund - Direct Growth,2022-10-04,338.6574,0.008599939601477091
122639,SBI Small Cap Fund - Direct Growth,2022-10-05,337.9422,-0.00211186880900871
122639,SBI Small Cap Fund - Direct Growth,2022-10-06,342.4286,0.01327564299457129
122639,SBI Small Cap Fund - Direct Growth,2022-10-07,352.2791,0.028766580828820887
122639,SBI Small Cap Fund - Direct Growth,2022-10-08,349.0974,-0.009031759193207978
122639,SBI Small Cap Fund - Direct Growth,2022-10-09,343.4516,-0.016172563874723767
122639,SBI Small Cap Fund - Direct Growth,2022-10-10,344.8411,0.004045693774610504
122639,SBI Small Cap Fund - Direct Growth,2022-10-11,347.9649,0.009058664990919008
122639,SBI Small Cap Fund - Direct Growth,2022-10-12,347.1401,-0.002370354021339449
122639,SBI Small Cap Fund - Direct Growth,2022-10-13,353.3328,0.017839195183731338
122639,SBI Small Cap Fund - Direct Growth,2022-10-14,347.7985,-0.015663136850017967
122639,SBI Small Cap Fund - Direct Growth,2022-10-15,350.8296,0.00871510371666373
122639,SBI Small Cap Fund - Direct Growth,2022-10-16,348.4193,-0.006870286885713228
122639,SBI Small Cap Fund - Direct Growth,2022-10-17,355.7474,0.021032416975752977
122639,SBI Small Cap Fund - Direct Growth,2022-10-18,364.3957,0.024310226863218043
122639,SBI Small Cap Fund - Direct Growth,2022-10-19,361.1891,-0.008799774530819038
122639,SBI Small Cap Fund - Direct Growth,2022-10-20,358.9516,-0.006194815956516941
122639,SBI Small Cap Fund - Direct Growth,2022-10-21,362.7978,0.010715093622649885
122639,SBI Small Cap Fund - Direct Growth,2022-10-22,361.2575,-0.004245615601858654
122639,SBI Small Cap Fund - Direct Growth,2022-10-23,361.2051,-0.0001450488917184023
122639,SBI Small Cap Fund - Direct Growth,2022-10-24,361.4596,0.0007045858433338825
122639,SBI Small Cap Fund - Direct Growth,2022-10-25,353.2776,-0.02263600136778776
122639,SBI Small Cap Fund - Direct Growth,2022-10-26,353.3602,0.0002338104651979922
122639,SBI Small Cap Fund - Direct Growth,2022-10-27,350.5769,-0.007876665227153468
122639,SBI Small Cap Fund - Direct Growth,2022-10-28,348.6426,-0.005517477049971076
122639,SBI Small Cap Fund - Direct Growth,2022-10-29,354.8218,0.01772359430545767
122639,SBI Small Cap Fund - Direct Growth,2022-10-30,349.6137,-0.014678072204131754
122639,SBI Small Cap Fund - Direct Growth,2022-10-31,353.1652,0.010158354778431189
122639,SBI Small Cap Fund - Direct Growth,2022-11-01,352.1242,-0.0029476290415931805
122639,SBI Small Cap Fund - Direct Growth,2022-11-02,351.0829,-0.002957195216914843
122639,SBI Small Cap Fund - Direct Growth,2022-11-03,354.5532,0.00988456002841498
122639,SBI Small Cap Fund - Direct Growth,2022-11-04,356.1418,0.0044805687834716945
122639,SBI Small Cap Fund - Direct Growth,2022-11-05,358.7229,0.007247394155923237
122639,SBI Small Cap Fund - Direct Growth,2022-11-06,363.0341,0.012018190084881697
122639,SBI Small Cap Fund - Direct Growth,2022-11-07,361.736,-0.00357569715902728
122639,SBI Small Cap Fund - Direct Growth,2022-11-08,359.2231,-0.00694677886635553
122639,SBI Small Cap Fund - Direct Growth,2022-11-09,354.6891,-0.012621682736995488
122639,SBI Small Cap Fund - Direct Growth,2022-11-10,351.3178,-0.009504943907213459
122639,SBI Small Cap Fund - Direct Growth,2022-11-11,363.8912,0.03578924836714803
122639,SBI Small Cap Fund - Direct Growth,2022-11-12,369.4719,0.015336177406873208
122639,SBI Small Cap Fund - Direct Growth,2022-11-13,363.6295,-0.015812839893913466
122639,SBI Small Cap Fund - Direct Growth,2022-11-14,358.0043,-0.015469591988548803
122639,SBI Small Cap Fund - Direct Growth,2022-11-15,360.2176,0.0061823279776249684
122639,SBI Small Cap Fund - Direct Growth,2022-11-16,362.7273,0.006967177617084763
122639,SBI Small Cap Fund - Direct Growth,2022-11-17,365.2615,0.006986515765424972
122639,SBI Small Cap Fund - Direct Growth,2022-11-18,364.2901,-0.002659464520624266
122639,SBI Small Cap Fund - Direct Growth,2022-11-19,363.8874,-0.0011054376717894998
122639,SBI Small Cap Fund - Direct Growth,2022-11-20,365.4647,0.004334582620887595
122639,SBI Small Cap Fund - Direct Growth,2022-11-21,365.9876,0.0014307811397380465
122639,SBI Small Cap Fund - Direct Growth,2022-11-22,356.3872,-0.0262314898100372
122639,SBI Small Cap Fund - Direct Growth,2022-11-23,355.547,-0.0023575481947724075
122639,SBI Small Cap Fund - Direct Growth,2022-11-24,352.0566,-0.009816986221231061
122639,SBI Small Cap Fund - Direct Growth,2022-11-25,352.9376,0.0025024385283500816
122639,SBI Small Cap Fund - Direct Growth,2022-11-26,365.7221,0.03622311706091974
122639,SBI Small Cap Fund - Direct Growth,2022-11-27,367.4811,0.004809662856031904
122639,SBI Small Cap Fund - Direct Growth,2022-11-28,366.2455,-0.0033623497915947764
122639,SBI Small Cap Fund - Direct Growth,2022-11-29,370.4433,0.011461710792351143
122639,SBI Small Cap Fund - Direct Growth,2022-11-30,372.7372,0.00619231067210535
122639,SBI Small Cap Fund - Direct Growth,2022-12-01,374.7653,0.005441098983412607
122639,SBI Small Cap Fund - Direct Growth,2022-12-02,377.6443,0.007682141329520054
122639,SBI Small Cap Fund - Direct Growth,2022-12-03,387.1151,0.025078625574383118
122639,SBI Small Cap Fund - Direct Growth,2022-12-04,382.0165,-0.01317075980761273
122639,SBI Small Cap Fund - Direct Growth,2022-12-05,384.3405,0.006083506864232424
122639,SBI Small Cap Fund - Direct Growth,2022-12-06,380.2217,-0.010716539110502299
122639,SBI Small Cap Fund - Direct Growth,2022-12-07,382.9084,0.007066140622694617
122639,SBI Small Cap Fund - Direct Growth,2022-12-08,378.8403,-0.010624211952519058
122639,SBI Small Cap Fund - Direct Growth,2022-12-09,377.0945,-0.004608274251709843
122639,SBI Small Cap Fund - Direct Growth,2022-12-10,375.91,-0.0031411224507383873
122639,SBI Small Cap Fund - Direct Growth,2022-12-11,380.4622,0.012109813519193269
122639,SBI Small Cap Fund - Direct Growth,2022-12-12,384.8076,0.0114213711638107
122639,SBI Small Cap Fund - Direct Growth,2022-12-13,379.2092,-0.014548569207053053
122639,SBI Small Cap Fund - Direct Growth,2022-12-14,379.6109,0.0010593097424851372
122639,SBI Small Cap Fund - Direct Growth,2022-12-15,376.5304,-0.0081148881657509
122639,SBI Small Cap Fund - Direct Growth,2022-12-16,370.9946,-0.014702132948627766
122639,SBI Small Cap Fund - Direct Growth,2022-12-17,370.1769,-0.002204075207563716
122639,SBI Small Cap Fund - Direct Growth,2022-12-18,368.9547,-0.0033016646905843494
122639,SBI Small Cap Fund - Direct Growth,2022-12-19,379.8465,0.029520697256329775
122639,SBI Small Cap Fund - Direct Growth,2022-12-20,381.9719,0.0055954181491735255
122639,SBI Small Cap Fund - Direct Growth,2022-12-21,375.8102,-0.016131291333210673
122639,SBI Small Cap Fund - Direct Growth,2022-12-22,373.4136,-0.006377155276786062
122639,SBI Small Cap Fund - Direct Growth,2022-12-23,378.1397,0.012656475286384916
122639,SBI Small Cap Fund - Direct Growth,2022-12-24,387.7676,0.02546122504460646
122639,SBI Small Cap Fund - Direct Growth,2022-12-25,380.5428,-0.018631778415731493
122639,SBI Small Cap Fund - Direct Growth,2022-12-26,372.1103,-0.02215913689603377
122639,SBI Small Cap Fund - Direct Growth,2022-12-27,380.6136,0.022851557723610583
122639,SBI Small Cap Fund - Direct Growth,2022-12-28,382.5454,0.005075488632040326
122639,SBI Small Cap Fund - Direct Growth,2022-12-29,378.7125,-0.010019464356387453
122639,SBI Small Cap Fund - Direct Growth,2022-12-30,381.2936,0.006815460276595076
122639,SBI Small Cap Fund - Direct Growth,2022-12-31,369.3862,-0.031228953226595024
122639,SBI Small Cap Fund - Direct Growth,2023-01-01,369.5489,0.00044046041785006373
122639,SBI Small Cap Fund - Direct Growth,2023-01-02,371.1505,0.0043339325323388245
122639,SBI Small Cap Fund - Direct Growth,2023-01-03,375.4155,0.011491295310123384
122639,SBI Small Cap Fund - Direct Growth,2023-01-04,370.9981,-0.011766695834348861
122639,SBI Small Cap Fund - Direct Growth,2023-01-05,371.528,0.001428309201583433
122639,SBI Small Cap Fund - Direct Growth,2023-01-06,367.5508,-0.010704980512908913
122639,SBI Small Cap Fund - Direct Growth,2023-01-07,368.8242,0.003464555103675604
122639,SBI Small Cap Fund - Direct Growth,2023-01-08,365.009,-0.010344223616563175
122639,SBI Small Cap Fund - Direct Growth,2023-01-09,363.3675,-0.004497149385357613
122639,SBI Small Cap Fund - Direct Growth,2023-01-10,359.1707,-0.011549739588708419
122639,SBI Small Cap Fund - Direct Growth,2023-01-11,362.1208,0.008213643262103387
122639,SBI Small Cap Fund - Direct Growth,2023-01-12,365.996,0.010701401300339475
122639,SBI Small Cap Fund - Direct Growth,2023-01-13,365.112,-0.0024153269434638025
122639,SBI Small Cap Fund - Direct Growth,2023-01-14,365.4256,0.0008589145248580898
122639,SBI Small Cap Fund - Direct Growth,2023-01-15,359.2195,-0.0169832108095328
122639,SBI Small Cap Fund - Direct Growth,2023-01-16,358.0714,-0.0031960959803128963
122639,SBI Small Cap Fund - Direct Growth,2023-01-17,357.9989,-0.00020247358487712752
122639,SBI Small Cap Fund - Direct Growth,2023-01-18,369.401,0.03184953920249489
122639,SBI Small Cap Fund - Direct Growth,2023-01-19,364.6196,-0.012943657434603684
122639,SBI Small Cap Fund - Direct Growth,2023-01-20,371.1719,0.0179702352808242
122639,SBI Small Cap Fund - Direct Growth,2023-01-21,375.7604,0.01236219659947313
122639,SBI Small Cap Fund - Direct Growth,2023-01-22,377.1761,0.003767560392207381
122639,SBI Small Cap Fund - Direct Growth,2023-01-23,385.2867,0.021503483386142275
122639,SBI Small Cap Fund - Direct Growth,2023-01-24,387.1612,0.004865208168358892
122639,SBI Small Cap Fund - Direct Growth,2023-01-25,389.1241,0.005069981186131223
122639,SBI Small Cap Fund - Direct Growth,2023-01-26,389.0317,-0.00023745637959715626
122639,SBI Small Cap Fund - Direct Growth,2023-01-27,394.8994,0.015082832581509553
122639,SBI Small Cap Fund - Direct Growth,2023-01-28,400.2533,0.01355763012048139
122639,SBI Small Cap Fund - Direct Growth,2023-01-29,397.4082,-0.007108248701509723
122639,SBI Small Cap Fund - Direct Growth,2023-01-30,391.2758,-0.015430985067746539
122639,SBI Small Cap Fund - Direct Growth,2023-01-31,390.4793,-0.0020356485118681045
122639,SBI Small Cap Fund - Direct Growth,2023-02-01,386.8867,-0.009200487708311278
122639,SBI Small Cap Fund - Direct Growth,2023-02-02,386.7465,-0.00036237999393617937
122639,SBI Small Cap Fund - Direct Growth,2023-02-03,392.6441,0.01524926534564619
122639,SBI Small Cap Fund - Direct Growth,2023-02-04,390.6465,-0.00508755893696089
122639,SBI Small Cap Fund - Direct Growth,2023-02-05,390.602,-0.00011391373018831974
122639,SBI Small Cap Fund - Direct Growth,2023-02-06,391.0302,0.0010962565475856056
122639,SBI Small Cap Fund - Direct Growth,2023-02-07,395.1678,0.010581279911372699
122639,SBI Small Cap Fund - Direct Growth,2023-02-08,384.6711,-0.026562639972183888
122639,SBI Small Cap Fund - Direct Growth,2023-02-09,382.0244,-0.006880423301880545
122639,SBI Small Cap Fund - Direct Growth,2023-02-10,383.1458,0.002935414596554553
122639,SBI Small Cap Fund - Direct Growth,2023-02-11,388.8167,0.014800893028189321
122639,SBI Small Cap Fund - Direct Growth,2023-02-12,386.6771,-0.005502850057623632
122639,SBI Small Cap Fund - Direct Growth,2023-02-13,378.1243,-0.022118713520919653
122639,SBI Small Cap Fund - Direct Growth,2023-02-14,381.0875,0.007836576490852343
122639,SBI Small Cap Fund - Direct Growth,2023-02-15,378.3344,-0.007224325122183073
122639,SBI Small Cap Fund - Direct Growth,2023-02-16,373.0846,-0.013876084226018048
122639,SBI Small Cap Fund - Direct Growth,2023-02-17,370.4386,-0.0070922251950362725
122639,SBI Small Cap Fund - Direct Growth,2023-02-18,369.7665,-0.0018143357630657775
122639,SBI Small Cap Fund - Direct Growth,2023-02-19,367.231,-0.006857030044636336
122639,SBI Small Cap Fund - Direct Growth,2023-02-20,357.6585,-0.026066699162107798
122639,SBI Small Cap Fund - Direct Growth,2023-02-21,361.6517,0.011164840203713888
122639,SBI Small Cap Fund - Direct Growth,2023-02-22,367.3291,0.01569852982856146
122639,SBI Small Cap Fund - Direct Growth,2023-02-23,370.3479,0.008218243531481706
122639,SBI Small Cap Fund - Direct Growth,2023-02-24,365.44,-0.013252134006970118
122639,SBI Small Cap Fund - Direct Growth,2023-02-25,364.7026,-0.002017841506129492
122639,SBI Small Cap Fund - Direct Growth,2023-02-26,364.8199,0.00032163192694545373
122639,SBI Small Cap Fund - Direct Growth,2023-02-27,367.5873,0.007585660760281998
122639,SBI Small Cap Fund - Direct Growth,2023-02-28,370.6824,0.00842004062708357
122639,SBI Small Cap Fund - Direct Growth,2023-03-01,367.5649,-0.008410164604523818
122639,SBI Small Cap Fund - Direct Growth,2023-03-02,368.0736,0.0013839732792766402
122639,SBI Small Cap Fund - Direct Growth,2023-03-03,370.2406,0.005887409474626848
122639,SBI Small Cap Fund - Direct Growth,2023-03-04,376.8568,0.01787000129105243
122639,SBI Small Cap Fund - Direct Growth,2023-03-05,380.1935,0.00885402625081988
122639,SBI Small Cap Fund - Direct Growth,2023-03-06,383.9455,0.009868658985490386
122639,SBI Small Cap Fund - Direct Growth,2023-03-07,384.4853,0.001405928706027293
122639,SBI Small Cap Fund - Direct Growth,2023-03-08,391.1467,0.01732549983055276
122639,SBI Small Cap Fund - Direct Growth,2023-03-09,393.2265,0.005317186620774184
122639,SBI Small Cap Fund - Direct Growth,2023-03-10,389.3206,-0.009932952128099082
122639,SBI Small Cap Fund - Direct Growth,2023-03-11,396.0327,0.017240546737059326
122639,SBI Small Cap Fund - Direct Growth,2023-03-12,399.5078,0.008774780466360488
122639,SBI Small Cap Fund - Direct Growth,2023-03-13,397.5436,-0.0049165498145467
122639,SBI Small Cap Fund - Direct Growth,2023-03-14,395.4152,-0.005353878165816228
122639,SBI Small Cap Fund - Direct Growth,2023-03-15,396.9806,0.0039588766440945555
122639,SBI Small Cap Fund - Direct Growth,2023-03-16,399.3459,0.005958225666443218
122639,SBI Small Cap Fund - Direct Growth,2023-03-17,400.4511,0.0027675255962313905
122639,SBI Small Cap Fund - Direct Growth,2023-03-18,402.1072,0.004135586092783861
122639,SBI Small Cap Fund - Direct Growth,2023-03-19,410.4708,0.020799428610082105
122639,SBI Small Cap Fund - Direct Growth,2023-03-20,415.913,0.013258433973866168
122639,SBI Small Cap Fund - Direct Growth,2023-03-21,417.0308,0.0026875812970501567
122639,SBI Small Cap Fund - Direct Growth,2023-03-22,421.9083,0.011695778824969194
122639,SBI Small Cap Fund - Direct Growth,2023-03-23,416.8495,-0.01199028319660933
122639,SBI Small Cap Fund - Direct Growth,2023-03-24,419.0067,0.00517500920596059
122639,SBI Small Cap Fund - Direct Growth,2023-03-25,428.2716,0.022111579600039732
122639,SBI Small Cap Fund - Direct Growth,2023-03-26,427.3223,-0.002216584055538595
122639,SBI Small Cap Fund - Direct Growth,2023-03-27,423.1467,-0.009771547143689885
122639,SBI Small Cap Fund - Direct Growth,2023-03-28,420.0048,-0.007425084491974099
122639,SBI Small Cap Fund - Direct Growth,2023-03-29,414.681,-0.012675569422063715
122639,SBI Small Cap Fund - Direct Growth,2023-03-30,410.9418,-0.009017051661397546
122639,SBI Small Cap Fund - Direct Growth,2023-03-31,409.2791,-0.004046071730838707
122639,SBI Small Cap Fund - Direct Growth,2023-04-01,402.5396,-0.01646675825860644
122639,SBI Small Cap Fund - Direct Growth,2023-04-02,402.7761,0.0005875198365576928
122639,SBI Small Cap Fund - Direct Growth,2023-04-03,407.2982,0.011227329526255492
122639,SBI Small Cap Fund - Direct Growth,2023-04-04,403.0244,-0.010493049073136085
122639,SBI Small Cap Fund - Direct Growth,2023-04-05,410.5333,0.018631378149809308
122639,SBI Small Cap Fund - Direct Growth,2023-04-06,413.2139,0.006529555580509605
122639,SBI Small Cap Fund - Direct Growth,2023-04-07,418.4894,0.012766995495553157
122639,SBI Small Cap Fund - Direct Growth,2023-04-08,415.3532,-0.0074940966246694884
122639,SBI Small Cap Fund - Direct Growth,2023-04-09,419.7785,0.01065430578120008
122639,SBI Small Cap Fund - Direct Growth,2023-04-10,414.446,-0.012703127959149851
122639,SBI Small Cap Fund - Direct Growth,2023-04-11,419.0393,0.01108298789227069
122639,SBI Small Cap Fund - Direct Growth,2023-04-12,420.071,0.002462060241127828
122639,SBI Small Cap Fund - Direct Growth,2023-04-13,423.0279,0.007039048160905947
122639,SBI Small Cap Fund - Direct Growth,2023-04-14,417.2294,-0.013707133737514643
122639,SBI Small Cap Fund - Direct Growth,2023-04-15,412.9149,-0.010340834083120698
122639,SBI Small Cap Fund - Direct Growth,2023-04-16,416.0393,0.007566692313597967
122639,SBI Small Cap Fund - Direct Growth,2023-04-17,411.4711,-0.01098021268663818
122639,SBI Small Cap Fund - Direct Growth,2023-04-18,413.9228,0.005958377149695382
122639,SBI Small Cap Fund - Direct Growth,2023-04-19,407.2977,-0.016005641631724465
122639,SBI Small Cap Fund - Direct Growth,2023-04-20,411.6061,0.010578012102695489
122639,SBI Small Cap Fund - Direct Growth,2023-04-21,405.683,-0.01439021433355836
122639,SBI Small Cap Fund - Direct Growth,2023-04-22,408.534,0.007027654597308697
122639,SBI Small Cap Fund - Direct Growth,2023-04-23,411.7645,0.007907542579075333
122639,SBI Small Cap Fund - Direct Growth,2023-04-24,408.4863,-0.007961346837816241
122639,SBI Small Cap Fund - Direct Growth,2023-04-25,411.5027,0.007384335778213291
122639,SBI Small Cap Fund - Direct Growth,2023-04-26,412.9534,0.003525371765482843
122639,SBI Small Cap Fund - Direct Growth,2023-04-27,410.4484,-0.006066059753957687
122639,SBI Small Cap Fund - Direct Growth,2023-04-28,405.6451,-0.011702567241095307
122639,SBI Small Cap Fund - Direct Growth,2023-04-29,396.2538,-0.02315151840857932
122639,SBI Small Cap Fund - Direct Growth,2023-04-30,398.0749,0.004595791888935885
122639,SBI Small Cap Fund - Direct Growth,2023-05-01,390.7592,-0.018377697262500048
122639,SBI Small Cap Fund - Direct Growth,2023-05-02,391.3626,0.0015441734961070264
122639,SBI Small Cap Fund - Direct Growth,2023-05-03,390.2819,-0.0027613778117785426
122639,SBI Small Cap Fund - Direct Growth,2023-05-04,393.6187,0.008549717524691802
122639,SBI Small Cap Fund - Direct Growth,2023-05-05,392.3495,-0.0032244403022518853
122639,SBI Small Cap Fund - Direct Growth,2023-05-06,390.9553,-0.003553464449425725
122639,SBI Small Cap Fund - Direct Growth,2023-05-07,394.5452,0.009182379673584151
122639,SBI Small Cap Fund - Direct Growth,2023-05-08,396.2894,0.0044207862622582805
122639,SBI Small Cap Fund - Direct Growth,2023-05-09,397.9514,0.004193904757482825
122639,SBI Small Cap Fund - Direct Growth,2023-05-10,400.3515,0.006031138475703246
122639,SBI Small Cap Fund - Direct Growth,2023-05-11,393.1344,-0.018026908853844614
122639,SBI Small Cap Fund - Direct Growth,2023-05-12,396.8619,0.009481490299500628
122639,SBI Small Cap Fund - Direct Growth,2023-05-13,399.9374,0.007749547134658252
122639,SBI Small Cap Fund - Direct Growth,2023-05-14,395.2181,-0.011800096715136044
122639,SBI Small Cap Fund - Direct Growth,2023-05-15,394.2186,-0.002528983363869197
122639,SBI Small Cap Fund - Direct Growth,2023-05-16,394.1903,-7.178758181369815e-05
122639,SBI Small Cap Fund - Direct Growth,2023-05-17,393.7118,-0.0012138807068565738
122639,SBI Small Cap Fund - Direct Growth,2023-05-18,395.4466,0.00440626874785055
122639,SBI Small Cap Fund - Direct Growth,2023-05-19,402.3971,0.017576330154311703
122639,SBI Small Cap Fund - Direct Growth,2023-05-20,407.7817,0.01338130915953406
122639,SBI Small Cap Fund - Direct Growth,2023-05-21,401.5236,-0.015346691624464781
122639,SBI Small Cap Fund - Direct Growth,2023-05-22,404.6815,0.007864793003449888
122639,SBI Small Cap Fund - Direct Growth,2023-05-23,411.2969,0.01634717673034225
122639,SBI Small Cap Fund - Direct Growth,2023-05-24,413.3705,0.005041613491373331
122639,SBI Small Cap Fund - Direct Growth,2023-05-25,418.9476,0.013491770699650907
122639,SBI Small Cap Fund - Direct Growth,2023-05-26,429.2316,0.02454722261208797
122639,SBI Small Cap Fund - Direct Growth,2023-05-27,434.6762,0.012684527420627978
122639,SBI Small Cap Fund - Direct Growth,2023-05-28,436.1505,0.003391720089574779
122639,SBI Small Cap Fund - Direct Growth,2023-05-29,441.7948,0.012941175121890192
122639,SBI Small Cap Fund - Direct Growth,2023-05-30,442.7396,0.0021385493898977703
122639,SBI Small Cap Fund - Direct Growth,2023-05-31,443.0437,0.0006868597252200903
122639,SBI Small Cap Fund - Direct Growth,2023-06-01,441.3526,-0.0038170049591045307
122639,SBI Small Cap Fund - Direct Growth,2023-06-02,449.8093,0.01916087046955206
122639,SBI Small Cap Fund - Direct Growth,2023-06-03,445.5716,-0.009421103565444344
122639,SBI Small Cap Fund - Direct Growth,2023-06-04,453.9432,0.018788450610407015
122639,SBI Small Cap Fund - Direct Growth,2023-06-05,456.8477,0.006398377594377447
122639,SBI Small Cap Fund - Direct Growth,2023-06-06,449.3592,-0.016391677138792637
122639,SBI Small Cap Fund - Direct Growth,2023-06-07,451.5214,0.004811740807799225
122639,SBI Small Cap Fund - Direct Growth,2023-06-08,440.3235,-0.02480037491024789
122639,SBI Small Cap Fund - Direct Growth,2023-06-09,443.8047,0.00790600547097764
122639,SBI Small Cap Fund - Direct Growth,2023-06-10,448.6967,0.011022866589740943
122639,SBI Small Cap Fund - Direct Growth,2023-06-11,445.6867,-0.006708317667591612
122639,SBI Small Cap Fund - Direct Growth,2023-06-12,446.5257,0.0018824883040036156
122639,SBI Small Cap Fund - Direct Growth,2023-06-13,457.1753,0.02384991502168865
122639,SBI Small Cap Fund - Direct Growth,2023-06-14,454.5836,-0.00566894143231278
122639,SBI Small Cap Fund - Direct Growth,2023-06-15,448.9891,-0.012306867207703909
122639,SBI Small Cap Fund - Direct Growth,2023-06-16,457.1517,0.018179951361848135
122639,SBI Small Cap Fund - Direct Growth,2023-06-17,468.101,0.02395113044532038
122639,SBI Small Cap Fund - Direct Growth,2023-06-18,468.309,0.0004443485487106713
122639,SBI Small Cap Fund - Direct Growth,2023-06-19,474.1805,0.012537662099169511
122639,SBI Small Cap Fund - Direct Growth,2023-06-20,482.0034,0.016497726076884156
122639,SBI Small Cap Fund - Direct Growth,2023-06-21,477.9016,-0.008509898477894628
122639,SBI Small Cap Fund - Direct Growth,2023-06-22,475.3096,-0.005423710655080405
122639,SBI Small Cap Fund - Direct Growth,2023-06-23,482.5203,0.015170533058873614
122639,SBI Small Cap Fund - Direct Growth,2023-06-24,492.47,0.020620272349163304
122639,SBI Small Cap Fund - Direct Growth,2023-06-25,495.9934,0.007154547485126006
122639,SBI Small Cap Fund - Direct Growth,2023-06-26,490.9552,-0.010157796454549617
122639,SBI Small Cap Fund - Direct Growth,2023-06-27,502.8583,0.024244778342300766
122639,SBI Small Cap Fund - Direct Growth,2023-06-28,499.8554,-0.005971662394754218
122639,SBI Small Cap Fund - Direct Growth,2023-06-29,498.0451,-0.003621647380422366
122639,SBI Small Cap Fund - Direct Growth,2023-06-30,500.2903,0.004508025478013877
122639,SBI Small Cap Fund - Direct Growth,2023-07-01,509.8208,0.019049939605065402
122639,SBI Small Cap Fund - Direct Growth,2023-07-02,515.2492,0.010647662865069352
122639,SBI Small Cap Fund - Direct Growth,2023-07-03,518.0204,0.005378368370101416
122639,SBI Small Cap Fund - Direct Growth,2023-07-04,521.1075,0.005959417814433543
122639,SBI Small Cap Fund - Direct Growth,2023-07-05,521.5881,0.0009222665189045909
122639,SBI Small Cap Fund - Direct Growth,2023-07-06,525.2902,0.007097746286772955
122639,SBI Small Cap Fund - Direct Growth,2023-07-07,509.5553,-0.029954680289104973
122639,SBI Small Cap Fund - Direct Growth,2023-07-08,507.9455,-0.003159225308813407
122639,SBI Small Cap Fund - Direct Growth,2023-07-09,509.6196,0.003295826028579807
122639,SBI Small Cap Fund - Direct Growth,2023-07-10,502.7845,-0.013412160756768432
122639,SBI Small Cap Fund - Direct Growth,2023-07-11,505.3165,0.0050359547678977545
122639,SBI Small Cap Fund - Direct Growth,2023-07-12,504.2788,-0.0020535644492115646
122639,SBI Small Cap Fund - Direct Growth,2023-07-13,515.1035,0.021465705082188702
122639,SBI Small Cap Fund - Direct Growth,2023-07-14,525.0328,0.01927632019584391
122639,SBI Small Cap Fund - Direct Growth,2023-07-15,522.3081,-0.005189580536682614
122639,SBI Small Cap Fund - Direct Growth,2023-07-16,521.5716,-0.001410087264585691
122639,SBI Small Cap Fund - Direct Growth,2023-07-17,521.3174,-0.0004873731621889421
122639,SBI Small Cap Fund - Direct Growth,2023-07-18,518.7004,-0.005019974395637061
122639,SBI Small Cap Fund - Direct Growth,2023-07-19,520.1218,0.002740310206045926
122639,SBI Small Cap Fund - Direct Growth,2023-07-20,515.5971,-0.008699308508122616
122639,SBI Small Cap Fund - Direct Growth,2023-07-21,508.808,-0.013167451872789782
122639,SBI Small Cap Fund - Direct Growth,2023-07-22,512.8136,0.007872517727708583
122639,SBI Small Cap Fund - Direct Growth,2023-07-23,516.8927,0.007954352224668115
122639,SBI Small Cap Fund - Direct Growth,2023-07-24,512.1105,-0.009251823444208052
122639,SBI Small Cap Fund - Direct Growth,2023-07-25,517.8176,0.01114427452668898
122639,SBI Small Cap Fund - Direct Growth,2023-07-26,514.1002,-0.007178975762894058
122639,SBI Small Cap Fund - Direct Growth,2023-07-27,515.8677,0.003438045735053352
122639,SBI Small Cap Fund - Direct Growth,2023-07-28,521.1523,0.010244099407658025
122639,SBI Small Cap Fund - Direct Growth,2023-07-29,521.1506,-3.2620022973883778e-06
122639,SBI Small Cap Fund - Direct Growth,2023-07-30,524.2029,0.0058568482891507845
122639,SBI Small Cap Fund - Direct Growth,2023-07-31,521.164,-0.005797182732106276
122639,SBI Small Cap Fund - Direct Growth,2023-08-01,520.1438,-0.0019575411962452494
122639,SBI Small Cap Fund - Direct Growth,2023-08-02,519.0669,-0.0020703889962737643
122639,SBI Small Cap Fund - Direct Growth,2023-08-03,514.6242,-0.008559012335404237
122639,SBI Small Cap Fund - Direct Growth,2023-08-04,513.7384,-0.0017212560155547285
122639,SBI Small Cap Fund - Direct Growth,2023-08-05,504.3969,-0.018183378933714023
122639,SBI Small Cap Fund - Direct Growth,2023-08-06,501.6258,-0.005493887849033152
122639,SBI Small Cap Fund - Direct Growth,2023-08-07,500.1116,-0.003018584769762689
122639,SBI Small Cap Fund - Direct Growth,2023-08-08,498.7742,-0.002674203117864149
122639,SBI Small Cap Fund - Direct Growth,2023-08-09,497.5283,-0.0024979239102583817
122639,SBI Small Cap Fund - Direct Growth,2023-08-10,497.3586,-0.00034108612515104664
122639,SBI Small Cap Fund - Direct Growth,2023-08-11,500.419,0.006153306688574389
122639,SBI Small Cap Fund - Direct Growth,2023-08-12,505.8707,0.010894270601236267
122639,SBI Small Cap Fund - Direct Growth,2023-08-13,502.1287,-0.007397147136610216
122639,SBI Small Cap Fund - Direct Growth,2023-08-14,495.0796,-0.014038432776298126
122639,SBI Small Cap Fund - Direct Growth,2023-08-15,489.0869,-0.012104518142133092
122639,SBI Small Cap Fund - Direct Growth,2023-08-16,486.4231,-0.005446475871670353
122639,SBI Small Cap Fund - Direct Growth,2023-08-18,480.28,-0.012629128838659187
122639,SBI Small Cap Fund - Direct Growth,2023-08-19,473.0021,-0.015153452152910751
122639,SBI Small Cap Fund - Direct Growth,2023-08-20,470.6023,-0.005073550413412509
122639,SBI Small Cap Fund - Direct Growth,2023-08-21,471.8151,0.002577122976237023
122639,SBI Small Cap Fund - Direct Growth,2023-08-22,475.3728,0.007540453876953013
122639,SBI Small Cap Fund - Direct Growth,2023-08-23,472.3831,-0.006289169258316796
122639,SBI Small Cap Fund - Direct Growth,2023-08-24,470.2309,-0.004556047834903487
122639,SBI Small Cap Fund - Direct Growth,2023-08-25,465.1898,-0.010720477960933672
122639,SBI Small Cap Fund - Direct Growth,2023-08-26,465.2004,2.278639815411765e-05
122639,SBI Small Cap Fund - Direct Growth,2023-08-27,460.6502,-0.009781160979225323
122639,SBI Small Cap Fund - Direct Growth,2023-08-28,464.0026,0.007277539443161007
122639,SBI Small Cap Fund - Direct Growth,2023-08-29,454.2444,-0.021030485605037508
122639,SBI Small Cap Fund - Direct Growth,2023-08-30,,0.0
122639,SBI Small Cap Fund - Direct Growth,2023-08-31,454.2817,8.211438600014276e-05
122639,SBI Small Cap Fund - Direct Growth,2023-09-01,455.4656,0.0026060922110664464
122639,SBI Small Cap Fund - Direct Growth,2023-09-02,470.3668,0.0327164115138443
122639,SBI Small Cap Fund - Direct Growth,2023-09-03,472.5294,0.004597688442296466
122639,SBI Small Cap Fund - Direct Growth,2023-09-04,467.0251,-0.011648587368320418
122639,SBI Small Cap Fund - Direct Growth,2023-09-05,466.6769,-0.000745570205969659
122639,SBI Small Cap Fund - Direct Growth,2023-09-06,456.9164,-0.02091489850901118
122639,SBI Small Cap Fund - Direct Growth,2023-09-07,456.6572,-0.0005672810168337872
122639,SBI Small Cap Fund - Direct Growth,2023-09-08,452.2748,-0.009596695289157742
122639,SBI Small Cap Fund - Direct Growth,2023-09-09,457.4238,0.011384671443113836
122639,SBI Small Cap Fund - Direct Growth,2023-09-10,454.5903,-0.006194474358352187
122639,SBI Small Cap Fund - Direct Growth,2023-09-11,454.1352,-0.0010011212293795646
122639,SBI Small Cap Fund - Direct Growth,2023-09-12,450.8533,-0.0072267025326379075
122639,SBI Small Cap Fund - Direct Growth,2023-09-13,460.4412,0.021266119156718943
122639,SBI Small Cap Fund - Direct Growth,2023-09-14,458.8504,-0.003454947124627461
122639,SBI Small Cap Fund - Direct Growth,2023-09-15,469.1244,0.022390739988458197
122639,SBI Small Cap Fund - Direct Growth,2023-09-16,473.8953,0.010169797179596873
122639,SBI Small Cap Fund - Direct Growth,2023-09-17,476.8262,0.006184699447325137
122639,SBI Small Cap Fund - Direct Growth,2023-09-18,479.1268,0.004824818770445161
122639,SBI Small Cap Fund - Direct Growth,2023-09-19,481.5826,0.005125574273866507
122639,SBI Small Cap Fund - Direct Growth,2023-09-20,470.6352,-0.022732133594527748
122639,SBI Small Cap Fund - Direct Growth,2023-09-21,469.2484,-0.0029466559237387724
122639,SBI Small Cap Fund - Direct Growth,2023-09-22,474.1952,0.010541964554380945
122639,SBI Small Cap Fund - Direct Growth,2023-09-23,474.1066,-0.00018684288664239102
122639,SBI Small Cap Fund - Direct Growth,2023-09-24,466.3017,-0.016462331467227087
122639,SBI Small Cap Fund - Direct Growth,2023-09-25,466.195,-0.00022882181214434194
122639,SBI Small Cap Fund - Direct Growth,2023-09-26,475.9148,0.020849215457051207
122639,SBI Small Cap Fund - Direct Growth,2023-09-27,483.2261,0.015362623730129865
122639,SBI Small Cap Fund - Direct Growth,2023-09-28,483.0598,-0.0003441453183095078
122639,SBI Small Cap Fund - Direct Growth,2023-09-29,488.7683,0.011817377475832114
122639,SBI Small Cap Fund - Direct Growth,2023-09-30,486.8142,-0.003998008872506675
122639,SBI Small Cap Fund - Direct Growth,2023-10-01,477.0553,-0.020046457149360153
122639,SBI Small Cap Fund - Direct Growth,2023-10-02,471.9539,-0.0106935191790134
122639,SBI Small Cap Fund - Direct Growth,2023-10-03,480.994,0.019154625059778274
122639,SBI Small Cap Fund - Direct Growth,2023-10-04,479.6049,-0.002887977812613185
122639,SBI Small Cap Fund - Direct Growth,2023-10-05,478.396,-0.0025206164490813032
122639,SBI Small Cap Fund - Direct Growth,2023-10-06,476.8661,-0.0031979782439652826
122639,SBI Small Cap Fund - Direct Growth,2023-10-07,487.9531,0.02324971307459256
122639,SBI Small Cap Fund - Direct Growth,2023-10-08,497.669,0.01991154477756152
122639,SBI Small Cap Fund - Direct Growth,2023-10-09,511.1187,0.02702539237927226
122639,SBI Small Cap Fund - Direct Growth,2023-10-10,510.3477,-0.0015084558635792833
122639,SBI Small Cap Fund - Direct Growth,2023-10-11,512.3623,0.003947504808976321
122639,SBI Small Cap Fund - Direct Growth,2023-10-12,503.2424,-0.017799709307261713
122639,SBI Small Cap Fund - Direct Growth,2023-10-13,512.3628,0.01812327419152293
122639,SBI Small Cap Fund - Direct Growth,2023-10-14,505.3878,-0.013613400504486228
122639,SBI Small Cap Fund - Direct Growth,2023-10-15,506.9046,0.0030012596267658953
122639,SBI Small Cap Fund - Direct Growth,2023-10-16,500.4326,-0.012767688436838065
122639,SBI Small Cap Fund - Direct Growth,2023-10-17,497.0965,-0.006666432202858008
122639,SBI Small Cap Fund - Direct Growth,2023-10-18,492.3009,-0.009647221414755491
122639,SBI Small Cap Fund - Direct Growth,2023-10-19,488.9067,-0.00689456387343601
122639,SBI Small Cap Fund - Direct Growth,2023-10-20,485.9393,-0.00606946069669323
122639,SBI Small Cap Fund - Direct Growth,2023-10-21,482.9366,-0.006179166821864368
122639,SBI Small Cap Fund - Direct Growth,2023-10-22,487.9591,0.01039991584816713
122639,SBI Small Cap Fund - Direct Growth,2023-10-23,481.6847,-0.012858454735243052
122639,SBI Small Cap Fund - Direct Growth,2023-10-24,483.1522,0.0030465987397980676
122639,SBI Small Cap Fund - Direct Growth,2023-10-25,490.407,0.01501555824437939
122639,SBI Small Cap Fund - Direct Growth,2023-10-26,487.5831,-0.005758278328001021
122639,SBI Small Cap Fund - Direct Growth,2023-10-27,483.5776,-0.008215009913181914
122639,SBI Small Cap Fund - Direct Growth,2023-10-28,482.4333,-0.002366321351526701
122639,SBI Small Cap Fund - Direct Growth,2023-10-29,489.4559,0.014556623682486336
122639,SBI Small Cap Fund - Direct Growth,2023-10-30,490.7918,0.0027293572311621883
122639,SBI Small Cap Fund - Direct Growth,2023-10-31,487.8595,-0.005974631197994795
122639,SBI Small Cap Fund - Direct Growth,2023-11-01,490.8874,0.0062065000271593895
122639,SBI Small Cap Fund - Direct Growth,2023-11-02,484.5905,-0.012827585307750855
122639,SBI Small Cap Fund - Direct Growth,2023-11-03,488.7465,0.008576313402759661
122639,SBI Small Cap Fund - Direct Growth,2023-11-04,491.3385,0.00530336278622956
122639,SBI Small Cap Fund - Direct Growth,2023-11-05,489.7202,-0.0032936560029389605
122639,SBI Small Cap Fund - Direct Growth,2023-11-06,484.988,-0.009663068829915522
122639,SBI Small Cap Fund - Direct Growth,2023-11-07,480.0216,-0.010240253367093666
122639,SBI Small Cap Fund - Direct Growth,2023-11-08,483.2943,0.00681781819818128
122639,SBI Small Cap Fund - Direct Growth,2023-11-09,490.6151,0.015147706066469091
122639,SBI Small Cap Fund - Direct Growth,2023-11-10,487.0593,-0.007247636691165793
122639,SBI Small Cap Fund - Direct Growth,2023-11-11,489.9333,0.0059007188652386855
122639,SBI Small Cap Fund - Direct Growth,2023-11-12,477.8592,-0.024644375060850043
122639,SBI Small Cap Fund - Direct Growth,2023-11-13,474.698,-0.006615337739652172
122639,SBI Small Cap Fund - Direct Growth,2023-11-14,474.711,2.7385832676918298e-05
122639,SBI Small Cap Fund - Direct Growth,2023-11-15,469.7188,-0.010516293070942151
122639,SBI Small Cap Fund - Direct Growth,2023-11-16,464.628,-0.010837973698306302
122639,SBI Small Cap Fund - Direct Growth,2023-11-17,461.0906,-0.007613402549996984
122639,SBI Small Cap Fund - Direct Growth,2023-11-18,462.8918,0.00390639063125553
122639,SBI Small Cap Fund - Direct Growth,2023-11-19,462.0364,-0.001847948051790893
122639,SBI Small Cap Fund - Direct Growth,2023-11-20,449.8115,-0.026458737882989247
122639,SBI Small Cap Fund - Direct Growth,2023-11-21,438.5444,-0.025048492535206468
122639,SBI Small Cap Fund - Direct Growth,2023-11-22,435.5262,-0.006882313398597684
122639,SBI Small Cap Fund - Direct Growth,2023-11-23,438.0924,0.005892182835383952
122639,SBI Small Cap Fund - Direct Growth,2023-11-24,423.8237,-0.0325700696930602
122639,SBI Small Cap Fund - Direct Growth,2023-11-25,421.4517,-0.005596666727226363
122639,SBI Small Cap Fund - Direct Growth,2023-11-26,418.9588,-0.005915031307264895
122639,SBI Small Cap Fund - Direct Growth,2023-11-27,426.1063,0.017060150067262025
122639,SBI Small Cap Fund - Direct Growth,2023-11-28,424.308,-0.00422030840661114
122639,SBI Small Cap Fund - Direct Growth,2023-11-29,426.4278,0.004995899205294307
122639,SBI Small Cap Fund - Direct Growth,2023-11-30,427.3212,0.002095079166977376
122639,SBI Small Cap Fund - Direct Growth,2023-12-01,416.5669,-0.025166783206637122
122639,SBI Small Cap Fund - Direct Growth,2023-12-02,420.5736,0.009618383025631783
122639,SBI Small Cap Fund - Direct Growth,2023-12-03,421.8289,0.0029847332309969055
122639,SBI Small Cap Fund - Direct Growth,2023-12-04,424.5705,0.006499317614321765
122639,SBI Small Cap Fund - Direct Growth,2023-12-05,444.7439,0.047514841469202374
122639,SBI Small Cap Fund - Direct Growth,2023-12-06,433.799,-0.024609443772022566
122639,SBI Small Cap Fund - Direct Growth,2023-12-07,442.9506,0.021096406400199275
122639,SBI Small Cap Fund - Direct Growth,2023-12-08,441.5999,-0.0030493242361564477
122639,SBI Small Cap Fund - Direct Growth,2023-12-09,443.2992,0.003848053407620844
122639,SBI Small Cap Fund - Direct Growth,2023-12-10,443.2344,-0.0001461766680381782
122639,SBI Small Cap Fund - Direct Growth,2023-12-11,441.1553,-0.004690746025127979
122639,SBI Small Cap Fund - Direct Growth,2023-12-12,438.3151,-0.0064380956094147734
122639,SBI Small Cap Fund - Direct Growth,2023-12-13,440.2236,0.0043541735158108
122639,SBI Small Cap Fund - Direct Growth,2023-12-14,432.3849,-0.017806178496563962
122639,SBI Small Cap Fund - Direct Growth,2023-12-15,436.4523,0.009406896494303929
122639,SBI Small Cap Fund - Direct Growth,2023-12-16,434.4471,-0.004594316492317674
122639,SBI Small Cap Fund - Direct Growth,2023-12-17,428.7294,-0.013160865845346814
122639,SBI Small Cap Fund - Direct Growth,2023-12-18,426.5857,-0.005000123621100028
122639,SBI Small Cap Fund - Direct Growth,2023-12-19,433.1917,0.01548575116324824
122639,SBI Small Cap Fund - Direct Growth,2023-12-20,430.5821,-0.006024122807523735
122639,SBI Small Cap Fund - Direct Growth,2023-12-21,432.6065,0.004701542400392222
122639,SBI Small Cap Fund - Direct Growth,2023-12-22,428.9849,-0.008371580177366722
122639,SBI Small Cap Fund - Direct Growth,2023-12-23,433.0581,0.009494972899978693
122639,SBI Small Cap Fund - Direct Growth,2023-12-24,436.7937,0.008626094281575458
122639,SBI Small Cap Fund - Direct Growth,2023-12-25,446.6579,0.022583201177123202
122639,SBI Small Cap Fund - Direct Growth,2023-12-26,445.8956,-0.001706675287731385
122639,SBI Small Cap Fund - Direct Growth,2023-12-27,449.6518,0.008423944977254738
122639,SBI Small Cap Fund - Direct Growth,2023-12-28,450.3608,0.001576775629498206
122639,SBI Small Cap Fund - Direct Growth,2023-12-29,457.5443,0.015950544541176948
122639,SBI Small Cap Fund - Direct Growth,2023-12-30,453.7805,-0.008226088708787382
122639,SBI Small Cap Fund - Direct Growth,2023-12-31,458.0188,0.00933997824939592
122639,SBI Small Cap Fund - Direct Growth,2024-01-01,457.1319,-0.0019363833973627953
122639,SBI Small Cap Fund - Direct Growth,2024-01-02,456.9626,-0.0003703526268894475
122639,SBI Small Cap Fund - Direct Growth,2024-01-03,457.6485,0.001500998112318186
122639,SBI Small Cap Fund - Direct Growth,2024-01-04,459.2168,0.0034268658151397347
122639,SBI Small Cap Fund - Direct Growth,2024-01-05,458.76,-0.0009947371263420157
122639,SBI Small Cap Fund - Direct Growth,2024-01-06,460.1255,0.00297650187461862
122639,SBI Small Cap Fund - Direct Growth,2024-01-07,469.0231,0.019337332966766763
122639,SBI Small Cap Fund - Direct Growth,2024-01-08,474.7571,0.01222541064608551
122639,SBI Small Cap Fund - Direct Growth,2024-01-09,479.8987,0.010829959151743118
122639,SBI Small Cap Fund - Direct Growth,2024-01-10,477.4673,-0.005066485906296436
122639,SBI Small Cap Fund - Direct Growth,2024-01-11,472.5633,-0.010270860433792994
122639,SBI Small Cap Fund - Direct Growth,2024-01-12,478.1696,0.011863595839964658
122639,SBI Small Cap Fund - Direct Growth,2024-01-13,483.3877,0.010912655258719983
122639,SBI Small Cap Fund - Direct Growth,2024-01-14,492.1235,0.018072036173034656
122639,SBI Small Cap Fund - Direct Growth,2024-01-15,488.7536,-0.006847671367045005
122639,SBI Small Cap Fund - Direct Growth,2024-01-16,487.6028,-0.002354560662059635
122639,SBI Small Cap Fund - Direct Growth,2024-01-17,478.2048,-0.019273884399351293
122639,SBI Small Cap Fund - Direct Growth,2024-01-18,476.1439,-0.004309659794297316
122639,SBI Small Cap Fund - Direct Growth,2024-01-19,482.0285,0.01235886882095949
122639,SBI Small Cap Fund - Direct Growth,2024-01-20,479.5229,-0.005198032896395199
122639,SBI Small Cap Fund - Direct Growth,2024-01-21,483.4002,0.008085745227183194
122639,SBI Small Cap Fund - Direct Growth,2024-01-22,482.4885,-0.001886014941657077
122639,SBI Small Cap Fund - Direct Growth,2024-01-23,484.5577,0.004288599624654221
122639,SBI Small Cap Fund - Direct Growth,2024-01-24,478.0781,-0.013372194890309275
122639,SBI Small Cap Fund - Direct Growth,2024-01-25,478.7582,0.001422570914668464
122639,SBI Small Cap Fund - Direct Growth,2024-01-26,461.7653,-0.03549370016012254
122639,SBI Small Cap Fund - Direct Growth,2024-01-27,460.9144,-0.0018427110049196171
122639,SBI Small Cap Fund - Direct Growth,2024-01-28,452.0807,-0.019165597776940824
122639,SBI Small Cap Fund - Direct Growth,2024-01-29,458.804,0.014871902295320316
122639,SBI Small Cap Fund - Direct Growth,2024-01-30,463.2677,0.009728991028848943
122639,SBI Small Cap Fund - Direct Growth,2024-01-31,466.0473,0.0059999866168092275
122639,SBI Small Cap Fund - Direct Growth,2024-02-01,474.74,0.018651969446019656
122639,SBI Small Cap Fund - Direct Growth,2024-02-02,469.524,-0.01098706660487847
122639,SBI Small Cap Fund - Direct Growth,2024-02-03,479.557,0.021368449749107565
122639,SBI Small Cap Fund - Direct Growth,2024-02-04,485.1133,0.011586318206177726
122639,SBI Small Cap Fund - Direct Growth,2024-02-05,483.9303,-0.0024386055793563788
122639,SBI Small Cap Fund - Direct Growth,2024-02-06,490.7186,0.014027433289463431
122639,SBI Small Cap Fund - Direct Growth,2024-02-07,484.4003,-0.012875607323626914
122639,SBI Small Cap Fund - Direct Growth,2024-02-08,479.8013,-0.00949421377319537
122639,SBI Small Cap Fund - Direct Growth,2024-02-09,476.4892,-0.006903065914994455
122639,SBI Small Cap Fund - Direct Growth,2024-02-10,473.6552,-0.00594766890834042
122639,SBI Small Cap Fund - Direct Growth,2024-02-11,467.8393,-0.012278763117136715
122639,SBI Small Cap Fund - Direct Growth,2024-02-12,474.8929,0.015076971943143835
122639,SBI Small Cap Fund - Direct Growth,2024-02-13,473.6077,-0.002706294408697185
122639,SBI Small Cap Fund - Direct Growth,2024-02-14,475.8005,0.004629992291088181
122639,SBI Small Cap Fund - Direct Growth,2024-02-15,472.7343,-0.006444297557484657
122639,SBI Small Cap Fund - Direct Growth,2024-02-16,462.5955,-0.021447142718436174
122639,SBI Small Cap Fund - Direct Growth,2024-02-17,464.2797,0.003640761745412613
122639,SBI Small Cap Fund - Direct Growth,2024-02-18,453.8116,-0.022546968993044425
122639,SBI Small Cap Fund - Direct Growth,2024-02-19,453.6194,-0.00042352377065724145
122639,SBI Small Cap Fund - Direct Growth,2024-02-20,446.3525,-0.016019817494577926
122639,SBI Small Cap Fund - Direct Growth,2024-02-21,457.1753,0.02424720372351441
122639,SBI Small Cap Fund - Direct Growth,2024-02-22,462.358,0.011336351723288729
122639,SBI Small Cap Fund - Direct Growth,2024-02-23,463.1297,0.0016690529849163749
122639,SBI Small Cap Fund - Direct Growth,2024-02-24,470.3381,0.01556453840036598
122639,SBI Small Cap Fund - Direct Growth,2024-02-25,465.7496,-0.009755748045926937
122639,SBI Small Cap Fund - Direct Growth,2024-02-26,468.9734,0.006921745075036068
122639,SBI Small Cap Fund - Direct Growth,2024-02-27,470.2855,0.0027978132661681254
122639,SBI Small Cap Fund - Direct Growth,2024-02-28,471.9636,0.0035682580049778423
122639,SBI Small Cap Fund - Direct Growth,2024-02-29,479.3584,0.015668157459600707
122639,SBI Small Cap Fund - Direct Growth,2024-03-01,483.7637,0.00918999228969386
122639,SBI Small Cap Fund - Direct Growth,2024-03-02,485.6333,0.003864696751740615
122639,SBI Small Cap Fund - Direct Growth,2024-03-03,476.1835,-0.01945871504281116
122639,SBI Small Cap Fund - Direct Growth,2024-03-04,470.8881,-0.011120502915367703
122639,SBI Small Cap Fund - Direct Growth,2024-03-05,470.3831,-0.0010724416267898773
122639,SBI Small Cap Fund - Direct Growth,2024-03-06,471.0983,0.0015204627887352995
122639,SBI Small Cap Fund - Direct Growth,2024-03-07,464.8975,-0.013162433402964968
122639,SBI Small Cap Fund - Direct Growth,2024-03-08,478.5376,0.029340015809936615
122639,SBI Small Cap Fund - Direct Growth,2024-03-09,487.4368,0.018596657817483875
122639,SBI Small Cap Fund - Direct Growth,2024-03-10,491.1537,0.0076253988209342705
122639,SBI Small Cap Fund - Direct Growth,2024-03-11,491.7747,0.001264369992529879
122639,SBI Small Cap Fund - Direct Growth,2024-03-12,490.7191,-0.0021465114004440844
122639,SBI Small Cap Fund - Direct Growth,2024-03-13,485.3099,-0.011023006848520867
122639,SBI Small Cap Fund - Direct Growth,2024-03-14,485.9552,0.0013296658485639767
122639,SBI Small Cap Fund - Direct Growth,2024-03-15,487.6527,0.0034931203534811495
122639,SBI Small Cap Fund - Direct Growth,2024-03-16,480.5812,-0.014501098835298043
122639,SBI Small Cap Fund - Direct Growth,2024-03-17,482.7006,0.004410076798676332
122639,SBI Small Cap Fund - Direct Growth,2024-03-18,481.9944,-0.001463018691089335
122639,SBI Small Cap Fund - Direct Growth,2024-03-19,471.1526,-0.022493622332541596
122639,SBI Small Cap Fund - Direct Growth,2024-03-20,466.4766,-0.009924597678119595
122639,SBI Small Cap Fund - Direct Growth,2024-03-21,464.3479,-0.004563358590763289
122639,SBI Small Cap Fund - Direct Growth,2024-03-22,475.0522,0.02305232779129618
122639,SBI Small Cap Fund - Direct Growth,2024-03-23,478.4149,0.007078590521210071
122639,SBI Small Cap Fund - Direct Growth,2024-03-24,470.9393,-0.015625767508495203
122639,SBI Small Cap Fund - Direct Growth,2024-03-25,473.8744,0.006232438023329179
122639,SBI Small Cap Fund - Direct Growth,2024-03-26,465.2652,-0.018167683251089306
122639,SBI Small Cap Fund - Direct Growth,2024-03-27,471.4962,0.013392362033524119
122639,SBI Small Cap Fund - Direct Growth,2024-03-28,469.0192,-0.005253488787396288
122639,SBI Small Cap Fund - Direct Growth,2024-03-29,468.6798,-0.0007236377529961091
122639,SBI Small Cap Fund - Direct Growth,2024-03-30,476.3238,0.016309642532065682
122639,SBI Small Cap Fund - Direct Growth,2024-03-31,469.157,-0.015046067402048835
122639,SBI Small Cap Fund - Direct Growth,2024-04-01,461.479,-0.016365523694626738
122639,SBI Small Cap Fund - Direct Growth,2024-04-02,458.4318,-0.006603117368287559
122639,SBI Small Cap Fund - Direct Growth,2024-04-03,464.3275,0.012860582533759546
122639,SBI Small Cap Fund - Direct Growth,2024-04-04,456.0475,-0.01783224125213345
122639,SBI Small Cap Fund - Direct Growth,2024-04-05,440.7307,-0.03358597514513295
122639,SBI Small Cap Fund - Direct Growth,2024-04-06,438.5209,-0.0050139461580507305
122639,SBI Small Cap Fund - Direct Growth,2024-04-07,441.5997,0.007020874033597968
122639,SBI Small Cap Fund - Direct Growth,2024-04-08,448.1368,0.014803225636249362
122639,SBI Small Cap Fund - Direct Growth,2024-04-09,445.8253,-0.005158023175066084
122639,SBI Small Cap Fund - Direct Growth,2024-04-10,443.8025,-0.004537203249793231
122639,SBI Small Cap Fund - Direct Growth,2024-04-11,450.1253,0.014246877834171778
122639,SBI Small Cap Fund - Direct Growth,2024-04-12,440.2059,-0.022036975037839412
122639,SBI Small Cap Fund - Direct Growth,2024-04-13,438.3296,-0.004262323608111518
122639,SBI Small Cap Fund - Direct Growth,2024-04-14,439.5066,0.0026851939727545737
122639,SBI Small Cap Fund - Direct Growth,2024-04-15,442.0516,0.005790584259713016
122639,SBI Small Cap Fund - Direct Growth,2024-04-16,439.5241,-0.0057176583005242865
122639,SBI Small Cap Fund - Direct Growth,2024-04-17,439.8816,0.0008133797441369772
122639,SBI Small Cap Fund - Direct Growth,2024-04-18,426.9227,-0.029459972865425565
122639,SBI Small Cap Fund - Direct Growth,2024-04-19,423.7212,-0.0074990156297615185
122639,SBI Small Cap Fund - Direct Growth,2024-04-20,426.1966,0.005842048969935787
122639,SBI Small Cap Fund - Direct Growth,2024-04-21,421.3433,-0.011387467661637785
122639,SBI Small Cap Fund - Direct Growth,2024-04-22,421.8101,0.0011078851853107974
122639,SBI Small Cap Fund - Direct Growth,2024-04-23,424.2408,0.00576254575222368
122639,SBI Small Cap Fund - Direct Growth,2024-04-24,422.6666,-0.003710628492120449
122639,SBI Small Cap Fund - Direct Growth,2024-04-25,423.7003,0.0024456628463189745
122639,SBI Small Cap Fund - Direct Growth,2024-04-26,418.9749,-0.011152694487117532
122639,SBI Small Cap Fund - Direct Growth,2024-04-27,418.1037,-0.0020793608399930497
122639,SBI Small Cap Fund - Direct Growth,2024-04-28,421.3325,0.007722486072235135
122639,SBI Small Cap Fund - Direct Growth,2024-04-29,422.2947,0.0022837070484711397
122639,SBI Small Cap Fund - Direct Growth,2024-04-30,419.4913,-0.006638492029381271
122639,SBI Small Cap Fund - Direct Growth,2024-05-01,420.7878,0.003090648125479545
122639,SBI Small Cap Fund - Direct Growth,2024-05-02,424.5645,0.00897530774418831
122639,SBI Small Cap Fund - Direct Growth,2024-05-03,414.2903,-0.024199385487952974
122639,SBI Small Cap Fund - Direct Growth,2024-05-04,420.2183,0.014308807133548651
122639,SBI Small Cap Fund - Direct Growth,2024-05-05,418.6908,-0.003635015419366505
122639,SBI Small Cap Fund - Direct Growth,2024-05-06,420.9961,0.005505972426430139
122639,SBI Small Cap Fund - Direct Growth,2024-05-07,427.2129,0.014766882638580281
122639,SBI Small Cap Fund - Direct Growth,2024-05-08,420.3518,-0.01606014237865938
122639,SBI Small Cap Fund - Direct Growth,2024-05-09,416.9414,-0.008113204225603465
122639,SBI Small Cap Fund - Direct Growth,2024-05-10,415.6645,-0.00306254068317513
122639,SBI Small Cap Fund - Direct Growth,2024-05-11,411.9214,-0.009005099064269273
122639,SBI Small Cap Fund - Direct Growth,2024-05-12,420.6621,0.021219339417665628
122639,SBI Small Cap Fund - Direct Growth,2024-05-13,416.5054,-0.009881327554823738
122639,SBI Small Cap Fund - Direct Growth,2024-05-14,413.8953,-0.00626666545019583
122639,SBI Small Cap Fund - Direct Growth,2024-05-15,415.076,0.002852653799161331
122639,SBI Small Cap Fund - Direct Growth,2024-05-16,409.2542,-0.014025865142769045
122639,SBI Small Cap Fund - Direct Growth,2024-05-17,407.4747,-0.004348153299343127
122639,SBI Small Cap Fund - Direct Growth,2024-05-18,409.1899,0.0042093410952877
122639,SBI Small Cap Fund - Direct Growth,2024-05-19,407.7191,-0.0035944191193379993
122639,SBI Small Cap Fund - Direct Growth,2024-05-20,407.4253,-0.0007205941541615912
122639,SBI Small Cap Fund - Direct Growth,2024-05-21,,0.0
122639,SBI Small Cap Fund - Direct Growth,2024-05-22,397.802,-0.023619789934498314
122639,SBI Small Cap Fund - Direct Growth,2024-05-23,399.4963,0.004259154051513114
122639,SBI Small Cap Fund - Direct Growth,2024-05-24,408.0692,0.021459272589007705
122639,SBI Small Cap Fund - Direct Growth,2024-05-25,408.3225,0.000620728052987074
122639,SBI Small Cap Fund - Direct Growth,2024-05-26,409.5896,0.0031031843701976314
122639,SBI Small Cap Fund - Direct Growth,2024-05-27,413.1582,0.008712623562707744
122639,SBI Small Cap Fund - Direct Growth,2024-05-28,407.0303,-0.014831848914047985
122639,SBI Small Cap Fund - Direct Growth,2024-05-29,415.5088,0.020830144586287513
122639,SBI Small Cap Fund - Direct Growth,2024-05-30,416.6838,0.002827858278813933
122639,SBI Small Cap Fund - Direct Growth,2024-05-31,425.0101,0.019982298327892778
122639,SBI Small Cap Fund - Direct Growth,2024-06-01,421.4415,-0.008396506341849297
122639,SBI Small Cap Fund - Direct Growth,2024-06-02,430.8046,0.022216843856146085
122639,SBI Small Cap Fund - Direct Growth,2024-06-03,434.9842,0.009701846266265468
122639,SBI Small Cap Fund - Direct Growth,2024-06-04,438.045,0.007036577420513224
122639,SBI Small Cap Fund - Direct Growth,2024-06-05,439.4504,0.003208346174479848
122639,SBI Small Cap Fund - Direct Growth,2024-06-06,438.3156,-0.0025823164571018298
122639,SBI Small Cap Fund - Direct Growth,2024-06-07,444.8055,0.014806454527285684
122639,SBI Small Cap Fund - Direct Growth,2024-06-08,445.7326,0.0020842817815875936
122639,SBI Small Cap Fund - Direct Growth,2024-06-09,435.3894,-0.023204943950700385
122639,SBI Small Cap Fund - Direct Growth,2024-06-10,429.7266,-0.013006288164112423
122639,SBI Small Cap Fund - Direct Growth,2024-06-11,428.9401,-0.0018302334554111122
122639,SBI Small Cap Fund - Direct Growth,2024-06-12,430.7073,0.004119922571939494
122639,SBI Small Cap Fund - Direct Growth,2024-06-13,430.5871,-0.00027907583642061695
122639,SBI Small Cap Fund - Direct Growth,2024-06-14,437.0578,0.015027621589220885
122639,SBI Small Cap Fund - Direct Growth,2024-06-15,426.9997,-0.02301320328798606
122639,SBI Small Cap Fund - Direct Growth,2024-06-16,427.9062,0.0021229523112076265
122639,SBI Small Cap Fund - Direct Growth,2024-06-17,418.7423,-0.021415674743670454
122639,SBI Small Cap Fund - Direct Growth,2024-06-18,422.7273,0.009516592902126142
122639,SBI Small Cap Fund - Direct Growth,2024-06-19,422.4172,-0.0007335698451461647
122639,SBI Small Cap Fund - Direct Growth,2024-06-20,424.7132,0.005435384733386783
122639,SBI Small Cap Fund - Direct Growth,2024-06-21,420.4803,-0.009966490328061295
122639,SBI Small Cap Fund - Direct Growth,2024-06-22,427.1044,0.01575365124121153
122639,SBI Small Cap Fund - Direct Growth,2024-06-23,432.6143,0.012900592922948206
122639,SBI Small Cap Fund - Direct Growth,2024-06-24,435.8167,0.007402436766422271
122639,SBI Small Cap Fund - Direct Growth,2024-06-25,435.3137,-0.001154154946334196
122639,SBI Small Cap Fund - Direct Growth,2024-06-26,438.5169,0.007358371675414865
122639,SBI Small Cap Fund - Direct Growth,2024-06-27,434.9725,-0.008082698751176953
122639,SBI Small Cap Fund - Direct Growth,2024-06-28,439.6122,0.010666651340027089
122639,SBI Small Cap Fund - Direct Growth,2024-06-29,448.4896,0.020193707090021773
122639,SBI Small Cap Fund - Direct Growth,2024-06-30,454.4309,0.013247352892910014
122639,SBI Small Cap Fund - Direct Growth,2024-07-01,450.634,-0.008355285699101822
122639,SBI Small Cap Fund - Direct Growth,2024-07-02,452.7687,0.0047371037249741565
122639,SBI Small Cap Fund - Direct Growth,2024-07-03,445.9239,-0.015117652788278035
122639,SBI Small Cap Fund - Direct Growth,2024-07-04,449.1652,0.007268729036501664
122639,SBI Small Cap Fund - Direct Growth,2024-07-05,451.7736,0.005807217478112747
122639,SBI Small Cap Fund - Direct Growth,2024-07-06,441.8175,-0.02203780831814872
122639,SBI Small Cap Fund - Direct Growth,2024-07-07,435.8347,-0.01354133776955413
122639,SBI Small Cap Fund - Direct Growth,2024-07-08,434.5282,-0.0029976961448915374
122639,SBI Small Cap Fund - Direct Growth,2024-07-09,433.1332,-0.003210378520887791
122639,SBI Small Cap Fund - Direct Growth,2024-07-10,427.0201,-0.014113672191372051
122639,SBI Small Cap Fund - Direct Growth,2024-07-11,429.1841,0.005067677142129856
122639,SBI Small Cap Fund - Direct Growth,2024-07-12,430.6509,0.0034176475782770055
122639,SBI Small Cap Fund - Direct Growth,2024-07-13,429.8192,-0.001931262653810717
122639,SBI Small Cap Fund - Direct Growth,2024-07-14,426.0929,-0.008669459158641701
122639,SBI Small Cap Fund - Direct Growth,2024-07-15,431.6255,0.012984492348969034
122639,SBI Small Cap Fund - Direct Growth,2024-07-16,440.3723,0.020264789730912502
122639,SBI Small Cap Fund - Direct Growth,2024-07-17,437.9931,-0.005402701305236457
122639,SBI Small Cap Fund - Direct Growth,2024-07-18,434.9508,-0.006945999834244043
122639,SBI Small Cap Fund - Direct Growth,2024-07-19,437.6886,0.0062945050336726815
122639,SBI Small Cap Fund - Direct Growth,2024-07-20,435.9832,-0.003896377470192225
122639,SBI Small Cap Fund - Direct Growth,2024-07-21,435.4283,-0.0012727554639720973
122639,SBI Small Cap Fund - Direct Growth,2024-07-22,439.4673,0.009275924417406989
122639,SBI Small Cap Fund - Direct Growth,2024-07-23,429.5739,-0.02251225517803046
122639,SBI Small Cap Fund - Direct Growth,2024-07-24,436.5414,0.01621956082527376
122639,SBI Small Cap Fund - Direct Growth,2024-07-25,437.0968,0.001272273374300692
122639,SBI Small Cap Fund - Direct Growth,2024-07-26,435.1133,-0.004537896411046738
122639,SBI Small Cap Fund - Direct Growth,2024-07-27,434.8214,-0.0006708597507821823
122639,SBI Small Cap Fund - Direct Growth,2024-07-28,434.7993,-5.0825465351955756e-05
122639,SBI Small Cap Fund - Direct Growth,2024-07-29,425.9405,-0.02037445782456415
122639,SBI Small Cap Fund - Direct Growth,2024-07-30,433.7519,0.018339181176713737
122639,SBI Small Cap Fund - Direct Growth,2024-07-31,434.1405,0.0008959038565594657
122639,SBI Small Cap Fund - Direct Growth,2024-08-01,436.6221,0.0057161218545609405
122639,SBI Small Cap Fund - Direct Growth,2024-08-02,441.7824,0.01181868714387102
122639,SBI Small Cap Fund - Direct Growth,2024-08-03,436.5455,-0.011854025873371143
122639,SBI Small Cap Fund - Direct Growth,2024-08-04,439.2004,0.006081611195167591
122639,SBI Small Cap Fund - Direct Growth,2024-08-05,437.9655,-0.002811700535791828
122639,SBI Small Cap Fund - Direct Growth,2024-08-06,442.591,0.010561334169015613
122639,SBI Small Cap Fund - Direct Growth,2024-08-07,431.4701,-0.02512681007973505
122639,SBI Small Cap Fund - Direct Growth,2024-08-08,431.1296,-0.0007891624471777492
122639,SBI Small Cap Fund - Direct Growth,2024-08-09,428.1833,-0.006833907947865314
122639,SBI Small Cap Fund - Direct Growth,2024-08-10,430.5756,0.005587093191163683
122639,SBI Small Cap Fund - Direct Growth,2024-08-11,433.1765,0.006040518784622195
122639,SBI Small Cap Fund - Direct Growth,2024-08-12,429.6714,-0.008091620852008319
122639,SBI Small Cap Fund - Direct Growth,2024-08-13,426.1713,-0.008145992495660725
122639,SBI Small Cap Fund - Direct Growth,2024-08-14,425.7758,-0.0009280305830072777
122639,SBI Small Cap Fund - Direct Growth,2024-08-15,421.3649,-0.010359677558001268
122639,SBI Small Cap Fund - Direct Growth,2024-08-16,425.7908,0.010503722545470717
122639,SBI Small Cap Fund - Direct Growth,2024-08-17,424.0747,-0.004030382995593107
122639,SBI Small Cap Fund - Direct Growth,2024-08-18,409.451,-0.03448378316367373
122639,SBI Small Cap Fund - Direct Growth,2024-08-19,407.7731,-0.004097926247585204
122639,SBI Small Cap Fund - Direct Growth,2024-08-20,402.8543,-0.012062590690754216
122639,SBI Small Cap Fund - Direct Growth,2024-08-21,395.1294,-0.019175419003843452
122639,SBI Small Cap Fund - Direct Growth,2024-08-22,389.4201,-0.014449190568962988
122639,SBI Small Cap Fund - Direct Growth,2024-08-23,390.0871,0.0017128032168858276
122639,SBI Small Cap Fund - Direct Growth,2024-08-24,396.4626,0.016343785785277065
122639,SBI Small Cap Fund - Direct Growth,2024-08-25,398.1112,0.004158273693407599
122639,SBI Small Cap Fund - Direct Growth,2024-08-26,395.373,-0.006877977811224567
122639,SBI Small Cap Fund - Direct Growth,2024-08-27,397.6942,0.005870911771921783
122639,SBI Small Cap Fund - Direct Growth,2024-08-28,395.6623,-0.005109201994899615
122639,SBI Small Cap Fund - Direct Growth,2024-08-29,392.5226,-0.00793530240308471
122639,SBI Small Cap Fund - Direct Growth,2024-08-30,387.2422,-0.013452473819341781
122639,SBI Small Cap Fund - Direct Growth,2024-08-31,379.2565,-0.020621977666690272
122639,SBI Small Cap Fund - Direct Growth,2024-09-01,377.6336,-0.004279161991950109
122639,SBI Small Cap Fund - Direct Growth,2024-09-02,378.5009,0.0022966706352400834
122639,SBI Small Cap Fund - Direct Growth,2024-09-03,378.2134,-0.0007595754726079651
122639,SBI Small Cap Fund - Direct Growth,2024-09-04,376.4768,-0.004591587712122203
122639,SBI Small Cap Fund - Direct Growth,2024-09-05,372.3548,-0.010948881843449665
122639,SBI Small Cap Fund - Direct Growth,2024-09-06,375.2215,0.00769883992364262
122639,SBI Small Cap Fund - Direct Growth,2024-09-07,369.441,-0.01540556711169272
122639,SBI Small Cap Fund - Direct Growth,2024-09-08,373.0291,0.00971224092615608
122639,SBI Small Cap Fund - Direct Growth,2024-09-09,368.692,-0.011626706870858095
122639,SBI Small Cap Fund - Direct Growth,2024-09-10,365.5105,-0.008629153873694118
122639,SBI Small Cap Fund - Direct Growth,2024-09-11,359.2232,-0.017201421026208474
122639,SBI Small Cap Fund - Direct Growth,2024-09-12,357.2055,-0.00561684211932878
122639,SBI Small Cap Fund - Direct Growth,2024-09-13,361.529,0.01210367701505155
122639,SBI Small Cap Fund - Direct Growth,2024-09-14,363.9106,0.006587576653601657
122639,SBI Small Cap Fund - Direct Growth,2024-09-15,368.3289,0.01214116873759652
122639,SBI Small Cap Fund - Direct Growth,2024-09-16,370.7841,0.0066657815881405735
122639,SBI Small Cap Fund - Direct Growth,2024-09-17,366.0217,-0.012844132205237502
122639,SBI Small Cap Fund - Direct Growth,2024-09-18,364.7152,-0.003569460499200039
122639,SBI Small Cap Fund - Direct Growth,2024-09-19,361.4465,-0.008962335542911148
122639,SBI Small Cap Fund - Direct Growth,2024-09-20,367.3623,0.016367014205421748
122639,SBI Small Cap Fund - Direct Growth,2024-09-21,362.2334,-0.013961421735436574
122639,SBI Small Cap Fund - Direct Growth,2024-09-22,366.263,0.011124319292478146
122639,SBI Small Cap Fund - Direct Growth,2024-09-23,370.3342,0.011115509893164344
122639,SBI Small Cap Fund - Direct Growth,2024-09-24,378.6132,0.022355483236492946
122639,SBI Small Cap Fund - Direct Growth,2024-09-25,376.9033,-0.0045162186632690116
122639,SBI Small Cap Fund - Direct Growth,2024-09-26,380.2758,0.008947918471395644
122639,SBI Small Cap Fund - Direct Growth,2024-09-27,390.8398,0.027779837686226827
122639,SBI Small Cap Fund - Direct Growth,2024-09-28,388.0993,-0.007011824281969226
122639,SBI Small Cap Fund - Direct Growth,2024-09-29,381.1056,-0.018020388081091743
122639,SBI Small Cap Fund - Direct Growth,2024-09-30,372.6603,-0.022159999748101233
122639,SBI Small Cap Fund - Direct Growth,2024-10-01,375.9966,0.008952657420175925
122639,SBI Small Cap Fund - Direct Growth,2024-10-02,367.6503,-0.022197807107830148
122639,SBI Small Cap Fund - Direct Growth,2024-10-03,366.1548,-0.004067724138943962
122639,SBI Small Cap Fund - Direct Growth,2024-10-04,368.2228,0.005647884446687623
122639,SBI Small Cap Fund - Direct Growth,2024-10-05,369.1883,0.0026220538217622824
122639,SBI Small Cap Fund - Direct Growth,2024-10-06,371.2208,0.005505320726577612
122639,SBI Small Cap Fund - Direct Growth,2024-10-07,372.3595,0.003067446651696226
122639,SBI Small Cap Fund - Direct Growth,2024-10-08,378.2228,0.015746341908827288
122639,SBI Small Cap Fund - Direct Growth,2024-10-09,374.0518,-0.01102789149675798
122639,SBI Small Cap Fund - Direct Growth,2024-10-10,371.1626,-0.007724063886338728
122639,SBI Small Cap Fund - Direct Growth,2024-10-11,367.8697,-0.008871852929147384
122639,SBI Small Cap Fund - Direct Growth,2024-10-12,371.6817,0.01036236471772467
122639,SBI Small Cap Fund - Direct Growth,2024-10-13,375.8463,0.01120474857922793
122639,SBI Small Cap Fund - Direct Growth,2024-10-14,378.0317,0.005814610919410379
122639,SBI Small Cap Fund - Direct Growth,2024-10-15,383.5517,0.014601950048104273
122639,SBI Small Cap Fund - Direct Growth,2024-10-16,378.283,-0.013736609693034807
122639,SBI Small Cap Fund - Direct Growth,2024-10-17,386.0025,0.020406679655178728
122639,SBI Small Cap Fund - Direct Growth,2024-10-18,393.2126,0.018678894566745097
122639,SBI Small Cap Fund - Direct Growth,2024-10-19,396.841,0.009227578160008187
122639,SBI Small Cap Fund - Direct Growth,2024-10-20,405.4848,0.021781519550651218
122639,SBI Small Cap Fund - Direct Growth,2024-10-21,397.5862,-0.019479398487933453
122639,SBI Small Cap Fund - Direct Growth,2024-10-22,395.2431,-0.005893313198496286
122639,SBI Small Cap Fund - Direct Growth,2024-10-23,391.9137,-0.008423676466458252
122639,SBI Small Cap Fund - Direct Growth,2024-10-24,395.4636,0.009057861462868022
122639,SBI Small Cap Fund - Direct Growth,2024-10-25,390.6383,-0.012201628670754916
122639,SBI Small Cap Fund - Direct Growth,2024-10-26,394.3454,0.00948985288948867
122639,SBI Small Cap Fund - Direct Growth,2024-10-27,400.9887,0.01684639912117647
122639,SBI Small Cap Fund - Direct Growth,2024-10-28,404.4943,0.008742390995057914
122639,SBI Small Cap Fund - Direct Growth,2024-10-29,406.0334,0.0038049979937910816
122639,SBI Small Cap Fund - Direct Growth,2024-10-30,401.3825,-0.011454476405142966
122639,SBI Small Cap Fund - Direct Growth,2024-10-31,397.4641,-0.009762259191668843
122639,SBI Small Cap Fund - Direct Growth,2024-11-01,403.5832,0.015395352687198605
122639,SBI Small Cap Fund - Direct Growth,2024-11-02,407.519,0.009752140326951153
122639,SBI Small Cap Fund - Direct Growth,2024-11-03,407.4912,-6.821767819420455e-05
122639,SBI Small Cap Fund - Direct Growth,2024-11-04,405.6107,-0.004614823583920291
122639,SBI Small Cap Fund - Direct Growth,2024-11-05,395.9127,-0.023909625658297573
122639,SBI Small Cap Fund - Direct Growth,2024-11-06,390.9835,-0.0124502194549454
122639,SBI Small Cap Fund - Direct Growth,2024-11-07,400.1079,0.023337046192486444
122639,SBI Small Cap Fund - Direct Growth,2024-11-08,394.1201,-0.014965463066337836
122639,SBI Small Cap Fund - Direct Growth,2024-11-09,395.1739,0.0026738042540839224
122639,SBI Small Cap Fund - Direct Growth,2024-11-10,400.1094,0.012489438194172253
122639,SBI Small Cap Fund - Direct Growth,2024-11-11,394.2442,-0.014658990766025504
122639,SBI Small Cap Fund - Direct Growth,2024-11-12,395.2758,0.0026166523185375823
122639,SBI Small Cap Fund - Direct Growth,2024-11-13,399.8827,0.011654900198798002
122639,SBI Small Cap Fund - Direct Growth,2024-11-14,400.1026,0.0005499112614775203
122639,SBI Small Cap Fund - Direct Growth,2024-11-15,414.0345,0.034820818460064906
122639,SBI Small Cap Fund - Direct Growth,2024-11-16,405.9098,-0.019623243956723324
122639,SBI Small Cap Fund - Direct Growth,2024-11-17,411.2291,0.013104635561890898
122639,SBI Small Cap Fund - Direct Growth,2024-11-18,410.5409,-0.0016735196998460822
122639,SBI Small Cap Fund - Direct Growth,2024-11-19,414.508,0.009663105429933871
122639,SBI Small Cap Fund - Direct Growth,2024-11-20,416.8689,0.005695668117382535
122639,SBI Small Cap Fund - Direct Growth,2024-11-21,413.3681,-0.00839784402242516
122639,SBI Small Cap Fund - Direct Growth,2024-11-22,414.6694,0.0031480416606892714
122639,SBI Small Cap Fund - Direct Growth,2024-11-23,405.5903,-0.02189479136873851
122639,SBI Small Cap Fund - Direct Growth,2024-11-24,408.6886,0.007638989393977003
122639,SBI Small Cap Fund - Direct Growth,2024-11-25,410.3143,0.003977845234733657
122639,SBI Small Cap Fund - Direct Growth,2024-11-26,413.623,0.008063818394825617
122639,SBI Small Cap Fund - Direct Growth,2024-11-27,419.0404,0.013097434136883024
122639,SBI Small Cap Fund - Direct Growth,2024-11-28,421.0566,0.004811469252129497
122639,SBI Small Cap Fund - Direct Growth,2024-11-29,421.9733,0.0021771419804368364
122639,SBI Small Cap Fund - Direct Growth,2024-11-30,417.6806,-0.010172918523517871
122639,SBI Small Cap Fund - Direct Growth,2024-12-01,414.2779,-0.008146655602391029
122639,SBI Small Cap Fund - Direct Growth,2024-12-02,420.3433,0.014640896847261331
122639,SBI Small Cap Fund - Direct Growth,2024-12-03,427.7565,0.017636060810294785
122639,SBI Small Cap Fund - Direct Growth,2024-12-04,426.7054,-0.0024572391068283794
122639,SBI Small Cap Fund - Direct Growth,2024-12-05,427.1116,0.0009519448312582668
122639,SBI Small Cap Fund - Direct Growth,2024-12-06,422.646,-0.010455347033421658
122639,SBI Small Cap Fund - Direct Growth,2024-12-07,428.763,0.014473105151829202
122639,SBI Small Cap Fund - Direct Growth,2024-12-08,432.3582,0.008385051881808936
122639,SBI Small Cap Fund - Direct Growth,2024-12-09,442.6028,0.023694704992295756
122639,SBI Small Cap Fund - Direct Growth,2024-12-10,438.1149,-0.010139791253015229
122639,SBI Small Cap Fund - Direct Growth,2024-12-11,436.3028,-0.004136129586097104
122639,SBI Small Cap Fund - Direct Growth,2024-12-12,437.6891,0.003177380479795211
122639,SBI Small Cap Fund - Direct Growth,2024-12-13,441.2597,0.008157845374719308
122639,SBI Small Cap Fund - Direct Growth,2024-12-14,440.2942,-0.002188053883008134
122639,SBI Small Cap Fund - Direct Growth,2024-12-15,435.858,-0.010075535857615225
122639,SBI Small Cap Fund - Direct Growth,2024-12-16,440.6424,0.010976969563481598
122639,SBI Small Cap Fund - Direct Growth,2024-12-17,444.6318,0.009053599925926248
122639,SBI Small Cap Fund - Direct Growth,2024-12-18,439.9208,-0.01059528355821604
122639,SBI Small Cap Fund - Direct Growth,2024-12-19,447.2522,0.01666527247631855
122639,SBI Small Cap Fund - Direct Growth,2024-12-20,453.7116,0.014442410791942306
122639,SBI Small Cap Fund - Direct Growth,2024-12-21,454.6243,0.002011630295544631
122639,SBI Small Cap Fund - Direct Growth,2024-12-22,455.2404,0.0013551849296220553
122639,SBI Small Cap Fund - Direct Growth,2024-12-23,458.4492,0.007048583561564348
122639,SBI Small Cap Fund - Direct Growth,2024-12-24,453.892,-0.009940468867652097
122639,SBI Small Cap Fund - Direct Growth,2024-12-25,454.2371,0.0007603130260060986
122639,SBI Small Cap Fund - Direct Growth,2024-12-26,442.6865,-0.02542857023347489
122639,SBI Small Cap Fund - Direct Growth,2024-12-27,447.5195,0.010917432539731875
122639,SBI Small Cap Fund - Direct Growth,2024-12-28,439.3129,-0.01833797186491315
122639,SBI Small Cap Fund - Direct Growth,2024-12-29,447.4143,0.01844107013474905
122639,SBI Small Cap Fund - Direct Growth,2024-12-30,445.8209,-0.0035613524198936375
122639,SBI Small Cap Fund - Direct Growth,2024-12-31,444.8668,-0.002140097065884472
125497,HDFC Mid-Cap Opportunities Fund - Direct Growth,2022-01-01,178.7582,0.0
125497,HDFC Mid-Cap Opportunities Fund - Direct Growth,2022-01-02,178.2118,-0.003056642995957537
125497,HDFC Mid-Cap Opportunities Fund - Direct Growth,2022-01-03,181.3167,0.017422527576737235
125497,HDFC Mid-Cap Opportunities Fund - Direct Growth,2022-01-04,175.9763,-0.02945343699725389
125497,HDFC Mid-Cap Opportunities Fund - Direct Growth,2022-01-05,178.7433,0.015723708249349544
125497,HDFC Mid-Cap Opportunities Fund - Direct Growth,2022-01-06,179.5398,0.0044561110822056715
125497,HDFC Mid-Cap Opportunities Fund - Direct Growth,2022-01-07,177.0111,-0.014084342301818431
125497,HDFC Mid-Cap Opportunities Fund - Direct Growth,2022-01-08,174.7978,-0.012503735641437252
125497,HDFC Mid-Cap Opportunities Fund - Direct Growth,2022-01-09,178.3841,0.020516848610222738
125497,HDFC Mid-Cap Opportunities Fund - Direct Growth,2022-01-10,176.4315,-0.01094604283677747
125497,HDFC Mid-Cap Opportunities Fund - Direct Growth,2022-01-11,174.0602,-0.013440343702796786
125497,HDFC Mid-Cap Opportunities Fund - Direct Growth,2022-01-12,176.5054,0.014048013273568527
125497,HDFC Mid-Cap Opportunities Fund - Direct Growth,2022-01-13,177.2931,0.004462752980928686
125497,HDFC Mid-Cap Opportunities Fund - Direct Growth,2022-01-14,175.3686,-0.010854906366914552
125497,HDFC Mid-Cap Opportunities Fund - Direct Growth,2022-01-15,175.8946,0.002999396699295165
125497,HDFC Mid-Cap Opportunities Fund - Direct Growth,2022-01-16,173.7999,-0.011908836314474591
125497,HDFC Mid-Cap Opportunities Fund - Direct Growth,2022-01-17,176.1653,0.013609904263466088
125497,HDFC Mid-Cap Opportunities Fund - Direct Growth,2022-01-18,178.4795,0.01313652575166624
125497,HDFC Mid-Cap Opportunities Fund - Direct Growth,2022-01-19,179.6903,0.0067839723889859815
125497,HDFC Mid-Cap Opportunities Fund - Direct Growth,2022-01-20,180.542,0.004739821793385612
125497,HDFC Mid-Cap Opportunities Fund - Direct Growth,2022-01-21,184.4298,0.021534047479256913
125497,HDFC Mid-Cap Opportunities Fund - Direct Growth,2022-01-22,184.5029,0.00039635677097749067
125497,HDFC Mid-Cap Opportunities Fund - Direct Growth,2022-01-23,181.96,-0.013782439192012719
125497,HDFC Mid-Cap Opportunities Fund - Direct Growth,2022-01-24,183.0142,0.0057935810068145965
125497,HDFC Mid-Cap Opportunities Fund - Direct Growth,2022-01-25,187.6687,0.0254324527823524
125497,HDFC Mid-Cap Opportunities Fund - Direct Growth,2022-01-26,185.4585,-0.011777137050557829
125497,HDFC Mid-Cap Opportunities Fund - Direct Growth,2022-01-27,184.7282,-0.003937808188893999
125497,HDFC Mid-Cap Opportunities Fund - Direct Growth,2022-01-28,185.7252,0.0053971185774559505
125497,HDFC Mid-Cap Opportunities Fund - Direct Growth,2022-01-29,185.6794,-0.0002466008920707363
125497,HDFC Mid-Cap Opportunities Fund - Direct Growth,2022-01-30,183.5649,-0.011387908405563474
125497,HDFC Mid-Cap Opportunities Fund - Direct Growth,2022-01-31,186.1095,0.01386212723674296
125497,HDFC Mid-Cap Opportunities Fund - Direct Growth,2022-02-01,191.3653,0.02824036387180673
125497,HDFC Mid-Cap Opportunities Fund - Direct Growth,2022-02-02,191.8922,0.002753372737899884
125497,HDFC Mid-Cap Opportunities Fund - Direct Growth,2022-02-03,189.8872,-0.010448574772710884
125497,HDFC Mid-Cap Opportunities Fund - Direct Growth,2022-02-04,186.4336,-0.018187639819850943
125497,HDFC Mid-Cap Opportunities Fund - Direct Growth,2022-02-05,187.0853,0.003495614524420265
125497,HDFC Mid-Cap Opportunities Fund - Direct Growth,2022-02-06,189.6384,0.013646716230510947
125497,HDFC Mid-Cap Opportunities Fund - Direct Growth,2022-02-07,190.7956,0.006102139651041227
125497,HDFC Mid-Cap Opportunities Fund - Direct Growth,2022-02-08,190.8664,0.00037107773973810154
125497,HDFC Mid-Cap Opportunities Fund - Direct Growth,2022-02-09,189.5931,-0.006671158464769067
125497,HDFC Mid-Cap Opportunities Fund - Direct Growth,2022-02-10,187.1841,-0.012706158610202523
125497,HDFC Mid-Cap Opportunities Fund - Direct Growth,2022-02-11,189.134,0.010417017257341676
125497,HDFC Mid-Cap Opportunities Fund - Direct Growth,2022-02-12,191.2836,0.011365486903465394
125497,HDFC Mid-Cap Opportunities Fund - Direct Growth,2022-02-13,187.812,-0.018148968338111526
125497,HDFC Mid-Cap Opportunities Fund - Direct Growth,2022-02-14,191.4702,0.019477988626924736
125497,HDFC Mid-Cap Opportunities Fund - Direct Growth,2022-02-15,192.8658,0.0072888627055280875
125497,HDFC Mid-Cap Opportunities Fund - Direct Growth,2022-02-16,196.1822,0.017195376266813334
125497,HDFC Mid-Cap Opportunities Fund - Direct Growth,2022-02-17,193.1011,-0.01570529844195856
125497,HDFC Mid-Cap Opportunities Fund - Direct Growth,2022-02-18,190.0134,-0.015990069450666056
125497,HDFC Mid-Cap Opportunities Fund - Direct Growth,2022-02-19,189.7497,-0.0013877968606424984
125497,HDFC Mid-Cap Opportunities Fund - Direct Growth,2022-02-20,190.9704,0.006433211752113532
125497,HDFC Mid-Cap Opportunities Fund - Direct Growth,2022-02-21,195.1634,0.02195628223012558
125497,HDFC Mid-Cap Opportunities Fund - Direct Growth,2022-02-22,196.8951,0.008873077636483151
125497,HDFC Mid-Cap Opportunities Fund - Direct Growth,2022-02-23,196.4005,-0.0025119975052706467
125497,HDFC Mid-Cap Opportunities Fund - Direct Growth,2022-02-24,194.0601,-0.011916466607773346
125497,HDFC Mid-Cap Opportunities Fund - Direct Growth,2022-02-25,197.0021,0.015160251901344068
125497,HDFC Mid-Cap Opportunities Fund - Direct Growth,2022-02-26,194.8003,-0.011176530605511381
125497,HDFC Mid-Cap Opportunities Fund - Direct Growth,2022-02-27,198.6849,0.019941447728776707
125497,HDFC Mid-Cap Opportunities Fund - Direct Growth,2022-02-28,198.0863,-0.0030128107370012147
125497,HDFC Mid-Cap Opportunities Fund - Direct Growth,2022-03-01,201.9464,0.01948696098619651
125497,HDFC Mid-Cap Opportunities Fund - Direct Growth,2022-03-02,203.6725,0.008547317506031327
125497,HDFC Mid-Cap Opportunities Fund - Direct Growth,2022-03-03,203.4191,-0.0012441542181690357
125497,HDFC Mid-Cap Opportunities Fund - Direct Growth,2022-03-04,202.2326,-0.005832785613543612
125497,HDFC Mid-Cap Opportunities Fund - Direct Growth,2022-03-05,201.4862,-0.0036907996040203006
125497,HDFC Mid-Cap Opportunities Fund - Direct Growth,2022-03-06,202.6024,0.005539833497281599
125497,HDFC Mid-Cap Opportunities Fund - Direct Growth,2022-03-07,202.871,0.0013257493494649442
125497,HDFC Mid-Cap Opportunities Fund - Direct Growth,2022-03-08,201.5065,-0.006725949002075349
125497,HDFC Mid-Cap Opportunities Fund - Direct Growth,2022-03-09,201.1866,-0.0015875418410820075
125497,HDFC Mid-Cap Opportunities Fund - Direct Growth,2022-03-10,201.4568,0.0013430317923757151
125497,HDFC Mid-Cap Opportunities Fund - Direct Growth,2022-03-11,196.3912,-0.025144844949388623
125497,HDFC Mid-Cap Opportunities Fund - Direct Growth,2022-03-12,197.5495,0.005897922106489428
125497,HDFC Mid-Cap Opportunities Fund - Direct Growth,2022-03-13,195.306,-0.011356647321304147
125497,HDFC Mid-Cap Opportunities Fund - Direct Growth,2022-03-14,192.6811,-0.013439935281046256
125497,HDFC Mid-Cap Opportunities Fund - Direct Growth,2022-03-15,188.8567,-0.019848340081097704
125497,HDFC Mid-Cap Opportunities Fund - Direct Growth,2022-03-16,184.8668,-0.02112660022122581
125497,HDFC Mid-Cap Opportunities Fund - Direct Growth,2022-03-17,181.9338,-0.015865477197636424
125497,HDFC Mid-Cap Opportunities Fund - Direct Growth,2022-03-18,180.4586,-0.008108443840561752
125497,HDFC Mid-Cap Opportunities Fund - Direct Growth,2022-03-19,184.7606,0.023839262855857468
125497,HDFC Mid-Cap Opportunities Fund - Direct Growth,2022-03-20,183.6686,-0.005910351016396476
125497,HDFC Mid-Cap Opportunities Fund - Direct Growth,2022-03-21,184.1338,0.0025328227034997486
125497,HDFC Mid-Cap Opportunities Fund - Direct Growth,2022-03-22,185.0924,0.005205996943526969
125497,HDFC Mid-Cap Opportunities Fund - Direct Growth,2022-03-23,185.4575,0.001972528315587363
125497,HDFC Mid-Cap Opportunities Fund - Direct Growth,2022-03-24,185.3593,-0.00052950136823815
125497,HDFC Mid-Cap Opportunities Fund - Direct Growth,2022-03-25,182.7747,-0.013943729826342621
125497,HDFC Mid-Cap Opportunities Fund - Direct Growth,2022-03-26,186.0301,0.0178109990058799
125497,HDFC Mid-Cap Opportunities Fund - Direct Growth,2022-03-27,190.1388,0.022086210779868498
125497,HDFC Mid-Cap Opportunities Fund - Direct Growth,2022-03-28,186.3756,-0.01979185731686539
125497,HDFC Mid-Cap Opportunities Fund - Direct Growth,2022-03-29,184.1599,-0.011888358776578012
125497,HDFC Mid-Cap Opportunities Fund - Direct Growth,2022-03-30,183.6152,-0.00295775573292556
125497,HDFC Mid-Cap Opportunities Fund - Direct Growth,2022-03-31,181.5634,-0.011174456145242817
125497,HDFC Mid-Cap Opportunities Fund - Direct Growth,2022-04-01,182.7384,0.006471568609091927
125497,HDFC Mid-Cap Opportunities Fund - Direct Growth,2022-04-02,181.2145,-0.00833924342119674
125497,HDFC Mid-Cap Opportunities Fund - Direct Growth,2022-04-03,185.9951,0.02638089115385367
125497,HDFC Mid-Cap Opportunities Fund - Direct Growth,2022-04-04,188.7267,0.0146864084053826
125497,HDFC Mid-Cap Opportunities Fund - Direct Growth,2022-04-05,189.2836,0.002950827837290726
125497,HDFC Mid-Cap Opportunities Fund - Direct Growth,2022-04-06,191.692,0.012723764763561185
125497,HDFC Mid-Cap Opportunities Fund - Direct Growth,2022-04-07,194.3126,0.013670888717317364
125497,HDFC Mid-Cap Opportunities Fund - Direct Growth,2022-04-08,193.0753,-0.006367574722380365
125497,HDFC Mid-Cap Opportunities Fund - Direct Growth,2022-04-09,191.2614,-0.009394780171259498
125497,HDFC Mid-Cap Opportunities Fund - Direct Growth,2022-04-10,191.5173,0.001337959462808458
125497,HDFC Mid-Cap Opportunities Fund - Direct Growth,2022-04-11,193.5741,0.01073949977364963
125497,HDFC Mid-Cap Opportunities Fund - Direct Growth,2022-04-12,193.9746,0.0020689751366531617
125497,HDFC Mid-Cap Opportunities Fund - Direct Growth,2022-04-13,190.3814,-0.018524074801546164
125497,HDFC Mid-Cap Opportunities Fund - Direct Growth,2022-04-14,188.6234,-0.009234095347549709
125497,HDFC Mid-Cap Opportunities Fund - Direct Growth,2022-04-15,188.5314,-0.000487744362576481
125497,HDFC Mid-Cap Opportunities Fund - Direct Growth,2022-04-16,188.4356,-0.0005081381669047591
125497,HDFC Mid-Cap Opportunities Fund - Direct Growth,2022-04-17,192.9713,0.02407029245004666
125497,HDFC Mid-Cap Opportunities Fund - Direct Growth,2022-04-18,189.839,-0.016231947445034645
125497,HDFC Mid-Cap Opportunities Fund - Direct Growth,2022-04-19,191.0667,0.006467058928881775
125497,HDFC Mid-Cap Opportunities Fund - Direct Growth,2022-04-20,194.5574,0.018269536240485662
125497,HDFC Mid-Cap Opportunities Fund - Direct Growth,2022-04-21,199.9384,0.0276576475631356
125497,HDFC Mid-Cap Opportunities Fund - Direct Growth,2022-04-22,199.0481,-0.004452871484417198
125497,HDFC Mid-Cap Opportunities Fund - Direct Growth,2022-04-23,200.3015,0.006296970430765159
125497,HDFC Mid-Cap Opportunities Fund - Direct Growth,2022-04-24,201.7511,0.0072370900866942645
125497,HDFC Mid-Cap Opportunities Fund - Direct Growth,2022-04-25,202.3051,0.0027459577667729995
125497,HDFC Mid-Cap Opportunities Fund - Direct Growth,2022-04-26,202.1461,-0.0007859416297464339
125497,HDFC Mid-Cap Opportunities Fund - Direct Growth,2022-04-27,203.2845,0.0056315704334637395
125497,HDFC Mid-Cap Opportunities Fund - Direct Growth,2022-04-28,197.1886,-0.029987037870570554
125497,HDFC Mid-Cap Opportunities Fund - Direct Growth,2022-04-29,198.8814,0.008584674773288059
125497,HDFC Mid-Cap Opportunities Fund - Direct Growth,2022-04-30,199.2621,0.0019142061550250222
125497,HDFC Mid-Cap Opportunities Fund - Direct Growth,2022-05-01,198.8098,-0.0022698747027156685
125497,HDFC Mid-Cap Opportunities Fund - Direct Growth,2022-05-02,203.7726,0.02496255214783183
125497,HDFC Mid-Cap Opportunities Fund - Direct Growth,2022-05-03,202.2037,-0.00769926869461357
125497,HDFC Mid-Cap Opportunities Fund - Direct Growth,2022-05-04,201.3065,-0.004437109706696751
125497,HDFC Mid-Cap Opportunities Fund - Direct Growth,2022-05-05,206.198,0.024298768296105777
125497,HDFC Mid-Cap Opportunities Fund - Direct Growth,2022-05-06,204.2216,-0.009584962026789823
125497,HDFC Mid-Cap Opportunities Fund - Direct Growth,2022-05-07,202.9551,-0.006201596696921441
125497,HDFC Mid-Cap Opportunities Fund - Direct Growth,2022-05-08,202.6782,-0.0013643411769400648
125497,HDFC Mid-Cap Opportunities Fund - Direct Growth,2022-05-09,204.8041,0.010489041248639586
125497,HDFC Mid-Cap Opportunities Fund - Direct Growth,2022-05-10,205.3967,0.0028934967610512174
125497,HDFC Mid-Cap Opportunities Fund - Direct Growth,2022-05-11,202.2928,-0.015111732564349944
125497,HDFC Mid-Cap Opportunities Fund - Direct Growth,2022-05-12,201.0819,-0.005985877895802516
125497,HDFC Mid-Cap Opportunities Fund - Direct Growth,2022-05-13,199.6968,-0.006888238076127151
125497,HDFC Mid-Cap Opportunities Fund - Direct Growth,2022-05-14,199.5916,-0.0005267986267181168
125497,HDFC Mid-Cap Opportunities Fund - Direct Growth,2022-05-15,200.6914,0.005510251934450094
125497,HDFC Mid-Cap Opportunities Fund - Direct Growth,2022-05-16,201.7788,0.005418269043915291
125497,HDFC Mid-Cap Opportunities Fund - Direct Growth,2022-05-17,197.5592,-0.02091200859555109
125497,HDFC Mid-Cap Opportunities Fund - Direct Growth,2022-05-18,200.1605,0.013167192416247975
125497,HDFC Mid-Cap Opportunities Fund - Direct Growth,2022-05-19,200.8472,0.0034307468256722373
125497,HDFC Mid-Cap Opportunities Fund - Direct Growth,2022-05-20,204.2645,0.017014426887703715
125497,HDFC Mid-Cap Opportunities Fund - Direct Growth,2022-05-21,205.435,0.005730315350929827
125497,HDFC Mid-Cap Opportunities Fund - Direct Growth,2022-05-22,208.2322,0.01361598559154964
125497,HDFC Mid-Cap Opportunities Fund - Direct Growth,2022-05-23,209.4813,0.005998591956479338
125497,HDFC Mid-Cap Opportunities Fund - Direct Growth,2022-05-24,212.9492,0.01655469963190015
125497,HDFC Mid-Cap Opportunities Fund - Direct Growth,2022-05-25,214.3689,0.006666848243618739
125497,HDFC Mid-Cap Opportunities Fund - Direct Growth,2022-05-26,214.2028,-0.0007748325433399872
125497,HDFC Mid-Cap Opportunities Fund - Direct Growth,2022-05-27,220.1296,0.02766910609945339
125497,HDFC Mid-Cap Opportunities Fund - Direct Growth,2022-05-28,222.5661,0.011068479659255281
125497,HDFC Mid-Cap Opportunities Fund - Direct Growth,2022-05-29,224.1875,0.007285026785301074
125497,HDFC Mid-Cap Opportunities Fund - Direct Growth,2022-05-30,220.8436,-0.01491563981042654
125497,HDFC Mid-Cap Opportunities Fund - Direct Growth,2022-05-31,217.5178,-0.015059526289192937
125497,HDFC Mid-Cap Opportunities Fund - Direct Growth,2022-06-01,218.3689,0.00391278322969435
125497,HDFC Mid-Cap Opportunities Fund - Direct Growth,2022-06-02,218.8376,0.0021463679122806223
125497,HDFC Mid-Cap Opportunities Fund - Direct Growth,2022-06-03,217.3124,-0.006969551850321887
125497,HDFC Mid-Cap Opportunities Fund - Direct Growth,2022-06-04,217.767,0.0020919192830228805
125497,HDFC Mid-Cap Opportunities Fund - Direct Growth,2022-06-05,222.0055,0.019463463242823886
125497,HDFC Mid-Cap Opportunities Fund - Direct Growth,2022-06-06,223.9469,0.008744828393891124
125497,HDFC Mid-Cap Opportunities Fund - Direct Growth,2022-06-07,220.9702,-0.013291990199462478
125497,HDFC Mid-Cap Opportunities Fund - Direct Growth,2022-06-08,220.7629,-0.000938135549499397
125497,HDFC Mid-Cap Opportunities Fund - Direct Growth,2022-06-09,218.7187,-0.009259708039711323
125497,HDFC Mid-Cap Opportunities Fund - Direct Growth,2022-06-10,217.7886,-0.0042524941854538145
125497,HDFC Mid-Cap Opportunities Fund - Direct Growth,2022-06-11,216.7947,-0.004563599747645197
125497,HDFC Mid-Cap Opportunities Fund - Direct Growth,2022-06-12,215.6388,-0.005331772409565394
125497,HDFC Mid-Cap Opportunities Fund - Direct Growth,2022-06-13,212.4772,-0.014661554414140632
125497,HDFC Mid-Cap Opportunities Fund - Direct Growth,2022-06-14,212.2367,-0.001131886150608108
125497,HDFC Mid-Cap Opportunities Fund - Direct Growth,2022-06-15,210.8938,-0.0063273693946429566
125497,HDFC Mid-Cap Opportunities Fund - Direct Growth,2022-06-16,203.5645,-0.034753511008858484
125497,HDFC Mid-Cap Opportunities Fund - Direct Growth,2022-06-17,208.6609,0.025035799464051767
125497,HDFC Mid-Cap Opportunities Fund - Direct Growth,2022-06-18,211.4706,0.013465388100980968
125497,HDFC Mid-Cap Opportunities Fund - Direct Growth,2022-06-19,210.6003,-0.004115465695940679
125497,HDFC Mid-Cap Opportunities Fund - Direct Growth,2022-06-20,210.7321,0.0006258300676684758
125497,HDFC Mid-Cap Opportunities Fund - Direct Growth,2022-06-21,207.8535,-0.013659997693754367
125497,HDFC Mid-Cap Opportunities Fund - Direct Growth,2022-06-22,212.1662,0.02074874851758568
125497,HDFC Mid-Cap Opportunities Fund - Direct Growth,2022-06-23,217.0816,0.023167686464667714
125497,HDFC Mid-Cap Opportunities Fund - Direct Growth,2022-06-24,217.5766,0.002280248533270468
125497,HDFC Mid-Cap Opportunities Fund - Direct Growth,2022-06-25,220.336,0.012682430003961853
125497,HDFC Mid-Cap Opportunities Fund - Direct Growth,2022-06-26,220.8876,0.0025034492774671513
125497,HDFC Mid-Cap Opportunities Fund - Direct Growth,2022-06-27,217.4328,-0.015640533918608424
125497,HDFC Mid-Cap Opportunities Fund - Direct Growth,2022-06-28,216.4452,-0.004542093005287073
125497,HDFC Mid-Cap Opportunities Fund - Direct Growth,2022-06-29,216.8744,0.0019829499568482234
125497,HDFC Mid-Cap Opportunities Fund - Direct Growth,2022-06-30,215.7782,-0.0050545384794148385
125497,HDFC Mid-Cap Opportunities Fund - Direct Growth,2022-07-01,215.2983,-0.0022240430219548912
125497,HDFC Mid-Cap Opportunities Fund - Direct Growth,2022-07-02,215.1483,-0.0006967077770702046
125497,HDFC Mid-Cap Opportunities Fund - Direct Growth,2022-07-03,215.0255,-0.00057076909276077
125497,HDFC Mid-Cap Opportunities Fund - Direct Growth,2022-07-04,215.2464,0.001027320015533073
125497,HDFC Mid-Cap Opportunities Fund - Direct Growth,2022-07-05,212.593,-0.01232726772666115
125497,HDFC Mid-Cap Opportunities Fund - Direct Growth,2022-07-06,210.8488,-0.008204409364372167
125497,HDFC Mid-Cap Opportunities Fund - Direct Growth,2022-07-07,207.6829,-0.015015024984728509
125497,HDFC Mid-Cap Opportunities Fund - Direct Growth,2022-07-08,210.2029,0.012133882953290875
125497,HDFC Mid-Cap Opportunities Fund - Direct Growth,2022-07-09,204.9756,-0.024867877655351145
125497,HDFC Mid-Cap Opportunities Fund - Direct Growth,2022-07-10,207.8951,0.014243158697913483
125497,HDFC Mid-Cap Opportunities Fund - Direct Growth,2022-07-11,211.4368,0.017035995557374894
125497,HDFC Mid-Cap Opportunities Fund - Direct Growth,2022-07-12,210.7547,-0.0032260230953172764
125497,HDFC Mid-Cap Opportunities Fund - Direct Growth,2022-07-13,204.2555,-0.03083774644171633
125497,HDFC Mid-Cap Opportunities Fund - Direct Growth,2022-07-14,203.4516,-0.003935756931881862
125497,HDFC Mid-Cap Opportunities Fund - Direct Growth,2022-07-15,203.3763,-0.00037011259680452824
125497,HDFC Mid-Cap Opportunities Fund - Direct Growth,2022-07-16,200.9913,-0.011727030140680106
125497,HDFC Mid-Cap Opportunities Fund - Direct Growth,2022-07-17,199.829,-0.005782837366592464
125497,HDFC Mid-Cap Opportunities Fund - Direct Growth,2022-07-18,203.5783,0.018762541973387226
125497,HDFC Mid-Cap Opportunities Fund - Direct Growth,2022-07-19,205.2841,0.008379085590163537
125497,HDFC Mid-Cap Opportunities Fund - Direct Growth,2022-07-20,203.0886,-0.010694934483479135
125497,HDFC Mid-Cap Opportunities Fund - Direct Growth,2022-07-21,199.2764,-0.018771117630433265
125497,HDFC Mid-Cap Opportunities Fund - Direct Growth,2022-07-22,198.5741,-0.003524250739174395
125497,HDFC Mid-Cap Opportunities Fund - Direct Growth,2022-07-23,198.1449,-0.0021614097709620195
125497,HDFC Mid-Cap Opportunities Fund - Direct Growth,2022-07-24,199.404,0.006354440613914214
125497,HDFC Mid-Cap Opportunities Fund - Direct Growth,2022-07-25,198.2028,-0.0060239513750978135
125497,HDFC Mid-Cap Opportunities Fund - Direct Growth,2022-07-26,199.4986,0.00653774820537345
125497,HDFC Mid-Cap Opportunities Fund - Direct Growth,2022-07-27,204.2111,0.02362171965116544
125497,HDFC Mid-Cap Opportunities Fund - Direct Growth,2022-07-28,206.2912,0.010186028085642729
125497,HDFC Mid-Cap Opportunities Fund - Direct Growth,2022-07-29,206.2547,-0.000176934352992264
125497,HDFC Mid-Cap Opportunities Fund - Direct Growth,2022-07-30,205.8839,-0.0017977772142889759
125497,HDFC Mid-Cap Opportunities Fund - Direct Growth,2022-07-31,205.0851,-0.0038798565599349466
125497,HDFC Mid-Cap Opportunities Fund - Direct Growth,2022-08-01,208.0727,0.014567611201398822
125497,HDFC Mid-Cap Opportunities Fund - Direct Growth,2022-08-02,206.5896,-0.007127797159358296
125497,HDFC Mid-Cap Opportunities Fund - Direct Growth,2022-08-03,206.7843,0.0009424482161735082
125497,HDFC Mid-Cap Opportunities Fund - Direct Growth,2022-08-04,206.9941,0.0010145837957717951
125497,HDFC Mid-Cap Opportunities Fund - Direct Growth,2022-08-05,205.8305,-0.005621416262589163
125497,HDFC Mid-Cap Opportunities Fund - Direct Growth,2022-08-06,202.5229,-0.01606953294093927
125497,HDFC Mid-Cap Opportunities Fund - Direct Growth,2022-08-07,203.3888,0.004275565874279019
125497,HDFC Mid-Cap Opportunities Fund - Direct Growth,2022-08-08,203.3213,-0.0003318766815084695
125497,HDFC Mid-Cap Opportunities Fund - Direct Growth,2022-08-09,204.6231,0.006402673994313268
125497,HDFC Mid-Cap Opportunities Fund - Direct Growth,2022-08-10,203.3947,-0.0060032322841360175
125497,HDFC Mid-Cap Opportunities Fund - Direct Growth,2022-08-11,206.4558,0.01505004801010057
125497,HDFC Mid-Cap Opportunities Fund - Direct Growth,2022-08-12,204.3662,-0.010121294727491348
125497,HDFC Mid-Cap Opportunities Fund - Direct Growth,2022-08-13,208.6465,0.02094426573474495
125497,HDFC Mid-Cap Opportunities Fund - Direct Growth,2022-08-14,204.3543,-0.020571636715689068
125497,HDFC Mid-Cap Opportunities Fund - Direct Growth,2022-08-15,205.5022,0.0056172050208878055
125497,HDFC Mid-Cap Opportunities Fund - Direct Growth,2022-08-16,206.7568,0.006105044130914505
125497,HDFC Mid-Cap Opportunities Fund - Direct Growth,2022-08-17,204.8657,-0.009146494819033735
125497,HDFC Mid-Cap Opportunities Fund - Direct Growth,2022-08-18,205.991,0.005492866790292483
125497,HDFC Mid-Cap Opportunities Fund - Direct Growth,2022-08-19,209.2362,0.01575408634357811
125497,HDFC Mid-Cap Opportunities Fund - Direct Growth,2022-08-20,203.7538,-0.026201966963651513
125497,HDFC Mid-Cap Opportunities Fund - Direct Growth,2022-08-21,205.0645,0.006432763462570934
125497,HDFC Mid-Cap Opportunities Fund - Direct Growth,2022-08-22,199.0111,-0.029519492647435364
125497,HDFC Mid-Cap Opportunities Fund - Direct Growth,2022-08-23,196.7846,-0.011187818166926267
125497,HDFC Mid-Cap Opportunities Fund - Direct Growth,2022-08-24,200.7105,0.019950240008618447
125497,HDFC Mid-Cap Opportunities Fund - Direct Growth,2022-08-25,199.3895,-0.006581618799215816
125497,HDFC Mid-Cap Opportunities Fund - Direct Growth,2022-08-26,196.6605,-0.013686778892569529
125497,HDFC Mid-Cap Opportunities Fund - Direct Growth,2022-08-27,196.272,-0.001975485672008448
125497,HDFC Mid-Cap Opportunities Fund - Direct Growth,2022-08-28,201.221,0.025215007744354923
125497,HDFC Mid-Cap Opportunities Fund - Direct Growth,2022-08-29,196.8786,-0.021580252558132562
125497,HDFC Mid-Cap Opportunities Fund - Direct Growth,2022-08-30,194.4736,-0.012215649643993798
125497,HDFC Mid-Cap Opportunities Fund - Direct Growth,2022-08-31,198.0459,0.018369074259950935
125497,HDFC Mid-Cap Opportunities Fund - Direct Growth,2022-09-01,202.54,0.022692214279619094
125497,HDFC Mid-Cap Opportunities Fund - Direct Growth,2022-09-02,202.3696,-0.0008413152957440495
125497,HDFC Mid-Cap Opportunities Fund - Direct Growth,2022-09-03,199.4416,-0.01446857630790399
125497,HDFC Mid-Cap Opportunities Fund - Direct Growth,2022-09-04,204.5374,0.02555033653961858
125497,HDFC Mid-Cap Opportunities Fund - Direct Growth,2022-09-05,208.5327,0.019533346957573583
125497,HDFC Mid-Cap Opportunities Fund - Direct Growth,2022-09-06,210.3151,0.008547340536999792
125497,HDFC Mid-Cap Opportunities Fund - Direct Growth,2022-09-07,208.3489,-0.009348829446863327
125497,HDFC Mid-Cap Opportunities Fund - Direct Growth,2022-09-08,208.3097,-0.00018814594173521826
125497,HDFC Mid-Cap Opportunities Fund - Direct Growth,2022-09-09,207.9922,-0.0015241729021739925
125497,HDFC Mid-Cap Opportunities Fund - Direct Growth,2022-09-10,208.9012,0.00437035619604953
125497,HDFC Mid-Cap Opportunities Fund - Direct Growth,2022-09-11,212.6222,0.01781224808665538
125497,HDFC Mid-Cap Opportunities Fund - Direct Growth,2022-09-12,214.9511,0.010953230659827673
125497,HDFC Mid-Cap Opportunities Fund - Direct Growth,2022-09-13,212.2581,-0.012528430884977904
125497,HDFC Mid-Cap Opportunities Fund - Direct Growth,2022-09-14,215.8491,0.016918082278132074
125497,HDFC Mid-Cap Opportunities Fund - Direct Growth,2022-09-15,216.7465,0.004157534129167084
125497,HDFC Mid-Cap Opportunities Fund - Direct Growth,2022-09-16,218.6202,0.008644660928780912
125497,HDFC Mid-Cap Opportunities Fund - Direct Growth,2022-09-17,222.555,0.017998336841700713
125497,HDFC Mid-Cap Opportunities Fund - Direct Growth,2022-09-18,219.6754,-0.012938824110893976
125497,HDFC Mid-Cap Opportunities Fund - Direct Growth,2022-09-19,219.6688,-3.0044329041856166e-05
125497,HDFC Mid-Cap Opportunities Fund - Direct Growth,2022-09-20,218.3557,-0.00597763542205354
125497,HDFC Mid-Cap Opportunities Fund - Direct Growth,2022-09-21,214.3348,-0.018414449451056303
125497,HDFC Mid-Cap Opportunities Fund - Direct Growth,2022-09-22,215.3123,0.0045606219801916925
125497,HDFC Mid-Cap Opportunities Fund - Direct Growth,2022-09-23,221.8877,0.030538896291572692
125497,HDFC Mid-Cap Opportunities Fund - Direct Growth,2022-09-24,217.077,-0.02168078717297084
125497,HDFC Mid-Cap Opportunities Fund - Direct Growth,2022-09-25,217.0797,1.2437982835677985e-05
125497,HDFC Mid-Cap Opportunities Fund - Direct Growth,2022-09-26,218.8351,0.008086430928364141
125497,HDFC Mid-Cap Opportunities Fund - Direct Growth,2022-09-27,219.2458,0.0018767556027345922
125497,HDFC Mid-Cap Opportunities Fund - Direct Growth,2022-09-28,219.0359,-0.0009573729576576318
125497,HDFC Mid-Cap Opportunities Fund - Direct Growth,2022-09-29,215.7086,-0.015190660526425148
125497,HDFC Mid-Cap Opportunities Fund - Direct Growth,2022-09-30,216.3975,0.0031936603362128224
125497,HDFC Mid-Cap Opportunities Fund - Direct Growth,2022-10-01,214.5189,-0.008681246317540636
125497,HDFC Mid-Cap Opportunities Fund - Direct Growth,2022-10-02,208.9674,-0.02587883864778351
125497,HDFC Mid-Cap Opportunities Fund - Direct Growth,2022-10-03,212.0466,0.014735312780845389
125497,HDFC Mid-Cap Opportunities Fund - Direct Growth,2022-10-04,214.5701,0.011900685981288905
125497,HDFC Mid-Cap Opportunities Fund - Direct Growth,2022-10-05,214.7889,0.001019713371061659
125497,HDFC Mid-Cap Opportunities Fund - Direct Growth,2022-10-06,215.4652,0.003148672952838716
125497,HDFC Mid-Cap Opportunities Fund - Direct Growth,2022-10-07,218.3291,0.013291705574728585
125497,HDFC Mid-Cap Opportunities Fund - Direct Growth,2022-10-08,219.0042,0.0030921210228045393
125497,HDFC Mid-Cap Opportunities Fund - Direct Growth,2022-10-09,221.4676,0.011248186107846392
125497,HDFC Mid-Cap Opportunities Fund - Direct Growth,2022-10-10,220.7656,-0.0031697638841979847
125497,HDFC Mid-Cap Opportunities Fund - Direct Growth,2022-10-11,224.3296,0.016143819508111834
125497,HDFC Mid-Cap Opportunities Fund - Direct Growth,2022-10-12,225.2829,0.004249550661169943
125497,HDFC Mid-Cap Opportunities Fund - Direct Growth,2022-10-13,225.8976,0.0027285692788934224
125497,HDFC Mid-Cap Opportunities Fund - Direct Growth,2022-10-14,222.5451,-0.014840795121329409
125497,HDFC Mid-Cap Opportunities Fund - Direct Growth,2022-10-15,223.4004,0.003843265926771755
125497,HDFC Mid-Cap Opportunities Fund - Direct Growth,2022-10-16,221.2595,-0.009583241569844914
125497,HDFC Mid-Cap Opportunities Fund - Direct Growth,2022-10-17,219.6533,-0.007259349316074526
125497,HDFC Mid-Cap Opportunities Fund - Direct Growth,2022-10-18,217.592,-0.009384334312300235
125497,HDFC Mid-Cap Opportunities Fund - Direct Growth,2022-10-19,214.895,-0.012394757160189673
125497,HDFC Mid-Cap Opportunities Fund - Direct Growth,2022-10-20,220.4602,0.025897298680750858
125497,HDFC Mid-Cap Opportunities Fund - Direct Growth,2022-10-21,224.0705,0.01637619851565053
125497,HDFC Mid-Cap Opportunities Fund - Direct Growth,2022-10-22,229.3237,0.023444407005830614
125497,HDFC Mid-Cap Opportunities Fund - Direct Growth,2022-10-23,226.0502,-0.014274582173582684
125497,HDFC Mid-Cap Opportunities Fund - Direct Growth,2022-10-24,226.3339,0.001255030962149073
125497,HDFC Mid-Cap Opportunities Fund - Direct Growth,2022-10-25,222.9113,-0.015121906174903499
125497,HDFC Mid-Cap Opportunities Fund - Direct Growth,2022-10-26,221.1395,-0.007948453039392844
125497,HDFC Mid-Cap Opportunities Fund - Direct Growth,2022-10-27,218.7915,-0.010617732245935207
125497,HDFC Mid-Cap Opportunities Fund - Direct Growth,2022-10-28,222.1335,0.015274816434824867
125497,HDFC Mid-Cap Opportunities Fund - Direct Growth,2022-10-29,221.1662,-0.0043545885694863395
125497,HDFC Mid-Cap Opportunities Fund - Direct Growth,2022-10-30,224.0901,0.013220374541860425
125497,HDFC Mid-Cap Opportunities Fund - Direct Growth,2022-10-31,225.8043,0.007649601655762561
125497,HDFC Mid-Cap Opportunities Fund - Direct Growth,2022-11-01,232.1367,0.028043752931188548
125497,HDFC Mid-Cap Opportunities Fund - Direct Growth,2022-11-02,228.1084,-0.01735313718166931
125497,HDFC Mid-Cap Opportunities Fund - Direct Growth,2022-11-03,231.6465,0.01551060811438787
125497,HDFC Mid-Cap Opportunities Fund - Direct Growth,2022-11-04,234.926,0.014157347510106888
125497,HDFC Mid-Cap Opportunities Fund - Direct Growth,2022-11-05,232.2759,-0.011280573457173704
125497,HDFC Mid-Cap Opportunities Fund - Direct Growth,2022-11-06,235.176,0.012485582877947987
125497,HDFC Mid-Cap Opportunities Fund - Direct Growth,2022-11-07,236.2187,0.0044337007177603915
125497,HDFC Mid-Cap Opportunities Fund - Direct Growth,2022-11-08,235.6684,-0.00232962081325494
125497,HDFC Mid-Cap Opportunities Fund - Direct Growth,2022-11-09,233.4326,-0.009487058935351511
125497,HDFC Mid-Cap Opportunities Fund - Direct Growth,2022-11-10,231.5116,-0.008229356139630939
125497,HDFC Mid-Cap Opportunities Fund - Direct Growth,2022-11-11,237.2989,0.02499788347538523
125497,HDFC Mid-Cap Opportunities Fund - Direct Growth,2022-11-12,237.3958,0.00040834576140058587
125497,HDFC Mid-Cap Opportunities Fund - Direct Growth,2022-11-13,239.7189,0.009785767060748185
125497,HDFC Mid-Cap Opportunities Fund - Direct Growth,2022-11-14,237.5397,-0.009090647420791576
125497,HDFC Mid-Cap Opportunities Fund - Direct Growth,2022-11-15,235.4118,-0.008958081533318452
125497,HDFC Mid-Cap Opportunities Fund - Direct Growth,2022-11-16,238.5625,0.013383781101881986
125497,HDFC Mid-Cap Opportunities Fund - Direct Growth,2022-11-17,234.7944,-0.015795022268797476
125497,HDFC Mid-Cap Opportunities Fund - Direct Growth,2022-11-18,233.7184,-0.0045827328079374174
125497,HDFC Mid-Cap Opportunities Fund - Direct Growth,2022-11-19,233.9073,0.0008082376055971174
125497,HDFC Mid-Cap Opportunities Fund - Direct Growth,2022-11-20,234.3135,0.001736585390879286
125497,HDFC Mid-Cap Opportunities Fund - Direct Growth,2022-11-21,233.9037,-0.0017489389215731288
125497,HDFC Mid-Cap Opportunities Fund - Direct Growth,2022-11-22,235.1083,0.00514998266380573
125497,HDFC Mid-Cap Opportunities Fund - Direct Growth,2022-11-23,237.1571,0.008714281886262665
125497,HDFC Mid-Cap Opportunities Fund - Direct Growth,2022-11-24,239.3427,0.009215832037075877
125497,HDFC Mid-Cap Opportunities Fund - Direct Growth,2022-11-25,236.6071,-0.011429636249612019
125497,HDFC Mid-Cap Opportunities Fund - Direct Growth,2022-11-26,235.8949,-0.00301005337540583
125497,HDFC Mid-Cap Opportunities Fund - Direct Growth,2022-11-27,239.3713,0.014737071466996543
125497,HDFC Mid-Cap Opportunities Fund - Direct Growth,2022-11-28,242.0369,0.011135837922090053
125497,HDFC Mid-Cap Opportunities Fund - Direct Growth,2022-11-29,238.1463,-0.016074408488953584
125497,HDFC Mid-Cap Opportunities Fund - Direct Growth,2022-11-30,239.246,0.004617749677404248
125497,HDFC Mid-Cap Opportunities Fund - Direct Growth,2022-12-01,233.6623,-0.0233387392056712
125497,HDFC Mid-Cap Opportunities Fund - Direct Growth,2022-12-02,233.8874,0.000963356091248091
125497,HDFC Mid-Cap Opportunities Fund - Direct Growth,2022-12-03,239.3073,0.023173116636466817
125497,HDFC Mid-Cap Opportunities Fund - Direct Growth,2022-12-04,236.681,-0.010974592083066392
125497,HDFC Mid-Cap Opportunities Fund - Direct Growth,2022-12-05,234.4061,-0.009611671405816313
125497,HDFC Mid-Cap Opportunities Fund - Direct Growth,2022-12-06,236.649,0.009568436998866447
125497,HDFC Mid-Cap Opportunities Fund - Direct Growth,2022-12-07,232.3624,-0.018113746519106355
125497,HDFC Mid-Cap Opportunities Fund - Direct Growth,2022-12-08,230.691,-0.007193074266748867
125497,HDFC Mid-Cap Opportunities Fund - Direct Growth,2022-12-09,232.4344,0.007557295256425345
125497,HDFC Mid-Cap Opportunities Fund - Direct Growth,2022-12-10,230.7582,-0.007211497093373542
125497,HDFC Mid-Cap Opportunities Fund - Direct Growth,2022-12-11,230.1971,-0.0024315495614022353
125497,HDFC Mid-Cap Opportunities Fund - Direct Growth,2022-12-12,232.3449,0.00933026523791991
125497,HDFC Mid-Cap Opportunities Fund - Direct Growth,2022-12-13,233.6132,0.0054586952414277246
125497,HDFC Mid-Cap Opportunities Fund - Direct Growth,2022-12-14,234.4546,0.003601680042052413
125497,HDFC Mid-Cap Opportunities Fund - Direct Growth,2022-12-15,233.5943,-0.0036693671184101495
125497,HDFC Mid-Cap Opportunities Fund - Direct Growth,2022-12-16,234.7251,0.004840871545238823
125497,HDFC Mid-Cap Opportunities Fund - Direct Growth,2022-12-17,234.4705,-0.0010846730920553993
125497,HDFC Mid-Cap Opportunities Fund - Direct Growth,2022-12-18,235.8524,0.005893705178263264
125497,HDFC Mid-Cap Opportunities Fund - Direct Growth,2022-12-19,234.5403,-0.005563225135720384
125497,HDFC Mid-Cap Opportunities Fund - Direct Growth,2022-12-20,234.1203,-0.001790737028988243
125497,HDFC Mid-Cap Opportunities Fund - Direct Growth,2022-12-21,231.4327,-0.011479568409915597
125497,HDFC Mid-Cap Opportunities Fund - Direct Growth,2022-12-22,231.4281,-1.9876188628531466e-05
125497,HDFC Mid-Cap Opportunities Fund - Direct Growth,2022-12-23,229.2684,-0.009332056046780779
125497,HDFC Mid-Cap Opportunities Fund - Direct Growth,2022-12-24,226.2951,-0.01296864286574173
125497,HDFC Mid-Cap Opportunities Fund - Direct Growth,2022-12-25,227.088,0.003503831943334257
125497,HDFC Mid-Cap Opportunities Fund - Direct Growth,2022-12-26,227.7586,0.0029530402310997683
125497,HDFC Mid-Cap Opportunities Fund - Direct Growth,2022-12-27,229.9894,0.00979458075348183
125497,HDFC Mid-Cap Opportunities Fund - Direct Growth,2022-12-28,228.8915,-0.004773698266093973
125497,HDFC Mid-Cap Opportunities Fund - Direct Growth,2022-12-29,230.1039,0.005296832778849403
125497,HDFC Mid-Cap Opportunities Fund - Direct Growth,2022-12-30,231.7168,0.007009442256302512
125497,HDFC Mid-Cap Opportunities Fund - Direct Growth,2022-12-31,233.0462,0.00573717572485033
125497,HDFC Mid-Cap Opportunities Fund - Direct Growth,2023-01-01,230.8304,-0.00950798597016389
125497,HDFC Mid-Cap Opportunities Fund - Direct Growth,2023-01-02,231.3365,0.002192518836340529
125497,HDFC Mid-Cap Opportunities Fund - Direct Growth,2023-01-03,232.4399,0.004769675343060831
125497,HDFC Mid-Cap Opportunities Fund - Direct Growth,2023-01-04,232.5529,0.0004861471718065058
125497,HDFC Mid-Cap Opportunities Fund - Direct Growth,2023-01-05,226.8233,-0.02463783509042461
125497,HDFC Mid-Cap Opportunities Fund - Direct Growth,2023-01-06,227.3509,0.0023260396969799757
125497,HDFC Mid-Cap Opportunities Fund - Direct Growth,2023-01-07,233.4781,0.026950410136929337
125497,HDFC Mid-Cap Opportunities Fund - Direct Growth,2023-01-08,232.5628,-0.003920282030734357
125497,HDFC Mid-Cap Opportunities Fund - Direct Growth,2023-01-09,230.6239,-0.00833710292445744
125497,HDFC Mid-Cap Opportunities Fund - Direct Growth,2023-01-10,231.7494,0.004880240079193854
125497,HDFC Mid-Cap Opportunities Fund - Direct Growth,2023-01-11,232.7108,0.004148446554769869
125497,HDFC Mid-Cap Opportunities Fund - Direct Growth,2023-01-12,236.1346,0.014712682007023359
125497,HDFC Mid-Cap Opportunities Fund - Direct Growth,2023-01-13,232.6647,-0.014694585206911581
125497,HDFC Mid-Cap Opportunities Fund - Direct Growth,2023-01-14,234.7998,0.009176725132776786
125497,HDFC Mid-Cap Opportunities Fund - Direct Growth,2023-01-15,236.5573,0.00748510007248715
125497,HDFC Mid-Cap Opportunities Fund - Direct Growth,2023-01-16,236.2484,-0.001305814701131558
125497,HDFC Mid-Cap Opportunities Fund - Direct Growth,2023-01-17,237.3031,0.004464368859217638
125497,HDFC Mid-Cap Opportunities Fund - Direct Growth,2023-01-18,240.3295,0.012753310007328267
125497,HDFC Mid-Cap Opportunities Fund - Direct Growth,2023-01-19,242.9413,0.010867579718677911
125497,HDFC Mid-Cap Opportunities Fund - Direct Growth,2023-01-20,239.7062,-0.01331638548077263
125497,HDFC Mid-Cap Opportunities Fund - Direct Growth,2023-01-21,242.1612,0.010241704219582148
125497,HDFC Mid-Cap Opportunities Fund - Direct Growth,2023-01-22,242.0701,-0.0003761956911346731
125497,HDFC Mid-Cap Opportunities Fund - Direct Growth,2023-01-23,242.3786,0.0012744242267013206
125497,HDFC Mid-Cap Opportunities Fund - Direct Growth,2023-01-24,242.6884,0.001278165646637186
125497,HDFC Mid-Cap Opportunities Fund - Direct Growth,2023-01-25,242.3479,-0.0014030336843458002
125497,HDFC Mid-Cap Opportunities Fund - Direct Growth,2023-01-26,245.9105,0.014700354325331455
125497,HDFC Mid-Cap Opportunities Fund - Direct Growth,2023-01-27,245.7618,-0.0006046915442814438
125497,HDFC Mid-Cap Opportunities Fund - Direct Growth,2023-01-28,242.5584,-0.013034572500689623
125497,HDFC Mid-Cap Opportunities Fund - Direct Growth,2023-01-29,241.51,-0.0043222580623882845
125497,HDFC Mid-Cap Opportunities Fund - Direct Growth,2023-01-30,242.1245,0.002544408099043549
125497,HDFC Mid-Cap Opportunities Fund - Direct Growth,2023-01-31,245.7928,0.01515047010938586
125497,HDFC Mid-Cap Opportunities Fund - Direct Growth,2023-02-01,247.67,0.007637327049449638
125497,HDFC Mid-Cap Opportunities Fund - Direct Growth,2023-02-02,245.2412,-0.009806597488593694
125497,HDFC Mid-Cap Opportunities Fund - Direct Growth,2023-02-03,252.6529,0.0302220834019733
125497,HDFC Mid-Cap Opportunities Fund - Direct Growth,2023-02-04,253.5567,0.0035772397625359886
125497,HDFC Mid-Cap Opportunities Fund - Direct Growth,2023-02-05,257.5387,0.015704574164279617
125497,HDFC Mid-Cap Opportunities Fund - Direct Growth,2023-02-06,257.1728,-0.0014207573463717038
125497,HDFC Mid-Cap Opportunities Fund - Direct Growth,2023-02-07,258.9217,0.006800485898975195
125497,HDFC Mid-Cap Opportunities Fund - Direct Growth,2023-02-08,261.6335,0.010473436564027105
125497,HDFC Mid-Cap Opportunities Fund - Direct Growth,2023-02-09,265.5628,0.015018336719112568
125497,HDFC Mid-Cap Opportunities Fund - Direct Growth,2023-02-10,269.0386,0.013088429554139358
125497,HDFC Mid-Cap Opportunities Fund - Direct Growth,2023-02-11,271.9621,0.010866470461859512
125497,HDFC Mid-Cap Opportunities Fund - Direct Growth,2023-02-12,271.0426,-0.003380985806478276
125497,HDFC Mid-Cap Opportunities Fund - Direct Growth,2023-02-13,269.2914,-0.006460976982953892
125497,HDFC Mid-Cap Opportunities Fund - Direct Growth,2023-02-14,270.4739,0.004391153969268924
125497,HDFC Mid-Cap Opportunities Fund - Direct Growth,2023-02-15,273.6107,0.011597422154226322
125497,HDFC Mid-Cap Opportunities Fund - Direct Growth,2023-02-16,272.9889,-0.00227257194254471
125497,HDFC Mid-Cap Opportunities Fund - Direct Growth,2023-02-17,276.5875,0.013182220962097535
125497,HDFC Mid-Cap Opportunities Fund - Direct Growth,2023-02-18,281.5194,0.01783124689293647
125497,HDFC Mid-Cap Opportunities Fund - Direct Growth,2023-02-19,278.5365,-0.010595717382177017
125497,HDFC Mid-Cap Opportunities Fund - Direct Growth,2023-02-20,275.8506,-0.009642901379172897
125497,HDFC Mid-Cap Opportunities Fund - Direct Growth,2023-02-21,275.4963,-0.0012843908985514796
125497,HDFC Mid-Cap Opportunities Fund - Direct Growth,2023-02-22,276.6235,0.00409152500414689
125497,HDFC Mid-Cap Opportunities Fund - Direct Growth,2023-02-23,274.9929,-0.005894654647923825
125497,HDFC Mid-Cap Opportunities Fund - Direct Growth,2023-02-24,279.5651,0.01662661108704966
125497,HDFC Mid-Cap Opportunities Fund - Direct Growth,2023-02-25,281.0996,0.005488882553652319
125497,HDFC Mid-Cap Opportunities Fund - Direct Growth,2023-02-26,281.3451,0.0008733559208196073
125497,HDFC Mid-Cap Opportunities Fund - Direct Growth,2023-02-27,276.6098,-0.0168309311233783
125497,HDFC Mid-Cap Opportunities Fund - Direct Growth,2023-02-28,272.3528,-0.01538991026348313
125497,HDFC Mid-Cap Opportunities Fund - Direct Growth,2023-03-01,273.3801,0.0037719457997127392
125497,HDFC Mid-Cap Opportunities Fund - Direct Growth,2023-03-02,266.4933,-0.025191299586180715
125497,HDFC Mid-Cap Opportunities Fund - Direct Growth,2023-03-03,269.8382,0.012551535066735342
125497,HDFC Mid-Cap Opportunities Fund - Direct Growth,2023-03-04,269.434,-0.0014979346882685318
125497,HDFC Mid-Cap Opportunities Fund - Direct Growth,2023-03-05,280.0274,0.039317235389742855
125497,HDFC Mid-Cap Opportunities Fund - Direct Growth,2023-03-06,287.8948,0.028095107835875988
125497,HDFC Mid-Cap Opportunities Fund - Direct Growth,2023-03-07,287.3831,-0.001777385350482108
125497,HDFC Mid-Cap Opportunities Fund - Direct Growth,2023-03-08,287.1313,-0.0008761823503191657
125497,HDFC Mid-Cap Opportunities Fund - Direct Growth,2023-03-09,290.6765,0.012346964611660072
125497,HDFC Mid-Cap Opportunities Fund - Direct Growth,2023-03-10,296.7336,0.020837941835683438
125497,HDFC Mid-Cap Opportunities Fund - Direct Growth,2023-03-11,291.0196,-0.01925632958316814
125497,HDFC Mid-Cap Opportunities Fund - Direct Growth,2023-03-12,284.8976,-0.021036383803702652
125497,HDFC Mid-Cap Opportunities Fund - Direct Growth,2023-03-13,282.885,-0.007064292573893294
125497,HDFC Mid-Cap Opportunities Fund - Direct Growth,2023-03-14,284.9763,0.007392756773954012
125497,HDFC Mid-Cap Opportunities Fund - Direct Growth,2023-03-15,286.7895,0.0063626343664366924
125497,HDFC Mid-Cap Opportunities Fund - Direct Growth,2023-03-16,290.5858,0.013237234975478573
125497,HDFC Mid-Cap Opportunities Fund - Direct Growth,2023-03-17,286.5187,-0.01399621041358523
125497,HDFC Mid-Cap Opportunities Fund - Direct Growth,2023-03-18,278.6699,-0.027393674479187724
125497,HDFC Mid-Cap Opportunities Fund - Direct Growth,2023-03-19,281.6506,0.01069616775977611
125497,HDFC Mid-Cap Opportunities Fund - Direct Growth,2023-03-20,278.9641,-0.00953841390716026
125497,HDFC Mid-Cap Opportunities Fund - Direct Growth,2023-03-21,272.3187,-0.02382170322274446
125497,HDFC Mid-Cap Opportunities Fund - Direct Growth,2023-03-22,272.9017,0.002140873909871166
125497,HDFC Mid-Cap Opportunities Fund - Direct Growth,2023-03-23,275.6084,0.009918223301650375
125497,HDFC Mid-Cap Opportunities Fund - Direct Growth,2023-03-24,275.315,-0.0010645539105484936
125497,HDFC Mid-Cap Opportunities Fund - Direct Growth,2023-03-25,273.9125,-0.005094164865699247
125497,HDFC Mid-Cap Opportunities Fund - Direct Growth,2023-03-26,273.4982,-0.0015125268105691259
125497,HDFC Mid-Cap Opportunities Fund - Direct Growth,2023-03-27,272.3914,-0.004046827364860284
125497,HDFC Mid-Cap Opportunities Fund - Direct Growth,2023-03-28,268.094,-0.015776562696178997
125497,HDFC Mid-Cap Opportunities Fund - Direct Growth,2023-03-29,265.902,-0.008176236693100192
125497,HDFC Mid-Cap Opportunities Fund - Direct Growth,2023-03-30,267.6717,0.006655459530202856
125497,HDFC Mid-Cap Opportunities Fund - Direct Growth,2023-03-31,268.812,0.004260069331199379
125497,HDFC Mid-Cap Opportunities Fund - Direct Growth,2023-04-01,269.4616,0.0024165587845779157
125497,HDFC Mid-Cap Opportunities Fund - Direct Growth,2023-04-02,266.3515,-0.011541904301020978
125497,HDFC Mid-Cap Opportunities Fund - Direct Growth,2023-04-03,265.8779,-0.0017781014937028328
125497,HDFC Mid-Cap Opportunities Fund - Direct Growth,2023-04-04,259.0382,-0.025724966234500823
125497,HDFC Mid-Cap Opportunities Fund - Direct Growth,2023-04-05,259.6966,0.002541710064384306
125497,HDFC Mid-Cap Opportunities Fund - Direct Growth,2023-04-06,264.2533,0.017546244348212614
125497,HDFC Mid-Cap Opportunities Fund - Direct Growth,2023-04-07,259.6845,-0.01728947188171348
125497,HDFC Mid-Cap Opportunities Fund - Direct Growth,2023-04-08,257.9625,-0.006631123536445349
125497,HDFC Mid-Cap Opportunities Fund - Direct Growth,2023-04-09,259.0845,0.004349469399621997
125497,HDFC Mid-Cap Opportunities Fund - Direct Growth,2023-04-10,263.0832,0.015433960734818175
125497,HDFC Mid-Cap Opportunities Fund - Direct Growth,2023-04-11,261.7734,-0.0049786531409075074
125497,HDFC Mid-Cap Opportunities Fund - Direct Growth,2023-04-12,259.7036,-0.007906838509947889
125497,HDFC Mid-Cap Opportunities Fund - Direct Growth,2023-04-13,253.6714,-0.023227248293824165
125497,HDFC Mid-Cap Opportunities Fund - Direct Growth,2023-04-14,254.0877,0.0016410994696287595
125497,HDFC Mid-Cap Opportunities Fund - Direct Growth,2023-04-15,260.4157,0.024904786811797752
125497,HDFC Mid-Cap Opportunities Fund - Direct Growth,2023-04-16,261.3866,0.0037282698393374947
125497,HDFC Mid-Cap Opportunities Fund - Direct Growth,2023-04-17,261.4213,0.00013275355354869234
125497,HDFC Mid-Cap Opportunities Fund - Direct Growth,2023-04-18,262.5363,0.00426514595405969
125497,HDFC Mid-Cap Opportunities Fund - Direct Growth,2023-04-19,262.6064,0.0002670106952828988
125497,HDFC Mid-Cap Opportunities Fund - Direct Growth,2023-04-20,260.1494,-0.009356207617179146
125497,HDFC Mid-Cap Opportunities Fund - Direct Growth,2023-04-21,262.8236,0.010279477869254983
125497,HDFC Mid-Cap Opportunities Fund - Direct Growth,2023-04-22,263.6408,0.0031093098184487022
125497,HDFC Mid-Cap Opportunities Fund - Direct Growth,2023-04-23,263.802,0.0006114379868367159
125497,HDFC Mid-Cap Opportunities Fund - Direct Growth,2023-04-24,260.8199,-0.011304311567008618
125497,HDFC Mid-Cap Opportunities Fund - Direct Growth,2023-04-25,265.004,0.01604210414926155
125497,HDFC Mid-Cap Opportunities Fund - Direct Growth,2023-04-26,267.2238,0.008376477336190957
125497,HDFC Mid-Cap Opportunities Fund - Direct Growth,2023-04-27,265.5576,-0.006235223060221395
125497,HDFC Mid-Cap Opportunities Fund - Direct Growth,2023-04-28,268.8563,0.012421787213019009
125497,HDFC Mid-Cap Opportunities Fund - Direct Growth,2023-04-29,267.3585,-0.005571005775203974
125497,HDFC Mid-Cap Opportunities Fund - Direct Growth,2023-04-30,264.9565,-0.008984191637819605
125497,HDFC Mid-Cap Opportunities Fund - Direct Growth,2023-05-01,262.647,-0.008716525165451738
125497,HDFC Mid-Cap Opportunities Fund - Direct Growth,2023-05-02,257.1701,-0.020852703438455467
125497,HDFC Mid-Cap Opportunities Fund - Direct Growth,2023-05-03,258.7282,0.006058635898963383
125497,HDFC Mid-Cap Opportunities Fund - Direct Growth,2023-05-04,253.1465,-0.02157360504189343
125497,HDFC Mid-Cap Opportunities Fund - Direct Growth,2023-05-05,249.516,-0.014341497907338296
125497,HDFC Mid-Cap Opportunities Fund - Direct Growth,2023-05-06,243.4011,-0.02450704564035966
125497,HDFC Mid-Cap Opportunities Fund - Direct Growth,2023-05-07,243.2471,-0.0006327005095705385
125497,HDFC Mid-Cap Opportunities Fund - Direct Growth,2023-05-08,242.9056,-0.0014039221844782679
125497,HDFC Mid-Cap Opportunities Fund - Direct Growth,2023-05-09,242.0505,-0.00352029759709116
125497,HDFC Mid-Cap Opportunities Fund - Direct Growth,2023-05-10,239.119,-0.01211110904542645
125497,HDFC Mid-Cap Opportunities Fund - Direct Growth,2023-05-11,235.851,-0.013666835341399008
125497,HDFC Mid-Cap Opportunities Fund - Direct Growth,2023-05-12,237.2596,0.005972414787302149
125497,HDFC Mid-Cap Opportunities Fund - Direct Growth,2023-05-13,235.787,-0.0062067035432917805
125497,HDFC Mid-Cap Opportunities Fund - Direct Growth,2023-05-14,236.7764,0.004196160093643764
125497,HDFC Mid-Cap Opportunities Fund - Direct Growth,2023-05-15,234.3558,-0.010223147239336372
125497,HDFC Mid-Cap Opportunities Fund - Direct Growth,2023-05-16,234.9587,0.0025725840794210697
125497,HDFC Mid-Cap Opportunities Fund - Direct Growth,2023-05-17,238.7273,0.016039414586478395
125497,HDFC Mid-Cap Opportunities Fund - Direct Growth,2023-05-18,240.502,0.007434005243639907
125497,HDFC Mid-Cap Opportunities Fund - Direct Growth,2023-05-19,239.408,-0.00454881872084234
125497,HDFC Mid-Cap Opportunities Fund - Direct Growth,2023-05-20,240.2427,0.003486516741295409
125497,HDFC Mid-Cap Opportunities Fund - Direct Growth,2023-05-21,239.645,-0.0024879007770058914
125497,HDFC Mid-Cap Opportunities Fund - Direct Growth,2023-05-22,239.7635,0.0004944814204344006
125497,HDFC Mid-Cap Opportunities Fund - Direct Growth,2023-05-23,238.9226,-0.003507206059304324
125497,HDFC Mid-Cap Opportunities Fund - Direct Growth,2023-05-24,238.547,-0.0015720572269010136
125497,HDFC Mid-Cap Opportunities Fund - Direct Growth,2023-05-25,239.2495,0.0029449123233578067
125497,HDFC Mid-Cap Opportunities Fund - Direct Growth,2023-05-26,236.4933,-0.011520191264767554
125497,HDFC Mid-Cap Opportunities Fund - Direct Growth,2023-05-27,233.7049,-0.011790608867143337
125497,HDFC Mid-Cap Opportunities Fund - Direct Growth,2023-05-28,229.9043,-0.01626238902136845
125497,HDFC Mid-Cap Opportunities Fund - Direct Growth,2023-05-29,225.5814,-0.018803041091445483
125497,HDFC Mid-Cap Opportunities Fund - Direct Growth,2023-05-30,222.3765,-0.014207288366860027
125497,HDFC Mid-Cap Opportunities Fund - Direct Growth,2023-05-31,222.891,0.0023136437528246123
125497,HDFC Mid-Cap Opportunities Fund - Direct Growth,2023-06-01,220.5922,-0.010313561337155774
125497,HDFC Mid-Cap Opportunities Fund - Direct Growth,2023-06-02,222.04,0.006563242036663031
125497,HDFC Mid-Cap Opportunities Fund - Direct Growth,2023-06-03,222.2213,0.0008165195460279051
125497,HDFC Mid-Cap Opportunities Fund - Direct Growth,2023-06-04,217.0609,-0.02322189637087002
125497,HDFC Mid-Cap Opportunities Fund - Direct Growth,2023-06-05,218.8538,0.00825989388231596
125497,HDFC Mid-Cap Opportunities Fund - Direct Growth,2023-06-06,221.0707,0.010129593363240597
125497,HDFC Mid-Cap Opportunities Fund - Direct Growth,2023-06-07,218.5226,-0.011526176919872122
125497,HDFC Mid-Cap Opportunities Fund - Direct Growth,2023-06-08,219.7119,0.005442457667994116
125497,HDFC Mid-Cap Opportunities Fund - Direct Growth,2023-06-09,217.5416,-0.00987793560567285
125497,HDFC Mid-Cap Opportunities Fund - Direct Growth,2023-06-10,217.8836,0.0015721131038846092
125497,HDFC Mid-Cap Opportunities Fund - Direct Growth,2023-06-11,214.6646,-0.014773943518465837
125497,HDFC Mid-Cap Opportunities Fund - Direct Growth,2023-06-12,210.1315,-0.021117128767388804
125497,HDFC Mid-Cap Opportunities Fund - Direct Growth,2023-06-13,209.2502,-0.004194040398512233
125497,HDFC Mid-Cap Opportunities Fund - Direct Growth,2023-06-14,209.0232,-0.0010848257253757154
125497,HDFC Mid-Cap Opportunities Fund - Direct Growth,2023-06-15,208.1093,-0.004372241932952936
125497,HDFC Mid-Cap Opportunities Fund - Direct Growth,2023-06-16,205.2357,-0.013808128709288714
125497,HDFC Mid-Cap Opportunities Fund - Direct Growth,2023-06-17,204.3329,-0.004398844840347027
125497,HDFC Mid-Cap Opportunities Fund - Direct Growth,2023-06-18,205.0749,0.0036313290713341217
125497,HDFC Mid-Cap Opportunities Fund - Direct Growth,2023-06-19,205.0465,-0.000138485987314918
125497,HDFC Mid-Cap Opportunities Fund - Direct Growth,2023-06-20,205.5776,0.0025901441868063646
125497,HDFC Mid-Cap Opportunities Fund - Direct Growth,2023-06-21,204.0067,-0.0076413967280482
125497,HDFC Mid-Cap Opportunities Fund - Direct Growth,2023-06-22,206.9568,0.014460799571778704
125497,HDFC Mid-Cap Opportunities Fund - Direct Growth,2023-06-23,204.1186,-0.01371397315768319
125497,HDFC Mid-Cap Opportunities Fund - Direct Growth,2023-06-24,205.3945,0.006250777734121193
125497,HDFC Mid-Cap Opportunities Fund - Direct Growth,2023-06-25,208.3897,0.014582668961437673
125497,HDFC Mid-Cap Opportunities Fund - Direct Growth,2023-06-26,209.6757,0.006171130338975539
125497,HDFC Mid-Cap Opportunities Fund - Direct Growth,2023-06-27,209.25,-0.002030278186742729
125497,HDFC Mid-Cap Opportunities Fund - Direct Growth,2023-06-28,208.0071,-0.005939784946236482
125497,HDFC Mid-Cap Opportunities Fund - Direct Growth,2023-06-29,210.6765,0.01283321578926877
125497,HDFC Mid-Cap Opportunities Fund - Direct Growth,2023-06-30,207.1633,-0.01667580389839407
125497,HDFC Mid-Cap Opportunities Fund - Direct Growth,2023-07-01,204.8345,-0.011241373351360995
125497,HDFC Mid-Cap Opportunities Fund - Direct Growth,2023-07-02,203.9392,-0.004370845731553996
125497,HDFC Mid-Cap Opportunities Fund - Direct Growth,2023-07-03,207.0496,0.015251604399742602
125497,HDFC Mid-Cap Opportunities Fund - Direct Growth,2023-07-04,208.076,0.004957266278225125
125497,HDFC Mid-Cap Opportunities Fund - Direct Growth,2023-07-05,205.7421,-0.01121657471308557
125497,HDFC Mid-Cap Opportunities Fund - Direct Growth,2023-07-06,205.0583,-0.0033235784022812576
125497,HDFC Mid-Cap Opportunities Fund - Direct Growth,2023-07-07,203.6287,-0.0069716758599871476
125497,HDFC Mid-Cap Opportunities Fund - Direct Growth,2023-07-08,201.9758,-0.00811722512592783
125497,HDFC Mid-Cap Opportunities Fund - Direct Growth,2023-07-09,204.4291,0.012146504680263792
125497,HDFC Mid-Cap Opportunities Fund - Direct Growth,2023-07-10,201.1458,-0.016060824999963308
125497,HDFC Mid-Cap Opportunities Fund - Direct Growth,2023-07-11,205.1095,0.019705606579903723
125497,HDFC Mid-Cap Opportunities Fund - Direct Growth,2023-07-12,207.2301,0.01033886777550519
125497,HDFC Mid-Cap Opportunities Fund - Direct Growth,2023-07-13,210.0257,0.013490318250099831
125497,HDFC Mid-Cap Opportunities Fund - Direct Growth,2023-07-14,208.943,-0.005155083401697902
125497,HDFC Mid-Cap Opportunities Fund - Direct Growth,2023-07-15,208.6506,-0.0013994247234893065
125497,HDFC Mid-Cap Opportunities Fund - Direct Growth,2023-07-16,205.1457,-0.016797938755028663
125497,HDFC Mid-Cap Opportunities Fund - Direct Growth,2023-07-17,203.9362,-0.005895809661133455
125497,HDFC Mid-Cap Opportunities Fund - Direct Growth,2023-07-18,205.2259,0.006324036634986818
125497,HDFC Mid-Cap Opportunities Fund - Direct Growth,2023-07-19,208.4998,0.015952664843959852
125497,HDFC Mid-Cap Opportunities Fund - Direct Growth,2023-07-20,205.8131,-0.01288586367948552
125497,HDFC Mid-Cap Opportunities Fund - Direct Growth,2023-07-21,204.9927,-0.003986140823883266
125497,HDFC Mid-Cap Opportunities Fund - Direct Growth,2023-07-22,204.7025,-0.0014156601674110147
125497,HDFC Mid-Cap Opportunities Fund - Direct Growth,2023-07-23,201.3557,-0.016349580488757898
125497,HDFC Mid-Cap Opportunities Fund - Direct Growth,2023-07-24,202.8651,0.007496187095771267
125497,HDFC Mid-Cap Opportunities Fund - Direct Growth,2023-07-25,201.1838,-0.008287773500715634
125497,HDFC Mid-Cap Opportunities Fund - Direct Growth,2023-07-26,200.7926,-0.0019444905603731577
125497,HDFC Mid-Cap Opportunities Fund - Direct Growth,2023-07-27,199.7839,-0.0050235915068583825
125497,HDFC Mid-Cap Opportunities Fund - Direct Growth,2023-07-28,197.9714,-0.009072302622984085
125497,HDFC Mid-Cap Opportunities Fund - Direct Growth,2023-07-29,198.0339,0.0003157021670807669
125497,HDFC Mid-Cap Opportunities Fund - Direct Growth,2023-07-30,197.6007,-0.0021875042606341877
125497,HDFC Mid-Cap Opportunities Fund - Direct Growth,2023-07-31,196.798,-0.004062232573062707
125497,HDFC Mid-Cap Opportunities Fund - Direct Growth,2023-08-01,195.1564,-0.008341548186465375
125497,HDFC Mid-Cap Opportunities Fund - Direct Growth,2023-08-02,195.9827,0.004234039980241411
125497,HDFC Mid-Cap Opportunities Fund - Direct Growth,2023-08-03,199.9501,0.020243623544323075
125497,HDFC Mid-Cap Opportunities Fund - Direct Growth,2023-08-04,200.3657,0.002078518590388434
125497,HDFC Mid-Cap Opportunities Fund - Direct Growth,2023-08-05,202.8409,0.012353411786548252
125497,HDFC Mid-Cap Opportunities Fund - Direct Growth,2023-08-06,199.5381,-0.01628271221435129
125497,HDFC Mid-Cap Opportunities Fund - Direct Growth,2023-08-07,199.9957,0.002293296367961828
125497,HDFC Mid-Cap Opportunities Fund - Direct Growth,2023-08-08,197.4421,-0.012768274517902078
125497,HDFC Mid-Cap Opportunities Fund - Direct Growth,2023-08-09,194.0218,-0.017323053188757598
125497,HDFC Mid-Cap Opportunities Fund - Direct Growth,2023-08-10,192.378,-0.008472243840640714
125497,HDFC Mid-Cap Opportunities Fund - Direct Growth,2023-08-11,195.2065,0.014702824647309098
125497,HDFC Mid-Cap Opportunities Fund - Direct Growth,2023-08-12,197.51,0.011800324271988849
125497,HDFC Mid-Cap Opportunities Fund - Direct Growth,2023-08-13,198.165,0.003316287782897165
125497,HDFC Mid-Cap Opportunities Fund - Direct Growth,2023-08-14,194.5995,-0.017992581939292984
125497,HDFC Mid-Cap Opportunities Fund - Direct Growth,2023-08-15,194.219,-0.001955297932420219
125497,HDFC Mid-Cap Opportunities Fund - Direct Growth,2023-08-16,194.9998,0.004020203996519367
125497,HDFC Mid-Cap Opportunities Fund - Direct Growth,2023-08-17,195.4886,0.002506669237609449
125497,HDFC Mid-Cap Opportunities Fund - Direct Growth,2023-08-18,191.2415,-0.02172556353669719
125497,HDFC Mid-Cap Opportunities Fund - Direct Growth,2023-08-19,189.2748,-0.010283855753066118
125497,HDFC Mid-Cap Opportunities Fund - Direct Growth,2023-08-20,189.205,-0.00036877598074325224
125497,HDFC Mid-Cap Opportunities Fund - Direct Growth,2023-08-21,190.4983,0.0068354430379746756
125497,HDFC Mid-Cap Opportunities Fund - Direct Growth,2023-08-22,185.5542,-0.025953512446042826
125497,HDFC Mid-Cap Opportunities Fund - Direct Growth,2023-08-23,185.2674,-0.0015456400340170262
125497,HDFC Mid-Cap Opportunities Fund - Direct Growth,2023-08-24,185.6595,0.0021164004028770833
125497,HDFC Mid-Cap Opportunities Fund - Direct Growth,2023-08-25,187.6266,0.010595202507816648
125497,HDFC Mid-Cap Opportunities Fund - Direct Growth,2023-08-26,189.2616,0.008714116228722313
125497,HDFC Mid-Cap Opportunities Fund - Direct Growth,2023-08-27,190.6604,0.007390828356095502
125497,HDFC Mid-Cap Opportunities Fund - Direct Growth,2023-08-28,188.9065,-0.009199078571113906
125497,HDFC Mid-Cap Opportunities Fund - Direct Growth,2023-08-29,184.6569,-0.0224957849518147
125497,HDFC Mid-Cap Opportunities Fund - Direct Growth,2023-08-30,183.8598,-0.004316654292366051
125497,HDFC Mid-Cap Opportunities Fund - Direct Growth,2023-08-31,186.1433,0.012419789426508787
125497,HDFC Mid-Cap Opportunities Fund - Direct Growth,2023-09-01,189.3303,0.017121217900402552
125497,HDFC Mid-Cap Opportunities Fund - Direct Growth,2023-09-02,191.0204,0.00892672752327539
125497,HDFC Mid-Cap Opportunities Fund - Direct Growth,2023-09-03,192.081,0.005552286562063413
125497,HDFC Mid-Cap Opportunities Fund - Direct Growth,2023-09-04,193.0329,0.0049557218048637
125497,HDFC Mid-Cap Opportunities Fund - Direct Growth,2023-09-05,191.8219,-0.006273541971342778
125497,HDFC Mid-Cap Opportunities Fund - Direct Growth,2023-09-06,191.5992,-0.001160972756499623
125497,HDFC Mid-Cap Opportunities Fund - Direct Growth,2023-09-07,195.5133,0.020428582165269882
125497,HDFC Mid-Cap Opportunities Fund - Direct Growth,2023-09-08,193.3801,-0.010910766684414708
125497,HDFC Mid-Cap Opportunities Fund - Direct Growth,2023-09-09,197.2046,0.019777112536398578
125497,HDFC Mid-Cap Opportunities Fund - Direct Growth,2023-09-10,196.5214,-0.003464422229501718
125497,HDFC Mid-Cap Opportunities Fund - Direct Growth,2023-09-11,199.7257,0.01630509450879125
125497,HDFC Mid-Cap Opportunities Fund - Direct Growth,2023-09-12,196.4339,-0.01648160452059999
125497,HDFC Mid-Cap Opportunities Fund - Direct Growth,2023-09-13,197.8936,0.007430998417279344
125497,HDFC Mid-Cap Opportunities Fund - Direct Growth,2023-09-14,196.2231,-0.008441404876155745
125497,HDFC Mid-Cap Opportunities Fund - Direct Growth,2023-09-15,192.9691,-0.016583164775197168
125497,HDFC Mid-Cap Opportunities Fund - Direct Growth,2023-09-16,193.5523,0.00302224553050201
125497,HDFC Mid-Cap Opportunities Fund - Direct Growth,2023-09-17,195.9743,0.012513413687153196
125497,HDFC Mid-Cap Opportunities Fund - Direct Growth,2023-09-18,194.0656,-0.009739542378771171
125497,HDFC Mid-Cap Opportunities Fund - Direct Growth,2023-09-19,190.6523,-0.017588382485097753
125497,HDFC Mid-Cap Opportunities Fund - Direct Growth,2023-09-20,190.5184,-0.0007023256472645789
125497,HDFC Mid-Cap Opportunities Fund - Direct Growth,2023-09-21,,0.0
125497,HDFC Mid-Cap Opportunities Fund - Direct Growth,2023-09-22,191.7236,0.006325898180963074
125497,HDFC Mid-Cap Opportunities Fund - Direct Growth,2023-09-23,193.985,0.01179510503662562
125497,HDFC Mid-Cap Opportunities Fund - Direct Growth,2023-09-24,193.9243,-0.0003129107920716301
125497,HDFC Mid-Cap Opportunities Fund - Direct Growth,2023-09-25,198.3198,0.022666060932023502
125497,HDFC Mid-Cap Opportunities Fund - Direct Growth,2023-09-26,198.9328,0.003090967215578111
125497,HDFC Mid-Cap Opportunities Fund - Direct Growth,2023-09-27,198.1854,-0.0037570476060257985
125497,HDFC Mid-Cap Opportunities Fund - Direct Growth,2023-09-28,194.432,-0.01893883202294422
125497,HDFC Mid-Cap Opportunities Fund - Direct Growth,2023-09-29,193.8969,-0.002752118992758401
125497,HDFC Mid-Cap Opportunities Fund - Direct Growth,2023-09-30,193.1918,-0.0036364686593750584
125497,HDFC Mid-Cap Opportunities Fund - Direct Growth,2023-10-01,195.4954,0.011923901532052472
125497,HDFC Mid-Cap Opportunities Fund - Direct Growth,2023-10-02,196.6586,0.005950012123047577
125497,HDFC Mid-Cap Opportunities Fund - Direct Growth,2023-10-03,193.9541,-0.013752258990961996
125497,HDFC Mid-Cap Opportunities Fund - Direct Growth,2023-10-04,194.4326,0.0024670785510592097
125497,HDFC Mid-Cap Opportunities Fund - Direct Growth,2023-10-05,196.0772,0.008458458098076216
125497,HDFC Mid-Cap Opportunities Fund - Direct Growth,2023-10-06,199.751,0.018736497665205354
125497,HDFC Mid-Cap Opportunities Fund - Direct Growth,2023-10-07,201.9583,0.011050257570675459
125497,HDFC Mid-Cap Opportunities Fund - Direct Growth,2023-10-08,203.883,0.009530185191695573
125497,HDFC Mid-Cap Opportunities Fund - Direct Growth,2023-10-09,204.1116,0.0011212312944188785
125497,HDFC Mid-Cap Opportunities Fund - Direct Growth,2023-10-10,205.1444,0.005059976992978221
125497,HDFC Mid-Cap Opportunities Fund - Direct Growth,2023-10-11,208.3024,0.015394034640965115
125497,HDFC Mid-Cap Opportunities Fund - Direct Growth,2023-10-12,205.0543,-0.015593195277634808
125497,HDFC Mid-Cap Opportunities Fund - Direct Growth,2023-10-13,204.2765,-0.0037931416215120084
125497,HDFC Mid-Cap Opportunities Fund - Direct Growth,2023-10-14,202.4644,-0.00887081969781145
125497,HDFC Mid-Cap Opportunities Fund - Direct Growth,2023-10-15,203.4666,0.004950006025750575
125497,HDFC Mid-Cap Opportunities Fund - Direct Growth,2023-10-16,206.5517,0.015162685177813051
125497,HDFC Mid-Cap Opportunities Fund - Direct Growth,2023-10-17,205.1546,-0.006763923995784182
125497,HDFC Mid-Cap Opportunities Fund - Direct Growth,2023-10-18,199.3521,-0.028283548114446333
125497,HDFC Mid-Cap Opportunities Fund - Direct Growth,2023-10-19,198.4457,-0.004546729129013549
125497,HDFC Mid-Cap Opportunities Fund - Direct Growth,2023-10-20,200.7004,0.011361798214826635
125497,HDFC Mid-Cap Opportunities Fund - Direct Growth,2023-10-21,202.0755,0.006851506025897347
125497,HDFC Mid-Cap Opportunities Fund - Direct Growth,2023-10-22,203.1946,0.0055380291029838435
125497,HDFC Mid-Cap Opportunities Fund - Direct Growth,2023-10-23,202.5932,-0.002959724323382651
125497,HDFC Mid-Cap Opportunities Fund - Direct Growth,2023-10-24,199.5648,-0.014948181873824073
125497,HDFC Mid-Cap Opportunities Fund - Direct Growth,2023-10-25,200.8786,0.006583325315887345
125497,HDFC Mid-Cap Opportunities Fund - Direct Growth,2023-10-26,198.9479,-0.009611277657251671
125497,HDFC Mid-Cap Opportunities Fund - Direct Growth,2023-10-27,204.2417,0.026608976520988703
125497,HDFC Mid-Cap Opportunities Fund - Direct Growth,2023-10-28,205.7217,0.007246316496582139
125497,HDFC Mid-Cap Opportunities Fund - Direct Growth,2023-10-29,204.3706,-0.006567610514593314
125497,HDFC Mid-Cap Opportunities Fund - Direct Growth,2023-10-30,202.953,-0.0069364184476631285
125497,HDFC Mid-Cap Opportunities Fund - Direct Growth,2023-10-31,202.8078,-0.0007154365789124872
125497,HDFC Mid-Cap Opportunities Fund - Direct Growth,2023-11-01,202.306,-0.002474263810366195
125497,HDFC Mid-Cap Opportunities Fund - Direct Growth,2023-11-02,205.0982,0.013801864502288597
125497,HDFC Mid-Cap Opportunities Fund - Direct Growth,2023-11-03,205.639,0.0026367856958278146
125497,HDFC Mid-Cap Opportunities Fund - Direct Growth,2023-11-04,203.9158,-0.008379733416326807
125497,HDFC Mid-Cap Opportunities Fund - Direct Growth,2023-11-05,208.6233,0.023085508822759282
125497,HDFC Mid-Cap Opportunities Fund - Direct Growth,2023-11-06,208.8302,0.0009917396570755521
125497,HDFC Mid-Cap Opportunities Fund - Direct Growth,2023-11-07,210.8404,0.009626002369389042
125497,HDFC Mid-Cap Opportunities Fund - Direct Growth,2023-11-08,209.3859,-0.0068985830040162455
125497,HDFC Mid-Cap Opportunities Fund - Direct Growth,2023-11-09,210.382,0.00475724487656537
125497,HDFC Mid-Cap Opportunities Fund - Direct Growth,2023-11-10,211.2516,0.0041334334686427
125497,HDFC Mid-Cap Opportunities Fund - Direct Growth,2023-11-11,206.5458,-0.022275807615184884
125497,HDFC Mid-Cap Opportunities Fund - Direct Growth,2023-11-12,211.6234,0.024583409587607186
125497,HDFC Mid-Cap Opportunities Fund - Direct Growth,2023-11-13,214.9856,0.015887657036036673
125497,HDFC Mid-Cap Opportunities Fund - Direct Growth,2023-11-14,214.0469,-0.0043663389547952125
125497,HDFC Mid-Cap Opportunities Fund - Direct Growth,2023-11-15,211.3013,-0.012827095370220198
125497,HDFC Mid-Cap Opportunities Fund - Direct Growth,2023-11-16,212.2671,0.004570724363740286
125497,HDFC Mid-Cap Opportunities Fund - Direct Growth,2023-11-17,212.5728,0.001440166657951325
125497,HDFC Mid-Cap Opportunities Fund - Direct Growth,2023-11-18,213.5651,0.004668047840551637
125497,HDFC Mid-Cap Opportunities Fund - Direct Growth,2023-11-19,214.1415,0.0026989428516175362
125497,HDFC Mid-Cap Opportunities Fund - Direct Growth,2023-11-20,215.528,0.006474690800241767
125497,HDFC Mid-Cap Opportunities Fund - Direct Growth,2023-11-21,219.3574,0.01776752904495016
125497,HDFC Mid-Cap Opportunities Fund - Direct Growth,2023-11-22,220.9406,0.007217445137478684
125497,HDFC Mid-Cap Opportunities Fund - Direct Growth,2023-11-23,218.246,-0.012196038211175209
125497,HDFC Mid-Cap Opportunities Fund - Direct Growth,2023-11-24,221.9018,0.016750822466391035
125497,HDFC Mid-Cap Opportunities Fund - Direct Growth,2023-11-25,226.3592,0.020087263825710133
125497,HDFC Mid-Cap Opportunities Fund - Direct Growth,2023-11-26,235.0117,0.03822464472396092
125497,HDFC Mid-Cap Opportunities Fund - Direct Growth,2023-11-27,231.9373,-0.013081901879778757
125497,HDFC Mid-Cap Opportunities Fund - Direct Growth,2023-11-28,232.7061,0.0033146889267057222
125497,HDFC Mid-Cap Opportunities Fund - Direct Growth,2023-11-29,226.985,-0.02458508822931582
125497,HDFC Mid-Cap Opportunities Fund - Direct Growth,2023-11-30,228.5825,0.007037909994052516
125497,HDFC Mid-Cap Opportunities Fund - Direct Growth,2023-12-01,227.1702,-0.00617851322826557
125497,HDFC Mid-Cap Opportunities Fund - Direct Growth,2023-12-02,232.5045,0.023481512980135566
125497,HDFC Mid-Cap Opportunities Fund - Direct Growth,2023-12-03,230.4363,-0.008895311703644548
125497,HDFC Mid-Cap Opportunities Fund - Direct Growth,2023-12-04,225.8575,-0.019870133307990145
125497,HDFC Mid-Cap Opportunities Fund - Direct Growth,2023-12-05,224.6706,-0.0052550834043588734
125497,HDFC Mid-Cap Opportunities Fund - Direct Growth,2023-12-06,219.4345,-0.023305675063848952
125497,HDFC Mid-Cap Opportunities Fund - Direct Growth,2023-12-07,221.5001,0.009413287336312193
125497,HDFC Mid-Cap Opportunities Fund - Direct Growth,2023-12-08,216.0997,-0.024381027367481933
125497,HDFC Mid-Cap Opportunities Fund - Direct Growth,2023-12-09,216.2599,0.0007413244905012384
125497,HDFC Mid-Cap Opportunities Fund - Direct Growth,2023-12-10,210.9542,-0.024533905731020877
125497,HDFC Mid-Cap Opportunities Fund - Direct Growth,2023-12-11,210.2278,-0.003443401458705142
125497,HDFC Mid-Cap Opportunities Fund - Direct Growth,2023-12-12,214.4577,0.020120554940878277
125497,HDFC Mid-Cap Opportunities Fund - Direct Growth,2023-12-13,215.4716,0.004727738850132335
125497,HDFC Mid-Cap Opportunities Fund - Direct Growth,2023-12-14,213.3251,-0.009961869684914415
125497,HDFC Mid-Cap Opportunities Fund - Direct Growth,2023-12-15,213.3306,2.5782245033578732e-05
125497,HDFC Mid-Cap Opportunities Fund - Direct Growth,2023-12-16,213.4621,0.0006164141478062213
125497,HDFC Mid-Cap Opportunities Fund - Direct Growth,2023-12-17,214.7581,0.0060713353799106695
125497,HDFC Mid-Cap Opportunities Fund - Direct Growth,2023-12-18,211.3215,-0.016002190371399383
125497,HDFC Mid-Cap Opportunities Fund - Direct Growth,2023-12-19,212.9087,0.007510830653767009
125497,HDFC Mid-Cap Opportunities Fund - Direct Growth,2023-12-20,206.0844,-0.03205270615996447
125497,HDFC Mid-Cap Opportunities Fund - Direct Growth,2023-12-21,204.6091,-0.007158717496326683
125497,HDFC Mid-Cap Opportunities Fund - Direct Growth,2023-12-22,203.4921,-0.0054591902315196394
125497,HDFC Mid-Cap Opportunities Fund - Direct Growth,2023-12-23,205.12,0.007999819157598731
125497,HDFC Mid-Cap Opportunities Fund - Direct Growth,2023-12-24,205.2578,0.0006718018720748287
125497,HDFC Mid-Cap Opportunities Fund - Direct Growth,2023-12-25,201.8779,-0.016466609307904445
125497,HDFC Mid-Cap Opportunities Fund - Direct Growth,2023-12-26,199.5725,-0.011419774031729224
125497,HDFC Mid-Cap Opportunities Fund - Direct Growth,2023-12-27,200.1281,0.0027839506946096826
125497,HDFC Mid-Cap Opportunities Fund - Direct Growth,2023-12-28,200.0183,-0.0005486485905776828
125497,HDFC Mid-Cap Opportunities Fund - Direct Growth,2023-12-29,198.7083,-0.006549400729833232
125497,HDFC Mid-Cap Opportunities Fund - Direct Growth,2023-12-30,197.6412,-0.005370183329030609
125497,HDFC Mid-Cap Opportunities Fund - Direct Growth,2023-12-31,199.3714,0.008754247596149067
125497,HDFC Mid-Cap Opportunities Fund - Direct Growth,2024-01-01,198.2126,-0.005812267958192563
125497,HDFC Mid-Cap Opportunities Fund - Direct Growth,2024-01-02,198.0824,-0.0006568704512225354
125497,HDFC Mid-Cap Opportunities Fund - Direct Growth,2024-01-03,203.3195,0.026438997104235362
125497,HDFC Mid-Cap Opportunities Fund - Direct Growth,2024-01-04,199.9273,-0.01668408588453152
125497,HDFC Mid-Cap Opportunities Fund - Direct Growth,2024-01-05,195.5645,-0.02182193227238094
125497,HDFC Mid-Cap Opportunities Fund - Direct Growth,2024-01-06,197.4816,0.009802903901270366
125497,HDFC Mid-Cap Opportunities Fund - Direct Growth,2024-01-07,195.9524,-0.007743506230453723
125497,HDFC Mid-Cap Opportunities Fund - Direct Growth,2024-01-08,195.2825,-0.0034186873955104335
125497,HDFC Mid-Cap Opportunities Fund - Direct Growth,2024-01-09,193.5301,-0.008973666355152177
125497,HDFC Mid-Cap Opportunities Fund - Direct Growth,2024-01-10,193.0042,-0.0027174067496477106
125497,HDFC Mid-Cap Opportunities Fund - Direct Growth,2024-01-11,196.7837,0.019582475407271094
125497,HDFC Mid-Cap Opportunities Fund - Direct Growth,2024-01-12,198.7566,0.010025728757005803
125497,HDFC Mid-Cap Opportunities Fund - Direct Growth,2024-01-13,200.8926,0.010746812936023309
125497,HDFC Mid-Cap Opportunities Fund - Direct Growth,2024-01-14,197.5588,-0.01659493679707469
125497,HDFC Mid-Cap Opportunities Fund - Direct Growth,2024-01-15,194.9088,-0.013413727963522692
125497,HDFC Mid-Cap Opportunities Fund - Direct Growth,2024-01-16,188.3464,-0.033669080103104765
125497,HDFC Mid-Cap Opportunities Fund - Direct Growth,2024-01-17,186.5924,-0.009312628221192387
125497,HDFC Mid-Cap Opportunities Fund - Direct Growth,2024-01-18,188.8092,0.011880441004028075
125497,HDFC Mid-Cap Opportunities Fund - Direct Growth,2024-01-19,190.056,0.006603491779002324
125497,HDFC Mid-Cap Opportunities Fund - Direct Growth,2024-01-20,189.6268,-0.0022582817695837587
125497,HDFC Mid-Cap Opportunities Fund - Direct Growth,2024-01-21,189.6519,0.00013236525638782304
125497,HDFC Mid-Cap Opportunities Fund - Direct Growth,2024-01-22,188.16,-0.00786651755136658
125497,HDFC Mid-Cap Opportunities Fund - Direct Growth,2024-01-23,188.6976,0.0028571428571428914
125497,HDFC Mid-Cap Opportunities Fund - Direct Growth,2024-01-24,190.5073,0.009590477038393663
125497,HDFC Mid-Cap Opportunities Fund - Direct Growth,2024-01-25,186.8894,-0.018990873315615664
125497,HDFC Mid-Cap Opportunities Fund - Direct Growth,2024-01-26,187.6362,0.003995946265545225
125497,HDFC Mid-Cap Opportunities Fund - Direct Growth,2024-01-27,189.8108,0.011589448091573029
125497,HDFC Mid-Cap Opportunities Fund - Direct Growth,2024-01-28,188.9412,-0.004581404219359486
125497,HDFC Mid-Cap Opportunities Fund - Direct Growth,2024-01-29,190.6055,0.008808560546879063
125497,HDFC Mid-Cap Opportunities Fund - Direct Growth,2024-01-30,197.1196,0.03417582388755824
125497,HDFC Mid-Cap Opportunities Fund - Direct Growth,2024-01-31,196.9516,-0.0008522744567256435
125497,HDFC Mid-Cap Opportunities Fund - Direct Growth,2024-02-01,197.9599,0.005119531905300567
125497,HDFC Mid-Cap Opportunities Fund - Direct Growth,2024-02-02,196.2858,-0.008456763213155805
125497,HDFC Mid-Cap Opportunities Fund - Direct Growth,2024-02-03,196.7912,0.0025748169251162967
125497,HDFC Mid-Cap Opportunities Fund - Direct Growth,2024-02-04,197.9568,0.005923029078535924
125497,HDFC Mid-Cap Opportunities Fund - Direct Growth,2024-02-05,198.4988,0.0027379711128892037
125497,HDFC Mid-Cap Opportunities Fund - Direct Growth,2024-02-06,196.1493,-0.011836343595024168
125497,HDFC Mid-Cap Opportunities Fund - Direct Growth,2024-02-07,196.7135,0.002876380389835731
125497,HDFC Mid-Cap Opportunities Fund - Direct Growth,2024-02-08,200.2438,0.017946404288470275
125497,HDFC Mid-Cap Opportunities Fund - Direct Growth,2024-02-09,201.4019,0.005783449974481103
125497,HDFC Mid-Cap Opportunities Fund - Direct Growth,2024-02-10,203.8074,0.011943780073574217
125497,HDFC Mid-Cap Opportunities Fund - Direct Growth,2024-02-11,203.3093,-0.002443974065711063
125497,HDFC Mid-Cap Opportunities Fund - Direct Growth,2024-02-12,205.2202,0.009398979781052752
125497,HDFC Mid-Cap Opportunities Fund - Direct Growth,2024-02-13,205.99,0.0037510927286885654
125497,HDFC Mid-Cap Opportunities Fund - Direct Growth,2024-02-14,203.7219,-0.011010728676149384
125497,HDFC Mid-Cap Opportunities Fund - Direct Growth,2024-02-15,204.5821,0.0042224228224849725
125497,HDFC Mid-Cap Opportunities Fund - Direct Growth,2024-02-16,202.2293,-0.01150051739619451
125497,HDFC Mid-Cap Opportunities Fund - Direct Growth,2024-02-17,200.7743,-0.007194803126945426
125497,HDFC Mid-Cap Opportunities Fund - Direct Growth,2024-02-18,201.3108,0.0026721547528743006
125497,HDFC Mid-Cap Opportunities Fund - Direct Growth,2024-02-19,202.1094,0.003967000280163724
125497,HDFC Mid-Cap Opportunities Fund - Direct Growth,2024-02-20,199.306,-0.013870705667326622
125497,HDFC Mid-Cap Opportunities Fund - Direct Growth,2024-02-21,201.9065,0.013047775781963367
125497,HDFC Mid-Cap Opportunities Fund - Direct Growth,2024-02-22,203.3732,0.007264253503478146
125497,HDFC Mid-Cap Opportunities Fund - Direct Growth,2024-02-23,201.7347,-0.008056617096057872
125497,HDFC Mid-Cap Opportunities Fund - Direct Growth,2024-02-24,198.0932,-0.018050935213426378
125497,HDFC Mid-Cap Opportunities Fund - Direct Growth,2024-02-25,197.828,-0.0013387637738195846
125497,HDFC Mid-Cap Opportunities Fund - Direct Growth,2024-02-26,196.8485,-0.004951270800897745
125497,HDFC Mid-Cap Opportunities Fund - Direct Growth,2024-02-27,197.1945,0.0017576969090442596
125497,HDFC Mid-Cap Opportunities Fund - Direct Growth,2024-02-28,196.4141,-0.003957514028028242
125497,HDFC Mid-Cap Opportunities Fund - Direct Growth,2024-02-29,191.7612,-0.023689236159725735
125497,HDFC Mid-Cap Opportunities Fund - Direct Growth,2024-03-01,190.9443,-0.0042599858574101646
125497,HDFC Mid-Cap Opportunities Fund - Direct Growth,2024-03-02,190.3204,-0.0032674450088323592
125497,HDFC Mid-Cap Opportunities Fund - Direct Growth,2024-03-03,191.8437,0.00800387136639058
125497,HDFC Mid-Cap Opportunities Fund - Direct Growth,2024-03-04,190.3131,-0.007978369891740056
125497,HDFC Mid-Cap Opportunities Fund - Direct Growth,2024-03-05,194.2229,0.02054404032092383
125497,HDFC Mid-Cap Opportunities Fund - Direct Growth,2024-03-06,189.8452,-0.022539566652541976
125497,HDFC Mid-Cap Opportunities Fund - Direct Growth,2024-03-07,192.9082,0.016134197756909163
125497,HDFC Mid-Cap Opportunities Fund - Direct Growth,2024-03-08,192.4661,-0.0022917636471647684
125497,HDFC Mid-Cap Opportunities Fund - Direct Growth,2024-03-09,194.5284,0.010715133730043958
125497,HDFC Mid-Cap Opportunities Fund - Direct Growth,2024-03-10,194.7925,0.0013576423802383886
125497,HDFC Mid-Cap Opportunities Fund - Direct Growth,2024-03-11,197.5341,0.01407446385256117
125497,HDFC Mid-Cap Opportunities Fund - Direct Growth,2024-03-12,196.6949,-0.004248380406218444
125497,HDFC Mid-Cap Opportunities Fund - Direct Growth,2024-03-13,194.1805,-0.012783249591117984
125497,HDFC Mid-Cap Opportunities Fund - Direct Growth,2024-03-14,197.5682,0.017446139030438124
125497,HDFC Mid-Cap Opportunities Fund - Direct Growth,2024-03-15,197.3782,-0.0009616932279586932
125497,HDFC Mid-Cap Opportunities Fund - Direct Growth,2024-03-16,197.9819,0.0030585951234736175
125497,HDFC Mid-Cap Opportunities Fund - Direct Growth,2024-03-17,200.9946,0.015217047618999446
125497,HDFC Mid-Cap Opportunities Fund - Direct Growth,2024-03-18,198.586,-0.011983406519379014
125497,HDFC Mid-Cap Opportunities Fund - Direct Growth,2024-03-19,200.0845,0.007545849153515194
125497,HDFC Mid-Cap Opportunities Fund - Direct Growth,2024-03-20,198.7482,-0.006678678258435822
125497,HDFC Mid-Cap Opportunities Fund - Direct Growth,2024-03-21,198.5125,-0.0011859226901175246
125497,HDFC Mid-Cap Opportunities Fund - Direct Growth,2024-03-22,198.7641,0.0012674264844785288
125497,HDFC Mid-Cap Opportunities Fund - Direct Growth,2024-03-23,195.2653,-0.017602776356495098
125497,HDFC Mid-Cap Opportunities Fund - Direct Growth,2024-03-24,193.5184,-0.008946289996225598
125497,HDFC Mid-Cap Opportunities Fund - Direct Growth,2024-03-25,196.7333,0.016612890557176963
125497,HDFC Mid-Cap Opportunities Fund - Direct Growth,2024-03-26,198.9041,0.011034227555782206
125497,HDFC Mid-Cap Opportunities Fund - Direct Growth,2024-03-27,198.8342,-0.00035142563677670324
125497,HDFC Mid-Cap Opportunities Fund - Direct Growth,2024-03-28,199.4938,0.003317336755950251
125497,HDFC Mid-Cap Opportunities Fund - Direct Growth,2024-03-29,198.8692,-0.003130924369579291
125497,HDFC Mid-Cap Opportunities Fund - Direct Growth,2024-03-30,202.1861,0.01667880194620386
125497,HDFC Mid-Cap Opportunities Fund - Direct Growth,2024-03-31,201.7809,-0.0020040942478242174
125497,HDFC Mid-Cap Opportunities Fund - Direct Growth,2024-04-01,202.423,0.0031821644169491847
125497,HDFC Mid-Cap Opportunities Fund - Direct Growth,2024-04-02,205.2878,0.014152541954224551
125497,HDFC Mid-Cap Opportunities Fund - Direct Growth,2024-04-03,203.4549,-0.00892844094973011
125497,HDFC Mid-Cap Opportunities Fund - Direct Growth,2024-04-04,207.342,0.019105462684850583
125497,HDFC Mid-Cap Opportunities Fund - Direct Growth,2024-04-05,203.617,-0.01796548697321343
125497,HDFC Mid-Cap Opportunities Fund - Direct Growth,2024-04-06,207.6803,0.019955602921170712
125497,HDFC Mid-Cap Opportunities Fund - Direct Growth,2024-04-07,206.8346,-0.0040721243180021904
125497,HDFC Mid-Cap Opportunities Fund - Direct Growth,2024-04-08,206.315,-0.0025121522221136505
125497,HDFC Mid-Cap Opportunities Fund - Direct Growth,2024-04-09,201.7183,-0.02228000872452318
125497,HDFC Mid-Cap Opportunities Fund - Direct Growth,2024-04-10,200.6981,-0.005057548075707463
125497,HDFC Mid-Cap Opportunities Fund - Direct Growth,2024-04-11,198.2741,-0.012077842291481566
125497,HDFC Mid-Cap Opportunities Fund - Direct Growth,2024-04-12,196.9076,-0.006891974292154157
125497,HDFC Mid-Cap Opportunities Fund - Direct Growth,2024-04-13,196.6619,-0.0012477933812610198
125497,HDFC Mid-Cap Opportunities Fund - Direct Growth,2024-04-14,199.0009,0.011893508605377967
125497,HDFC Mid-Cap Opportunities Fund - Direct Growth,2024-04-15,199.5763,0.002891444209548899
125497,HDFC Mid-Cap Opportunities Fund - Direct Growth,2024-04-16,200.393,0.0040921692605784266
125497,HDFC Mid-Cap Opportunities Fund - Direct Growth,2024-04-17,197.8387,-0.012746453219423914
125497,HDFC Mid-Cap Opportunities Fund - Direct Growth,2024-04-18,195.8269,-0.010168890110984319
125497,HDFC Mid-Cap Opportunities Fund - Direct Growth,2024-04-19,200.1321,0.021984722221513042
125497,HDFC Mid-Cap Opportunities Fund - Direct Growth,2024-04-20,198.4465,-0.008422436980374592
125497,HDFC Mid-Cap Opportunities Fund - Direct Growth,2024-04-21,202.4699,0.02027448203923976
125497,HDFC Mid-Cap Opportunities Fund - Direct Growth,2024-04-22,201.9603,-0.0025169173294401492
125497,HDFC Mid-Cap Opportunities Fund - Direct Growth,2024-04-23,202.0466,0.00042731170433008003
125497,HDFC Mid-Cap Opportunities Fund - Direct Growth,2024-04-24,204.7226,0.013244469345190524
125497,HDFC Mid-Cap Opportunities Fund - Direct Growth,2024-04-25,207.9291,0.015662657664566648
125497,HDFC Mid-Cap Opportunities Fund - Direct Growth,2024-04-26,207.7358,-0.000929643806470537
125497,HDFC Mid-Cap Opportunities Fund - Direct Growth,2024-04-27,206.8511,-0.004258774847667124
125497,HDFC Mid-Cap Opportunities Fund - Direct Growth,2024-04-28,206.795,-0.0002712095802246406
125497,HDFC Mid-Cap Opportunities Fund - Direct Growth,2024-04-29,207.7164,0.004455620300297447
125497,HDFC Mid-Cap Opportunities Fund - Direct Growth,2024-04-30,210.0211,0.011095416635374056
125497,HDFC Mid-Cap Opportunities Fund - Direct Growth,2024-05-01,210.1158,0.000450907075527196
125497,HDFC Mid-Cap Opportunities Fund - Direct Growth,2024-05-02,211.7603,0.007826636549940424
125497,HDFC Mid-Cap Opportunities Fund - Direct Growth,2024-05-03,216.0083,0.020060417368128025
125497,HDFC Mid-Cap Opportunities Fund - Direct Growth,2024-05-04,217.0831,0.0049757347287118225
125497,HDFC Mid-Cap Opportunities Fund - Direct Growth,2024-05-05,217.9818,0.004139889286637111
125497,HDFC Mid-Cap Opportunities Fund - Direct Growth,2024-05-06,214.0959,-0.017826717643399603
125497,HDFC Mid-Cap Opportunities Fund - Direct Growth,2024-05-07,207.4228,-0.031168742605533373
125497,HDFC Mid-Cap Opportunities Fund - Direct Growth,2024-05-08,208.4725,0.0050606779968258575
125497,HDFC Mid-Cap Opportunities Fund - Direct Growth,2024-05-09,208.3187,-0.0007377471848803996
125497,HDFC Mid-Cap Opportunities Fund - Direct Growth,2024-05-10,207.1152,-0.005777205790934881
125497,HDFC Mid-Cap Opportunities Fund - Direct Growth,2024-05-11,207.8033,0.0033223056540516716
125497,HDFC Mid-Cap Opportunities Fund - Direct Growth,2024-05-12,207.7358,-0.00032482641036013504
125497,HDFC Mid-Cap Opportunities Fund - Direct Growth,2024-05-13,210.6303,0.013933563690033068
125497,HDFC Mid-Cap Opportunities Fund - Direct Growth,2024-05-14,210.9322,0.0014333170488765035
125497,HDFC Mid-Cap Opportunities Fund - Direct Growth,2024-05-15,209.126,-0.008562941077749131
125497,HDFC Mid-Cap Opportunities Fund - Direct Growth,2024-05-16,211.6945,0.012282069183171762
125497,HDFC Mid-Cap Opportunities Fund - Direct Growth,2024-05-17,211.2276,-0.0022055367522538782
125497,HDFC Mid-Cap Opportunities Fund - Direct Growth,2024-05-18,212.6467,0.006718345519240998
125497,HDFC Mid-Cap Opportunities Fund - Direct Growth,2024-05-19,211.5135,-0.0053290269729087125
125497,HDFC Mid-Cap Opportunities Fund - Direct Growth,2024-05-20,209.9487,-0.007398109340538528
125497,HDFC Mid-Cap Opportunities Fund - Direct Growth,2024-05-21,210.2447,0.00140986822018907
125497,HDFC Mid-Cap Opportunities Fund - Direct Growth,2024-05-22,210.3612,0.000554116227424517
125497,HDFC Mid-Cap Opportunities Fund - Direct Growth,2024-05-23,211.6566,0.00615797970348142
125497,HDFC Mid-Cap Opportunities Fund - Direct Growth,2024-05-24,211.0589,-0.002823913830232616
125497,HDFC Mid-Cap Opportunities Fund - Direct Growth,2024-05-25,206.4924,-0.02163614043283646
125497,HDFC Mid-Cap Opportunities Fund - Direct Growth,2024-05-26,205.5026,-0.004793396754553703
125497,HDFC Mid-Cap Opportunities Fund - Direct Growth,2024-05-27,207.5424,0.009925908479989864
125497,HDFC Mid-Cap Opportunities Fund - Direct Growth,2024-05-28,206.8848,-0.003168509181738166
125497,HDFC Mid-Cap Opportunities Fund - Direct Growth,2024-05-29,206.3559,-0.002556495208927978
125497,HDFC Mid-Cap Opportunities Fund - Direct Growth,2024-05-30,208.881,0.012236626139596751
125497,HDFC Mid-Cap Opportunities Fund - Direct Growth,2024-05-31,207.1799,-0.00814387139088757
125497,HDFC Mid-Cap Opportunities Fund - Direct Growth,2024-06-01,203.4271,-0.018113726283292997
125497,HDFC Mid-Cap Opportunities Fund - Direct Growth,2024-06-02,203.1164,-0.0015273284631202033
125497,HDFC Mid-Cap Opportunities Fund - Direct Growth,2024-06-03,202.0175,-0.005410198290241364
125497,HDFC Mid-Cap Opportunities Fund - Direct Growth,2024-06-04,199.7559,-0.011195069734057816
125497,HDFC Mid-Cap Opportunities Fund - Direct Growth,2024-06-05,199.4154,-0.0017045804404275389
125497,HDFC Mid-Cap Opportunities Fund - Direct Growth,2024-06-06,200.6713,0.006297908787385564
125497,HDFC Mid-Cap Opportunities Fund - Direct Growth,2024-06-07,200.7292,0.00028853154387298297
125497,HDFC Mid-Cap Opportunities Fund - Direct Growth,2024-06-08,201.5489,0.004083611153733457
125497,HDFC Mid-Cap Opportunities Fund - Direct Growth,2024-06-09,206.0154,0.022160875102766653
125497,HDFC Mid-Cap Opportunities Fund - Direct Growth,2024-06-10,205.2501,-0.0037147708375199207
125497,HDFC Mid-Cap Opportunities Fund - Direct Growth,2024-06-11,206.0178,0.003740314864645544
125497,HDFC Mid-Cap Opportunities Fund - Direct Growth,2024-06-12,204.8413,-0.0057106716021625425
125497,HDFC Mid-Cap Opportunities Fund - Direct Growth,2024-06-13,202.8428,-0.00975633331754866
125497,HDFC Mid-Cap Opportunities Fund - Direct Growth,2024-06-14,201.5002,-0.006618918689743958
125497,HDFC Mid-Cap Opportunities Fund - Direct Growth,2024-06-15,200.4232,-0.005344907846245306
125497,HDFC Mid-Cap Opportunities Fund - Direct Growth,2024-06-16,201.3679,0.004713526178605987
125497,HDFC Mid-Cap Opportunities Fund - Direct Growth,2024-06-17,207.1248,0.028588965768625574
125497,HDFC Mid-Cap Opportunities Fund - Direct Growth,2024-06-18,205.4279,-0.008192645207140803
125497,HDFC Mid-Cap Opportunities Fund - Direct Growth,2024-06-19,204.483,-0.004599667328537116
125497,HDFC Mid-Cap Opportunities Fund - Direct Growth,2024-06-20,204.4099,-0.00035748693045389857
125497,HDFC Mid-Cap Opportunities Fund - Direct Growth,2024-06-21,205.4625,0.005149457046845551
125497,HDFC Mid-Cap Opportunities Fund - Direct Growth,2024-06-22,206.1945,0.0035626939222486165
125497,HDFC Mid-Cap Opportunities Fund - Direct Growth,2024-06-23,209.4543,0.015809345060125102
125497,HDFC Mid-Cap Opportunities Fund - Direct Growth,2024-06-24,203.4395,-0.028716526707735168
125497,HDFC Mid-Cap Opportunities Fund - Direct Growth,2024-06-25,197.6937,-0.028243286087510033
125497,HDFC Mid-Cap Opportunities Fund - Direct Growth,2024-06-26,196.5964,-0.005550505655971927
125497,HDFC Mid-Cap Opportunities Fund - Direct Growth,2024-06-27,199.2637,0.013567389840302368
125497,HDFC Mid-Cap Opportunities Fund - Direct Growth,2024-06-28,195.5997,-0.018387694296552737
125497,HDFC Mid-Cap Opportunities Fund - Direct Growth,2024-06-29,188.6184,-0.035691772533393507
125497,HDFC Mid-Cap Opportunities Fund - Direct Growth,2024-06-30,189.9867,0.007254329376137347
125497,HDFC Mid-Cap Opportunities Fund - Direct Growth,2024-07-01,190.6182,0.0033239168847081224
125497,HDFC Mid-Cap Opportunities Fund - Direct Growth,2024-07-02,188.2007,-0.012682419622050745
125497,HDFC Mid-Cap Opportunities Fund - Direct Growth,2024-07-03,186.0502,-0.011426631250574637
125497,HDFC Mid-Cap Opportunities Fund - Direct Growth,2024-07-04,183.9596,-0.011236752231386982
125497,HDFC Mid-Cap Opportunities Fund - Direct Growth,2024-07-05,184.2772,0.0017264660284106448
125497,HDFC Mid-Cap Opportunities Fund - Direct Growth,2024-07-06,182.9659,-0.00711591016143065
125497,HDFC Mid-Cap Opportunities Fund - Direct Growth,2024-07-07,184.1238,0.006328501649760954
125497,HDFC Mid-Cap Opportunities Fund - Direct Growth,2024-07-08,177.8902,-0.03385548201807698
125497,HDFC Mid-Cap Opportunities Fund - Direct Growth,2024-07-09,176.1322,-0.009882500553712203
125497,HDFC Mid-Cap Opportunities Fund - Direct Growth,2024-07-10,173.8226,-0.013112877713444937
125497,HDFC Mid-Cap Opportunities Fund - Direct Growth,2024-07-11,173.3574,-0.002676291805553399
125497,HDFC Mid-Cap Opportunities Fund - Direct Growth,2024-07-12,172.3074,-0.006056851337179814
125497,HDFC Mid-Cap Opportunities Fund - Direct Growth,2024-07-13,174.026,0.009974034777380458
125497,HDFC Mid-Cap Opportunities Fund - Direct Growth,2024-07-14,170.2127,-0.021912242998172626
125497,HDFC Mid-Cap Opportunities Fund - Direct Growth,2024-07-15,170.3737,0.0009458753665267938
125497,HDFC Mid-Cap Opportunities Fund - Direct Growth,2024-07-16,171.5834,0.00710027427942217
125497,HDFC Mid-Cap Opportunities Fund - Direct Growth,2024-07-17,175.4749,0.022679932907262446
125497,HDFC Mid-Cap Opportunities Fund - Direct Growth,2024-07-18,174.5306,-0.005381396427637242
125497,HDFC Mid-Cap Opportunities Fund - Direct Growth,2024-07-19,175.2799,0.004293229955091071
125497,HDFC Mid-Cap Opportunities Fund - Direct Growth,2024-07-20,171.5558,-0.021246589027036134
125497,HDFC Mid-Cap Opportunities Fund - Direct Growth,2024-07-21,166.7002,-0.02830332754707221
125497,HDFC Mid-Cap Opportunities Fund - Direct Growth,2024-07-22,168.4568,0.01053747985905229
125497,HDFC Mid-Cap Opportunities Fund - Direct Growth,2024-07-23,168.5129,0.00033302306585425434
125497,HDFC Mid-Cap Opportunities Fund - Direct Growth,2024-07-24,170.9634,0.014541913408409712
125497,HDFC Mid-Cap Opportunities Fund - Direct Growth,2024-07-25,168.2142,-0.016080634802536742
125497,HDFC Mid-Cap Opportunities Fund - Direct Growth,2024-07-26,169.3309,0.006638559645975262
125497,HDFC Mid-Cap Opportunities Fund - Direct Growth,2024-07-27,173.196,0.022825721708205515
125497,HDFC Mid-Cap Opportunities Fund - Direct Growth,2024-07-28,174.1376,0.005436615164322367
125497,HDFC Mid-Cap Opportunities Fund - Direct Growth,2024-07-29,174.7852,0.0037188981586975256
125497,HDFC Mid-Cap Opportunities Fund - Direct Growth,2024-07-30,174.8731,0.000502902991786458
125497,HDFC Mid-Cap Opportunities Fund - Direct Growth,2024-07-31,171.6466,-0.018450522121469692
125497,HDFC Mid-Cap Opportunities Fund - Direct Growth,2024-08-01,174.5074,0.016666802604886843
125497,HDFC Mid-Cap Opportunities Fund - Direct Growth,2024-08-02,173.298,-0.006930365130647709
125497,HDFC Mid-Cap Opportunities Fund - Direct Growth,2024-08-03,174.4164,0.006453623238583228
125497,HDFC Mid-Cap Opportunities Fund - Direct Growth,2024-08-04,171.2147,-0.018356645361330748
125497,HDFC Mid-Cap Opportunities Fund - Direct Growth,2024-08-05,168.8599,-0.013753491960678543
125497,HDFC Mid-Cap Opportunities Fund - Direct Growth,2024-08-06,171.8354,0.017621116677198012
125497,HDFC Mid-Cap Opportunities Fund - Direct Growth,2024-08-07,171.188,-0.003767558954674066
125497,HDFC Mid-Cap Opportunities Fund - Direct Growth,2024-08-08,174.2419,0.01783945136341325
125497,HDFC Mid-Cap Opportunities Fund - Direct Growth,2024-08-09,174.148,-0.000538905969230119
125497,HDFC Mid-Cap Opportunities Fund - Direct Growth,2024-08-10,170.3685,-0.0217028045111054
125497,HDFC Mid-Cap Opportunities Fund - Direct Growth,2024-08-11,172.2604,0.01110475234565067
125497,HDFC Mid-Cap Opportunities Fund - Direct Growth,2024-08-12,171.1099,-0.006678842032179166
125497,HDFC Mid-Cap Opportunities Fund - Direct Growth,2024-08-13,172.613,0.008784412824740073
125497,HDFC Mid-Cap Opportunities Fund - Direct Growth,2024-08-14,172.7343,0.0007027280679900993
125497,HDFC Mid-Cap Opportunities Fund - Direct Growth,2024-08-15,169.6048,-0.018117420801774586
125497,HDFC Mid-Cap Opportunities Fund - Direct Growth,2024-08-16,170.007,0.0023713951491939333
125497,HDFC Mid-Cap Opportunities Fund - Direct Growth,2024-08-17,174.5555,0.02675478068550108
125497,HDFC Mid-Cap Opportunities Fund - Direct Growth,2024-08-18,175.658,0.00631604274858133
125497,HDFC Mid-Cap Opportunities Fund - Direct Growth,2024-08-19,175.607,-0.0002903369046669546
125497,HDFC Mid-Cap Opportunities Fund - Direct Growth,2024-08-20,177.9433,0.01330413935663155
125497,HDFC Mid-Cap Opportunities Fund - Direct Growth,2024-08-21,178.4643,0.0029278989430903124
125497,HDFC Mid-Cap Opportunities Fund - Direct Growth,2024-08-22,178.9844,0.002914308351866346
125497,HDFC Mid-Cap Opportunities Fund - Direct Growth,2024-08-23,176.7114,-0.012699430788381538
125497,HDFC Mid-Cap Opportunities Fund - Direct Growth,2024-08-24,177.278,0.0032063579372920703
125497,HDFC Mid-Cap Opportunities Fund - Direct Growth,2024-08-25,179.5516,0.012825054434278504
125497,HDFC Mid-Cap Opportunities Fund - Direct Growth,2024-08-26,177.822,-0.009632885476932529
125497,HDFC Mid-Cap Opportunities Fund - Direct Growth,2024-08-27,180.9328,0.0174938983927746
125497,HDFC Mid-Cap Opportunities Fund - Direct Growth,2024-08-28,180.8061,-0.0007002599860279624
125497,HDFC Mid-Cap Opportunities Fund - Direct Growth,2024-08-29,178.9523,-0.010252972659661297
125497,HDFC Mid-Cap Opportunities Fund - Direct Growth,2024-08-30,181.1662,0.01237145317495214
125497,HDFC Mid-Cap Opportunities Fund - Direct Growth,2024-08-31,180.6152,-0.003041406178415307
125497,HDFC Mid-Cap Opportunities Fund - Direct Growth,2024-09-01,182.3336,0.009514149418210716
125497,HDFC Mid-Cap Opportunities Fund - Direct Growth,2024-09-02,181.7682,-0.003100909541631336
125497,HDFC Mid-Cap Opportunities Fund - Direct Growth,2024-09-03,181.7104,-0.00031798741474042824
125497,HDFC Mid-Cap Opportunities Fund - Direct Growth,2024-09-04,182.8593,0.006322698095430956
125497,HDFC Mid-Cap Opportunities Fund - Direct Growth,2024-09-05,183.5708,0.0038909697237166085
125497,HDFC Mid-Cap Opportunities Fund - Direct Growth,2024-09-06,179.2484,-0.02354622848514032
125497,HDFC Mid-Cap Opportunities Fund - Direct Growth,2024-09-07,176.9083,-0.013055067716085667
125497,HDFC Mid-Cap Opportunities Fund - Direct Growth,2024-09-08,178.9521,0.011552877959937424
125497,HDFC Mid-Cap Opportunities Fund - Direct Growth,2024-09-09,178.7399,-0.0011857921756716072
125497,HDFC Mid-Cap Opportunities Fund - Direct Growth,2024-09-10,177.6881,-0.00588452830062014
125497,HDFC Mid-Cap Opportunities Fund - Direct Growth,2024-09-11,174.8623,-0.015903147143787266
125497,HDFC Mid-Cap Opportunities Fund - Direct Growth,2024-09-12,172.6666,-0.012556737501451254
125497,HDFC Mid-Cap Opportunities Fund - Direct Growth,2024-09-13,168.5465,-0.023861592224552863
125497,HDFC Mid-Cap Opportunities Fund - Direct Growth,2024-09-14,168.4091,-0.0008152052994278014
125497,HDFC Mid-Cap Opportunities Fund - Direct Growth,2024-09-15,167.2671,-0.006781106246633861
125497,HDFC Mid-Cap Opportunities Fund - Direct Growth,2024-09-16,165.3939,-0.011198855004959096
125497,HDFC Mid-Cap Opportunities Fund - Direct Growth,2024-09-17,165.3249,-0.0004171858817041407
125497,HDFC Mid-Cap Opportunities Fund - Direct Growth,2024-09-18,166.1131,0.0047675818948023085
125497,HDFC Mid-Cap Opportunities Fund - Direct Growth,2024-09-19,170.352,0.0255181560033495
125497,HDFC Mid-Cap Opportunities Fund - Direct Growth,2024-09-20,167.3295,-0.01774267399267404
125497,HDFC Mid-Cap Opportunities Fund - Direct Growth,2024-09-21,169.7244,0.01431247926994339
125497,HDFC Mid-Cap Opportunities Fund - Direct Growth,2024-09-22,171.7742,0.012077226374051175
125497,HDFC Mid-Cap Opportunities Fund - Direct Growth,2024-09-23,170.237,-0.00894895741036783
125497,HDFC Mid-Cap Opportunities Fund - Direct Growth,2024-09-24,170.7203,0.002838983299752851
125497,HDFC Mid-Cap Opportunities Fund - Direct Growth,2024-09-25,169.8511,-0.005091368747594749
125497,HDFC Mid-Cap Opportunities Fund - Direct Growth,2024-09-26,170.2975,0.002628184333218986
125497,HDFC Mid-Cap Opportunities Fund - Direct Growth,2024-09-27,173.4496,0.018509373302602716
125497,HDFC Mid-Cap Opportunities Fund - Direct Growth,2024-09-28,174.7795,0.007667356972861361
125497,HDFC Mid-Cap Opportunities Fund - Direct Growth,2024-09-29,175.9161,0.006503050987100911
125497,HDFC Mid-Cap Opportunities Fund - Direct Growth,2024-09-30,175.0781,-0.00476363448257433
125497,HDFC Mid-Cap Opportunities Fund - Direct Growth,2024-10-01,172.0302,-0.01740880212887852
125497,HDFC Mid-Cap Opportunities Fund - Direct Growth,2024-10-02,171.6687,-0.002101375223652613
125497,HDFC Mid-Cap Opportunities Fund - Direct Growth,2024-10-03,174.223,0.014879241236171792
125497,HDFC Mid-Cap Opportunities Fund - Direct Growth,2024-10-04,171.0999,-0.01792587660641831
125497,HDFC Mid-Cap Opportunities Fund - Direct Growth,2024-10-05,169.002,-0.012261257896702293
125497,HDFC Mid-Cap Opportunities Fund - Direct Growth,2024-10-06,169.3257,0.0019153619483793793
125497,HDFC Mid-Cap Opportunities Fund - Direct Growth,2024-10-07,167.3927,-0.011415868943698615
125497,HDFC Mid-Cap Opportunities Fund - Direct Growth,2024-10-08,165.8677,-0.009110313651670476
125497,HDFC Mid-Cap Opportunities Fund - Direct Growth,2024-10-09,165.0909,-0.004683250566566044
125497,HDFC Mid-Cap Opportunities Fund - Direct Growth,2024-10-10,162.4515,-0.015987555946451293
125497,HDFC Mid-Cap Opportunities Fund - Direct Growth,2024-10-11,160.6175,-0.011289523334656826
125497,HDFC Mid-Cap Opportunities Fund - Direct Growth,2024-10-12,162.0375,0.00884087972979275
125497,HDFC Mid-Cap Opportunities Fund - Direct Growth,2024-10-13,159.5602,-0.015288436318753318
125497,HDFC Mid-Cap Opportunities Fund - Direct Growth,2024-10-14,156.5645,-0.01877473204470792
125497,HDFC Mid-Cap Opportunities Fund - Direct Growth,2024-10-15,155.4435,-0.0071599883753981075
125497,HDFC Mid-Cap Opportunities Fund - Direct Growth,2024-10-16,156.871,0.00918340104282267
125497,HDFC Mid-Cap Opportunities Fund - Direct Growth,2024-10-17,156.5631,-0.001962759209796716
125497,HDFC Mid-Cap Opportunities Fund - Direct Growth,2024-10-18,155.7529,-0.005174910307728875
125497,HDFC Mid-Cap Opportunities Fund - Direct Growth,2024-10-19,155.8981,0.0009322458843461501
125497,HDFC Mid-Cap Opportunities Fund - Direct Growth,2024-10-20,152.6946,-0.020548678912699958
125497,HDFC Mid-Cap Opportunities Fund - Direct Growth,2024-10-21,153.6621,0.0063361769178478244
125497,HDFC Mid-Cap Opportunities Fund - Direct Growth,2024-10-22,154.4306,0.005001233225369051
125497,HDFC Mid-Cap Opportunities Fund - Direct Growth,2024-10-23,153.7339,-0.004511411598478454
125497,HDFC Mid-Cap Opportunities Fund - Direct Growth,2024-10-24,155.6511,0.012470899391741286
125497,HDFC Mid-Cap Opportunities Fund - Direct Growth,2024-10-25,153.6074,-0.013130006790828985
125497,HDFC Mid-Cap Opportunities Fund - Direct Growth,2024-10-26,155.7479,0.013934875533339941
125497,HDFC Mid-Cap Opportunities Fund - Direct Growth,2024-10-27,156.0989,0.002253641943165796
125497,HDFC Mid-Cap Opportunities Fund - Direct Growth,2024-10-28,155.5309,-0.003638718786615258
125497,HDFC Mid-Cap Opportunities Fund - Direct Growth,2024-10-29,155.556,0.00016138272201859927
125497,HDFC Mid-Cap Opportunities Fund - Direct Growth,2024-10-30,155.418,-0.0008871403224562924
125497,HDFC Mid-Cap Opportunities Fund - Direct Growth,2024-10-31,157.756,0.015043302577564921
125497,HDFC Mid-Cap Opportunities Fund - Direct Growth,2024-11-01,155.7809,-0.01251996754481599
125497,HDFC Mid-Cap Opportunities Fund - Direct Growth,2024-11-02,154.4178,-0.008750109930036332
125497,HDFC Mid-Cap Opportunities Fund - Direct Growth,2024-11-03,156.3999,0.012835955440370306
125497,HDFC Mid-Cap Opportunities Fund - Direct Growth,2024-11-04,155.3448,-0.006746167996271146
125497,HDFC Mid-Cap Opportunities Fund - Direct Growth,2024-11-05,157.0857,0.011206683455126987
125497,HDFC Mid-Cap Opportunities Fund - Direct Growth,2024-11-06,160.352,0.020793108475182676
125497,HDFC Mid-Cap Opportunities Fund - Direct Growth,2024-11-07,159.643,-0.004421522650169596
125497,HDFC Mid-Cap Opportunities Fund - Direct Growth,2024-11-08,161.0122,0.008576636620459377
125497,HDFC Mid-Cap Opportunities Fund - Direct Growth,2024-11-09,158.8475,-0.013444322852554147
125497,HDFC Mid-Cap Opportunities Fund - Direct Growth,2024-11-10,160.3497,0.009456869009584867
125497,HDFC Mid-Cap Opportunities Fund - Direct Growth,2024-11-11,160.7976,0.002793269959344924
125497,HDFC Mid-Cap Opportunities Fund - Direct Growth,2024-11-12,161.7747,0.006076583232585531
125497,HDFC Mid-Cap Opportunities Fund - Direct Growth,2024-11-13,160.5862,-0.0073466370204983145
125497,HDFC Mid-Cap Opportunities Fund - Direct Growth,2024-11-14,157.4495,-0.01953281166127596
125497,HDFC Mid-Cap Opportunities Fund - Direct Growth,2024-11-15,158.4633,0.006438889929787139
125497,HDFC Mid-Cap Opportunities Fund - Direct Growth,2024-11-16,154.603,-0.02436084569739494
125497,HDFC Mid-Cap Opportunities Fund - Direct Growth,2024-11-17,154.0761,-0.003408083931101036
125497,HDFC Mid-Cap Opportunities Fund - Direct Growth,2024-11-18,155.8779,0.011694221232235291
125497,HDFC Mid-Cap Opportunities Fund - Direct Growth,2024-11-19,156.2992,0.002702756452325872
125497,HDFC Mid-Cap Opportunities Fund - Direct Growth,2024-11-20,160.016,0.023780032143478458
125497,HDFC Mid-Cap Opportunities Fund - Direct Growth,2024-11-21,162.0484,0.012701229877012166
125497,HDFC Mid-Cap Opportunities Fund - Direct Growth,2024-11-22,160.8417,-0.007446540663159751
125497,HDFC Mid-Cap Opportunities Fund - Direct Growth,2024-11-23,160.9588,0.0007280450281239581
125497,HDFC Mid-Cap Opportunities Fund - Direct Growth,2024-11-24,160.9317,-0.00016836606634740292
125497,HDFC Mid-Cap Opportunities Fund - Direct Growth,2024-11-25,157.9406,-0.018586145551187316
125497,HDFC Mid-Cap Opportunities Fund - Direct Growth,2024-11-26,156.2215,-0.010884471757103609
125497,HDFC Mid-Cap Opportunities Fund - Direct Growth,2024-11-27,155.2328,-0.006328834379390802
125497,HDFC Mid-Cap Opportunities Fund - Direct Growth,2024-11-28,151.5018,-0.024034868919455166
125497,HDFC Mid-Cap Opportunities Fund - Direct Growth,2024-11-29,151.6487,0.0009696254433939622
125497,HDFC Mid-Cap Opportunities Fund - Direct Growth,2024-11-30,151.2561,-0.0025888781110552372
125497,HDFC Mid-Cap Opportunities Fund - Direct Growth,2024-12-01,148.2802,-0.01967457841369702
125497,HDFC Mid-Cap Opportunities Fund - Direct Growth,2024-12-02,149.0588,0.005250869637348554
125497,HDFC Mid-Cap Opportunities Fund - Direct Growth,2024-12-03,150.3989,0.008990411837476175
125497,HDFC Mid-Cap Opportunities Fund - Direct Growth,2024-12-04,150.8688,0.003124357957405177
125497,HDFC Mid-Cap Opportunities Fund - Direct Growth,2024-12-05,150.3424,-0.0034891243252415105
125497,HDFC Mid-Cap Opportunities Fund - Direct Growth,2024-12-06,151.4696,0.007497552254054796
125497,HDFC Mid-Cap Opportunities Fund - Direct Growth,2024-12-07,152.7666,0.008562774312469212
125497,HDFC Mid-Cap Opportunities Fund - Direct Growth,2024-12-08,153.3912,0.00408859004520612
125497,HDFC Mid-Cap Opportunities Fund - Direct Growth,2024-12-09,151.9347,-0.009495329588659618
125497,HDFC Mid-Cap Opportunities Fund - Direct Growth,2024-12-10,152.4998,0.003719361014962397
125497,HDFC Mid-Cap Opportunities Fund - Direct Growth,2024-12-11,154.7485,0.014745593108974608
125497,HDFC Mid-Cap Opportunities Fund - Direct Growth,2024-12-12,153.7025,-0.006759354694875985
125497,HDFC Mid-Cap Opportunities Fund - Direct Growth,2024-12-13,157.6335,0.02557538101202006
125497,HDFC Mid-Cap Opportunities Fund - Direct Growth,2024-12-14,156.7023,-0.005907373749869049
125497,HDFC Mid-Cap Opportunities Fund - Direct Growth,2024-12-15,156.8259,0.0007887567700026743
125497,HDFC Mid-Cap Opportunities Fund - Direct Growth,2024-12-16,155.6231,-0.007669651505267883
125497,HDFC Mid-Cap Opportunities Fund - Direct Growth,2024-12-17,156.1023,0.0030792343810142064
125497,HDFC Mid-Cap Opportunities Fund - Direct Growth,2024-12-18,152.9012,-0.020506424312774496
125497,HDFC Mid-Cap Opportunities Fund - Direct Growth,2024-12-19,151.9605,-0.00615233889596678
125497,HDFC Mid-Cap Opportunities Fund - Direct Growth,2024-12-20,150.0298,-0.01270527538406363
125497,HDFC Mid-Cap Opportunities Fund - Direct Growth,2024-12-21,150.3335,0.00202426451278348
125497,HDFC Mid-Cap Opportunities Fund - Direct Growth,2024-12-22,152.1876,0.012333245750282051
125497,HDFC Mid-Cap Opportunities Fund - Direct Growth,2024-12-23,153.4282,0.008151781091232158
125497,HDFC Mid-Cap Opportunities Fund - Direct Growth,2024-12-24,149.123,-0.028060030685363002
125497,HDFC Mid-Cap Opportunities Fund - Direct Growth,2024-12-25,152.8369,0.024904944240660587
125497,HDFC Mid-Cap Opportunities Fund - Direct Growth,2024-12-26,153.4396,0.003943419422927308
125497,HDFC Mid-Cap Opportunities Fund - Direct Growth,2024-12-27,152.0712,-0.008918167148506684
125497,HDFC Mid-Cap Opportunities Fund - Direct Growth,2024-12-28,152.4188,0.0022857714018169606
125497,HDFC Mid-Cap Opportunities Fund - Direct Growth,2024-12-29,152.802,0.002514125554065494
125497,HDFC Mid-Cap Opportunities Fund - Direct Growth,2024-12-30,151.6404,-0.007601994738288709
125497,HDFC Mid-Cap Opportunities Fund - Direct Growth,2024-12-31,152.0612,0.0027749860855024178
135781,Parag Parikh Flexi Cap Fund - Direct Growth,2022-01-01,216.0291,0.0
135781,Parag Parikh Flexi Cap Fund - Direct Growth,2022-01-02,216.0383,4.258685519675787e-05
135781,Parag Parikh Flexi Cap Fund - Direct Growth,2022-01-03,216.9584,0.004258967044269646
135781,Parag Parikh Flexi Cap Fund - Direct Growth,2022-01-04,217.3485,0.0017980405460216176
135781,Parag Parikh Flexi Cap Fund - Direct Growth,2022-01-05,218.4258,0.004956555945865748
135781,Parag Parikh Flexi Cap Fund - Direct Growth,2022-01-06,217.6968,-0.0033375178206970224
135781,Parag Parikh Flexi Cap Fund - Direct Growth,2022-01-07,217.937,0.0011033694569695385
135781,Parag Parikh Flexi Cap Fund - Direct Growth,2022-01-08,214.8131,-0.014333958896378451
135781,Parag Parikh Flexi Cap Fund - Direct Growth,2022-01-09,214.0744,-0.003438803313205785
135781,Parag Parikh Flexi Cap Fund - Direct Growth,2022-01-10,217.7329,0.017089852873580336
135781,Parag Parikh Flexi Cap Fund - Direct Growth,2022-01-11,218.653,0.0042258198003148895
135781,Parag Parikh Flexi Cap Fund - Direct Growth,2022-01-12,218.6856,0.00014909468427148909
135781,Parag Parikh Flexi Cap Fund - Direct Growth,2022-01-13,223.7489,0.02315333062625058
135781,Parag Parikh Flexi Cap Fund - Direct Growth,2022-01-14,220.1846,-0.015929910716879547
135781,Parag Parikh Flexi Cap Fund - Direct Growth,2022-01-15,217.3413,-0.012913255513782529
135781,Parag Parikh Flexi Cap Fund - Direct Growth,2022-01-16,221.8952,0.020952759553752642
135781,Parag Parikh Flexi Cap Fund - Direct Growth,2022-01-17,222.1063,0.0009513500066697933
135781,Parag Parikh Flexi Cap Fund - Direct Growth,2022-01-18,221.5486,-0.002510959842201732
135781,Parag Parikh Flexi Cap Fund - Direct Growth,2022-01-19,218.449,-0.013990609735290538
135781,Parag Parikh Flexi Cap Fund - Direct Growth,2022-01-20,219.71,0.005772514408397322
135781,Parag Parikh Flexi Cap Fund - Direct Growth,2022-01-21,221.2334,0.006933685312457305
135781,Parag Parikh Flexi Cap Fund - Direct Growth,2022-01-22,218.4162,-0.012734062759058973
135781,Parag Parikh Flexi Cap Fund - Direct Growth,2022-01-23,218.1359,-0.0012833297163855617
135781,Parag Parikh Flexi Cap Fund - Direct Growth,2022-01-24,217.3449,-0.003626179826429321
135781,Parag Parikh Flexi Cap Fund - Direct Growth,2022-01-25,218.0995,0.003471901112011455
135781,Parag Parikh Flexi Cap Fund - Direct Growth,2022-01-26,215.2574,-0.013031208232939573
135781,Parag Parikh Flexi Cap Fund - Direct Growth,2022-01-27,218.5774,0.015423395432631049
135781,Parag Parikh Flexi Cap Fund - Direct Growth,2022-01-28,221.067,0.01139001561918107
135781,Parag Parikh Flexi Cap Fund - Direct Growth,2022-01-29,220.192,-0.0039580760583894925
135781,Parag Parikh Flexi Cap Fund - Direct Growth,2022-01-30,219.7082,-0.002197173375962813
135781,Parag Parikh Flexi Cap Fund - Direct Growth,2022-01-31,219.4364,-0.0012370953837863574
135781,Parag Parikh Flexi Cap Fund - Direct Growth,2022-02-01,217.4747,-0.008939720119360284
135781,Parag Parikh Flexi Cap Fund - Direct Growth,2022-02-02,216.4045,-0.004921032193629826
135781,Parag Parikh Flexi Cap Fund - Direct Growth,2022-02-03,215.7892,-0.002843286530548217
135781,Parag Parikh Flexi Cap Fund - Direct Growth,2022-02-04,220.052,0.019754464078832523
135781,Parag Parikh Flexi Cap Fund - Direct Growth,2022-02-05,222.6397,0.011759493210695693
135781,Parag Parikh Flexi Cap Fund - Direct Growth,2022-02-06,225.2259,0.01161607745608717
135781,Parag Parikh Flexi Cap Fund - Direct Growth,2022-02-07,226.3158,0.004839141501931987
135781,Parag Parikh Flexi Cap Fund - Direct Growth,2022-02-08,223.3719,-0.01300792962753805
135781,Parag Parikh Flexi Cap Fund - Direct Growth,2022-02-09,223.35,-9.804277082303692e-05
135781,Parag Parikh Flexi Cap Fund - Direct Growth,2022-02-10,226.0404,0.012045668233714002
135781,Parag Parikh Flexi Cap Fund - Direct Growth,2022-02-11,222.7178,-0.014699142277221244
135781,Parag Parikh Flexi Cap Fund - Direct Growth,2022-02-12,224.5081,0.008038423511726567
135781,Parag Parikh Flexi Cap Fund - Direct Growth,2022-02-13,230.8552,0.028271140328567146
135781,Parag Parikh Flexi Cap Fund - Direct Growth,2022-02-14,233.8891,0.013142004165381582
135781,Parag Parikh Flexi Cap Fund - Direct Growth,2022-02-15,237.9514,0.017368487885925488
135781,Parag Parikh Flexi Cap Fund - Direct Growth,2022-02-16,238.67,0.0030199444088161442
135781,Parag Parikh Flexi Cap Fund - Direct Growth,2022-02-17,241.5377,0.012015334981354986
135781,Parag Parikh Flexi Cap Fund - Direct Growth,2022-02-18,239.5537,-0.008214038636618626
135781,Parag Parikh Flexi Cap Fund - Direct Growth,2022-02-19,241.9373,0.009950169836658862
135781,Parag Parikh Flexi Cap Fund - Direct Growth,2022-02-20,243.9339,0.008252551384180906
135781,Parag Parikh Flexi Cap Fund - Direct Growth,2022-02-21,244.8801,0.003878919658153235
135781,Parag Parikh Flexi Cap Fund - Direct Growth,2022-02-22,248.8452,0.01619200580202307
135781,Parag Parikh Flexi Cap Fund - Direct Growth,2022-02-23,247.3358,-0.006065618304070153
135781,Parag Parikh Flexi Cap Fund - Direct Growth,2022-02-24,246.8795,-0.0018448603073231151
135781,Parag Parikh Flexi Cap Fund - Direct Growth,2022-02-25,247.2611,0.0015456933443238619
135781,Parag Parikh Flexi Cap Fund - Direct Growth,2022-02-26,244.305,-0.011955378342974221
135781,Parag Parikh Flexi Cap Fund - Direct Growth,2022-02-27,245.068,0.003123145248767001
135781,Parag Parikh Flexi Cap Fund - Direct Growth,2022-02-28,240.111,-0.02022703902590306
135781,Parag Parikh Flexi Cap Fund - Direct Growth,2022-03-01,243.2237,0.01296358767403416
135781,Parag Parikh Flexi Cap Fund - Direct Growth,2022-03-02,243.4571,0.0009596104327003196
135781,Parag Parikh Flexi Cap Fund - Direct Growth,2022-03-03,242.0327,-0.0058507227762097935
135781,Parag Parikh Flexi Cap Fund - Direct Growth,2022-03-04,239.7062,-0.009612337506460955
135781,Parag Parikh Flexi Cap Fund - Direct Growth,2022-03-05,239.1273,-0.002415039744487202
135781,Parag Parikh Flexi Cap Fund - Direct Growth,2022-03-06,241.1979,0.008658986238710531
135781,Parag Parikh Flexi Cap Fund - Direct Growth,2022-03-07,242.8797,0.006972697523485838
135781,Parag Parikh Flexi Cap Fund - Direct Growth,2022-03-08,240.9205,-0.008066544877978754
135781,Parag Parikh Flexi Cap Fund - Direct Growth,2022-03-09,238.5709,-0.009752594735607856
135781,Parag Parikh Flexi Cap Fund - Direct Growth,2022-03-10,240.5469,0.00828265308132714
135781,Parag Parikh Flexi Cap Fund - Direct Growth,2022-03-11,238.558,-0.008268242076701071
135781,Parag Parikh Flexi Cap Fund - Direct Growth,2022-03-12,238.8249,0.0011188054896504873
135781,Parag Parikh Flexi Cap Fund - Direct Growth,2022-03-13,239.2751,0.0018850630734064122
135781,Parag Parikh Flexi Cap Fund - Direct Growth,2022-03-14,240.2668,0.004144601757558375
135781,Parag Parikh Flexi Cap Fund - Direct Growth,2022-03-15,242.8375,0.010699355882710426
135781,Parag Parikh Flexi Cap Fund - Direct Growth,2022-03-16,239.2543,-0.014755546404488618
135781,Parag Parikh Flexi Cap Fund - Direct Growth,2022-03-17,233.863,-0.022533764283442337
135781,Parag Parikh Flexi Cap Fund - Direct Growth,2022-03-18,232.3641,-0.006409308013666126
135781,Parag Parikh Flexi Cap Fund - Direct Growth,2022-03-19,237.4804,0.022018461543758194
135781,Parag Parikh Flexi Cap Fund - Direct Growth,2022-03-20,243.3381,0.024666035597042946
135781,Parag Parikh Flexi Cap Fund - Direct Growth,2022-03-21,248.7826,0.022374219244746252
135781,Parag Parikh Flexi Cap Fund - Direct Growth,2022-03-22,248.306,-0.0019157288331257405
135781,Parag Parikh Flexi Cap Fund - Direct Growth,2022-03-23,243.0952,-0.02098539705041358
135781,Parag Parikh Flexi Cap Fund - Direct Growth,2022-03-24,236.3575,-0.027716302090703637
135781,Parag Parikh Flexi Cap Fund - Direct Growth,2022-03-25,234.7105,-0.006968257829770508
135781,Parag Parikh Flexi Cap Fund - Direct Growth,2022-03-26,234.2465,-0.001976903461924362
135781,Parag Parikh Flexi Cap Fund - Direct Growth,2022-03-27,237.9962,0.016007496376680086
135781,Parag Parikh Flexi Cap Fund - Direct Growth,2022-03-28,240.5698,0.010813618032556871
135781,Parag Parikh Flexi Cap Fund - Direct Growth,2022-03-29,241.3225,0.0031288216559186566
135781,Parag Parikh Flexi Cap Fund - Direct Growth,2022-03-30,238.8422,-0.010277947559800715
135781,Parag Parikh Flexi Cap Fund - Direct Growth,2022-03-31,236.184,-0.011129524012088332
135781,Parag Parikh Flexi Cap Fund - Direct Growth,2022-04-01,236.9987,0.003449429258544301
135781,Parag Parikh Flexi Cap Fund - Direct Growth,2022-04-02,239.0759,0.008764605037917761
135781,Parag Parikh Flexi Cap Fund - Direct Growth,2022-04-03,240.2958,0.00510256366283679
135781,Parag Parikh Flexi Cap Fund - Direct Growth,2022-04-04,237.4086,-0.012015191276751436
135781,Parag Parikh Flexi Cap Fund - Direct Growth,2022-04-05,239.3573,0.008208211496971929
135781,Parag Parikh Flexi Cap Fund - Direct Growth,2022-04-06,240.6764,0.005511008020227415
135781,Parag Parikh Flexi Cap Fund - Direct Growth,2022-04-07,237.6805,-0.012447834519711987
135781,Parag Parikh Flexi Cap Fund - Direct Growth,2022-04-08,235.5386,-0.00901167744093434
135781,Parag Parikh Flexi Cap Fund - Direct Growth,2022-04-09,237.5788,0.0086618499048563
135781,Parag Parikh Flexi Cap Fund - Direct Growth,2022-04-10,237.0053,-0.0024139359235756386
135781,Parag Parikh Flexi Cap Fund - Direct Growth,2022-04-11,241.6197,0.019469606797822614
135781,Parag Parikh Flexi Cap Fund - Direct Growth,2022-04-12,243.1693,0.006413384339108097
135781,Parag Parikh Flexi Cap Fund - Direct Growth,2022-04-13,241.8466,-0.00543942018996646
135781,Parag Parikh Flexi Cap Fund - Direct Growth,2022-04-14,241.9137,0.00027744859758205287
135781,Parag Parikh Flexi Cap Fund - Direct Growth,2022-04-15,242.1945,0.0011607445134360628
135781,Parag Parikh Flexi Cap Fund - Direct Growth,2022-04-16,240.1744,-0.008340816987999378
135781,Parag Parikh Flexi Cap Fund - Direct Growth,2022-04-17,237.6403,-0.01055108287977402
135781,Parag Parikh Flexi Cap Fund - Direct Growth,2022-04-18,239.7355,0.008816686395363149
135781,Parag Parikh Flexi Cap Fund - Direct Growth,2022-04-19,242.2631,0.010543286246717853
135781,Parag Parikh Flexi Cap Fund - Direct Growth,2022-04-20,244.1153,0.007645406997598858
135781,Parag Parikh Flexi Cap Fund - Direct Growth,2022-04-21,248.6519,0.018583841324161243
135781,Parag Parikh Flexi Cap Fund - Direct Growth,2022-04-22,247.1348,-0.00610130065364467
135781,Parag Parikh Flexi Cap Fund - Direct Growth,2022-04-23,252.1989,0.020491246072993352
135781,Parag Parikh Flexi Cap Fund - Direct Growth,2022-04-24,249.5732,-0.010411227011695945
135781,Parag Parikh Flexi Cap Fund - Direct Growth,2022-04-25,246.6402,-0.01175206312216226
135781,Parag Parikh Flexi Cap Fund - Direct Growth,2022-04-26,241.5299,-0.020719655595478725
135781,Parag Parikh Flexi Cap Fund - Direct Growth,2022-04-27,240.3344,-0.0049496977392861075
135781,Parag Parikh Flexi Cap Fund - Direct Growth,2022-04-28,238.9778,-0.0056446351417025475
135781,Parag Parikh Flexi Cap Fund - Direct Growth,2022-04-29,240.5816,0.0067110836236672355
135781,Parag Parikh Flexi Cap Fund - Direct Growth,2022-04-30,241.3819,0.0033265220615374957
135781,Parag Parikh Flexi Cap Fund - Direct Growth,2022-05-01,238.0229,-0.013915707847191539
135781,Parag Parikh Flexi Cap Fund - Direct Growth,2022-05-02,236.9964,-0.004312610257248384
135781,Parag Parikh Flexi Cap Fund - Direct Growth,2022-05-03,236.0348,-0.0040574455983297675
135781,Parag Parikh Flexi Cap Fund - Direct Growth,2022-05-04,231.0989,-0.020911746911896012
135781,Parag Parikh Flexi Cap Fund - Direct Growth,2022-05-05,228.471,-0.011371321975137016
135781,Parag Parikh Flexi Cap Fund - Direct Growth,2022-05-06,226.4491,-0.008849700837305408
135781,Parag Parikh Flexi Cap Fund - Direct Growth,2022-05-07,230.4354,0.01760351443216157
135781,Parag Parikh Flexi Cap Fund - Direct Growth,2022-05-08,231.057,0.0026975022066921817
135781,Parag Parikh Flexi Cap Fund - Direct Growth,2022-05-09,232.9854,0.008345992547293513
135781,Parag Parikh Flexi Cap Fund - Direct Growth,2022-05-10,228.8887,-0.017583505232516727
135781,Parag Parikh Flexi Cap Fund - Direct Growth,2022-05-11,232.2604,0.014730740311776014
135781,Parag Parikh Flexi Cap Fund - Direct Growth,2022-05-12,235.9796,0.01601306120199575
135781,Parag Parikh Flexi Cap Fund - Direct Growth,2022-05-13,230.4152,-0.023580004373259356
135781,Parag Parikh Flexi Cap Fund - Direct Growth,2022-05-14,228.5572,-0.00806370413063029
135781,Parag Parikh Flexi Cap Fund - Direct Growth,2022-05-15,230.0084,0.006349395249854339
135781,Parag Parikh Flexi Cap Fund - Direct Growth,2022-05-16,231.879,0.008132746456216422
135781,Parag Parikh Flexi Cap Fund - Direct Growth,2022-05-17,230.0838,-0.007741968871695981
135781,Parag Parikh Flexi Cap Fund - Direct Growth,2022-05-18,229.3323,-0.003266201271015179
135781,Parag Parikh Flexi Cap Fund - Direct Growth,2022-05-19,227.78,-0.006768780498865645
135781,Parag Parikh Flexi Cap Fund - Direct Growth,2022-05-20,228.1729,0.0017249100008780438
135781,Parag Parikh Flexi Cap Fund - Direct Growth,2022-05-21,231.5421,0.014765995435917167
135781,Parag Parikh Flexi Cap Fund - Direct Growth,2022-05-22,229.4924,-0.008852385808023722
135781,Parag Parikh Flexi Cap Fund - Direct Growth,2022-05-23,232.3404,0.012409997019509067
135781,Parag Parikh Flexi Cap Fund - Direct Growth,2022-05-24,230.254,-0.008979927726731951
135781,Parag Parikh Flexi Cap Fund - Direct Growth,2022-05-25,228.0041,-0.009771382907571624
135781,Parag Parikh Flexi Cap Fund - Direct Growth,2022-05-26,230.335,0.010223061778275033
135781,Parag Parikh Flexi Cap Fund - Direct Growth,2022-05-27,232.9754,0.011463303449323892
135781,Parag Parikh Flexi Cap Fund - Direct Growth,2022-05-28,235.4489,0.010617000764887585
135781,Parag Parikh Flexi Cap Fund - Direct Growth,2022-05-29,231.8254,-0.015389751236892568
135781,Parag Parikh Flexi Cap Fund - Direct Growth,2022-05-30,230.6219,-0.005191406981288504
135781,Parag Parikh Flexi Cap Fund - Direct Growth,2022-05-31,232.9917,0.010275693678700959
135781,Parag Parikh Flexi Cap Fund - Direct Growth,2022-06-01,233.201,0.0008983152618740053
135781,Parag Parikh Flexi Cap Fund - Direct Growth,2022-06-02,230.2896,-0.01248450907157339
135781,Parag Parikh Flexi Cap Fund - Direct Growth,2022-06-03,231.6483,0.005899962482022625
135781,Parag Parikh Flexi Cap Fund - Direct Growth,2022-06-04,229.754,-0.008177482847920858
135781,Parag Parikh Flexi Cap Fund - Direct Growth,2022-06-05,234.7935,0.021934329761396976
135781,Parag Parikh Flexi Cap Fund - Direct Growth,2022-06-06,239.24,0.018937917787332337
135781,Parag Parikh Flexi Cap Fund - Direct Growth,2022-06-07,241.07,0.007649222538037126
135781,Parag Parikh Flexi Cap Fund - Direct Growth,2022-06-08,245.1036,0.016732069523375026
135781,Parag Parikh Flexi Cap Fund - Direct Growth,2022-06-09,245.3922,0.0011774612857584632
135781,Parag Parikh Flexi Cap Fund - Direct Growth,2022-06-10,247.7443,0.009585064235945628
135781,Parag Parikh Flexi Cap Fund - Direct Growth,2022-06-11,252.2366,0.01813280870639611
135781,Parag Parikh Flexi Cap Fund - Direct Growth,2022-06-12,253.0806,0.003346064766175827
135781,Parag Parikh Flexi Cap Fund - Direct Growth,2022-06-13,252.4068,-0.0026623929293672077
135781,Parag Parikh Flexi Cap Fund - Direct Growth,2022-06-14,247.3447,-0.020055323390653523
135781,Parag Parikh Flexi Cap Fund - Direct Growth,2022-06-15,247.1969,-0.0005975466626129133
135781,Parag Parikh Flexi Cap Fund - Direct Growth,2022-06-16,249.7384,0.010281277799195854
135781,Parag Parikh Flexi Cap Fund - Direct Growth,2022-06-17,252.6722,0.011747492576231755
135781,Parag Parikh Flexi Cap Fund - Direct Growth,2022-06-18,254.3025,0.006452233367976401
135781,Parag Parikh Flexi Cap Fund - Direct Growth,2022-06-19,252.7524,-0.006095496505146514
135781,Parag Parikh Flexi Cap Fund - Direct Growth,2022-06-20,246.8577,-0.023322033737365078
135781,Parag Parikh Flexi Cap Fund - Direct Growth,2022-06-21,245.4895,-0.005542464342817799
135781,Parag Parikh Flexi Cap Fund - Direct Growth,2022-06-22,244.6911,-0.003252277592320607
135781,Parag Parikh Flexi Cap Fund - Direct Growth,2022-06-23,243.8701,-0.0033552507631049444
135781,Parag Parikh Flexi Cap Fund - Direct Growth,2022-06-24,245.7778,0.007822607199488685
135781,Parag Parikh Flexi Cap Fund - Direct Growth,2022-06-25,251.7325,0.024227981534540532
135781,Parag Parikh Flexi Cap Fund - Direct Growth,2022-06-26,252.2063,0.0018821566543851809
135781,Parag Parikh Flexi Cap Fund - Direct Growth,2022-06-27,251.6512,-0.002200975947071915
135781,Parag Parikh Flexi Cap Fund - Direct Growth,2022-06-28,250.9691,-0.002710497704759618
135781,Parag Parikh Flexi Cap Fund - Direct Growth,2022-06-29,251.4441,0.001892663280061102
135781,Parag Parikh Flexi Cap Fund - Direct Growth,2022-06-30,249.0454,-0.009539694906342988
135781,Parag Parikh Flexi Cap Fund - Direct Growth,2022-07-01,249.5042,0.0018422343877864122
135781,Parag Parikh Flexi Cap Fund - Direct Growth,2022-07-02,250.9538,0.005809922237782095
135781,Parag Parikh Flexi Cap Fund - Direct Growth,2022-07-03,251.6856,0.002916074592215656
135781,Parag Parikh Flexi Cap Fund - Direct Growth,2022-07-04,253.1682,0.005890682661225055
135781,Parag Parikh Flexi Cap Fund - Direct Growth,2022-07-05,254.5872,0.005604969344491062
135781,Parag Parikh Flexi Cap Fund - Direct Growth,2022-07-06,249.2758,-0.020862792787697093
135781,Parag Parikh Flexi Cap Fund - Direct Growth,2022-07-07,251.2806,0.008042497506777657
135781,Parag Parikh Flexi Cap Fund - Direct Growth,2022-07-08,249.3578,-0.007652003377897065
135781,Parag Parikh Flexi Cap Fund - Direct Growth,2022-07-09,246.1785,-0.01274995207689511
135781,Parag Parikh Flexi Cap Fund - Direct Growth,2022-07-10,243.0143,-0.012853275164159461
135781,Parag Parikh Flexi Cap Fund - Direct Growth,2022-07-11,244.3758,0.005602550960992936
135781,Parag Parikh Flexi Cap Fund - Direct Growth,2022-07-12,243.8208,-0.0022710923094676483
135781,Parag Parikh Flexi Cap Fund - Direct Growth,2022-07-13,238.9971,-0.019783792030868552
135781,Parag Parikh Flexi Cap Fund - Direct Growth,2022-07-14,240.4637,0.006136476132974078
135781,Parag Parikh Flexi Cap Fund - Direct Growth,2022-07-15,236.4058,-0.016875312157302647
135781,Parag Parikh Flexi Cap Fund - Direct Growth,2022-07-16,236.897,0.0020777832015965725
135781,Parag Parikh Flexi Cap Fund - Direct Growth,2022-07-17,237.6698,0.0032621772331435928
135781,Parag Parikh Flexi Cap Fund - Direct Growth,2022-07-18,240.2906,0.011027063598320064
135781,Parag Parikh Flexi Cap Fund - Direct Growth,2022-07-19,245.5242,0.021780294360245422
135781,Parag Parikh Flexi Cap Fund - Direct Growth,2022-07-20,241.6017,-0.01597602191555869
135781,Parag Parikh Flexi Cap Fund - Direct Growth,2022-07-21,241.5462,-0.00022971692666062804
135781,Parag Parikh Flexi Cap Fund - Direct Growth,2022-07-22,240.8418,-0.0029162123022428155
135781,Parag Parikh Flexi Cap Fund - Direct Growth,2022-07-23,242.1917,0.005604924062185157
135781,Parag Parikh Flexi Cap Fund - Direct Growth,2022-07-24,242.9154,0.0029881288252240346
135781,Parag Parikh Flexi Cap Fund - Direct Growth,2022-07-25,241.9849,-0.0038305517064788352
135781,Parag Parikh Flexi Cap Fund - Direct Growth,2022-07-26,240.8014,-0.004890801037585435
135781,Parag Parikh Flexi Cap Fund - Direct Growth,2022-07-27,237.6716,-0.012997432739178416
135781,Parag Parikh Flexi Cap Fund - Direct Growth,2022-07-28,240.5841,0.012254303837732294
135781,Parag Parikh Flexi Cap Fund - Direct Growth,2022-07-29,242.0061,0.005910615040644718
135781,Parag Parikh Flexi Cap Fund - Direct Growth,2022-07-30,244.7682,0.01141334867178978
135781,Parag Parikh Flexi Cap Fund - Direct Growth,2022-07-31,243.9544,-0.0033247783004491938
135781,Parag Parikh Flexi Cap Fund - Direct Growth,2022-08-01,242.1291,-0.007482136005745321
135781,Parag Parikh Flexi Cap Fund - Direct Growth,2022-08-02,239.0929,-0.01253959148239514
135781,Parag Parikh Flexi Cap Fund - Direct Growth,2022-08-03,240.2183,0.004706957002905687
135781,Parag Parikh Flexi Cap Fund - Direct Growth,2022-08-04,237.3171,-0.01207734797890081
135781,Parag Parikh Flexi Cap Fund - Direct Growth,2022-08-05,242.6767,0.022584128998710984
135781,Parag Parikh Flexi Cap Fund - Direct Growth,2022-08-06,238.9658,-0.015291538083384237
135781,Parag Parikh Flexi Cap Fund - Direct Growth,2022-08-07,239.8461,0.003683790734908543
135781,Parag Parikh Flexi Cap Fund - Direct Growth,2022-08-08,244.4517,0.019202313483521305
135781,Parag Parikh Flexi Cap Fund - Direct Growth,2022-08-09,246.3069,0.007589229283330834
135781,Parag Parikh Flexi Cap Fund - Direct Growth,2022-08-10,246.9247,0.0025082529153668265
135781,Parag Parikh Flexi Cap Fund - Direct Growth,2022-08-11,244.1538,-0.011221639633459124
135781,Parag Parikh Flexi Cap Fund - Direct Growth,2022-08-12,240.2031,-0.01618119398510276
135781,Parag Parikh Flexi Cap Fund - Direct Growth,2022-08-13,242.5188,0.009640591649316743
135781,Parag Parikh Flexi Cap Fund - Direct Growth,2022-08-14,246.999,0.01847361936476677
135781,Parag Parikh Flexi Cap Fund - Direct Growth,2022-08-15,245.7971,-0.004866011603285814
135781,Parag Parikh Flexi Cap Fund - Direct Growth,2022-08-16,242.5357,-0.013268667531065259
135781,Parag Parikh Flexi Cap Fund - Direct Growth,2022-08-17,235.4784,-0.029097984337975835
135781,Parag Parikh Flexi Cap Fund - Direct Growth,2022-08-18,232.8012,-0.011369195645970054
135781,Parag Parikh Flexi Cap Fund - Direct Growth,2022-08-19,232.5768,-0.0009639125571517804
135781,Parag Parikh Flexi Cap Fund - Direct Growth,2022-08-20,237.1329,0.019589658125832132
135781,Parag Parikh Flexi Cap Fund - Direct Growth,2022-08-21,239.1432,0.008477524628594413
135781,Parag Parikh Flexi Cap Fund - Direct Growth,2022-08-22,240.1144,0.004061165025808666
135781,Parag Parikh Flexi Cap Fund - Direct Growth,2022-08-23,239.0576,-0.004401235411120585
135781,Parag Parikh Flexi Cap Fund - Direct Growth,2022-08-24,237.4803,-0.006597991446412932
135781,Parag Parikh Flexi Cap Fund - Direct Growth,2022-08-25,241.5811,0.01726795864751729
135781,Parag Parikh Flexi Cap Fund - Direct Growth,2022-08-26,242.2597,0.00280899457780448
135781,Parag Parikh Flexi Cap Fund - Direct Growth,2022-08-27,236.2441,-0.024831203869236207
135781,Parag Parikh Flexi Cap Fund - Direct Growth,2022-08-28,234.4292,-0.0076823082565871115
135781,Parag Parikh Flexi Cap Fund - Direct Growth,2022-08-29,232.1087,-0.009898510936350968
135781,Parag Parikh Flexi Cap Fund - Direct Growth,2022-08-30,230.68,-0.006155305682208345
135781,Parag Parikh Flexi Cap Fund - Direct Growth,2022-08-31,232.3305,0.007154933240853145
135781,Parag Parikh Flexi Cap Fund - Direct Growth,2022-09-01,232.1239,-0.0008892504427959746
135781,Parag Parikh Flexi Cap Fund - Direct Growth,2022-09-02,232.0026,-0.00052256575044618
135781,Parag Parikh Flexi Cap Fund - Direct Growth,2022-09-03,235.7522,0.016161887840911993
135781,Parag Parikh Flexi Cap Fund - Direct Growth,2022-09-04,233.8762,-0.007957507925694718
135781,Parag Parikh Flexi Cap Fund - Direct Growth,2022-09-05,239.2017,0.022770594015124157
135781,Parag Parikh Flexi Cap Fund - Direct Growth,2022-09-06,237.3704,-0.007655882044316553
135781,Parag Parikh Flexi Cap Fund - Direct Growth,2022-09-07,237.7194,0.0014702759906037866
135781,Parag Parikh Flexi Cap Fund - Direct Growth,2022-09-08,237.0123,-0.0029745153319418183
135781,Parag Parikh Flexi Cap Fund - Direct Growth,2022-09-09,237.4581,0.001880915041118092
135781,Parag Parikh Flexi Cap Fund - Direct Growth,2022-09-10,238.8199,0.005734906495082681
135781,Parag Parikh Flexi Cap Fund - Direct Growth,2022-09-11,240.1587,0.005605898000962339
135781,Parag Parikh Flexi Cap Fund - Direct Growth,2022-09-12,238.0844,-0.008637205314652396
135781,Parag Parikh Flexi Cap Fund - Direct Growth,2022-09-13,234.9715,-0.013074775163765429
135781,Parag Parikh Flexi Cap Fund - Direct Growth,2022-09-14,242.1236,0.030438159521473995
135781,Parag Parikh Flexi Cap Fund - Direct Growth,2022-09-15,240.8142,-0.005407981708515863
135781,Parag Parikh Flexi Cap Fund - Direct Growth,2022-09-16,242.9311,0.008790594574572319
135781,Parag Parikh Flexi Cap Fund - Direct Growth,2022-09-17,238.3417,-0.01889177631023764
135781,Parag Parikh Flexi Cap Fund - Direct Growth,2022-09-18,237.6373,-0.0029554207257899145
135781,Parag Parikh Flexi Cap Fund - Direct Growth,2022-09-19,237.3696,-0.0011265066553105552
135781,Parag Parikh Flexi Cap Fund - Direct Growth,2022-09-20,238.8113,0.006073650543287679
135781,Parag Parikh Flexi Cap Fund - Direct Growth,2022-09-21,231.105,-0.03226941103708236
135781,Parag Parikh Flexi Cap Fund - Direct Growth,2022-09-22,231.6582,0.002393717141559115
135781,Parag Parikh Flexi Cap Fund - Direct Growth,2022-09-23,228.5547,-0.013396892490747159
135781,Parag Parikh Flexi Cap Fund - Direct Growth,2022-09-24,229.5357,0.0042921891345921726
135781,Parag Parikh Flexi Cap Fund - Direct Growth,2022-09-25,226.773,-0.012036036224430391
135781,Parag Parikh Flexi Cap Fund - Direct Growth,2022-09-26,224.5357,-0.009865812949513386
135781,Parag Parikh Flexi Cap Fund - Direct Growth,2022-09-27,223.8882,-0.0028837285117688793
135781,Parag Parikh Flexi Cap Fund - Direct Growth,2022-09-28,221.1505,-0.012227978071198131
135781,Parag Parikh Flexi Cap Fund - Direct Growth,2022-09-29,219.977,-0.005306341156813943
135781,Parag Parikh Flexi Cap Fund - Direct Growth,2022-09-30,216.9148,-0.013920546238924913
135781,Parag Parikh Flexi Cap Fund - Direct Growth,2022-10-01,212.2299,-0.02159788082694236
135781,Parag Parikh Flexi Cap Fund - Direct Growth,2022-10-02,214.9073,0.012615564536382573
135781,Parag Parikh Flexi Cap Fund - Direct Growth,2022-10-03,211.6509,-0.015152579740194905
135781,Parag Parikh Flexi Cap Fund - Direct Growth,2022-10-04,211.2817,-0.0017443819043528874
135781,Parag Parikh Flexi Cap Fund - Direct Growth,2022-10-05,213.2751,0.0094347972398936
135781,Parag Parikh Flexi Cap Fund - Direct Growth,2022-10-06,211.7866,-0.006979248866839205
135781,Parag Parikh Flexi Cap Fund - Direct Growth,2022-10-07,209.7742,-0.009502017596958345
135781,Parag Parikh Flexi Cap Fund - Direct Growth,2022-10-08,210.4276,0.0031147776990687603
135781,Parag Parikh Flexi Cap Fund - Direct Growth,2022-10-09,213.3347,0.013815202948662453
135781,Parag Parikh Flexi Cap Fund - Direct Growth,2022-10-10,210.4266,-0.013631631422361123
135781,Parag Parikh Flexi Cap Fund - Direct Growth,2022-10-11,210.1316,-0.0014019140165740795
135781,Parag Parikh Flexi Cap Fund - Direct Growth,2022-10-12,205.847,-0.020390079359791646
135781,Parag Parikh Flexi Cap Fund - Direct Growth,2022-10-13,204.9581,-0.004318255791923131
135781,Parag Parikh Flexi Cap Fund - Direct Growth,2022-10-14,205.1242,0.0008104095422429847
135781,Parag Parikh Flexi Cap Fund - Direct Growth,2022-10-15,203.1026,-0.00985549242848971
135781,Parag Parikh Flexi Cap Fund - Direct Growth,2022-10-16,202.07,-0.005084129892970357
135781,Parag Parikh Flexi Cap Fund - Direct Growth,2022-10-17,198.7361,-0.01649873806106794
135781,Parag Parikh Flexi Cap Fund - Direct Growth,2022-10-18,198.9994,0.0013248725319658927
135781,Parag Parikh Flexi Cap Fund - Direct Growth,2022-10-19,201.6,0.013068381110696636
135781,Parag Parikh Flexi Cap Fund - Direct Growth,2022-10-20,199.0264,-0.012765873015873064
135781,Parag Parikh Flexi Cap Fund - Direct Growth,2022-10-21,197.6189,-0.0070719261364321495
135781,Parag Parikh Flexi Cap Fund - Direct Growth,2022-10-22,198.8897,0.00643055902041767
135781,Parag Parikh Flexi Cap Fund - Direct Growth,2022-10-23,201.8621,0.01494496698421277
135781,Parag Parikh Flexi Cap Fund - Direct Growth,2022-10-24,198.3258,-0.017518394983506158
135781,Parag Parikh Flexi Cap Fund - Direct Growth,2022-10-25,198.0034,-0.0016256079642688048
135781,Parag Parikh Flexi Cap Fund - Direct Growth,2022-10-26,198.7553,0.003797409539432195
135781,Parag Parikh Flexi Cap Fund - Direct Growth,2022-10-27,198.5914,-0.0008246320978610999
135781,Parag Parikh Flexi Cap Fund - Direct Growth,2022-10-28,192.7684,-0.029321511404824085
135781,Parag Parikh Flexi Cap Fund - Direct Growth,2022-10-29,194.0046,0.006412876799309464
135781,Parag Parikh Flexi Cap Fund - Direct Growth,2022-10-30,197.6193,0.01863203243634426
135781,Parag Parikh Flexi Cap Fund - Direct Growth,2022-10-31,197.975,0.001799925412143466
135781,Parag Parikh Flexi Cap Fund - Direct Growth,2022-11-01,195.6046,-0.011973228943048309
135781,Parag Parikh Flexi Cap Fund - Direct Growth,2022-11-02,194.4784,-0.005757533309543872
135781,Parag Parikh Flexi Cap Fund - Direct Growth,2022-11-03,198.6867,0.021638906942879066
135781,Parag Parikh Flexi Cap Fund - Direct Growth,2022-11-04,200.9357,0.011319328369739923
135781,Parag Parikh Flexi Cap Fund - Direct Growth,2022-11-05,202.5593,0.008080196799274741
135781,Parag Parikh Flexi Cap Fund - Direct Growth,2022-11-06,203.5067,0.0046771488645547254
135781,Parag Parikh Flexi Cap Fund - Direct Growth,2022-11-07,201.9736,-0.007533412904833114
135781,Parag Parikh Flexi Cap Fund - Direct Growth,2022-11-08,201.5683,-0.0020066979050727962
135781,Parag Parikh Flexi Cap Fund - Direct Growth,2022-11-09,201.4604,-0.0005353024260262851
135781,Parag Parikh Flexi Cap Fund - Direct Growth,2022-11-10,202.8696,0.006994923071730108
135781,Parag Parikh Flexi Cap Fund - Direct Growth,2022-11-11,206.6241,0.018506962107678993
135781,Parag Parikh Flexi Cap Fund - Direct Growth,2022-11-12,209.4797,0.013820265883795813
135781,Parag Parikh Flexi Cap Fund - Direct Growth,2022-11-13,205.9955,-0.01663263791193137
135781,Parag Parikh Flexi Cap Fund - Direct Growth,2022-11-14,206.6316,0.0030879315324849888
135781,Parag Parikh Flexi Cap Fund - Direct Growth,2022-11-15,208.5411,0.009241084132339816
135781,Parag Parikh Flexi Cap Fund - Direct Growth,2022-11-16,210.1732,0.007826275012455586
135781,Parag Parikh Flexi Cap Fund - Direct Growth,2022-11-17,208.6703,-0.0071507689848182565
135781,Parag Parikh Flexi Cap Fund - Direct Growth,2022-11-18,216.0508,0.035369192453358345
135781,Parag Parikh Flexi Cap Fund - Direct Growth,2022-11-19,212.8262,-0.014925193519301994
135781,Parag Parikh Flexi Cap Fund - Direct Growth,2022-11-20,210.145,-0.012598072981615971
135781,Parag Parikh Flexi Cap Fund - Direct Growth,2022-11-21,210.8181,0.003203026481714888
135781,Parag Parikh Flexi Cap Fund - Direct Growth,2022-11-22,216.2576,0.025801864261180585
135781,Parag Parikh Flexi Cap Fund - Direct Growth,2022-11-23,214.1741,-0.009634343486656594
135781,Parag Parikh Flexi Cap Fund - Direct Growth,2022-11-24,213.5766,-0.002789786440097086
135781,Parag Parikh Flexi Cap Fund - Direct Growth,2022-11-25,216.423,0.013327302710128386
135781,Parag Parikh Flexi Cap Fund - Direct Growth,2022-11-26,216.4632,0.00018574735587262303
135781,Parag Parikh Flexi Cap Fund - Direct Growth,2022-11-27,215.6806,-0.003615395134138333
135781,Parag Parikh Flexi Cap Fund - Direct Growth,2022-11-28,217.2308,0.0071874800051556775
135781,Parag Parikh Flexi Cap Fund - Direct Growth,2022-11-29,218.0281,0.0036702898484008983
135781,Parag Parikh Flexi Cap Fund - Direct Growth,2022-11-30,220.8113,0.012765327038120278
135781,Parag Parikh Flexi Cap Fund - Direct Growth,2022-12-01,224.3217,0.015897737117620325
135781,Parag Parikh Flexi Cap Fund - Direct Growth,2022-12-02,225.2378,0.004083867053432666
135781,Parag Parikh Flexi Cap Fund - Direct Growth,2022-12-03,226.1164,0.0039007662124208586
135781,Parag Parikh Flexi Cap Fund - Direct Growth,2022-12-04,226.7878,0.002969267156208044
135781,Parag Parikh Flexi Cap Fund - Direct Growth,2022-12-05,228.2097,0.006269737613751714
135781,Parag Parikh Flexi Cap Fund - Direct Growth,2022-12-06,228.4521,0.0010621809677677785
135781,Parag Parikh Flexi Cap Fund - Direct Growth,2022-12-07,228.5418,0.0003926424839166831
135781,Parag Parikh Flexi Cap Fund - Direct Growth,2022-12-08,231.915,0.014759663221345143
135781,Parag Parikh Flexi Cap Fund - Direct Growth,2022-12-09,236.2271,0.018593450186490834
135781,Parag Parikh Flexi Cap Fund - Direct Growth,2022-12-10,232.0481,-0.017690603660630022
135781,Parag Parikh Flexi Cap Fund - Direct Growth,2022-12-11,232.1688,0.0005201507790841831
135781,Parag Parikh Flexi Cap Fund - Direct Growth,2022-12-12,230.3429,-0.007864536492414254
135781,Parag Parikh Flexi Cap Fund - Direct Growth,2022-12-13,229.5755,-0.0033315548254362337
135781,Parag Parikh Flexi Cap Fund - Direct Growth,2022-12-14,230.7762,0.005230087705351716
135781,Parag Parikh Flexi Cap Fund - Direct Growth,2022-12-15,232.7224,0.00843327864831811
135781,Parag Parikh Flexi Cap Fund - Direct Growth,2022-12-16,232.5024,-0.0009453322928948404
135781,Parag Parikh Flexi Cap Fund - Direct Growth,2022-12-17,227.2571,-0.022560197228071566
135781,Parag Parikh Flexi Cap Fund - Direct Growth,2022-12-18,224.7162,-0.011180728786911454
135781,Parag Parikh Flexi Cap Fund - Direct Growth,2022-12-19,227.2236,0.011158074050735989
135781,Parag Parikh Flexi Cap Fund - Direct Growth,2022-12-20,219.8422,-0.032485181996940504
135781,Parag Parikh Flexi Cap Fund - Direct Growth,2022-12-21,223.0627,0.014649143794958519
135781,Parag Parikh Flexi Cap Fund - Direct Growth,2022-12-22,224.5471,0.006654631186657323
135781,Parag Parikh Flexi Cap Fund - Direct Growth,2022-12-23,228.1834,0.01619392991492652
135781,Parag Parikh Flexi Cap Fund - Direct Growth,2022-12-24,227.731,-0.0019826157380423703
135781,Parag Parikh Flexi Cap Fund - Direct Growth,2022-12-25,222.1887,-0.02433704677887505
135781,Parag Parikh Flexi Cap Fund - Direct Growth,2022-12-26,223.425,0.005564189357964544
135781,Parag Parikh Flexi Cap Fund - Direct Growth,2022-12-27,226.9318,0.01569564730894024
135781,Parag Parikh Flexi Cap Fund - Direct Growth,2022-12-28,229.5408,0.01149684618903124
135781,Parag Parikh Flexi Cap Fund - Direct Growth,2022-12-29,227.8072,-0.0075524699748367174
135781,Parag Parikh Flexi Cap Fund - Direct Growth,2022-12-30,228.1355,0.001441130921235212
135781,Parag Parikh Flexi Cap Fund - Direct Growth,2022-12-31,226.768,-0.005994244648465541
135781,Parag Parikh Flexi Cap Fund - Direct Growth,2023-01-01,224.6293,-0.009431224864178356
135781,Parag Parikh Flexi Cap Fund - Direct Growth,2023-01-02,227.2945,0.011864881384574533
135781,Parag Parikh Flexi Cap Fund - Direct Growth,2023-01-03,224.1191,-0.01397042163360751
135781,Parag Parikh Flexi Cap Fund - Direct Growth,2023-01-04,221.8049,-0.010325759830375869
135781,Parag Parikh Flexi Cap Fund - Direct Growth,2023-01-05,218.9551,-0.012848228330393119
135781,Parag Parikh Flexi Cap Fund - Direct Growth,2023-01-06,215.1271,-0.017483036476428127
135781,Parag Parikh Flexi Cap Fund - Direct Growth,2023-01-07,215.5911,0.002156864476860365
135781,Parag Parikh Flexi Cap Fund - Direct Growth,2023-01-08,218.6823,0.014338254222924673
135781,Parag Parikh Flexi Cap Fund - Direct Growth,2023-01-09,218.2846,-0.0018186199797605163
135781,Parag Parikh Flexi Cap Fund - Direct Growth,2023-01-10,214.4277,-0.01766913469846254
135781,Parag Parikh Flexi Cap Fund - Direct Growth,2023-01-11,216.6748,0.01047952293477028
135781,Parag Parikh Flexi Cap Fund - Direct Growth,2023-01-12,221.1445,0.02062861024909224
135781,Parag Parikh Flexi Cap Fund - Direct Growth,2023-01-13,219.518,-0.00735491952094669
135781,Parag Parikh Flexi Cap Fund - Direct Growth,2023-01-14,218.3452,-0.005342614273089241
135781,Parag Parikh Flexi Cap Fund - Direct Growth,2023-01-15,219.7836,0.006587733552191777
135781,Parag Parikh Flexi Cap Fund - Direct Growth,2023-01-16,224.149,0.019862264518371697
135781,Parag Parikh Flexi Cap Fund - Direct Growth,2023-01-17,222.8404,-0.005838080919388533
135781,Parag Parikh Flexi Cap Fund - Direct Growth,2023-01-18,219.3665,-0.015589184007926637
135781,Parag Parikh Flexi Cap Fund - Direct Growth,2023-01-19,221.1164,0.007977061219466064
135781,Parag Parikh Flexi Cap Fund - Direct Growth,2023-01-20,223.3251,0.009988856547954006
135781,Parag Parikh Flexi Cap Fund - Direct Growth,2023-01-21,223.4309,0.00047374880835171496
135781,Parag Parikh Flexi Cap Fund - Direct Growth,2023-01-22,222.0238,-0.006297696513776763
135781,Parag Parikh Flexi Cap Fund - Direct Growth,2023-01-23,224.7619,0.012332461655011784
135781,Parag Parikh Flexi Cap Fund - Direct Growth,2023-01-24,226.276,0.006736462007128408
135781,Parag Parikh Flexi Cap Fund - Direct Growth,2023-01-25,224.28,-0.008821085753681346
135781,Parag Parikh Flexi Cap Fund - Direct Growth,2023-01-26,224.5018,0.0009889423934368313
135781,Parag Parikh Flexi Cap Fund - Direct Growth,2023-01-27,220.9501,-0.01582036313294599
135781,Parag Parikh Flexi Cap Fund - Direct Growth,2023-01-28,222.8571,0.008630908064762188
135781,Parag Parikh Flexi Cap Fund - Direct Growth,2023-01-29,222.245,-0.002746603092295463
135781,Parag Parikh Flexi Cap Fund - Direct Growth,2023-01-30,221.1719,-0.004828455083354055
135781,Parag Parikh Flexi Cap Fund - Direct Growth,2023-01-31,221.1731,5.425644035383925e-06
135781,Parag Parikh Flexi Cap Fund - Direct Growth,2023-02-01,221.3685,0.0008834709103413552
135781,Parag Parikh Flexi Cap Fund - Direct Growth,2023-02-02,223.8344,0.011139344577028698
135781,Parag Parikh Flexi Cap Fund - Direct Growth,2023-02-03,225.5116,0.007493039497056708
135781,Parag Parikh Flexi Cap Fund - Direct Growth,2023-02-04,225.1785,-0.0014770858793958785
135781,Parag Parikh Flexi Cap Fund - Direct Growth,2023-02-05,227.3321,0.009563968140830381
135781,Parag Parikh Flexi Cap Fund - Direct Growth,2023-02-06,228.5162,0.005208679284623763
135781,Parag Parikh Flexi Cap Fund - Direct Growth,2023-02-07,227.4378,-0.004719140262265831
135781,Parag Parikh Flexi Cap Fund - Direct Growth,2023-02-08,227.1884,-0.0010965635439668109
135781,Parag Parikh Flexi Cap Fund - Direct Growth,2023-02-09,226.8752,-0.0013785915125947845
135781,Parag Parikh Flexi Cap Fund - Direct Growth,2023-02-10,228.3415,0.006463024605598111
135781,Parag Parikh Flexi Cap Fund - Direct Growth,2023-02-11,227.4272,-0.004004090364651214
135781,Parag Parikh Flexi Cap Fund - Direct Growth,2023-02-12,226.4527,-0.00428488764756374
135781,Parag Parikh Flexi Cap Fund - Direct Growth,2023-02-13,231.8932,0.024024884666864255
135781,Parag Parikh Flexi Cap Fund - Direct Growth,2023-02-14,234.601,0.01167692713714752
135781,Parag Parikh Flexi Cap Fund - Direct Growth,2023-02-15,232.5536,-0.008727158025754411
135781,Parag Parikh Flexi Cap Fund - Direct Growth,2023-02-16,234.2399,0.007251231544039838
135781,Parag Parikh Flexi Cap Fund - Direct Growth,2023-02-17,234.6663,0.0018203559683895865
135781,Parag Parikh Flexi Cap Fund - Direct Growth,2023-02-18,235.8628,0.005098729557673876
135781,Parag Parikh Flexi Cap Fund - Direct Growth,2023-02-19,236.3459,0.0020482246458535247
135781,Parag Parikh Flexi Cap Fund - Direct Growth,2023-02-20,239.8144,0.014675524305689303
135781,Parag Parikh Flexi Cap Fund - Direct Growth,2023-02-21,240.9049,0.004547266552800799
135781,Parag Parikh Flexi Cap Fund - Direct Growth,2023-02-22,240.8218,-0.0003449493970442141
135781,Parag Parikh Flexi Cap Fund - Direct Growth,2023-02-23,243.9299,0.012906223606002465
135781,Parag Parikh Flexi Cap Fund - Direct Growth,2023-02-24,244.7103,0.0031992797930879835
135781,Parag Parikh Flexi Cap Fund - Direct Growth,2023-02-25,245.1649,0.0018577068476479663
135781,Parag Parikh Flexi Cap Fund - Direct Growth,2023-02-26,246.1868,0.004168214944308968
135781,Parag Parikh Flexi Cap Fund - Direct Growth,2023-02-27,246.0087,-0.0007234344002197135
135781,Parag Parikh Flexi Cap Fund - Direct Growth,2023-02-28,246.1343,0.0005105510496172805
135781,Parag Parikh Flexi Cap Fund - Direct Growth,2023-03-01,244.4999,-0.00664027727951777
135781,Parag Parikh Flexi Cap Fund - Direct Growth,2023-03-02,242.3938,-0.00861390945354168
135781,Parag Parikh Flexi Cap Fund - Direct Growth,2023-03-03,239.5862,-0.011582804510676503
135781,Parag Parikh Flexi Cap Fund - Direct Growth,2023-03-04,235.68,-0.01630394405019986
135781,Parag Parikh Flexi Cap Fund - Direct Growth,2023-03-05,233.2863,-0.010156568228105844
135781,Parag Parikh Flexi Cap Fund - Direct Growth,2023-03-06,232.8918,-0.0016910551541176044
135781,Parag Parikh Flexi Cap Fund - Direct Growth,2023-03-07,233.2731,0.0016372409848695035
135781,Parag Parikh Flexi Cap Fund - Direct Growth,2023-03-08,232.607,-0.002855451400097131
135781,Parag Parikh Flexi Cap Fund - Direct Growth,2023-03-09,226.1246,-0.027868464835538065
135781,Parag Parikh Flexi Cap Fund - Direct Growth,2023-03-10,230.4877,0.019295114286548287
135781,Parag Parikh Flexi Cap Fund - Direct Growth,2023-03-11,233.5849,0.013437593416047777
135781,Parag Parikh Flexi Cap Fund - Direct Growth,2023-03-12,234.9278,0.005749087376795359
135781,Parag Parikh Flexi Cap Fund - Direct Growth,2023-03-13,240.3992,0.02328970858280721
135781,Parag Parikh Flexi Cap Fund - Direct Growth,2023-03-14,237.6759,-0.011328240692980662
135781,Parag Parikh Flexi Cap Fund - Direct Growth,2023-03-15,243.1547,0.023051558866506783
135781,Parag Parikh Flexi Cap Fund - Direct Growth,2023-03-16,240.4356,-0.011182592810256131
135781,Parag Parikh Flexi Cap Fund - Direct Growth,2023-03-17,241.2206,0.003264907526173255
135781,Parag Parikh Flexi Cap Fund - Direct Growth,2023-03-18,237.6298,-0.014885959159375295
135781,Parag Parikh Flexi Cap Fund - Direct Growth,2023-03-19,237.7668,0.0005765270180759785
135781,Parag Parikh Flexi Cap Fund - Direct Growth,2023-03-20,238.9637,0.00503392399611724
135781,Parag Parikh Flexi Cap Fund - Direct Growth,2023-03-21,238.6157,-0.00145628813079135
135781,Parag Parikh Flexi Cap Fund - Direct Growth,2023-03-22,240.7553,0.008966719289636105
135781,Parag Parikh Flexi Cap Fund - Direct Growth,2023-03-23,241.1377,0.0015883347116345536
135781,Parag Parikh Flexi Cap Fund - Direct Growth,2023-03-24,239.7225,-0.0058688458917871555
135781,Parag Parikh Flexi Cap Fund - Direct Growth,2023-03-25,238.1879,-0.006401568480221886
135781,Parag Parikh Flexi Cap Fund - Direct Growth,2023-03-26,240.601,0.010131077187380155
135781,Parag Parikh Flexi Cap Fund - Direct Growth,2023-03-27,238.8097,-0.007445106213191166
135781,Parag Parikh Flexi Cap Fund - Direct Growth,2023-03-28,241.5285,0.011384797183699114
135781,Parag Parikh Flexi Cap Fund - Direct Growth,2023-03-29,245.1689,0.015072341359301245
135781,Parag Parikh Flexi Cap Fund - Direct Growth,2023-03-30,240.3576,-0.019624430341695143
135781,Parag Parikh Flexi Cap Fund - Direct Growth,2023-03-31,243.7214,0.013994980811923519
135781,Parag Parikh Flexi Cap Fund - Direct Growth,2023-04-01,249.8449,0.025124999281967098
135781,Parag Parikh Flexi Cap Fund - Direct Growth,2023-04-02,250.7004,0.0034241243267323362
135781,Parag Parikh Flexi Cap Fund - Direct Growth,2023-04-03,252.603,0.007589138270222229
135781,Parag Parikh Flexi Cap Fund - Direct Growth,2023-04-04,255.8474,0.012843869629418414
135781,Parag Parikh Flexi Cap Fund - Direct Growth,2023-04-05,255.104,-0.002905638282820089
135781,Parag Parikh Flexi Cap Fund - Direct Growth,2023-04-06,255.764,0.0025871801304566677
135781,Parag Parikh Flexi Cap Fund - Direct Growth,2023-04-07,251.8328,-0.015370419605573948
135781,Parag Parikh Flexi Cap Fund - Direct Growth,2023-04-08,252.3525,0.0020636708165100437
135781,Parag Parikh Flexi Cap Fund - Direct Growth,2023-04-09,253.9618,0.006377190636114305
135781,Parag Parikh Flexi Cap Fund - Direct Growth,2023-04-10,255.6364,0.006593905067612482
135781,Parag Parikh Flexi Cap Fund - Direct Growth,2023-04-11,259.007,0.013185133259582704
135781,Parag Parikh Flexi Cap Fund - Direct Growth,2023-04-12,256.7025,-0.008897442926253052
135781,Parag Parikh Flexi Cap Fund - Direct Growth,2023-04-13,255.1645,-0.005991371334521434
135781,Parag Parikh Flexi Cap Fund - Direct Growth,2023-04-14,261.0706,0.02314624487340522
135781,Parag Parikh Flexi Cap Fund - Direct Growth,2023-04-15,260.7041,-0.001403834824756367
135781,Parag Parikh Flexi Cap Fund - Direct Growth,2023-04-16,261.4342,0.0028004929726843653
135781,Parag Parikh Flexi Cap Fund - Direct Growth,2023-04-17,261.3285,-0.00040430823511217184
135781,Parag Parikh Flexi Cap Fund - Direct Growth,2023-04-18,258.8563,-0.009460123943619059
135781,Parag Parikh Flexi Cap Fund - Direct Growth,2023-04-19,264.003,0.019882459882181847
135781,Parag Parikh Flexi Cap Fund - Direct Growth,2023-04-20,262.4368,-0.005932508342708198
135781,Parag Parikh Flexi Cap Fund - Direct Growth,2023-04-21,258.9917,-0.01312735104223195
135781,Parag Parikh Flexi Cap Fund - Direct Growth,2023-04-22,257.6944,-0.005009040830265987
135781,Parag Parikh Flexi Cap Fund - Direct Growth,2023-04-23,251.6075,-0.02362061418486383
135781,Parag Parikh Flexi Cap Fund - Direct Growth,2023-04-24,249.7417,-0.0074155182178591295
135781,Parag Parikh Flexi Cap Fund - Direct Growth,2023-04-25,246.9402,-0.011217590014002465
135781,Parag Parikh Flexi Cap Fund - Direct Growth,2023-04-26,248.8686,0.007809178092509805
135781,Parag Parikh Flexi Cap Fund - Direct Growth,2023-04-27,246.957,-0.007681161866141428
135781,Parag Parikh Flexi Cap Fund - Direct Growth,2023-04-28,249.6868,0.011053746198731007
135781,Parag Parikh Flexi Cap Fund - Direct Growth,2023-04-29,253.9769,0.017181925516286833
135781,Parag Parikh Flexi Cap Fund - Direct Growth,2023-04-30,256.4593,0.009774117252395742
135781,Parag Parikh Flexi Cap Fund - Direct Growth,2023-05-01,255.899,-0.0021847521224614974
135781,Parag Parikh Flexi Cap Fund - Direct Growth,2023-05-02,256.4347,0.002093404038312041
135781,Parag Parikh Flexi Cap Fund - Direct Growth,2023-05-03,251.8446,-0.01789968362316019
135781,Parag Parikh Flexi Cap Fund - Direct Growth,2023-05-04,251.541,-0.001205505299696763
135781,Parag Parikh Flexi Cap Fund - Direct Growth,2023-05-05,249.0444,-0.009925220938137302
135781,Parag Parikh Flexi Cap Fund - Direct Growth,2023-05-06,251.219,0.008731776341889264
135781,Parag Parikh Flexi Cap Fund - Direct Growth,2023-05-07,259.0754,0.03127311230440366
135781,Parag Parikh Flexi Cap Fund - Direct Growth,2023-05-08,260.7329,0.006397751388205863
135781,Parag Parikh Flexi Cap Fund - Direct Growth,2023-05-09,254.6073,-0.02349377466364988
135781,Parag Parikh Flexi Cap Fund - Direct Growth,2023-05-10,253.6055,-0.003934686868758308
135781,Parag Parikh Flexi Cap Fund - Direct Growth,2023-05-11,254.0797,0.0018698332646571725
135781,Parag Parikh Flexi Cap Fund - Direct Growth,2023-05-12,254.4477,0.0014483644305309795
135781,Parag Parikh Flexi Cap Fund - Direct Growth,2023-05-13,252.318,-0.008369892909230403
135781,Parag Parikh Flexi Cap Fund - Direct Growth,2023-05-14,253.1616,0.003343399995243912
135781,Parag Parikh Flexi Cap Fund - Direct Growth,2023-05-15,249.4882,-0.01451009947796189
135781,Parag Parikh Flexi Cap Fund - Direct Growth,2023-05-16,246.7591,-0.01093879389886987
135781,Parag Parikh Flexi Cap Fund - Direct Growth,2023-05-17,248.7701,0.008149648787015407
135781,Parag Parikh Flexi Cap Fund - Direct Growth,2023-05-18,245.8376,-0.011787992206458875
135781,Parag Parikh Flexi Cap Fund - Direct Growth,2023-05-19,247.5237,0.006858592827134524
135781,Parag Parikh Flexi Cap Fund - Direct Growth,2023-05-20,243.555,-0.016033616174935927
135781,Parag Parikh Flexi Cap Fund - Direct Growth,2023-05-21,248.8104,0.02157787768676478
135781,Parag Parikh Flexi Cap Fund - Direct Growth,2023-05-22,246.5982,-0.008891107445669455
135781,Parag Parikh Flexi Cap Fund - Direct Growth,2023-05-23,246.035,-0.002283877173474891
135781,Parag Parikh Flexi Cap Fund - Direct Growth,2023-05-24,247.1095,0.004367264820045902
135781,Parag Parikh Flexi Cap Fund - Direct Growth,2023-05-25,245.5319,-0.006384214285569678
135781,Parag Parikh Flexi Cap Fund - Direct Growth,2023-05-26,246.0526,0.002120702035051325
135781,Parag Parikh Flexi Cap Fund - Direct Growth,2023-05-27,247.8498,0.007304129279674276
135781,Parag Parikh Flexi Cap Fund - Direct Growth,2023-05-28,250.806,0.01192738505336699
135781,Parag Parikh Flexi Cap Fund - Direct Growth,2023-05-29,253.2885,0.009898088562474427
135781,Parag Parikh Flexi Cap Fund - Direct Growth,2023-05-30,252.8676,-0.0016617414529281893
135781,Parag Parikh Flexi Cap Fund - Direct Growth,2023-05-31,252.5238,-0.001359604789225699
135781,Parag Parikh Flexi Cap Fund - Direct Growth,2023-06-01,259.7433,0.028589384446139343
135781,Parag Parikh Flexi Cap Fund - Direct Growth,2023-06-02,262.8079,0.011798571897716048
135781,Parag Parikh Flexi Cap Fund - Direct Growth,2023-06-03,260.0059,-0.010661779954103445
135781,Parag Parikh Flexi Cap Fund - Direct Growth,2023-06-04,260.4219,0.0015999636931316452
135781,Parag Parikh Flexi Cap Fund - Direct Growth,2023-06-05,259.4787,-0.003621815216001356
135781,Parag Parikh Flexi Cap Fund - Direct Growth,2023-06-06,259.1611,-0.0012239925666346352
135781,Parag Parikh Flexi Cap Fund - Direct Growth,2023-06-07,255.4411,-0.014354006060322999
135781,Parag Parikh Flexi Cap Fund - Direct Growth,2023-06-08,254.2806,-0.00454312168245441
135781,Parag Parikh Flexi Cap Fund - Direct Growth,2023-06-09,259.91,0.022138535145819427
135781,Parag Parikh Flexi Cap Fund - Direct Growth,2023-06-10,261.8201,0.007349082374668248
135781,Parag Parikh Flexi Cap Fund - Direct Growth,2023-06-11,254.098,-0.02949391586054706
135781,Parag Parikh Flexi Cap Fund - Direct Growth,2023-06-12,257.9096,0.015000511613629364
135781,Parag Parikh Flexi Cap Fund - Direct Growth,2023-06-13,261.3851,0.013475651933855914
135781,Parag Parikh Flexi Cap Fund - Direct Growth,2023-06-14,260.3627,-0.003911470087621716
135781,Parag Parikh Flexi Cap Fund - Direct Growth,2023-06-15,262.7078,0.009007050549099338
135781,Parag Parikh Flexi Cap Fund - Direct Growth,2023-06-16,260.1036,-0.009912914652705607
135781,Parag Parikh Flexi Cap Fund - Direct Growth,2023-06-17,258.7399,-0.005242910901656073
135781,Parag Parikh Flexi Cap Fund - Direct Growth,2023-06-18,263.4962,0.018382553290002823
135781,Parag Parikh Flexi Cap Fund - Direct Growth,2023-06-19,262.7424,-0.00286076231839405
135781,Parag Parikh Flexi Cap Fund - Direct Growth,2023-06-20,256.9524,-0.022036793452446024
135781,Parag Parikh Flexi Cap Fund - Direct Growth,2023-06-21,256.86,-0.00035959967682730465
135781,Parag Parikh Flexi Cap Fund - Direct Growth,2023-06-22,256.7205,-0.0005430974071478634
135781,Parag Parikh Flexi Cap Fund - Direct Growth,2023-06-23,260.5149,0.014780276604322573
135781,Parag Parikh Flexi Cap Fund - Direct Growth,2023-06-24,260.6639,0.0005719442534763974
135781,Parag Parikh Flexi Cap Fund - Direct Growth,2023-06-25,259.4495,-0.004658872977807871
135781,Parag Parikh Flexi Cap Fund - Direct Growth,2023-06-26,262.807,0.012940861323687436
135781,Parag Parikh Flexi Cap Fund - Direct Growth,2023-06-27,263.2931,0.0018496463184007883
135781,Parag Parikh Flexi Cap Fund - Direct Growth,2023-06-28,261.0287,-0.008600301337178817
135781,Parag Parikh Flexi Cap Fund - Direct Growth,2023-06-29,264.751,0.014260117757165958
135781,Parag Parikh Flexi Cap Fund - Direct Growth,2023-06-30,265.4722,0.002724069030900722
135781,Parag Parikh Flexi Cap Fund - Direct Growth,2023-07-01,265.5877,0.0004350738043381597
135781,Parag Parikh Flexi Cap Fund - Direct Growth,2023-07-02,266.2609,0.002534755939375133
135781,Parag Parikh Flexi Cap Fund - Direct Growth,2023-07-03,262.9465,-0.012447941098373771
135781,Parag Parikh Flexi Cap Fund - Direct Growth,2023-07-04,261.3867,-0.005932005179760891
135781,Parag Parikh Flexi Cap Fund - Direct Growth,2023-07-05,261.5025,0.00044302177578270374
135781,Parag Parikh Flexi Cap Fund - Direct Growth,2023-07-06,260.9962,-0.0019361191575606451
135781,Parag Parikh Flexi Cap Fund - Direct Growth,2023-07-07,265.0858,0.015669193651095314
135781,Parag Parikh Flexi Cap Fund - Direct Growth,2023-07-08,265.8834,0.0030088371387677615
135781,Parag Parikh Flexi Cap Fund - Direct Growth,2023-07-09,268.7174,0.010658807582571983
135781,Parag Parikh Flexi Cap Fund - Direct Growth,2023-07-10,268.8552,0.000512806390654319
135781,Parag Parikh Flexi Cap Fund - Direct Growth,2023-07-11,272.3706,0.013075439865027683
135781,Parag Parikh Flexi Cap Fund - Direct Growth,2023-07-12,273.7788,0.005170161537258355
135781,Parag Parikh Flexi Cap Fund - Direct Growth,2023-07-13,273.9324,0.0005610368662583021
135781,Parag Parikh Flexi Cap Fund - Direct Growth,2023-07-14,273.9983,0.00024057030128599166
135781,Parag Parikh Flexi Cap Fund - Direct Growth,2023-07-15,270.9697,-0.011053353250731757
135781,Parag Parikh Flexi Cap Fund - Direct Growth,2023-07-16,272.7264,0.006483012676325117
135781,Parag Parikh Flexi Cap Fund - Direct Growth,2023-07-17,272.7039,-8.250026400102861e-05
135781,Parag Parikh Flexi Cap Fund - Direct Growth,2023-07-18,271.1702,-0.005624048647635549
135781,Parag Parikh Flexi Cap Fund - Direct Growth,2023-07-19,274.8791,0.01367738785456507
135781,Parag Parikh Flexi Cap Fund - Direct Growth,2023-07-20,270.8652,-0.014602419754721208
135781,Parag Parikh Flexi Cap Fund - Direct Growth,2023-07-21,269.6003,-0.004669850538201348
135781,Parag Parikh Flexi Cap Fund - Direct Growth,2023-07-22,273.033,0.012732552597307878
135781,Parag Parikh Flexi Cap Fund - Direct Growth,2023-07-23,274.176,0.004186307149685042
135781,Parag Parikh Flexi Cap Fund - Direct Growth,2023-07-24,274.1282,-0.00017434056956111554
135781,Parag Parikh Flexi Cap Fund - Direct Growth,2023-07-25,275.0635,0.0034119072755010027
135781,Parag Parikh Flexi Cap Fund - Direct Growth,2023-07-26,275.7657,0.0025528650657029583
135781,Parag Parikh Flexi Cap Fund - Direct Growth,2023-07-27,270.8571,-0.01779989317018027
135781,Parag Parikh Flexi Cap Fund - Direct Growth,2023-07-28,269.8302,-0.0037912980682434094
135781,Parag Parikh Flexi Cap Fund - Direct Growth,2023-07-29,275.1724,0.019798376905179493
135781,Parag Parikh Flexi Cap Fund - Direct Growth,2023-07-30,273.1053,-0.007512017920401792
135781,Parag Parikh Flexi Cap Fund - Direct Growth,2023-07-31,272.1714,-0.0034195601476793014
135781,Parag Parikh Flexi Cap Fund - Direct Growth,2023-08-01,270.5113,-0.006099465263433301
135781,Parag Parikh Flexi Cap Fund - Direct Growth,2023-08-02,270.337,-0.0006443353752690895
135781,Parag Parikh Flexi Cap Fund - Direct Growth,2023-08-03,268.5535,-0.0065973211214150895
135781,Parag Parikh Flexi Cap Fund - Direct Growth,2023-08-04,270.2295,0.00624084214132381
135781,Parag Parikh Flexi Cap Fund - Direct Growth,2023-08-05,270.9774,0.0027676474996254363
135781,Parag Parikh Flexi Cap Fund - Direct Growth,2023-08-06,273.6012,0.009682726308540834
135781,Parag Parikh Flexi Cap Fund - Direct Growth,2023-08-07,270.2602,-0.01221120375203033
135781,Parag Parikh Flexi Cap Fund - Direct Growth,2023-08-08,269.2645,-0.0036842272743082827
135781,Parag Parikh Flexi Cap Fund - Direct Growth,2023-08-10,270.2192,0.003545584360359344
135781,Parag Parikh Flexi Cap Fund - Direct Growth,2023-08-11,267.7552,-0.009118523036112935
135781,Parag Parikh Flexi Cap Fund - Direct Growth,2023-08-12,270.8044,0.011388014126336277
135781,Parag Parikh Flexi Cap Fund - Direct Growth,2023-08-13,274.7682,0.014637132926939023
135781,Parag Parikh Flexi Cap Fund - Direct Growth,2023-08-14,271.6176,-0.011466392399120395
135781,Parag Parikh Flexi Cap Fund - Direct Growth,2023-08-15,270.1263,-0.00549043950023842
135781,Parag Parikh Flexi Cap Fund - Direct Growth,2023-08-16,268.5101,-0.005983127152002554
135781,Parag Parikh Flexi Cap Fund - Direct Growth,2023-08-17,277.0994,0.03198874083321246
135781,Parag Parikh Flexi Cap Fund - Direct Growth,2023-08-18,275.7807,-0.004758942098034069
135781,Parag Parikh Flexi Cap Fund - Direct Growth,2023-08-19,281.4429,0.020531531031721784
135781,Parag Parikh Flexi Cap Fund - Direct Growth,2023-08-20,277.2777,-0.014799449550868093
135781,Parag Parikh Flexi Cap Fund - Direct Growth,2023-08-21,274.0957,-0.011475859760810003
135781,Parag Parikh Flexi Cap Fund - Direct Growth,2023-08-22,271.947,-0.007839232793509732
135781,Parag Parikh Flexi Cap Fund - Direct Growth,2023-08-23,269.296,-0.009748222999334422
135781,Parag Parikh Flexi Cap Fund - Direct Growth,2023-08-24,268.538,-0.002814746598538309
135781,Parag Parikh Flexi Cap Fund - Direct Growth,2023-08-25,266.3614,-0.008105370562080605
135781,Parag Parikh Flexi Cap Fund - Direct Growth,2023-08-26,263.8491,-0.00943192219293032
135781,Parag Parikh Flexi Cap Fund - Direct Growth,2023-08-27,267.6226,0.014301735347969524
135781,Parag Parikh Flexi Cap Fund - Direct Growth,2023-08-28,271.6598,0.015085422531580184
135781,Parag Parikh Flexi Cap Fund - Direct Growth,2023-08-29,274.8631,0.011791586388563813
135781,Parag Parikh Flexi Cap Fund - Direct Growth,2023-08-30,276.7014,0.006688056708958001
135781,Parag Parikh Flexi Cap Fund - Direct Growth,2023-08-31,277.12,0.0015128221252225238
135781,Parag Parikh Flexi Cap Fund - Direct Growth,2023-09-01,275.578,-0.0055643764434181175
135781,Parag Parikh Flexi Cap Fund - Direct Growth,2023-09-02,272.5362,-0.011037891268533606
135781,Parag Parikh Flexi Cap Fund - Direct Growth,2023-09-03,273.8324,0.004756065432775625
135781,Parag Parikh Flexi Cap Fund - Direct Growth,2023-09-04,270.0854,-0.013683552421116074
135781,Parag Parikh Flexi Cap Fund - Direct Growth,2023-09-05,266.9721,-0.011527094763360002
135781,Parag Parikh Flexi Cap Fund - Direct Growth,2023-09-06,270.7724,0.014234820792135228
135781,Parag Parikh Flexi Cap Fund - Direct Growth,2023-09-07,277.0564,0.02320768291007491
135781,Parag Parikh Flexi Cap Fund - Direct Growth,2023-09-08,278.4748,0.005119535228206296
135781,Parag Parikh Flexi Cap Fund - Direct Growth,2023-09-09,282.2836,0.013677359674914902
135781,Parag Parikh Flexi Cap Fund - Direct Growth,2023-09-10,281.5637,-0.0025502721376657878
135781,Parag Parikh Flexi Cap Fund - Direct Growth,2023-09-11,277.1566,-0.015652230738550266
135781,Parag Parikh Flexi Cap Fund - Direct Growth,2023-09-12,279.3035,0.007746162277932234
135781,Parag Parikh Flexi Cap Fund - Direct Growth,2023-09-13,281.3233,0.007231559933907228
135781,Parag Parikh Flexi Cap Fund - Direct Growth,2023-09-14,281.6778,0.0012601160302043724
135781,Parag Parikh Flexi Cap Fund - Direct Growth,2023-09-15,280.9712,-0.002508539899132911
135781,Parag Parikh Flexi Cap Fund - Direct Growth,2023-09-16,284.3278,0.011946420131315971
135781,Parag Parikh Flexi Cap Fund - Direct Growth,2023-09-17,281.0783,-0.011428710101509587
135781,Parag Parikh Flexi Cap Fund - Direct Growth,2023-09-18,278.5808,-0.008885424452901525
135781,Parag Parikh Flexi Cap Fund - Direct Growth,2023-09-19,275.3222,-0.011697144957585004
135781,Parag Parikh Flexi Cap Fund - Direct Growth,2023-09-20,275.7131,0.0014197910666120528
135781,Parag Parikh Flexi Cap Fund - Direct Growth,2023-09-21,272.224,-0.012654821261666616
135781,Parag Parikh Flexi Cap Fund - Direct Growth,2023-09-22,270.0977,-0.007810846949571015
135781,Parag Parikh Flexi Cap Fund - Direct Growth,2023-09-23,267.9183,-0.008068932093831194
135781,Parag Parikh Flexi Cap Fund - Direct Growth,2023-09-24,267.1876,-0.0027273239640592806
135781,Parag Parikh Flexi Cap Fund - Direct Growth,2023-09-25,262.5256,-0.017448414522230782
135781,Parag Parikh Flexi Cap Fund - Direct Growth,2023-09-26,262.9053,0.0014463351383637857
135781,Parag Parikh Flexi Cap Fund - Direct Growth,2023-09-27,266.9455,0.015367510658780725
135781,Parag Parikh Flexi Cap Fund - Direct Growth,2023-09-28,267.4863,0.002025881687460762
135781,Parag Parikh Flexi Cap Fund - Direct Growth,2023-09-29,272.5407,0.01889592102474036
135781,Parag Parikh Flexi Cap Fund - Direct Growth,2023-09-30,277.0125,0.016407824592803877
135781,Parag Parikh Flexi Cap Fund - Direct Growth,2023-10-01,279.7086,0.00973277379179649
135781,Parag Parikh Flexi Cap Fund - Direct Growth,2023-10-02,280.0712,0.00129634912905785
135781,Parag Parikh Flexi Cap Fund - Direct Growth,2023-10-03,280.2588,0.0006698296718834484
135781,Parag Parikh Flexi Cap Fund - Direct Growth,2023-10-04,282.9396,0.009565444510573728
135781,Parag Parikh Flexi Cap Fund - Direct Growth,2023-10-05,281.7229,-0.0043002110697830664
135781,Parag Parikh Flexi Cap Fund - Direct Growth,2023-10-06,275.4714,-0.02219024438552908
135781,Parag Parikh Flexi Cap Fund - Direct Growth,2023-10-07,277.208,0.006304102712659132
135781,Parag Parikh Flexi Cap Fund - Direct Growth,2023-10-08,273.5564,-0.013172780006349138
135781,Parag Parikh Flexi Cap Fund - Direct Growth,2023-10-09,270.5074,-0.01114578200327232
135781,Parag Parikh Flexi Cap Fund - Direct Growth,2023-10-10,270.6163,0.0004025767871784769
135781,Parag Parikh Flexi Cap Fund - Direct Growth,2023-10-11,270.4156,-0.0007416404702896839
135781,Parag Parikh Flexi Cap Fund - Direct Growth,2023-10-12,265.9416,-0.01654490347450366
135781,Parag Parikh Flexi Cap Fund - Direct Growth,2023-10-13,266.5761,0.002385862159210994
135781,Parag Parikh Flexi Cap Fund - Direct Growth,2023-10-14,269.7733,0.011993573317337969
135781,Parag Parikh Flexi Cap Fund - Direct Growth,2023-10-15,266.2285,-0.01313992155635868
135781,Parag Parikh Flexi Cap Fund - Direct Growth,2023-10-16,270.4002,0.015669622147891804
135781,Parag Parikh Flexi Cap Fund - Direct Growth,2023-10-17,265.4459,-0.018322101832764837
135781,Parag Parikh Flexi Cap Fund - Direct Growth,2023-10-18,272.2965,0.02580789531878236
135781,Parag Parikh Flexi Cap Fund - Direct Growth,2023-10-19,271.0616,-0.0045351299043505655
135781,Parag Parikh Flexi Cap Fund - Direct Growth,2023-10-20,271.6437,0.0021474823434968204
135781,Parag Parikh Flexi Cap Fund - Direct Growth,2023-10-21,265.5848,-0.022304585013383504
135781,Parag Parikh Flexi Cap Fund - Direct Growth,2023-10-22,265.493,-0.00034565231142735797
135781,Parag Parikh Flexi Cap Fund - Direct Growth,2023-10-23,266.3271,0.0031417024177660124
135781,Parag Parikh Flexi Cap Fund - Direct Growth,2023-10-24,266.1583,-0.0006338070740828927
135781,Parag Parikh Flexi Cap Fund - Direct Growth,2023-10-25,264.4663,-0.006357119052834426
135781,Parag Parikh Flexi Cap Fund - Direct Growth,2023-10-26,261.5681,-0.01095867412974727
135781,Parag Parikh Flexi Cap Fund - Direct Growth,2023-10-27,265.2212,0.013966152600412673
135781,Parag Parikh Flexi Cap Fund - Direct Growth,2023-10-28,265.4253,0.0007695463258592383
135781,Parag Parikh Flexi Cap Fund - Direct Growth,2023-10-29,270.4389,0.018888930331810938
135781,Parag Parikh Flexi Cap Fund - Direct Growth,2023-10-30,268.8385,-0.005917787714711076
135781,Parag Parikh Flexi Cap Fund - Direct Growth,2023-10-31,267.5434,-0.004817390366335106
135781,Parag Parikh Flexi Cap Fund - Direct Growth,2023-11-01,270.2689,0.01018713225592549
135781,Parag Parikh Flexi Cap Fund - Direct Growth,2023-11-02,265.1133,-0.019075816714390736
135781,Parag Parikh Flexi Cap Fund - Direct Growth,2023-11-03,261.3589,-0.014161492463788061
135781,Parag Parikh Flexi Cap Fund - Direct Growth,2023-11-04,264.9055,0.013569845909207734
135781,Parag Parikh Flexi Cap Fund - Direct Growth,2023-11-05,261.286,-0.01366336297283377
135781,Parag Parikh Flexi Cap Fund - Direct Growth,2023-11-06,255.687,-0.02142862610319718
135781,Parag Parikh Flexi Cap Fund - Direct Growth,2023-11-07,261.5224,0.022822435243090133
135781,Parag Parikh Flexi Cap Fund - Direct Growth,2023-11-08,257.2528,-0.016325943781488772
135781,Parag Parikh Flexi Cap Fund - Direct Growth,2023-11-09,257.9241,0.0026094954068527354
135781,Parag Parikh Flexi Cap Fund - Direct Growth,2023-11-10,258.2411,0.0012290437380608754
135781,Parag Parikh Flexi Cap Fund - Direct Growth,2023-11-11,249.6346,-0.03332738282171199
135781,Parag Parikh Flexi Cap Fund - Direct Growth,2023-11-12,248.9337,-0.002807703739786116
135781,Parag Parikh Flexi Cap Fund - Direct Growth,2023-11-13,250.3728,0.005781057365876974
135781,Parag Parikh Flexi Cap Fund - Direct Growth,2023-11-14,251.5375,0.004651863141682977
135781,Parag Parikh Flexi Cap Fund - Direct Growth,2023-11-15,254.3653,0.011242061322864316
135781,Parag Parikh Flexi Cap Fund - Direct Growth,2023-11-16,253.2843,-0.004249793505639254
135781,Parag Parikh Flexi Cap Fund - Direct Growth,2023-11-17,255.5512,0.008950021773951322
135781,Parag Parikh Flexi Cap Fund - Direct Growth,2023-11-18,253.5395,-0.007872003731541843
135781,Parag Parikh Flexi Cap Fund - Direct Growth,2023-11-19,249.3496,-0.016525630128638724
135781,Parag Parikh Flexi Cap Fund - Direct Growth,2023-11-20,245.5663,-0.015172673226666489
135781,Parag Parikh Flexi Cap Fund - Direct Growth,2023-11-21,241.356,-0.01714526789710158
135781,Parag Parikh Flexi Cap Fund - Direct Growth,2023-11-22,244.3766,0.012515122889010355
135781,Parag Parikh Flexi Cap Fund - Direct Growth,2023-11-23,240.0328,-0.017775024286285968
135781,Parag Parikh Flexi Cap Fund - Direct Growth,2023-11-24,240.9182,0.00368866254945166
135781,Parag Parikh Flexi Cap Fund - Direct Growth,2023-11-25,240.2458,-0.002790988808649586
135781,Parag Parikh Flexi Cap Fund - Direct Growth,2023-11-26,240.046,-0.000831648253580286
135781,Parag Parikh Flexi Cap Fund - Direct Growth,2023-11-27,244.07,0.016763453671379658
135781,Parag Parikh Flexi Cap Fund - Direct Growth,2023-11-28,242.8835,-0.004861310279837716
135781,Parag Parikh Flexi Cap Fund - Direct Growth,2023-11-29,244.7632,0.0077391012563636785
135781,Parag Parikh Flexi Cap Fund - Direct Growth,2023-11-30,244.9714,0.0008506180667680052
135781,Parag Parikh Flexi Cap Fund - Direct Growth,2023-12-01,244.6225,-0.0014242478917946277
135781,Parag Parikh Flexi Cap Fund - Direct Growth,2023-12-02,251.4718,0.02799946856891733
135781,Parag Parikh Flexi Cap Fund - Direct Growth,2023-12-03,247.2229,-0.01689612910871119
135781,Parag Parikh Flexi Cap Fund - Direct Growth,2023-12-04,251.1462,0.015869484582536675
135781,Parag Parikh Flexi Cap Fund - Direct Growth,2023-12-05,253.2249,0.008276852287631753
135781,Parag Parikh Flexi Cap Fund - Direct Growth,2023-12-06,251.8691,-0.00535413381543437
135781,Parag Parikh Flexi Cap Fund - Direct Growth,2023-12-07,256.8943,0.019951633606504204
135781,Parag Parikh Flexi Cap Fund - Direct Growth,2023-12-08,251.2998,-0.02177743920359454
135781,Parag Parikh Flexi Cap Fund - Direct Growth,2023-12-09,249.8269,-0.005861126829388663
135781,Parag Parikh Flexi Cap Fund - Direct Growth,2023-12-10,246.3039,-0.01410176406143615
135781,Parag Parikh Flexi Cap Fund - Direct Growth,2023-12-11,247.6204,0.0053450229574114605
135781,Parag Parikh Flexi Cap Fund - Direct Growth,2023-12-12,244.412,-0.012956929235232617
135781,Parag Parikh Flexi Cap Fund - Direct Growth,2023-12-13,245.7799,0.005596697379834037
135781,Parag Parikh Flexi Cap Fund - Direct Growth,2023-12-14,245.3283,-0.0018374163224901263
135781,Parag Parikh Flexi Cap Fund - Direct Growth,2023-12-15,244.0152,-0.005352419594478186
135781,Parag Parikh Flexi Cap Fund - Direct Growth,2023-12-16,245.2508,0.005063618987669605
135781,Parag Parikh Flexi Cap Fund - Direct Growth,2023-12-17,244.5583,-0.002823640126760063
135781,Parag Parikh Flexi Cap Fund - Direct Growth,2023-12-18,241.4613,-0.012663647073111073
135781,Parag Parikh Flexi Cap Fund - Direct Growth,2023-12-19,249.675,0.0340166312365584
135781,Parag Parikh Flexi Cap Fund - Direct Growth,2023-12-20,248.3153,-0.0054458796435366
135781,Parag Parikh Flexi Cap Fund - Direct Growth,2023-12-21,241.8066,-0.02621143360880307
135781,Parag Parikh Flexi Cap Fund - Direct Growth,2023-12-22,239.4598,-0.009705276861756484
135781,Parag Parikh Flexi Cap Fund - Direct Growth,2023-12-23,235.914,-0.01480749587195851
135781,Parag Parikh Flexi Cap Fund - Direct Growth,2023-12-24,238.3472,0.010313927956797864
135781,Parag Parikh Flexi Cap Fund - Direct Growth,2023-12-25,239.3625,0.004259752159874397
135781,Parag Parikh Flexi Cap Fund - Direct Growth,2023-12-26,240.6035,0.005184604940205784
135781,Parag Parikh Flexi Cap Fund - Direct Growth,2023-12-27,239.6314,-0.004040257103491762
135781,Parag Parikh Flexi Cap Fund - Direct Growth,2023-12-28,238.924,-0.002952033831960299
135781,Parag Parikh Flexi Cap Fund - Direct Growth,2023-12-29,237.9561,-0.004051079004202207
135781,Parag Parikh Flexi Cap Fund - Direct Growth,2023-12-30,237.8194,-0.0005744757121166622
135781,Parag Parikh Flexi Cap Fund - Direct Growth,2023-12-31,240.2984,0.010423876269135324
135781,Parag Parikh Flexi Cap Fund - Direct Growth,2024-01-01,241.3636,0.0044328218581564105
135781,Parag Parikh Flexi Cap Fund - Direct Growth,2024-01-02,242.9087,0.0064015452205719026
135781,Parag Parikh Flexi Cap Fund - Direct Growth,2024-01-03,244.462,0.006394583643978047
135781,Parag Parikh Flexi Cap Fund - Direct Growth,2024-01-04,247.1543,0.011013163600068765
135781,Parag Parikh Flexi Cap Fund - Direct Growth,2024-01-05,248.1078,0.0038579138619072584
135781,Parag Parikh Flexi Cap Fund - Direct Growth,2024-01-06,249.2754,0.004706018915971111
135781,Parag Parikh Flexi Cap Fund - Direct Growth,2024-01-07,252.9312,0.014665707085416368
135781,Parag Parikh Flexi Cap Fund - Direct Growth,2024-01-08,251.0138,-0.007580717602256981
135781,Parag Parikh Flexi Cap Fund - Direct Growth,2024-01-09,248.5366,-0.009868780122845866
135781,Parag Parikh Flexi Cap Fund - Direct Growth,2024-01-10,245.0991,-0.013830960912799117
135781,Parag Parikh Flexi Cap Fund - Direct Growth,2024-01-11,245.7351,0.002594868769407954
135781,Parag Parikh Flexi Cap Fund - Direct Growth,2024-01-12,240.3671,-0.02184466118189865
135781,Parag Parikh Flexi Cap Fund - Direct Growth,2024-01-13,241.7963,0.005945905242439542
135781,Parag Parikh Flexi Cap Fund - Direct Growth,2024-01-14,241.5762,-0.000910270339124275
135781,Parag Parikh Flexi Cap Fund - Direct Growth,2024-01-15,244.9621,0.014015867457141784
135781,Parag Parikh Flexi Cap Fund - Direct Growth,2024-01-16,243.085,-0.007662818044097408
135781,Parag Parikh Flexi Cap Fund - Direct Growth,2024-01-17,242.5892,-0.00203961577226075
135781,Parag Parikh Flexi Cap Fund - Direct Growth,2024-01-18,245.953,0.013866239717184481
135781,Parag Parikh Flexi Cap Fund - Direct Growth,2024-01-19,250.1336,0.016997556443710815
135781,Parag Parikh Flexi Cap Fund - Direct Growth,2024-01-20,248.1921,-0.007761852066255792
135781,Parag Parikh Flexi Cap Fund - Direct Growth,2024-01-21,248.8328,0.0025814681450375687
135781,Parag Parikh Flexi Cap Fund - Direct Growth,2024-01-22,249.8115,0.0039331631521246635
135781,Parag Parikh Flexi Cap Fund - Direct Growth,2024-01-23,251.0315,0.00488368229645153
135781,Parag Parikh Flexi Cap Fund - Direct Growth,2024-01-24,250.3409,-0.0027510491711199014
135781,Parag Parikh Flexi Cap Fund - Direct Growth,2024-01-25,254.2904,0.01577648718207847
135781,Parag Parikh Flexi Cap Fund - Direct Growth,2024-01-26,248.6257,-0.02227649962405187
135781,Parag Parikh Flexi Cap Fund - Direct Growth,2024-01-27,247.4687,-0.004653581669151641
135781,Parag Parikh Flexi Cap Fund - Direct Growth,2024-01-28,248.8979,0.005775275822760495
135781,Parag Parikh Flexi Cap Fund - Direct Growth,2024-01-29,250.3631,0.00588675115378634
135781,Parag Parikh Flexi Cap Fund - Direct Growth,2024-01-30,254.5274,0.01663304216955286
135781,Parag Parikh Flexi Cap Fund - Direct Growth,2024-01-31,258.289,0.014778762522227318
135781,Parag Parikh Flexi Cap Fund - Direct Growth,2024-02-01,257.5073,-0.0030264548625764665
135781,Parag Parikh Flexi Cap Fund - Direct Growth,2024-02-02,261.627,0.015998381405109674
135781,Parag Parikh Flexi Cap Fund - Direct Growth,2024-02-03,259.4899,-0.008168499428575893
135781,Parag Parikh Flexi Cap Fund - Direct Growth,2024-02-04,262.4924,0.011570777899255313
135781,Parag Parikh Flexi Cap Fund - Direct Growth,2024-02-05,268.3004,0.022126354896370604
135781,Parag Parikh Flexi Cap Fund - Direct Growth,2024-02-06,272.3194,0.01497947822664436
135781,Parag Parikh Flexi Cap Fund - Direct Growth,2024-02-07,272.774,0.0016693632550601745
135781,Parag Parikh Flexi Cap Fund - Direct Growth,2024-02-08,271.7971,-0.003581353061508752
135781,Parag Parikh Flexi Cap Fund - Direct Growth,2024-02-09,266.9202,-0.017943164220663
135781,Parag Parikh Flexi Cap Fund - Direct Growth,2024-02-10,268.0216,0.004126326894704713
135781,Parag Parikh Flexi Cap Fund - Direct Growth,2024-02-11,264.542,-0.012982535735925782
135781,Parag Parikh Flexi Cap Fund - Direct Growth,2024-02-12,262.13,-0.009117644835224592
135781,Parag Parikh Flexi Cap Fund - Direct Growth,2024-02-13,258.4893,-0.013888910082783257
135781,Parag Parikh Flexi Cap Fund - Direct Growth,2024-02-14,257.1646,-0.00512477692500235
135781,Parag Parikh Flexi Cap Fund - Direct Growth,2024-02-15,257.1812,6.455009748607132e-05
135781,Parag Parikh Flexi Cap Fund - Direct Growth,2024-02-16,258.1285,0.003683395209292062
135781,Parag Parikh Flexi Cap Fund - Direct Growth,2024-02-17,256.3717,-0.0068059125590549385
135781,Parag Parikh Flexi Cap Fund - Direct Growth,2024-02-18,259.7639,0.013231569631125373
135781,Parag Parikh Flexi Cap Fund - Direct Growth,2024-02-19,259.2188,-0.0020984440101183832
135781,Parag Parikh Flexi Cap Fund - Direct Growth,2024-02-20,256.8722,-0.009052584148989018
135781,Parag Parikh Flexi Cap Fund - Direct Growth,2024-02-21,257.6725,0.003115557074685471
135781,Parag Parikh Flexi Cap Fund - Direct Growth,2024-02-22,263.847,0.023962588169090582
135781,Parag Parikh Flexi Cap Fund - Direct Growth,2024-02-23,265.0137,0.004421880862772731
135781,Parag Parikh Flexi Cap Fund - Direct Growth,2024-02-24,263.9658,-0.003954135201312159
135781,Parag Parikh Flexi Cap Fund - Direct Growth,2024-02-25,259.233,-0.017929595424861833
135781,Parag Parikh Flexi Cap Fund - Direct Growth,2024-02-26,258.6541,-0.002233126183780576
135781,Parag Parikh Flexi Cap Fund - Direct Growth,2024-02-27,259.4867,0.003218970818556377
135781,Parag Parikh Flexi Cap Fund - Direct Growth,2024-02-28,258.3836,-0.004251084930364413
135781,Parag Parikh Flexi Cap Fund - Direct Growth,2024-02-29,253.3233,-0.019584447310123432
135781,Parag Parikh Flexi Cap Fund - Direct Growth,2024-03-01,250.839,-0.009806835770732492
135781,Parag Parikh Flexi Cap Fund - Direct Growth,2024-03-02,255.3176,0.017854480363898695
135781,Parag Parikh Flexi Cap Fund - Direct Growth,2024-03-03,259.8132,0.017607873487765824
135781,Parag Parikh Flexi Cap Fund - Direct Growth,2024-03-04,257.1528,-0.010239664497415757
135781,Parag Parikh Flexi Cap Fund - Direct Growth,2024-03-05,259.3317,0.008473172370668358
135781,Parag Parikh Flexi Cap Fund - Direct Growth,2024-03-06,255.7677,-0.01374301714753734
135781,Parag Parikh Flexi Cap Fund - Direct Growth,2024-03-07,260.1802,0.017251982951717704
135781,Parag Parikh Flexi Cap Fund - Direct Growth,2024-03-08,261.0499,0.0033426832633689507
135781,Parag Parikh Flexi Cap Fund - Direct Growth,2024-03-09,264.1292,0.011795829073292241
135781,Parag Parikh Flexi Cap Fund - Direct Growth,2024-03-10,258.7988,-0.02018103261585613
135781,Parag Parikh Flexi Cap Fund - Direct Growth,2024-03-11,261.0068,0.008531724258381335
135781,Parag Parikh Flexi Cap Fund - Direct Growth,2024-03-12,261.0872,0.000308037951501694
135781,Parag Parikh Flexi Cap Fund - Direct Growth,2024-03-13,263.8608,0.010623270692703413
135781,Parag Parikh Flexi Cap Fund - Direct Growth,2024-03-14,266.8631,0.011378347977418324
135781,Parag Parikh Flexi Cap Fund - Direct Growth,2024-03-15,267.1805,0.0011893738774675366
135781,Parag Parikh Flexi Cap Fund - Direct Growth,2024-03-16,265.361,-0.006810002975516594
135781,Parag Parikh Flexi Cap Fund - Direct Growth,2024-03-17,267.95,0.009756520362826482
135781,Parag Parikh Flexi Cap Fund - Direct Growth,2024-03-18,267.8638,-0.0003217018100390989
135781,Parag Parikh Flexi Cap Fund - Direct Growth,2024-03-19,265.1655,-0.010073402975691481
135781,Parag Parikh Flexi Cap Fund - Direct Growth,2024-03-20,262.3437,-0.010641655871521771
135781,Parag Parikh Flexi Cap Fund - Direct Growth,2024-03-21,257.7983,-0.017326125994258756
135781,Parag Parikh Flexi Cap Fund - Direct Growth,2024-03-22,256.3228,-0.0057234667567629405
135781,Parag Parikh Flexi Cap Fund - Direct Growth,2024-03-23,259.8171,0.013632419745726931
135781,Parag Parikh Flexi Cap Fund - Direct Growth,2024-03-24,260.4755,0.00253409032738805
135781,Parag Parikh Flexi Cap Fund - Direct Growth,2024-03-25,258.9238,-0.005957182153407792
135781,Parag Parikh Flexi Cap Fund - Direct Growth,2024-03-26,261.5281,0.010058171554719886
135781,Parag Parikh Flexi Cap Fund - Direct Growth,2024-03-27,259.0201,-0.00958979168968832
135781,Parag Parikh Flexi Cap Fund - Direct Growth,2024-03-28,259.4201,0.0015442816986017682
135781,Parag Parikh Flexi Cap Fund - Direct Growth,2024-03-29,258.9647,-0.0017554537986840257
135781,Parag Parikh Flexi Cap Fund - Direct Growth,2024-03-30,261.4895,0.009749591353570786
135781,Parag Parikh Flexi Cap Fund - Direct Growth,2024-03-31,256.645,-0.018526556515653714
135781,Parag Parikh Flexi Cap Fund - Direct Growth,2024-04-01,254.1293,-0.009802256034600276
135781,Parag Parikh Flexi Cap Fund - Direct Growth,2024-04-02,249.235,-0.019259093697578278
135781,Parag Parikh Flexi Cap Fund - Direct Growth,2024-04-03,248.5583,-0.0027151082311874797
135781,Parag Parikh Flexi Cap Fund - Direct Growth,2024-04-04,252.271,0.014936938335995853
135781,Parag Parikh Flexi Cap Fund - Direct Growth,2024-04-05,250.8418,-0.005665336086985717
135781,Parag Parikh Flexi Cap Fund - Direct Growth,2024-04-06,249.4049,-0.005728311629082605
135781,Parag Parikh Flexi Cap Fund - Direct Growth,2024-04-07,252.1136,0.01086065269768155
135781,Parag Parikh Flexi Cap Fund - Direct Growth,2024-04-08,255.4472,0.013222610759594078
135781,Parag Parikh Flexi Cap Fund - Direct Growth,2024-04-09,255.2779,-0.0006627592708005059
135781,Parag Parikh Flexi Cap Fund - Direct Growth,2024-04-10,257.4775,0.008616492066097603
135781,Parag Parikh Flexi Cap Fund - Direct Growth,2024-04-11,254.253,-0.012523424376887471
135781,Parag Parikh Flexi Cap Fund - Direct Growth,2024-04-12,258.559,0.016935886695535807
135781,Parag Parikh Flexi Cap Fund - Direct Growth,2024-04-13,265.3292,0.026184352507551356
135781,Parag Parikh Flexi Cap Fund - Direct Growth,2024-04-14,267.0949,0.006654751908195422
135781,Parag Parikh Flexi Cap Fund - Direct Growth,2024-04-15,260.5212,-0.02461185144306377
135781,Parag Parikh Flexi Cap Fund - Direct Growth,2024-04-16,258.8802,-0.006298911566505971
135781,Parag Parikh Flexi Cap Fund - Direct Growth,2024-04-17,260.8875,0.007753779547450934
135781,Parag Parikh Flexi Cap Fund - Direct Growth,2024-04-18,259.6723,-0.004657946432849336
135781,Parag Parikh Flexi Cap Fund - Direct Growth,2024-04-19,263.7404,0.01566628400487846
135781,Parag Parikh Flexi Cap Fund - Direct Growth,2024-04-20,265.7073,0.007457712204880007
135781,Parag Parikh Flexi Cap Fund - Direct Growth,2024-04-21,263.561,-0.008077685483236619
135781,Parag Parikh Flexi Cap Fund - Direct Growth,2024-04-22,263.7685,0.0007872940230155834
135781,Parag Parikh Flexi Cap Fund - Direct Growth,2024-04-23,261.0448,-0.010326100349359435
135781,Parag Parikh Flexi Cap Fund - Direct Growth,2024-04-24,260.5773,-0.0017908803393135164
135781,Parag Parikh Flexi Cap Fund - Direct Growth,2024-04-25,258.9474,-0.0062549577419059865
135781,Parag Parikh Flexi Cap Fund - Direct Growth,2024-04-26,262.7014,0.014497152703599081
135781,Parag Parikh Flexi Cap Fund - Direct Growth,2024-04-27,269.477,0.025792020902819734
135781,Parag Parikh Flexi Cap Fund - Direct Growth,2024-04-28,264.9567,-0.01677434437818426
135781,Parag Parikh Flexi Cap Fund - Direct Growth,2024-04-29,258.9479,-0.022678422549797794
135781,Parag Parikh Flexi Cap Fund - Direct Growth,2024-04-30,258.2896,-0.0025422102283895187
135781,Parag Parikh Flexi Cap Fund - Direct Growth,2024-05-01,253.6866,-0.01782108145275696
135781,Parag Parikh Flexi Cap Fund - Direct Growth,2024-05-02,253.9288,0.0009547212978533448
135781,Parag Parikh Flexi Cap Fund - Direct Growth,2024-05-03,256.3125,0.009387277063491739
135781,Parag Parikh Flexi Cap Fund - Direct Growth,2024-05-04,261.0106,0.018329578151670356
135781,Parag Parikh Flexi Cap Fund - Direct Growth,2024-05-05,261.7458,0.002816743841054681
135781,Parag Parikh Flexi Cap Fund - Direct Growth,2024-05-06,261.2438,-0.0019178913281510113
135781,Parag Parikh Flexi Cap Fund - Direct Growth,2024-05-07,255.1462,-0.02334064961541682
135781,Parag Parikh Flexi Cap Fund - Direct Growth,2024-05-08,255.3284,0.0007141003863666562
135781,Parag Parikh Flexi Cap Fund - Direct Growth,2024-05-09,255.649,0.0012556378373891341
135781,Parag Parikh Flexi Cap Fund - Direct Growth,2024-05-10,257.7114,0.008067311039746006
135781,Parag Parikh Flexi Cap Fund - Direct Growth,2024-05-11,255.6235,-0.00810169825626661
135781,Parag Parikh Flexi Cap Fund - Direct Growth,2024-05-12,254.3912,-0.004820761784421257
135781,Parag Parikh Flexi Cap Fund - Direct Growth,2024-05-13,249.9811,-0.01733589841158023
135781,Parag Parikh Flexi Cap Fund - Direct Growth,2024-05-14,243.2077,-0.027095648431021413
135781,Parag Parikh Flexi Cap Fund - Direct Growth,2024-05-15,240.0698,-0.01290214084504726
135781,Parag Parikh Flexi Cap Fund - Direct Growth,2024-05-16,235.642,-0.01844380259407885
135781,Parag Parikh Flexi Cap Fund - Direct Growth,2024-05-17,236.6884,0.004440634521859499
135781,Parag Parikh Flexi Cap Fund - Direct Growth,2024-05-18,235.3114,-0.005817775607085185
135781,Parag Parikh Flexi Cap Fund - Direct Growth,2024-05-19,233.8857,-0.006058779982610174
135781,Parag Parikh Flexi Cap Fund - Direct Growth,2024-05-20,231.2164,-0.011412839690498444
135781,Parag Parikh Flexi Cap Fund - Direct Growth,2024-05-21,222.3398,-0.038390875387732004
135781,Parag Parikh Flexi Cap Fund - Direct Growth,2024-05-22,226.453,0.018499611855367304
135781,Parag Parikh Flexi Cap Fund - Direct Growth,2024-05-23,223.8254,-0.011603290749073736
135781,Parag Parikh Flexi Cap Fund - Direct Growth,2024-05-24,222.8072,-0.004549081560895285
135781,Parag Parikh Flexi Cap Fund - Direct Growth,2024-05-25,219.0064,-0.017058694692092424
135781,Parag Parikh Flexi Cap Fund - Direct Growth,2024-05-26,221.6483,0.012063117790165112
135781,Parag Parikh Flexi Cap Fund - Direct Growth,2024-05-27,222.1184,0.0021209276137015287
135781,Parag Parikh Flexi Cap Fund - Direct Growth,2024-05-28,220.0046,-0.009516546130352133
135781,Parag Parikh Flexi Cap Fund - Direct Growth,2024-05-29,219.0571,-0.004306728132048243
135781,Parag Parikh Flexi Cap Fund - Direct Growth,2024-05-30,223.5561,0.020538024104217456
135781,Parag Parikh Flexi Cap Fund - Direct Growth,2024-05-31,223.4498,-0.00047549585987582965
135781,Parag Parikh Flexi Cap Fund - Direct Growth,2024-06-01,223.0519,-0.0017807131624195671
135781,Parag Parikh Flexi Cap Fund - Direct Growth,2024-06-02,220.6214,-0.010896567121822298
135781,Parag Parikh Flexi Cap Fund - Direct Growth,2024-06-03,215.6938,-0.02233509532620126
135781,Parag Parikh Flexi Cap Fund - Direct Growth,2024-06-04,215.3658,-0.0015206742150214447
135781,Parag Parikh Flexi Cap Fund - Direct Growth,2024-06-05,216.2931,0.0043056975620083815
135781,Parag Parikh Flexi Cap Fund - Direct Growth,2024-06-06,219.2336,0.013594978295655258
135781,Parag Parikh Flexi Cap Fund - Direct Growth,2024-06-07,213.4059,-0.026582147991913607
135781,Parag Parikh Flexi Cap Fund - Direct Growth,2024-06-08,210.61,-0.013101324752502141
135781,Parag Parikh Flexi Cap Fund - Direct Growth,2024-06-09,209.2265,-0.006569013817007918
135781,Parag Parikh Flexi Cap Fund - Direct Growth,2024-06-10,209.3015,0.0003584631965836138
135781,Parag Parikh Flexi Cap Fund - Direct Growth,2024-06-11,209.021,-0.0013401719529005929
135781,Parag Parikh Flexi Cap Fund - Direct Growth,2024-06-12,208.7994,-0.00106018055602064
135781,Parag Parikh Flexi Cap Fund - Direct Growth,2024-06-13,209.9054,0.005296950087021246
135781,Parag Parikh Flexi Cap Fund - Direct Growth,2024-06-14,207.7141,-0.010439464635021212
135781,Parag Parikh Flexi Cap Fund - Direct Growth,2024-06-15,210.1256,0.01160970776658865
135781,Parag Parikh Flexi Cap Fund - Direct Growth,2024-06-16,211.3026,0.005601411727081507
135781,Parag Parikh Flexi Cap Fund - Direct Growth,2024-06-17,210.5761,-0.003438197163688539
135781,Parag Parikh Flexi Cap Fund - Direct Growth,2024-06-18,214.7057,0.01961096249764349
135781,Parag Parikh Flexi Cap Fund - Direct Growth,2024-06-19,218.8016,0.019076810722770787
135781,Parag Parikh Flexi Cap Fund - Direct Growth,2024-06-20,221.3385,0.011594522160715437
135781,Parag Parikh Flexi Cap Fund - Direct Growth,2024-06-21,213.4096,-0.035822507155329975
135781,Parag Parikh Flexi Cap Fund - Direct Growth,2024-06-22,217.5385,0.01934730208950297
135781,Parag Parikh Flexi Cap Fund - Direct Growth,2024-06-23,219.7002,0.009937091595280778
135781,Parag Parikh Flexi Cap Fund - Direct Growth,2024-06-24,225.0778,0.024476991827954597
135781,Parag Parikh Flexi Cap Fund - Direct Growth,2024-06-25,228.5101,0.015249393765178088
135781,Parag Parikh Flexi Cap Fund - Direct Growth,2024-06-26,232.9295,0.01934006418097045
135781,Parag Parikh Flexi Cap Fund - Direct Growth,2024-06-27,235.4786,0.010943654625112043
135781,Parag Parikh Flexi Cap Fund - Direct Growth,2024-06-28,239.3839,0.016584521905600003
135781,Parag Parikh Flexi Cap Fund - Direct Growth,2024-06-29,245.208,0.024329539288147517
135781,Parag Parikh Flexi Cap Fund - Direct Growth,2024-06-30,245.9433,0.002998678672800237
135781,Parag Parikh Flexi Cap Fund - Direct Growth,2024-07-01,241.4015,-0.01846685801158232
135781,Parag Parikh Flexi Cap Fund - Direct Growth,2024-07-02,240.6074,-0.003289540454388118
135781,Parag Parikh Flexi Cap Fund - Direct Growth,2024-07-03,241.8295,0.005079228652152823
135781,Parag Parikh Flexi Cap Fund - Direct Growth,2024-07-04,242.1436,0.0012988489824441452
135781,Parag Parikh Flexi Cap Fund - Direct Growth,2024-07-05,238.6183,-0.014558716398038185
135781,Parag Parikh Flexi Cap Fund - Direct Growth,2024-07-06,234.0433,-0.019172879867135117
135781,Parag Parikh Flexi Cap Fund - Direct Growth,2024-07-07,232.0553,-0.008494154714106306
135781,Parag Parikh Flexi Cap Fund - Direct Growth,2024-07-08,234.3974,0.010092852867398472
135781,Parag Parikh Flexi Cap Fund - Direct Growth,2024-07-09,238.9363,0.019364122639585535
135781,Parag Parikh Flexi Cap Fund - Direct Growth,2024-07-10,241.6599,0.0113988540041845
135781,Parag Parikh Flexi Cap Fund - Direct Growth,2024-07-11,244.823,0.013089056148744671
135781,Parag Parikh Flexi Cap Fund - Direct Growth,2024-07-12,244.6835,-0.0005697994061015788
135781,Parag Parikh Flexi Cap Fund - Direct Growth,2024-07-13,239.6663,-0.020504856273512506
135781,Parag Parikh Flexi Cap Fund - Direct Growth,2024-07-14,238.453,-0.005062455589292303
135781,Parag Parikh Flexi Cap Fund - Direct Growth,2024-07-15,237.8079,-0.00270535493367674
135781,Parag Parikh Flexi Cap Fund - Direct Growth,2024-07-16,236.4846,-0.0055645754409335835
135781,Parag Parikh Flexi Cap Fund - Direct Growth,2024-07-17,236.7344,0.0010563055691574785
135781,Parag Parikh Flexi Cap Fund - Direct Growth,2024-07-18,238.0831,0.005697101899850621
135781,Parag Parikh Flexi Cap Fund - Direct Growth,2024-07-19,240.6154,0.010636202233589742
135781,Parag Parikh Flexi Cap Fund - Direct Growth,2024-07-20,239.9086,-0.002937467842872854
135781,Parag Parikh Flexi Cap Fund - Direct Growth,2024-07-21,234.5238,-0.022445214552542114
135781,Parag Parikh Flexi Cap Fund - Direct Growth,2024-07-22,233.2587,-0.005394335244439996
135781,Parag Parikh Flexi Cap Fund - Direct Growth,2024-07-23,233.4744,0.0009247243511174563
135781,Parag Parikh Flexi Cap Fund - Direct Growth,2024-07-24,236.9937,0.01507360121709267
135781,Parag Parikh Flexi Cap Fund - Direct Growth,2024-07-25,235.4737,-0.006413672599735687
135781,Parag Parikh Flexi Cap Fund - Direct Growth,2024-07-26,237.0162,0.00655062539892981
135781,Parag Parikh Flexi Cap Fund - Direct Growth,2024-07-27,237.9361,0.003881169304039256
135781,Parag Parikh Flexi Cap Fund - Direct Growth,2024-07-28,238.1566,0.0009267194007129831
135781,Parag Parikh Flexi Cap Fund - Direct Growth,2024-07-29,240.9112,0.011566339123081137
135781,Parag Parikh Flexi Cap Fund - Direct Growth,2024-07-30,239.0971,-0.007530160490670457
135781,Parag Parikh Flexi Cap Fund - Direct Growth,2024-07-31,237.5424,-0.006502379158927596
135781,Parag Parikh Flexi Cap Fund - Direct Growth,2024-08-01,237.6035,0.00025721723784899453
135781,Parag Parikh Flexi Cap Fund - Direct Growth,2024-08-02,235.8733,-0.0072818792652464825
135781,Parag Parikh Flexi Cap Fund - Direct Growth,2024-08-03,237.4056,0.0064962842339510996
135781,Parag Parikh Flexi Cap Fund - Direct Growth,2024-08-04,235.4688,-0.00815819003427054
135781,Parag Parikh Flexi Cap Fund - Direct Growth,2024-08-05,236.2024,0.0031154870624050535
135781,Parag Parikh Flexi Cap Fund - Direct Growth,2024-08-06,236.0129,-0.0008022780462857426
135781,Parag Parikh Flexi Cap Fund - Direct Growth,2024-08-07,236.716,0.002979074448896668
135781,Parag Parikh Flexi Cap Fund - Direct Growth,2024-08-08,235.5047,-0.005117102350495895
135781,Parag Parikh Flexi Cap Fund - Direct Growth,2024-08-09,234.6406,-0.003669141210345339
135781,Parag Parikh Flexi Cap Fund - Direct Growth,2024-08-10,235.0048,0.0015521610497073457
135781,Parag Parikh Flexi Cap Fund - Direct Growth,2024-08-11,235.6687,0.0028250486798568897
135781,Parag Parikh Flexi Cap Fund - Direct Growth,2024-08-12,235.7511,0.0003496433764857976
135781,Parag Parikh Flexi Cap Fund - Direct Growth,2024-08-13,240.6699,0.020864377727187744
135781,Parag Parikh Flexi Cap Fund - Direct Growth,2024-08-14,237.9049,-0.011488765317141936
135781,Parag Parikh Flexi Cap Fund - Direct Growth,2024-08-15,237.8168,-0.0003703160380471582
135781,Parag Parikh Flexi Cap Fund - Direct Growth,2024-08-16,233.4211,-0.018483555409037566
135781,Parag Parikh Flexi Cap Fund - Direct Growth,2024-08-17,234.5567,0.004865027197626937
135781,Parag Parikh Flexi Cap Fund - Direct Growth,2024-08-18,231.5115,-0.012982788383363197
135781,Parag Parikh Flexi Cap Fund - Direct Growth,2024-08-19,230.8309,-0.0029398107653398897
135781,Parag Parikh Flexi Cap Fund - Direct Growth,2024-08-20,229.8926,-0.0040648803951292
135781,Parag Parikh Flexi Cap Fund - Direct Growth,2024-08-21,230.7595,0.00377089127705732
135781,Parag Parikh Flexi Cap Fund - Direct Growth,2024-08-22,229.3211,-0.006233329505394125
135781,Parag Parikh Flexi Cap Fund - Direct Growth,2024-08-23,227.7746,-0.006743819038021348
135781,Parag Parikh Flexi Cap Fund - Direct Growth,2024-08-24,231.7903,0.01763014840109478
135781,Parag Parikh Flexi Cap Fund - Direct Growth,2024-08-25,232.6745,0.0038146548841775374
135781,Parag Parikh Flexi Cap Fund - Direct Growth,2024-08-26,231.2011,-0.006332451557862995
135781,Parag Parikh Flexi Cap Fund - Direct Growth,2024-08-27,230.5977,-0.0026098491745929486
135781,Parag Parikh Flexi Cap Fund - Direct Growth,2024-08-28,235.2429,0.020144173163912704
135781,Parag Parikh Flexi Cap Fund - Direct Growth,2024-08-29,234.6731,-0.002422177247432322
135781,Parag Parikh Flexi Cap Fund - Direct Growth,2024-08-30,232.8259,-0.007871375117131096
135781,Parag Parikh Flexi Cap Fund - Direct Growth,2024-08-31,231.0052,-0.007820006279370073
135781,Parag Parikh Flexi Cap Fund - Direct Growth,2024-09-01,229.5754,-0.006189471059525942
135781,Parag Parikh Flexi Cap Fund - Direct Growth,2024-09-02,228.0294,-0.006734170995672861
135781,Parag Parikh Flexi Cap Fund - Direct Growth,2024-09-03,224.619,-0.014955966204357907
135781,Parag Parikh Flexi Cap Fund - Direct Growth,2024-09-04,221.6786,-0.01309061121276478
135781,Parag Parikh Flexi Cap Fund - Direct Growth,2024-09-05,219.5612,-0.009551666241125578
135781,Parag Parikh Flexi Cap Fund - Direct Growth,2024-09-06,221.2077,0.00749904810139479
135781,Parag Parikh Flexi Cap Fund - Direct Growth,2024-09-07,220.2842,-0.004174809466397367
135781,Parag Parikh Flexi Cap Fund - Direct Growth,2024-09-08,219.8247,-0.0020859417062140118
135781,Parag Parikh Flexi Cap Fund - Direct Growth,2024-09-09,223.263,0.0156410994760825
135781,Parag Parikh Flexi Cap Fund - Direct Growth,2024-09-10,226.8218,0.015939945266345124
135781,Parag Parikh Flexi Cap Fund - Direct Growth,2024-09-11,226.1446,-0.0029856036765425475
135781,Parag Parikh Flexi Cap Fund - Direct Growth,2024-09-12,224.5231,-0.007170191107813362
135781,Parag Parikh Flexi Cap Fund - Direct Growth,2024-09-13,222.2839,-0.00997313862137128
135781,Parag Parikh Flexi Cap Fund - Direct Growth,2024-09-14,224.2207,0.008713181656431201
135781,Parag Parikh Flexi Cap Fund - Direct Growth,2024-09-15,223.7596,-0.002056455982877514
135781,Parag Parikh Flexi Cap Fund - Direct Growth,2024-09-16,222.8113,-0.004238030457687669
135781,Parag Parikh Flexi Cap Fund - Direct Growth,2024-09-17,220.7249,-0.009363977500243426
135781,Parag Parikh Flexi Cap Fund - Direct Growth,2024-09-18,218.7746,-0.008835885756432571
135781,Parag Parikh Flexi Cap Fund - Direct Growth,2024-09-19,219.7024,0.004240894509691895
135781,Parag Parikh Flexi Cap Fund - Direct Growth,2024-09-20,216.3222,-0.01538535764743576
135781,Parag Parikh Flexi Cap Fund - Direct Growth,2024-09-21,218.9913,0.012338539456421938
135781,Parag Parikh Flexi Cap Fund - Direct Growth,2024-09-22,217.676,-0.006006174674519027
135781,Parag Parikh Flexi Cap Fund - Direct Growth,2024-09-23,217.3722,-0.0013956522538084437
135781,Parag Parikh Flexi Cap Fund - Direct Growth,2024-09-24,213.9717,-0.01564367476613837
135781,Parag Parikh Flexi Cap Fund - Direct Growth,2024-09-25,214.0255,0.0002514351196909459
135781,Parag Parikh Flexi Cap Fund - Direct Growth,2024-09-26,213.2679,-0.003539765121445826
135781,Parag Parikh Flexi Cap Fund - Direct Growth,2024-09-27,213.225,-0.00020115544814758302
135781,Parag Parikh Flexi Cap Fund - Direct Growth,2024-09-28,217.076,0.018060733966467346
135781,Parag Parikh Flexi Cap Fund - Direct Growth,2024-09-29,217.6257,0.0025322928375315357
135781,Parag Parikh Flexi Cap Fund - Direct Growth,2024-09-30,215.6375,-0.00913586952276324
135781,Parag Parikh Flexi Cap Fund - Direct Growth,2024-10-01,213.8831,-0.008135876181090795
135781,Parag Parikh Flexi Cap Fund - Direct Growth,2024-10-02,215.4961,0.007541502811582612
135781,Parag Parikh Flexi Cap Fund - Direct Growth,2024-10-03,218.9407,0.0159845120166906
135781,Parag Parikh Flexi Cap Fund - Direct Growth,2024-10-04,219.769,0.0037832161859352453
135781,Parag Parikh Flexi Cap Fund - Direct Growth,2024-10-05,221.6732,0.008664552325396313
135781,Parag Parikh Flexi Cap Fund - Direct Growth,2024-10-06,223.3838,0.007716765039707196
135781,Parag Parikh Flexi Cap Fund - Direct Growth,2024-10-07,227.2771,0.01742874819033413
135781,Parag Parikh Flexi Cap Fund - Direct Growth,2024-10-08,222.0508,-0.022995277570859507
135781,Parag Parikh Flexi Cap Fund - Direct Growth,2024-10-09,223.9175,0.008406634878144859
135781,Parag Parikh Flexi Cap Fund - Direct Growth,2024-10-10,226.6504,0.012204941552134141
135781,Parag Parikh Flexi Cap Fund - Direct Growth,2024-10-11,223.1,-0.015664653581021648
135781,Parag Parikh Flexi Cap Fund - Direct Growth,2024-10-12,220.8181,-0.010228148812191917
135781,Parag Parikh Flexi Cap Fund - Direct Growth,2024-10-13,218.652,-0.009809431382662881
135781,Parag Parikh Flexi Cap Fund - Direct Growth,2024-10-14,216.8272,-0.008345681722554454
135781,Parag Parikh Flexi Cap Fund - Direct Growth,2024-10-15,215.6605,-0.005380782484854296
135781,Parag Parikh Flexi Cap Fund - Direct Growth,2024-10-16,216.3746,0.0033112229638714297
135781,Parag Parikh Flexi Cap Fund - Direct Growth,2024-10-17,218.7089,0.010788234848267741
135781,Parag Parikh Flexi Cap Fund - Direct Growth,2024-10-18,221.6343,0.01337577025900627
135781,Parag Parikh Flexi Cap Fund - Direct Growth,2024-10-19,219.4947,-0.009653740418337775
135781,Parag Parikh Flexi Cap Fund - Direct Growth,2024-10-20,217.3576,-0.009736453773143472
135781,Parag Parikh Flexi Cap Fund - Direct Growth,2024-10-21,220.8766,0.01618991008365933
135781,Parag Parikh Flexi Cap Fund - Direct Growth,2024-10-22,222.6792,0.008161118017933955
135781,Parag Parikh Flexi Cap Fund - Direct Growth,2024-10-23,222.9897,0.0013943825916384878
135781,Parag Parikh Flexi Cap Fund - Direct Growth,2024-10-24,224.3455,0.0060801014576008505
135781,Parag Parikh Flexi Cap Fund - Direct Growth,2024-10-25,224.355,4.234540028669187e-05
135781,Parag Parikh Flexi Cap Fund - Direct Growth,2024-10-26,225.8571,0.00669519288627396
135781,Parag Parikh Flexi Cap Fund - Direct Growth,2024-10-27,225.0366,-0.003632828013819367
135781,Parag Parikh Flexi Cap Fund - Direct Growth,2024-10-28,225.8525,0.0036256324526766637
135781,Parag Parikh Flexi Cap Fund - Direct Growth,2024-10-29,221.8489,-0.01772661360843919
135781,Parag Parikh Flexi Cap Fund - Direct Growth,2024-10-30,220.1066,-0.007853543560504495
135781,Parag Parikh Flexi Cap Fund - Direct Growth,2024-10-31,218.4065,-0.007723984651073601
135781,Parag Parikh Flexi Cap Fund - Direct Growth,2024-11-01,217.5126,-0.004092826907624136
135781,Parag Parikh Flexi Cap Fund - Direct Growth,2024-11-02,215.1813,-0.010717999784840004
135781,Parag Parikh Flexi Cap Fund - Direct Growth,2024-11-03,213.8897,-0.006002380318364087
135781,Parag Parikh Flexi Cap Fund - Direct Growth,2024-11-04,210.0882,-0.01777317935365752
135781,Parag Parikh Flexi Cap Fund - Direct Growth,2024-11-05,211.5555,0.006984209489157456
135781,Parag Parikh Flexi Cap Fund - Direct Growth,2024-11-06,211.4306,-0.0005903888105012189
135781,Parag Parikh Flexi Cap Fund - Direct Growth,2024-11-07,207.1888,-0.020062375077212202
135781,Parag Parikh Flexi Cap Fund - Direct Growth,2024-11-08,205.1961,-0.009617797873244016
135781,Parag Parikh Flexi Cap Fund - Direct Growth,2024-11-09,206.107,0.0044391681908184655
135781,Parag Parikh Flexi Cap Fund - Direct Growth,2024-11-10,204.8464,-0.0061162405934781505
135781,Parag Parikh Flexi Cap Fund - Direct Growth,2024-11-11,203.2151,-0.007963527794483949
135781,Parag Parikh Flexi Cap Fund - Direct Growth,2024-11-12,203.1145,-0.0004950419530832528
135781,Parag Parikh Flexi Cap Fund - Direct Growth,2024-11-13,204.0332,0.004523064576876568
135781,Parag Parikh Flexi Cap Fund - Direct Growth,2024-11-14,200.5981,-0.016835985516082674
135781,Parag Parikh Flexi Cap Fund - Direct Growth,2024-11-15,202.0026,0.007001561829349301
135781,Parag Parikh Flexi Cap Fund - Direct Growth,2024-11-16,200.1435,-0.009203346887614372
135781,Parag Parikh Flexi Cap Fund - Direct Growth,2024-11-17,200.1805,0.0001848673576709814
135781,Parag Parikh Flexi Cap Fund - Direct Growth,2024-11-18,200.1755,-2.49774578442441e-05
135781,Parag Parikh Flexi Cap Fund - Direct Growth,2024-11-19,198.9895,-0.0059248009871337715
135781,Parag Parikh Flexi Cap Fund - Direct Growth,2024-11-20,196.6247,-0.011884044132981941
135781,Parag Parikh Flexi Cap Fund - Direct Growth,2024-11-21,196.0293,-0.0030281037936739086
135781,Parag Parikh Flexi Cap Fund - Direct Growth,2024-11-22,199.9311,0.019904167387222005
135781,Parag Parikh Flexi Cap Fund - Direct Growth,2024-11-23,196.7442,-0.01593999132701207
135781,Parag Parikh Flexi Cap Fund - Direct Growth,2024-11-24,200.8183,0.02070759900418917
135781,Parag Parikh Flexi Cap Fund - Direct Growth,2024-11-25,200.2727,-0.002716883869647413
135781,Parag Parikh Flexi Cap Fund - Direct Growth,2024-11-26,200.4378,0.0008243759633741465
135781,Parag Parikh Flexi Cap Fund - Direct Growth,2024-11-27,197.9042,-0.012640330316936232
135781,Parag Parikh Flexi Cap Fund - Direct Growth,2024-11-28,196.1517,-0.008855294632453492
135781,Parag Parikh Flexi Cap Fund - Direct Growth,2024-11-29,195.0464,-0.005634924397800223
135781,Parag Parikh Flexi Cap Fund - Direct Growth,2024-11-30,192.6769,-0.012148391357133526
135781,Parag Parikh Flexi Cap Fund - Direct Growth,2024-12-01,192.2709,-0.0021071545161873706
135781,Parag Parikh Flexi Cap Fund - Direct Growth,2024-12-02,191.4087,-0.004484297935881121
135781,Parag Parikh Flexi Cap Fund - Direct Growth,2024-12-03,195.7363,0.022609212642894505
135781,Parag Parikh Flexi Cap Fund - Direct Growth,2024-12-04,193.0759,-0.013591755847024878
135781,Parag Parikh Flexi Cap Fund - Direct Growth,2024-12-05,193.3911,0.001632518610556799
135781,Parag Parikh Flexi Cap Fund - Direct Growth,2024-12-06,194.0436,0.003373991874496829
135781,Parag Parikh Flexi Cap Fund - Direct Growth,2024-12-07,191.629,-0.012443595150780529
135781,Parag Parikh Flexi Cap Fund - Direct Growth,2024-12-08,193.285,0.00864169828157535
135781,Parag Parikh Flexi Cap Fund - Direct Growth,2024-12-09,192.4384,-0.004380060532374497
135781,Parag Parikh Flexi Cap Fund - Direct Growth,2024-12-10,186.7598,-0.029508663551557235
135781,Parag Parikh Flexi Cap Fund - Direct Growth,2024-12-11,188.3133,0.008318171255270013
135781,Parag Parikh Flexi Cap Fund - Direct Growth,2024-12-12,185.8646,-0.013003330088740439
135781,Parag Parikh Flexi Cap Fund - Direct Growth,2024-12-13,183.602,-0.01217337782450234
135781,Parag Parikh Flexi Cap Fund - Direct Growth,2024-12-14,185.191,0.00865458981928291
135781,Parag Parikh Flexi Cap Fund - Direct Growth,2024-12-15,184.4936,-0.00376584175256911
135781,Parag Parikh Flexi Cap Fund - Direct Growth,2024-12-16,186.5993,0.011413404042199815
135781,Parag Parikh Flexi Cap Fund - Direct Growth,2024-12-17,189.3837,0.014921813747425627
135781,Parag Parikh Flexi Cap Fund - Direct Growth,2024-12-18,187.9938,-0.007339068779414593
135781,Parag Parikh Flexi Cap Fund - Direct Growth,2024-12-19,189.8585,0.009918944135391738
135781,Parag Parikh Flexi Cap Fund - Direct Growth,2024-12-20,188.2133,-0.00866540081165701
135781,Parag Parikh Flexi Cap Fund - Direct Growth,2024-12-21,193.3322,0.027197334088504777
135781,Parag Parikh Flexi Cap Fund - Direct Growth,2024-12-22,191.8019,-0.007915391228155544
135781,Parag Parikh Flexi Cap Fund - Direct Growth,2024-12-23,194.2403,0.012713117023345433
135781,Parag Parikh Flexi Cap Fund - Direct Growth,2024-12-24,196.2848,0.010525622128878531
135781,Parag Parikh Flexi Cap Fund - Direct Growth,2024-12-25,197.1078,0.004192887070216367
135781,Parag Parikh Flexi Cap Fund - Direct Growth,2024-12-26,195.6006,-0.007646577152197964
135781,Parag Parikh Flexi Cap Fund - Direct Growth,2024-12-27,195.3235,-0.0014166623210766227
135781,Parag Parikh Flexi Cap Fund - Direct Growth,2024-12-28,190.3539,-0.025442919054798785
135781,Parag Parikh Flexi Cap Fund - Direct Growth,2024-12-29,190.9427,0.003093185902679041
135781,Parag Parikh Flexi Cap Fund - Direct Growth,2024-12-30,191.8202,0.004595619523553474
135781,Parag Parikh Flexi Cap Fund - Direct Growth,2024-12-31,192.2042,0.0020018746722190173
