transaction_id,investor_id,investor_name,investor_type,city,state,risk_profile,scheme_code,scheme_name,amc_code,transaction_type,transaction_date,amount_inr,units,nav_at_transaction
TXN0000001,INVCKJLT,Investor_0093,HUF,Jaipur,Rajasthan,Moderate,120503,Mirae Asset Large Cap Fund - Direct Growth,MIRAE,Switch-Out,2024-08-20,489.05,2.38,205.4863
TXN0000002,INVVG0FN,Investor_0012,Individual,Hyderabad,Telangana,Conservative,120465,Nippon India Large Cap Fund - Direct Growth,NIPPON,Redemption,2024-01-02,10494.63,42.2434,248.4327
TXN0000003,INVH9SDB,Investor_0018,HUF,Bengaluru,Karnataka,Conservative,119598,Kotak Bluechip Fund - Direct Growth,KOTAK,Lumpsum,2023-11-12,1054.3,17.6044,59.8883
TXN0000004,INV7UR23,Investor_0035,HUF,Chennai,Tamil Nadu,Aggressive,119551,Axis Bluechip Fund - Direct Growth,AXIS,Redemption,2022-12-25,26567.54,134.4492,197.6028
TXN0000005,INVBNP84,Investor_0200,Individual,Lucknow,Uttar Pradesh,Aggressive,120594,DSP Top 100 Equity Fund - Direct Growth,DSP,Switch-In,2022-05-10,2124.6,20.318,104.5675
TXN0000006,INVMWWYZ,Investor_0184,Individual,Pune,Maharashtra,Moderate,120594,DSP Top 100 Equity Fund - Direct Growth,DSP,SIP,2023-02-13,9403.18,73.1393,128.5654
TXN0000007,INVNHJ7X,Investor_0011,Corporate,Delhi,Delhi,Conservative,119598,Kotak Bluechip Fund - Direct Growth,KOTAK,Redemption,2024-08-27,54891.23,774.2085,70.8998
TXN0000008,INV5935A,Investor_0065,HUF,Jaipur,Rajasthan,Aggressive,119551,Axis Bluechip Fund - Direct Growth,AXIS,Lumpsum,2022-04-08,9713.95,57.3279,169.4454
TXN0000009,INVOXFQ8,Investor_0168,HUF,Mumbai,Maharashtra,Conservative,119598,Kotak Bluechip Fund - Direct Growth,KOTAK,Redemption,2024-06-13,1059.87,11.3045,93.7563
TXN0000010,INVHL1N1,Investor_0103,Corporate,Kolkata,West Bengal,Aggressive,120594,DSP Top 100 Equity Fund - Direct Growth,DSP,Switch-In,2024-10-13,27368.62,202.287,135.296
TXN0000011,INVYFPMV,Investor_0178,Individual,Hyderabad,Telangana,Conservative,120594,DSP Top 100 Equity Fund - Direct Growth,DSP,Redemption,2024-05-19,10602.3,116.0244,91.3799
TXN0000012,INVAZYTJ,Investor_0021,Individual,Delhi,Delhi,Aggressive,120465,Nippon India Large Cap Fund - Direct Growth,NIPPON,Switch-Out,2023-10-20,2018.19,6.1298,329.2437
TXN0000013,INVLC58D,Investor_0027,Individual,Pune,Maharashtra,Moderate,120503,Mirae Asset Large Cap Fund - Direct Growth,MIRAE,Redemption,2024-05-22,9612.99,51.5329,186.5407
TXN0000014,INVJ2QP8,Investor_0043,Individual,Lucknow,Uttar Pradesh,Moderate,120594,DSP Top 100 Equity Fund - Direct Growth,DSP,Redemption,2023-12-24,90847.1,1158.3001,78.4314
TXN0000015,INV49ITN,Investor_0158,Individual,Jaipur,Rajasthan,Conservative,120465,Nippon India Large Cap Fund - Direct Growth,NIPPON,Redemption,2024-04-11,457.5,1.6263,281.3061
TXN0000016,INVEIYZC,Investor_0094,HUF,Lucknow,Uttar Pradesh,Moderate,120716,Canara Robeco Bluechip Equity Fund - Direct Growth,CANARA,Lumpsum,2024-06-16,464.28,2.0712,224.1613
TXN0000017,INVZBIKC,Investor_0009,HUF,Delhi,Delhi,Conservative,122639,SBI Small Cap Fund - Direct Growth,SBI,SIP,2024-01-21,5278.52,12.1899,433.0227
TXN0000018,INVCKJLT,Investor_0093,HUF,Jaipur,Rajasthan,Moderate,120465,Nippon India Large Cap Fund - Direct Growth,NIPPON,Switch-Out,2024-07-10,510.51,2.4572,207.7623
TXN0000019,INVOTOHP,Investor_0095,HUF,Kolkata,West Bengal,Aggressive,119598,Kotak Bluechip Fund - Direct Growth,KOTAK,Switch-In,2024-12-20,1014.78,12.0905,83.9321
TXN0000020,INVEIYZC,Investor_0094,HUF,Lucknow,Uttar Pradesh,Moderate,120465,Nippon India Large Cap Fund - Direct Growth,NIPPON,Redemption,2022-08-21,9499.22,29.8277,318.4699
TXN0000021,INV30T9N,Investor_0007,Corporate,Chennai,Tamil Nadu,Moderate,122639,SBI Small Cap Fund - Direct Growth,SBI,Switch-In,2022-08-30,54135.43,175.1013,309.1663
TXN0000022,INV4I3QK,Investor_0068,HUF,Mumbai,Maharashtra,Aggressive,118989,ICICI Prudential Technology Fund - Direct Growth,ICICI,Switch-In,2023-08-08,5496.37,19.4869,282.0544
TXN0000023,INVYFPMV,Investor_0178,Individual,Hyderabad,Telangana,Conservative,120594,DSP Top 100 Equity Fund - Direct Growth,DSP,Lumpsum,2022-06-01,927.15,8.7995,105.3639
TXN0000024,INV3TRP0,Investor_0116,Corporate,Delhi,Delhi,Aggressive,122639,SBI Small Cap Fund - Direct Growth,SBI,Switch-In,2023-10-17,1062.1,3.7884,280.3581
TXN0000025,INV5BCW7,Investor_0171,Corporate,Lucknow,Uttar Pradesh,Moderate,119598,Kotak Bluechip Fund - Direct Growth,KOTAK,SIP,2022-11-19,10782.66,129.1417,83.4948
TXN0000026,INVR6K2V,Investor_0183,Individual,Bengaluru,Karnataka,Moderate,122639,SBI Small Cap Fund - Direct Growth,SBI,Redemption,2023-02-16,4621.36,16.075,287.4879
TXN0000027,INVGDPPQ,Investor_0036,HUF,Bengaluru,Karnataka,Conservative,125497,HDFC Mid-Cap Opportunities Fund - Direct Growth,HDFC,Switch-In,2024-01-26,486.09,2.6002,186.9404
TXN0000028,INV5ZJA8,Investor_0120,HUF,Kolkata,West Bengal,Conservative,120716,Canara Robeco Bluechip Equity Fund - Direct Growth,CANARA,Lumpsum,2024-03-26,913.15,6.479,140.9396
TXN0000029,INVMWWYZ,Investor_0184,Individual,Pune,Maharashtra,Moderate,120594,DSP Top 100 Equity Fund - Direct Growth,DSP,Switch-Out,2022-06-01,52691.65,438.025,120.2937
TXN0000030,INVCWI64,Investor_0033,Individual,Bengaluru,Karnataka,Moderate,119598,Kotak Bluechip Fund - Direct Growth,KOTAK,SIP,2024-11-25,99316.66,1414.1911,70.2286
TXN0000031,INVY9V86,Investor_0089,Corporate,Lucknow,Uttar Pradesh,Moderate,122639,SBI Small Cap Fund - Direct Growth,SBI,Switch-Out,2022-09-22,2107.11,6.4948,324.43
TXN0000032,INVYWD14,Investor_0111,Corporate,Pune,Maharashtra,Conservative,120716,Canara Robeco Bluechip Equity Fund - Direct Growth,CANARA,SIP,2023-09-15,1003.62,5.4316,184.774
TXN0000033,INVJ2QP8,Investor_0043,Individual,Lucknow,Uttar Pradesh,Moderate,122639,SBI Small Cap Fund - Direct Growth,SBI,Redemption,2024-11-28,4846.02,18.2241,265.9123
TXN0000035,INVCWI64,Investor_0033,Individual,Bengaluru,Karnataka,Moderate,118989,ICICI Prudential Technology Fund - Direct Growth,ICICI,Switch-Out,2022-12-12,1000.51,3.9741,251.7601
TXN0000036,INVXTOGN,Investor_0152,Individual,Lucknow,Uttar Pradesh,Moderate,135781,Parag Parikh Flexi Cap Fund - Direct Growth,PPFAS,Lumpsum,2023-11-23,2063.49,9.0567,227.8424
TXN0000037,INVD84U8,Investor_0145,Individual,Hyderabad,Telangana,Moderate,119551,Axis Bluechip Fund - Direct Growth,AXIS,SIP,2023-06-27,909.09,7.1827,126.5663
TXN0000038,INV5PSQ0,Investor_0167,HUF,Pune,Maharashtra,Conservative,125497,HDFC Mid-Cap Opportunities Fund - Direct Growth,HDFC,Switch-Out,2022-03-04,51181.08,309.8108,165.2011
TXN0000039,INVIGATJ,Investor_0128,Corporate,Jaipur,Rajasthan,Aggressive,120716,Canara Robeco Bluechip Equity Fund - Direct Growth,CANARA,Redemption,2024-04-11,9965.89,45.6802,218.1667
TXN0000040,INVZKLOO,Investor_0077,Corporate,Delhi,Delhi,Aggressive,120594,DSP Top 100 Equity Fund - Direct Growth,DSP,SIP,2024-05-01,465.81,4.5081,103.3262
TXN0000041,INVP0LZJ,Investor_0124,Individual,Jaipur,Rajasthan,Conservative,120594,DSP Top 100 Equity Fund - Direct Growth,DSP,Lumpsum,2023-10-03,25533.3,211.9264,120.4819
TXN0000042,INVMWWYZ,Investor_0184,Individual,Pune,Maharashtra,Moderate,119598,Kotak Bluechip Fund - Direct Growth,KOTAK,Redemption,2024-01-29,46307.66,863.2338,53.6444
TXN0000043,INVOCWBF,Investor_0132,Corporate,Pune,Maharashtra,Moderate,120716,Canara Robeco Bluechip Equity Fund - Direct Growth,CANARA,SIP,2022-09-08,23708.69,125.5175,188.8875
TXN0000044,INV2IAGL,Investor_0069,Individual,Mumbai,Maharashtra,Moderate,120594,DSP Top 100 Equity Fund - Direct Growth,DSP,Lumpsum,2023-08-18,1838.72,13.7877,133.359
TXN0000045,INVHHPBM,Investor_0099,HUF,Hyderabad,Telangana,Conservative,135781,Parag Parikh Flexi Cap Fund - Direct Growth,PPFAS,Switch-In,2022-11-24,5462.69,25.0818,217.7946
TXN0000046,INVAIR4C,Investor_0084,HUF,Lucknow,Uttar Pradesh,Conservative,135781,Parag Parikh Flexi Cap Fund - Direct Growth,PPFAS,Redemption,2024-10-17,5263.12,20.2477,259.9366
TXN0000047,INVOCWBF,Investor_0132,Corporate,Pune,Maharashtra,Moderate,120594,DSP Top 100 Equity Fund - Direct Growth,DSP,Switch-In,2022-07-04,9994.74,74.2733,134.567
TXN0000048,INVWAOUA,Investor_0101,HUF,Ahmedabad,Gujarat,Moderate,120716,Canara Robeco Bluechip Equity Fund - Direct Growth,CANARA,Switch-In,2023-12-24,4715.14,23.9458,196.9088
TXN0000049,INV9XUY4,Investor_0013,HUF,Lucknow,Uttar Pradesh,Conservative,119551,Axis Bluechip Fund - Direct Growth,AXIS,Redemption,2024-08-21,101950.38,848.5294,120.1495
TXN0000050,INVUJZA7,Investor_0074,Individual,Ahmedabad,Gujarat,Aggressive,120716,Canara Robeco Bluechip Equity Fund - Direct Growth,CANARA,SIP,2023-06-26,986.19,6.1294,160.8949
TXN0000051,INVK0GET,Investor_0187,Corporate,Lucknow,Uttar Pradesh,Aggressive,119598,Kotak Bluechip Fund - Direct Growth,KOTAK,Switch-In,2022-04-15,22726.21,421.833,53.8749
TXN0000052,INV9YJB1,Investor_0146,Corporate,Delhi,Delhi,Aggressive,120716,Canara Robeco Bluechip Equity Fund - Direct Growth,CANARA,Lumpsum,2022-05-31,25266.11,119.2228,211.9235
TXN0000053,INVHHPBM,Investor_0099,HUF,Hyderabad,Telangana,Conservative,120716,Canara Robeco Bluechip Equity Fund - Direct Growth,CANARA,Switch-In,2022-09-01,10650.62,57.0828,186.5821
TXN0000054,INVCWI64,Investor_0033,Individual,Bengaluru,Karnataka,Moderate,120503,Mirae Asset Large Cap Fund - Direct Growth,MIRAE,Switch-In,2023-11-26,26474.49,103.6593,255.3991
TXN0000055,INVYZ7SR,Investor_0143,Corporate,Bengaluru,Karnataka,Conservative,119598,Kotak Bluechip Fund - Direct Growth,KOTAK,Lumpsum,2024-04-02,5102.46,100.0873,50.9801
TXN0000056,INV9TZE5,Investor_0129,Corporate,Pune,Maharashtra,Conservative,119551,Axis Bluechip Fund - Direct Growth,AXIS,SIP,2023-11-14,463.7,2.9702,156.1153
TXN0000057,INVXR2DH,Investor_0122,Individual,Pune,Maharashtra,Conservative,120716,Canara Robeco Bluechip Equity Fund - Direct Growth,CANARA,Switch-In,2024-11-21,2042.5,15.4873,131.8824
TXN0000058,INVGDPPQ,Investor_0036,HUF,Bengaluru,Karnataka,Conservative,119598,Kotak Bluechip Fund - Direct Growth,KOTAK,Switch-Out,2023-09-05,23312.51,356.0113,65.4825
TXN0000059,INVXTOGN,Investor_0152,Individual,Lucknow,Uttar Pradesh,Moderate,119598,Kotak Bluechip Fund - Direct Growth,KOTAK,Switch-Out,2023-09-06,104174.8,1820.843,57.2124
TXN0000060,INVXR2DH,Investor_0122,Individual,Pune,Maharashtra,Conservative,119551,Axis Bluechip Fund - Direct Growth,AXIS,Redemption,2024-05-03,25869.03,176.3219,146.7148
TXN0000061,INV83TQL,Investor_0150,HUF,Delhi,Delhi,Conservative,118989,ICICI Prudential Technology Fund - Direct Growth,ICICI,SIP,2023-04-12,95310.61,310.2457,307.2101
TXN0000062,INVX4W6X,Investor_0185,Individual,Chennai,Tamil Nadu,Conservative,119551,Axis Bluechip Fund - Direct Growth,AXIS,Switch-Out,2024-02-18,93410.24,718.7792,129.9568
TXN0000063,INVM5IGQ,Investor_0038,Individual,Mumbai,Maharashtra,Moderate,125497,HDFC Mid-Cap Opportunities Fund - Direct Growth,HDFC,SIP,2024-06-22,938.16,4.6049,203.7297
TXN0000064,INVPHR62,Investor_0081,HUF,Delhi,Delhi,Aggressive,120465,Nippon India Large Cap Fund - Direct Growth,NIPPON,Lumpsum,2024-04-20,51905.0,153.6074,337.9069
TXN0000065,INV9TZE5,Investor_0129,Corporate,Pune,Maharashtra,Conservative,135781,Parag Parikh Flexi Cap Fund - Direct Growth,PPFAS,Switch-In,2024-11-28,520.58,1.6103,323.2813
TXN0000066,INVZW9XA,Investor_0054,Individual,Ahmedabad,Gujarat,Aggressive,120716,Canara Robeco Bluechip Equity Fund - Direct Growth,CANARA,Redemption,2023-10-05,100509.54,682.1147,147.3499
TXN0000067,INV8UT0C,Investor_0045,Corporate,Mumbai,Maharashtra,Aggressive,120594,DSP Top 100 Equity Fund - Direct Growth,DSP,Switch-Out,2023-06-26,25231.37,187.9201,134.2665
TXN0000068,INV3RZSJ,Investor_0157,Individual,Lucknow,Uttar Pradesh,Moderate,120594,DSP Top 100 Equity Fund - Direct Growth,DSP,Lumpsum,2023-09-04,4779.01,52.6819,90.7145
TXN0000070,INVGDSWM,Investor_0082,HUF,Bengaluru,Karnataka,Aggressive,120594,DSP Top 100 Equity Fund - Direct Growth,DSP,Redemption,2024-02-17,9575.58,73.3521,130.5427
TXN0000071,INVXEQBN,Investor_0102,HUF,Hyderabad,Telangana,Aggressive,119598,Kotak Bluechip Fund - Direct Growth,KOTAK,Lumpsum,2022-06-11,9084.13,107.3937,84.5872
TXN0000072,INVY9V86,Investor_0089,Corporate,Lucknow,Uttar Pradesh,Moderate,120594,DSP Top 100 Equity Fund - Direct Growth,DSP,Redemption,2023-07-10,94279.74,729.5923,129.2225
TXN0000073,INVCBPLJ,Investor_0144,HUF,Ahmedabad,Gujarat,Moderate,118989,ICICI Prudential Technology Fund - Direct Growth,ICICI,Lumpsum,2023-05-06,1023.14,3.363,304.2344
TXN0000074,INV6HID2,Investor_0063,Individual,Lucknow,Uttar Pradesh,Moderate,119551,Axis Bluechip Fund - Direct Growth,AXIS,Switch-Out,2022-04-18,5137.94,37.4021,137.3702
TXN0000075,INVLA753,Investor_0026,Individual,Hyderabad,Telangana,Moderate,120465,Nippon India Large Cap Fund - Direct Growth,NIPPON,Redemption,2022-10-09,92010.9,330.3495,278.5259
TXN0000076,INVY6DPB,Investor_0002,HUF,Pune,Maharashtra,Conservative,120716,Canara Robeco Bluechip Equity Fund - Direct Growth,CANARA,Lumpsum,2024-09-01,51528.93,318.8993,161.5837
TXN0000077,INVYLURT,Investor_0123,HUF,Bengaluru,Karnataka,Moderate,125497,HDFC Mid-Cap Opportunities Fund - Direct Growth,HDFC,Redemption,2022-05-02,23927.08,118.4678,201.9711
TXN0000078,INVD5EQY,Investor_0197,Individual,Ahmedabad,Gujarat,Aggressive,120503,Mirae Asset Large Cap Fund - Direct Growth,MIRAE,Switch-Out,2022-03-18,5035.15,31.9137,157.7739
TXN0000079,INV8UT0C,Investor_0045,Corporate,Mumbai,Maharashtra,Aggressive,120465,Nippon India Large Cap Fund - Direct Growth,NIPPON,Lumpsum,2024-03-24,549.72,2.3025,238.7472
TXN0000080,INV9SKDG,Investor_0127,Individual,Jaipur,Rajasthan,Aggressive,122639,SBI Small Cap Fund - Direct Growth,SBI,Redemption,2022-08-08,450.93,1.1021,409.161
TXN0000081,INVIXA11,Investor_0086,Individual,Jaipur,Rajasthan,Aggressive,118989,ICICI Prudential Technology Fund - Direct Growth,ICICI,Switch-In,2022-10-02,107785.2,337.3886,319.469
TXN0000082,INVR5UQP,Investor_0130,Corporate,Delhi,Delhi,Moderate,120594,DSP Top 100 Equity Fund - Direct Growth,DSP,Redemption,2023-11-09,5308.81,46.8791,113.2447
TXN0000083,INVHOCN9,Investor_0042,Corporate,Hyderabad,Telangana,Moderate,120594,DSP Top 100 Equity Fund - Direct Growth,DSP,Redemption,2023-11-22,1805.63,17.0315,106.0168
TXN0000084,INVCXLL4,Investor_0076,HUF,Delhi,Delhi,Moderate,135781,Parag Parikh Flexi Cap Fund - Direct Growth,PPFAS,Lumpsum,2024-04-10,2044.38,7.2983,280.1185
TXN0000087,INV3J2D5,Investor_0067,Corporate,Ahmedabad,Gujarat,Conservative,120465,Nippon India Large Cap Fund - Direct Growth,NIPPON,Lumpsum,2023-11-07,105075.13,481.6067,218.1762
TXN0000088,INVKEP7Y,Investor_0078,Corporate,Pune,Maharashtra,Conservative,135781,Parag Parikh Flexi Cap Fund - Direct Growth,PPFAS,Switch-Out,2024-01-07,476.16,1.9815,240.2985
TXN0000089,INVYFPMV,Investor_0178,Individual,Hyderabad,Telangana,Conservative,125497,HDFC Mid-Cap Opportunities Fund - Direct Growth,HDFC,SIP,2022-11-24,993.08,3.8231,259.7595
TXN0000090,INV3JCAT,Investor_0104,Individual,Pune,Maharashtra,Moderate,120716,Canara Robeco Bluechip Equity Fund - Direct Growth,CANARA,Redemption,2023-08-28,1027.74,4.7237,217.5721
TXN0000091,INVOTOHP,Investor_0095,HUF,Kolkata,West Bengal,Aggressive,135781,Parag Parikh Flexi Cap Fund - Direct Growth,PPFAS,Lumpsum,2024-09-06,5457.36,22.0689,247.2879
TXN0000092,INV5TB94,Investor_0040,Corporate,Mumbai,Maharashtra,Conservative,120594,DSP Top 100 Equity Fund - Direct Growth,DSP,Switch-Out,2024-08-22,24579.23,297.7951,82.5374
TXN0000093,INVIA5U6,Investor_0194,Individual,Mumbai,Maharashtra,Moderate,120716,Canara Robeco Bluechip Equity Fund - Direct Growth,CANARA,Lumpsum,2022-06-17,5180.34,25.0232,207.0214
TXN0000094,INVP49KW,Investor_0135,Corporate,Chennai,Tamil Nadu,Conservative,120594,DSP Top 100 Equity Fund - Direct Growth,DSP,Switch-Out,2022-08-18,22890.51,205.0561,111.6305
TXN0000095,INVO6QJI,Investor_0016,Individual,Pune,Maharashtra,Conservative,120716,Canara Robeco Bluechip Equity Fund - Direct Growth,CANARA,Switch-Out,2022-11-03,5072.7,25.0377,202.6022
TXN0000096,INVJ2QP8,Investor_0043,Individual,Lucknow,Uttar Pradesh,Moderate,119598,Kotak Bluechip Fund - Direct Growth,KOTAK,Switch-Out,2023-02-25,92324.8,1311.5212,70.3952
TXN0000097,INVMWWYZ,Investor_0184,Individual,Pune,Maharashtra,Moderate,135781,Parag Parikh Flexi Cap Fund - Direct Growth,PPFAS,Switch-In,2024-07-01,1079.78,5.3115,203.2914
TXN0000098,INVH75LX,Investor_0015,HUF,Mumbai,Maharashtra,Moderate,120594,DSP Top 100 Equity Fund - Direct Growth,DSP,Lumpsum,2022-04-29,49567.98,657.5886,75.3784
TXN0000099,INVCBPLJ,Investor_0144,HUF,Ahmedabad,Gujarat,Moderate,120594,DSP Top 100 Equity Fund - Direct Growth,DSP,Redemption,2022-01-07,489.59,4.4529,109.9491
TXN0000100,INV0982N,Investor_0191,Individual,Bengaluru,Karnataka,Aggressive,125497,HDFC Mid-Cap Opportunities Fund - Direct Growth,HDFC,Switch-Out,2023-12-07,909.06,5.5319,164.3305
TXN0000101,INVNRIUU,Investor_0180,Individual,Kolkata,West Bengal,Aggressive,120503,Mirae Asset Large Cap Fund - Direct Growth,MIRAE,Switch-Out,2022-05-22,543.46,3.3586,161.8107
TXN0000102,INVDZR1Y,Investor_0121,HUF,Delhi,Delhi,Moderate,119551,Axis Bluechip Fund - Direct Growth,AXIS,Redemption,2022-10-05,46799.81,297.2679,157.4331
TXN0000103,INVD5EQY,Investor_0197,Individual,Ahmedabad,Gujarat,Aggressive,120465,Nippon India Large Cap Fund - Direct Growth,NIPPON,Redemption,2024-02-13,49485.37,190.7528,259.4215
TXN0000104,INVNAM14,Investor_0097,Corporate,Delhi,Delhi,Aggressive,120503,Mirae Asset Large Cap Fund - Direct Growth,MIRAE,Switch-Out,2023-12-14,2061.41,11.9553,172.4258
TXN0000105,INV9XPSE,Investor_0031,HUF,Chennai,Tamil Nadu,Moderate,122639,SBI Small Cap Fund - Direct Growth,SBI,Switch-Out,2023-04-02,50288.43,192.876,260.7293
TXN0000106,INVXAJI0,Investor_0001,HUF,Delhi,Delhi,Moderate,119551,Axis Bluechip Fund - Direct Growth,AXIS,Redemption,2024-05-18,103470.0,497.1123,208.1421
TXN0000107,INVXFGCA,Investor_0137,Individual,Chennai,Tamil Nadu,Moderate,120465,Nippon India Large Cap Fund - Direct Growth,NIPPON,Lumpsum,2022-11-14,4960.63,23.7795,208.6094
TXN0000108,INV9T7E8,Investor_0071,Individual,Kolkata,West Bengal,Conservative,125497,HDFC Mid-Cap Opportunities Fund - Direct Growth,HDFC,SIP,2024-05-08,530.95,2.8206,188.2417
TXN0000109,INV49ITN,Investor_0158,Individual,Jaipur,Rajasthan,Conservative,119551,Axis Bluechip Fund - Direct Growth,AXIS,Lumpsum,2022-03-10,4567.29,31.6449,144.3295
TXN0000110,INVZP08J,Investor_0115,Corporate,Ahmedabad,Gujarat,Aggressive,135781,Parag Parikh Flexi Cap Fund - Direct Growth,PPFAS,SIP,2024-04-03,5240.54,17.279,303.2892
TXN0000111,INVPNSM4,Investor_0113,HUF,Pune,Maharashtra,Aggressive,125497,HDFC Mid-Cap Opportunities Fund - Direct Growth,HDFC,Switch-Out,2022-04-26,5254.39,26.8473,195.714
TXN0000112,INVGDPPQ,Investor_0036,HUF,Bengaluru,Karnataka,Conservative,120716,Canara Robeco Bluechip Equity Fund - Direct Growth,CANARA,Redemption,2023-10-16,5315.79,39.6809,133.9634
TXN0000113,INVWRDML,Investor_0148,HUF,Jaipur,Rajasthan,Moderate,135781,Parag Parikh Flexi Cap Fund - Direct Growth,PPFAS,Redemption,2022-10-21,4801.76,27.5862,174.0639
TXN0000114,INV4NLZ1,Investor_0170,Individual,Bengaluru,Karnataka,Aggressive,120716,Canara Robeco Bluechip Equity Fund - Direct Growth,CANARA,Lumpsum,2022-05-05,48005.01,243.4497,197.1866
TXN0000115,INVYZ7SR,Investor_0143,Corporate,Bengaluru,Karnataka,Conservative,135781,Parag Parikh Flexi Cap Fund - Direct Growth,PPFAS,Lumpsum,2022-04-07,50558.51,180.3283,280.3693
TXN0000116,INVY9V86,Investor_0089,Corporate,Lucknow,Uttar Pradesh,Moderate,120465,Nippon India Large Cap Fund - Direct Growth,NIPPON,Switch-Out,2024-04-16,25981.54,101.7108,255.4452
TXN0000117,INVPKI7P,Investor_0039,Corporate,Bengaluru,Karnataka,Moderate,118989,ICICI Prudential Technology Fund - Direct Growth,ICICI,Switch-In,2024-08-27,2101.77,10.5769,198.7139
TXN0000118,INVEL624,Investor_0062,Corporate,Hyderabad,Telangana,Moderate,125497,HDFC Mid-Cap Opportunities Fund - Direct Growth,HDFC,Redemption,2022-04-29,2122.31,11.1191,190.8708
TXN0000119,INVCBPLJ,Investor_0144,HUF,Ahmedabad,Gujarat,Moderate,120465,Nippon India Large Cap Fund - Direct Growth,NIPPON,Switch-In,2023-06-07,1955.37,6.8945,283.6142
TXN0000120,INV55NF4,Investor_0053,Individual,Delhi,Delhi,Aggressive,119598,Kotak Bluechip Fund - Direct Growth,KOTAK,SIP,2022-07-09,106942.67,1320.5848,80.9813
TXN0000121,INVQVKIZ,Investor_0138,HUF,Pune,Maharashtra,Aggressive,125497,HDFC Mid-Cap Opportunities Fund - Direct Growth,HDFC,SIP,2022-03-22,9754.34,63.3833,153.8945
TXN0000122,INVDW2PC,Investor_0019,Individual,Lucknow,Uttar Pradesh,Moderate,125497,HDFC Mid-Cap Opportunities Fund - Direct Growth,HDFC,Switch-Out,2023-11-13,4979.39,23.2524,214.1452
TXN0000123,INVKEP7Y,Investor_0078,Corporate,Pune,Maharashtra,Conservative,119551,Axis Bluechip Fund - Direct Growth,AXIS,Lumpsum,2022-08-29,5462.08,38.6111,141.4639
TXN0000124,INV2ATQY,Investor_0192,Corporate,Bengaluru,Karnataka,Aggressive,120594,DSP Top 100 Equity Fund - Direct Growth,DSP,Lumpsum,2023-05-06,4896.63,43.0646,113.7042
TXN0000125,INVL0UKE,Investor_0142,HUF,Hyderabad,Telangana,Conservative,119598,Kotak Bluechip Fund - Direct Growth,KOTAK,Redemption,2024-01-06,49662.5,632.3662,78.5344
TXN0000126,INV6WKTA,Investor_0079,HUF,Lucknow,Uttar Pradesh,Aggressive,118989,ICICI Prudential Technology Fund - Direct Growth,ICICI,Redemption,2024-08-19,99320.08,308.9161,321.5115
TXN0000127,INVHC36K,Investor_0195,HUF,Delhi,Delhi,Conservative,119598,Kotak Bluechip Fund - Direct Growth,KOTAK,Lumpsum,2022-04-04,24064.61,353.3265,68.1087
TXN0000128,INVD84U8,Investor_0145,Individual,Hyderabad,Telangana,Moderate,125497,HDFC Mid-Cap Opportunities Fund - Direct Growth,HDFC,Lumpsum,2024-05-05,476.08,2.2479,211.7863
TXN0000129,INVCXLL4,Investor_0076,HUF,Delhi,Delhi,Moderate,122639,SBI Small Cap Fund - Direct Growth,SBI,Lumpsum,2023-05-19,23650.09,81.9462,288.6051
TXN0000131,INVLPU0D,Investor_0186,Individual,Pune,Maharashtra,Moderate,120594,DSP Top 100 Equity Fund - Direct Growth,DSP,Switch-In,2023-12-23,2093.11,27.2531,76.8025
TXN0000132,INV9UZFK,Investor_0044,Individual,Pune,Maharashtra,Conservative,122639,SBI Small Cap Fund - Direct Growth,SBI,Switch-Out,2022-05-01,93680.96,320.5434,292.2567
TXN0000133,INVP49KW,Investor_0135,Corporate,Chennai,Tamil Nadu,Conservative,119551,Axis Bluechip Fund - Direct Growth,AXIS,SIP,2024-04-24,526.43,4.376,120.2993
TXN0000134,INVGDPPQ,Investor_0036,HUF,Bengaluru,Karnataka,Conservative,125497,HDFC Mid-Cap Opportunities Fund - Direct Growth,HDFC,SIP,2024-11-01,1803.66,6.793,265.5159
TXN0000135,INVJ43D5,Investor_0117,Corporate,Delhi,Delhi,Conservative,119598,Kotak Bluechip Fund - Direct Growth,KOTAK,SIP,2022-02-02,103185.69,1331.6448,77.4874
TXN0000136,INVY6DPB,Investor_0002,HUF,Pune,Maharashtra,Conservative,120716,Canara Robeco Bluechip Equity Fund - Direct Growth,CANARA,Switch-Out,2024-12-20,45118.51,324.2302,139.1558
TXN0000137,INVX4W6X,Investor_0185,Individual,Chennai,Tamil Nadu,Conservative,118989,ICICI Prudential Technology Fund - Direct Growth,ICICI,Switch-Out,2024-05-31,9034.29,45.8082,197.2199
TXN0000138,INVVS4F8,Investor_0046,Individual,Bengaluru,Karnataka,Aggressive,120503,Mirae Asset Large Cap Fund - Direct Growth,MIRAE,SIP,2024-12-14,1896.39,10.3024,184.0732
TXN0000139,INV5935A,Investor_0065,HUF,Jaipur,Rajasthan,Aggressive,119598,Kotak Bluechip Fund - Direct Growth,KOTAK,Redemption,2024-04-11,45790.19,719.9263,63.604
TXN0000140,INVIQVNB,Investor_0118,Corporate,Delhi,Delhi,Aggressive,135781,Parag Parikh Flexi Cap Fund - Direct Growth,PPFAS,Lumpsum,2022-06-15,4799.97,22.3599,214.6686
TXN0000141,INVOXFQ8,Investor_0168,HUF,Mumbai,Maharashtra,Conservative,119551,Axis Bluechip Fund - Direct Growth,AXIS,SIP,2024-09-01,48792.64,303.7914,160.6123
TXN0000142,INVH75LX,Investor_0015,HUF,Mumbai,Maharashtra,Moderate,119551,Axis Bluechip Fund - Direct Growth,AXIS,Lumpsum,2024-06-07,999.97,4.8792,204.944
TXN0000143,INVRBSV5,Investor_0166,HUF,Pune,Maharashtra,Conservative,119598,Kotak Bluechip Fund - Direct Growth,KOTAK,Switch-Out,2022-03-29,1078.96,14.3818,75.0225
TXN0000144,INVA1WJ0,Investor_0059,Corporate,Delhi,Delhi,Aggressive,125497,HDFC Mid-Cap Opportunities Fund - Direct Growth,HDFC,Switch-Out,2022-06-02,95421.9,454.9867,209.7246
TXN0000145,INVWI6FQ,Investor_0176,HUF,Delhi,Delhi,Moderate,118989,ICICI Prudential Technology Fund - Direct Growth,ICICI,Switch-Out,2023-10-07,467.94,1.5331,305.2195
TXN0000146,INV3ZMF8,Investor_0005,Individual,Mumbai,Maharashtra,Moderate,125497,HDFC Mid-Cap Opportunities Fund - Direct Growth,HDFC,Switch-Out,2024-03-26,2100.9,14.535,144.5411
TXN0000147,INVN9T84,Investor_0020,Corporate,Hyderabad,Telangana,Aggressive,118989,ICICI Prudential Technology Fund - Direct Growth,ICICI,Lumpsum,2024-03-07,5066.7,24.1453,209.8425
TXN0000148,INV2KNFT,Investor_0174,HUF,Bengaluru,Karnataka,Aggressive,120716,Canara Robeco Bluechip Equity Fund - Direct Growth,CANARA,Redemption,2022-10-14,52556.09,303.2419,173.3141
TXN0000149,INVJJA26,Investor_0177,Corporate,Jaipur,Rajasthan,Conservative,120503,Mirae Asset Large Cap Fund - Direct Growth,MIRAE,Switch-Out,2024-06-14,22768.48,101.2594,224.8529
TXN0000150,INVTPAC5,Investor_0060,Corporate,Ahmedabad,Gujarat,Aggressive,120503,Mirae Asset Large Cap Fund - Direct Growth,MIRAE,Redemption,2023-10-31,54689.21,276.1342,198.053
TXN0000151,INVT3W5U,Investor_0008,Corporate,Hyderabad,Telangana,Aggressive,118989,ICICI Prudential Technology Fund - Direct Growth,ICICI,Switch-In,2024-02-08,94562.77,462.2494,204.5709
TXN0000152,INVYWD14,Investor_0111,Corporate,Pune,Maharashtra,Conservative,122639,SBI Small Cap Fund - Direct Growth,SBI,Switch-Out,2023-08-28,45856.94,108.1644,423.9558
TXN0000153,INV5OWF7,Investor_0064,Individual,Mumbai,Maharashtra,Moderate,120503,Mirae Asset Large Cap Fund - Direct Growth,MIRAE,SIP,2022-11-12,9308.44,51.9939,179.0294
TXN0000155,INV6WKTA,Investor_0079,HUF,Lucknow,Uttar Pradesh,Aggressive,120594,DSP Top 100 Equity Fund - Direct Growth,DSP,Redemption,2022-06-28,9204.46,70.0416,131.4141
TXN0000156,INVE6IVW,Investor_0048,HUF,Mumbai,Maharashtra,Moderate,120465,Nippon India Large Cap Fund - Direct Growth,NIPPON,Switch-In,2022-07-03,46032.93,188.8382,243.7692
TXN0000157,INV60RJI,Investor_0091,Corporate,Chennai,Tamil Nadu,Aggressive,120716,Canara Robeco Bluechip Equity Fund - Direct Growth,CANARA,SIP,2022-01-26,26818.59,127.5672,210.231
TXN0000158,INVTZ0YN,Investor_0075,Corporate,Ahmedabad,Gujarat,Aggressive,120465,Nippon India Large Cap Fund - Direct Growth,NIPPON,Switch-In,2023-05-13,1044.97,3.4442,303.4017
TXN0000159,INVQX6GV,Investor_0147,HUF,Pune,Maharashtra,Moderate,120716,Canara Robeco Bluechip Equity Fund - Direct Growth,CANARA,Lumpsum,2023-07-05,46695.02,215.7148,216.4665
TXN0000160,INVKEP7Y,Investor_0078,Corporate,Pune,Maharashtra,Conservative,118989,ICICI Prudential Technology Fund - Direct Growth,ICICI,Switch-In,2024-06-09,1825.31,8.362,218.2856
TXN0000161,INV9T7E8,Investor_0071,Individual,Kolkata,West Bengal,Conservative,120465,Nippon India Large Cap Fund - Direct Growth,NIPPON,Redemption,2024-01-10,105653.33,311.2085,339.4937
TXN0000162,INV5935A,Investor_0065,HUF,Jaipur,Rajasthan,Aggressive,125497,HDFC Mid-Cap Opportunities Fund - Direct Growth,HDFC,Switch-In,2022-10-05,4957.86,32.5608,152.2645
TXN0000163,INVKEP7Y,Investor_0078,Corporate,Pune,Maharashtra,Conservative,119551,Axis Bluechip Fund - Direct Growth,AXIS,Switch-In,2024-02-18,26708.07,138.3406,193.0603
TXN0000164,INVOWGZR,Investor_0085,HUF,Lucknow,Uttar Pradesh,Aggressive,120594,DSP Top 100 Equity Fund - Direct Growth,DSP,Redemption,2022-10-06,53154.75,521.2645,101.9727
TXN0000165,INVZKLOO,Investor_0077,Corporate,Delhi,Delhi,Aggressive,119598,Kotak Bluechip Fund - Direct Growth,KOTAK,Switch-Out,2022-12-30,4979.01,85.9722,57.9142
TXN0000166,INVXEQBN,Investor_0102,HUF,Hyderabad,Telangana,Aggressive,119598,Kotak Bluechip Fund - Direct Growth,KOTAK,Redemption,2023-05-12,109355.26,2040.3814,53.5955
TXN0000167,INVAIR4C,Investor_0084,HUF,Lucknow,Uttar Pradesh,Conservative,120465,Nippon India Large Cap Fund - Direct Growth,NIPPON,Redemption,2023-02-14,48650.16,193.9617,250.8235
TXN0000168,INVXTOGN,Investor_0152,Individual,Lucknow,Uttar Pradesh,Moderate,120716,Canara Robeco Bluechip Equity Fund - Direct Growth,CANARA,Lumpsum,2024-08-03,545.3,3.3658,162.0144
TXN0000169,INVUY0BV,Investor_0182,Corporate,Pune,Maharashtra,Moderate,125497,HDFC Mid-Cap Opportunities Fund - Direct Growth,HDFC,Switch-In,2022-05-22,10662.56,61.6278,173.0154
TXN0000170,INV9MX2X,Investor_0105,Individual,Ahmedabad,Gujarat,Aggressive,120594,DSP Top 100 Equity Fund - Direct Growth,DSP,Lumpsum,2022-11-12,9484.04,108.079,87.751
TXN0000171,INVMWWYZ,Investor_0184,Individual,Pune,Maharashtra,Moderate,120465,Nippon India Large Cap Fund - Direct Growth,NIPPON,Switch-In,2024-09-08,989.81,3.9207,252.4548
TXN0000172,INV83TQL,Investor_0150,HUF,Delhi,Delhi,Conservative,120465,Nippon India Large Cap Fund - Direct Growth,NIPPON,Switch-Out,2024-01-07,50436.45,198.4204,254.1898
TXN0000173,INVNRIUU,Investor_0180,Individual,Kolkata,West Bengal,Aggressive,120716,Canara Robeco Bluechip Equity Fund - Direct Growth,CANARA,Switch-Out,2023-05-24,921.87,5.4997,167.623
TXN0000174,INVMYX44,Investor_0169,Individual,Bengaluru,Karnataka,Moderate,119598,Kotak Bluechip Fund - Direct Growth,KOTAK,Lumpsum,2024-03-29,506.32,5.74,88.2085
TXN0000175,INVYV37D,Investor_0193,Individual,Lucknow,Uttar Pradesh,Aggressive,119598,Kotak Bluechip Fund - Direct Growth,KOTAK,Switch-In,2023-06-14,902.11,11.7284,76.917
TXN0000176,INVZHWJR,Investor_0057,HUF,Jaipur,Rajasthan,Aggressive,120716,Canara Robeco Bluechip Equity Fund - Direct Growth,CANARA,Switch-Out,2024-03-12,4945.78,40.2071,123.0075
TXN0000177,INV4GH2M,Investor_0119,HUF,Delhi,Delhi,Aggressive,135781,Parag Parikh Flexi Cap Fund - Direct Growth,PPFAS,Switch-Out,2022-02-20,1937.99,7.725,250.8733
TXN0000178,INVP0LZJ,Investor_0124,Individual,Jaipur,Rajasthan,Conservative,120503,Mirae Asset Large Cap Fund - Direct Growth,MIRAE,Redemption,2022-06-25,54205.48,233.8409,231.805
TXN0000179,INVHT0HL,Investor_0030,Corporate,Mumbai,Maharashtra,Aggressive,122639,SBI Small Cap Fund - Direct Growth,SBI,Redemption,2023-02-28,9686.13,39.4892,245.2857
TXN0000180,INVV2ISQ,Investor_0134,Individual,Mumbai,Maharashtra,Aggressive,120594,DSP Top 100 Equity Fund - Direct Growth,DSP,Redemption,2024-07-15,91952.46,909.2573,101.1292
TXN0000181,INVGDSWM,Investor_0082,HUF,Bengaluru,Karnataka,Aggressive,120503,Mirae Asset Large Cap Fund - Direct Growth,MIRAE,Redemption,2022-08-24,531.02,2.7381,193.9386
TXN0000182,INVMDD4V,Investor_0006,Corporate,Kolkata,West Bengal,Aggressive,119598,Kotak Bluechip Fund - Direct Growth,KOTAK,SIP,2023-05-15,2171.97,23.622,91.9471
TXN0000183,INVUK9E1,Investor_0133,Individual,Kolkata,West Bengal,Conservative,122639,SBI Small Cap Fund - Direct Growth,SBI,Switch-Out,2024-05-23,1932.4,5.8374,331.0385
TXN0000184,INV4GH2M,Investor_0119,HUF,Delhi,Delhi,Aggressive,125497,HDFC Mid-Cap Opportunities Fund - Direct Growth,HDFC,Switch-In,2024-06-04,1874.55,7.8583,238.5436
TXN0000185,INVXEQBN,Investor_0102,HUF,Hyderabad,Telangana,Aggressive,119551,Axis Bluechip Fund - Direct Growth,AXIS,Switch-Out,2024-05-29,4949.58,34.3402,144.1335
TXN0000186,INVYOFQE,Investor_0100,Corporate,Kolkata,West Bengal,Aggressive,119551,Axis Bluechip Fund - Direct Growth,AXIS,Lumpsum,2022-05-09,4778.34,24.9355,191.6282
TXN0000187,INVWRDML,Investor_0148,HUF,Jaipur,Rajasthan,Moderate,120503,Mirae Asset Large Cap Fund - Direct Growth,MIRAE,Switch-Out,2023-02-08,1946.32,10.916,178.2991
TXN0000188,INVIQVNB,Investor_0118,Corporate,Delhi,Delhi,Aggressive,120503,Mirae Asset Large Cap Fund - Direct Growth,MIRAE,Redemption,2023-10-04,100554.3,525.4691,191.361
TXN0000189,INV1W1HT,Investor_0153,Individual,Hyderabad,Telangana,Aggressive,120465,Nippon India Large Cap Fund - Direct Growth,NIPPON,Switch-Out,2023-12-14,50870.05,191.5692,265.544
TXN0000190,INV60RJI,Investor_0091,Corporate,Chennai,Tamil Nadu,Aggressive,120594,DSP Top 100 Equity Fund - Direct Growth,DSP,Switch-Out,2023-09-02,2125.5,15.9009,133.6719
TXN0000191,INV49ITN,Investor_0158,Individual,Jaipur,Rajasthan,Conservative,135781,Parag Parikh Flexi Cap Fund - Direct Growth,PPFAS,SIP,2023-05-04,1925.27,10.6614,180.5838
TXN0000192,INV6WKTA,Investor_0079,HUF,Lucknow,Uttar Pradesh,Aggressive,120503,Mirae Asset Large Cap Fund - Direct Growth,MIRAE,Lumpsum,2024-11-12,25967.18,159.3132,162.9945
TXN0000193,INVYOFQE,Investor_0100,Corporate,Kolkata,West Bengal,Aggressive,120465,Nippon India Large Cap Fund - Direct Growth,NIPPON,Switch-Out,2024-05-16,2029.92,6.7087,302.5782
TXN0000195,INVUJZA7,Investor_0074,Individual,Ahmedabad,Gujarat,Aggressive,122639,SBI Small Cap Fund - Direct Growth,SBI,Lumpsum,2022-04-20,26709.93,93.6557,285.1928
TXN0000196,INVW1SWJ,Investor_0092,Individual,Ahmedabad,Gujarat,Moderate,119551,Axis Bluechip Fund - Direct Growth,AXIS,Switch-In,2024-02-26,1878.05,13.1546,142.7676
TXN0000197,INVCBPLJ,Investor_0144,HUF,Ahmedabad,Gujarat,Moderate,120716,Canara Robeco Bluechip Equity Fund - Direct Growth,CANARA,Switch-In,2024-05-01,51846.97,324.6795,159.6866
TXN0000198,INVUY0BV,Investor_0182,Corporate,Pune,Maharashtra,Moderate,120594,DSP Top 100 Equity Fund - Direct Growth,DSP,Switch-In,2022-03-05,1833.07,17.8104,102.9212
TXN0000200,INV9UZFK,Investor_0044,Individual,Pune,Maharashtra,Conservative,120594,DSP Top 100 Equity Fund - Direct Growth,DSP,Switch-Out,2022-08-20,100994.52,1351.618,74.7212
TXN0000201,INVQX6GV,Investor_0147,HUF,Pune,Maharashtra,Moderate,120503,Mirae Asset Large Cap Fund - Direct Growth,MIRAE,Redemption,2022-03-27,25210.22,101.5318,248.2987
TXN0000202,INVHC36K,Investor_0195,HUF,Delhi,Delhi,Conservative,120594,DSP Top 100 Equity Fund - Direct Growth,DSP,Switch-Out,2022-07-29,5489.78,54.6191,100.5103
TXN0000203,INV3R30M,Investor_0189,Individual,Delhi,Delhi,Moderate,125497,HDFC Mid-Cap Opportunities Fund - Direct Growth,HDFC,Redemption,2023-12-15,494.97,2.8597,173.0834
TXN0000204,INV5JSG6,Investor_0023,HUF,Hyderabad,Telangana,Conservative,120594,DSP Top 100 Equity Fund - Direct Growth,DSP,SIP,2023-12-20,4709.88,44.1528,106.6722
TXN0000205,INVUY0BV,Investor_0182,Corporate,Pune,Maharashtra,Moderate,135781,Parag Parikh Flexi Cap Fund - Direct Growth,PPFAS,Switch-In,2023-02-28,2046.46,7.5212,272.0925
TXN0000206,INV55NF4,Investor_0053,Individual,Delhi,Delhi,Aggressive,119551,Axis Bluechip Fund - Direct Growth,AXIS,Switch-Out,2022-12-11,25161.4,212.5163,118.3975
TXN0000207,INV31YIH,Investor_0083,Individual,Chennai,Tamil Nadu,Conservative,118989,ICICI Prudential Technology Fund - Direct Growth,ICICI,Redemption,2024-11-19,10904.79,37.4726,291.0074
TXN0000208,INV2KNFT,Investor_0174,HUF,Bengaluru,Karnataka,Aggressive,120503,Mirae Asset Large Cap Fund - Direct Growth,MIRAE,Lumpsum,2023-07-22,54187.69,233.9716,231.5994
TXN0000209,INVOXFQ8,Investor_0168,HUF,Mumbai,Maharashtra,Conservative,122639,SBI Small Cap Fund - Direct Growth,SBI,Lumpsum,2023-10-22,4646.24,17.3538,267.7364
TXN0000210,INV5OWF7,Investor_0064,Individual,Mumbai,Maharashtra,Moderate,120465,Nippon India Large Cap Fund - Direct Growth,NIPPON,Switch-In,2023-07-05,2030.97,9.4666,214.5413
TXN0000211,INVKKV9R,Investor_0161,HUF,Chennai,Tamil Nadu,Conservative,120465,Nippon India Large Cap Fund - Direct Growth,NIPPON,Switch-In,2022-07-10,91510.33,415.1674,220.4179
TXN0000212,INV3JCAT,Investor_0104,Individual,Pune,Maharashtra,Moderate,120716,Canara Robeco Bluechip Equity Fund - Direct Growth,CANARA,Redemption,2024-09-26,24773.48,120.7972,205.0832
TXN0000213,INVAIR4C,Investor_0084,HUF,Lucknow,Uttar Pradesh,Conservative,135781,Parag Parikh Flexi Cap Fund - Direct Growth,PPFAS,SIP,2024-07-27,1046.19,4.8985,213.574
TXN0000214,INVQLGZU,Investor_0163,HUF,Bengaluru,Karnataka,Conservative,119598,Kotak Bluechip Fund - Direct Growth,KOTAK,SIP,2024-05-29,47178.3,554.9396,85.0152
TXN0000215,INV3KX7E,Investor_0055,Individual,Ahmedabad,Gujarat,Conservative,120594,DSP Top 100 Equity Fund - Direct Growth,DSP,Redemption,2023-11-23,26641.72,244.989,108.7466
TXN0000216,INVX63CF,Investor_0141,HUF,Jaipur,Rajasthan,Aggressive,135781,Parag Parikh Flexi Cap Fund - Direct Growth,PPFAS,Lumpsum,2022-04-10,105766.07,366.8358,288.3199
TXN0000217,INVVG0FN,Investor_0012,Individual,Hyderabad,Telangana,Conservative,120503,Mirae Asset Large Cap Fund - Direct Growth,MIRAE,Switch-In,2022-11-20,462.42,2.2404,206.4045
TXN0000218,INVPNSM4,Investor_0113,HUF,Pune,Maharashtra,Aggressive,120594,DSP Top 100 Equity Fund - Direct Growth,DSP,SIP,2022-09-28,47023.18,492.2893,95.5194
TXN0000220,INV5935A,Investor_0065,HUF,Jaipur,Rajasthan,Aggressive,120503,Mirae Asset Large Cap Fund - Direct Growth,MIRAE,Redemption,2023-09-18,1820.71,8.0538,226.0679
TXN0000221,INVLPU0D,Investor_0186,Individual,Pune,Maharashtra,Moderate,125497,HDFC Mid-Cap Opportunities Fund - Direct Growth,HDFC,Switch-In,2022-01-03,1040.74,5.0758,205.0392
TXN0000222,INV3KX7E,Investor_0055,Individual,Ahmedabad,Gujarat,Conservative,120594,DSP Top 100 Equity Fund - Direct Growth,DSP,SIP,2024-11-29,2037.47,17.7161,115.0067
TXN0000223,INVU2GC5,Investor_0175,Individual,Mumbai,Maharashtra,Aggressive,120594,DSP Top 100 Equity Fund - Direct Growth,DSP,SIP,2022-09-04,519.56,4.5731,113.6123
TXN0000224,INV38DAL,Investor_0109,Corporate,Pune,Maharashtra,Moderate,122639,SBI Small Cap Fund - Direct Growth,SBI,Switch-In,2022-07-02,945.79,3.0808,306.9925
TXN0000225,INV8T63J,Investor_0188,HUF,Lucknow,Uttar Pradesh,Conservative,120503,Mirae Asset Large Cap Fund - Direct Growth,MIRAE,SIP,2023-09-05,24337.81,127.6903,190.6003
TXN0000226,INVGDPPQ,Investor_0036,HUF,Bengaluru,Karnataka,Conservative,120465,Nippon India Large Cap Fund - Direct Growth,NIPPON,Lumpsum,2022-01-18,1827.36,7.6409,239.1546
TXN0000227,INV3RZSJ,Investor_0157,Individual,Lucknow,Uttar Pradesh,Moderate,122639,SBI Small Cap Fund - Direct Growth,SBI,Switch-In,2022-11-07,26112.16,59.5926,438.1777
TXN0000228,INV18HAF,Investor_0106,Corporate,Kolkata,West Bengal,Conservative,135781,Parag Parikh Flexi Cap Fund - Direct Growth,PPFAS,Switch-In,2022-07-25,4586.69,17.636,260.076
TXN0000229,INVGDPPQ,Investor_0036,HUF,Bengaluru,Karnataka,Conservative,120503,Mirae Asset Large Cap Fund - Direct Growth,MIRAE,Switch-Out,2024-05-29,48515.36,322.913,150.2428
TXN0000231,INVL0UKE,Investor_0142,HUF,Hyderabad,Telangana,Conservative,135781,Parag Parikh Flexi Cap Fund - Direct Growth,PPFAS,Switch-Out,2022-02-24,10557.94,58.6368,180.0567
TXN0000232,INVMYX44,Investor_0169,Individual,Bengaluru,Karnataka,Moderate,118989,ICICI Prudential Technology Fund - Direct Growth,ICICI,Lumpsum,2023-08-29,5247.84,23.414,224.1322
TXN0000233,INVRBSV5,Investor_0166,HUF,Pune,Maharashtra,Conservative,119551,Axis Bluechip Fund - Direct Growth,AXIS,Lumpsum,2023-05-09,97717.71,616.9219,158.3956
TXN0000234,INVIGATJ,Investor_0128,Corporate,Jaipur,Rajasthan,Aggressive,135781,Parag Parikh Flexi Cap Fund - Direct Growth,PPFAS,SIP,2023-10-11,548.69,2.1673,253.1634
TXN0000235,INVCIYHE,Investor_0034,Individual,Jaipur,Rajasthan,Aggressive,120465,Nippon India Large Cap Fund - Direct Growth,NIPPON,Switch-Out,2022-12-20,48654.12,140.2769,346.8435
TXN0000236,INVOF8KR,Investor_0196,Corporate,Chennai,Tamil Nadu,Moderate,120594,DSP Top 100 Equity Fund - Direct Growth,DSP,SIP,2022-01-29,508.74,3.7058,137.2804
TXN0000237,INV4I3QK,Investor_0068,HUF,Mumbai,Maharashtra,Aggressive,125497,HDFC Mid-Cap Opportunities Fund - Direct Growth,HDFC,SIP,2024-03-26,544.87,3.484,156.3936
TXN0000238,INVR5UQP,Investor_0130,Corporate,Delhi,Delhi,Moderate,118989,ICICI Prudential Technology Fund - Direct Growth,ICICI,Switch-Out,2024-04-03,49235.75,187.0705,263.1935
TXN0000239,INVXEPQ8,Investor_0022,Corporate,Jaipur,Rajasthan,Aggressive,120716,Canara Robeco Bluechip Equity Fund - Direct Growth,CANARA,Switch-Out,2023-09-27,1910.99,9.2207,207.2489
TXN0000240,INVAZYTJ,Investor_0021,Individual,Delhi,Delhi,Aggressive,120716,Canara Robeco Bluechip Equity Fund - Direct Growth,CANARA,Lumpsum,2024-03-11,2014.56,13.8,145.9829
TXN0000241,INVL8OS9,Investor_0151,Individual,Chennai,Tamil Nadu,Aggressive,120503,Mirae Asset Large Cap Fund - Direct Growth,MIRAE,Redemption,2023-05-04,52299.58,227.0354,230.3587
TXN0000242,INVH75LX,Investor_0015,HUF,Mumbai,Maharashtra,Moderate,125497,HDFC Mid-Cap Opportunities Fund - Direct Growth,HDFC,SIP,2022-04-23,46159.87,181.1854,254.766
TXN0000244,INVHOCN9,Investor_0042,Corporate,Hyderabad,Telangana,Moderate,120594,DSP Top 100 Equity Fund - Direct Growth,DSP,Redemption,2022-09-17,9333.93,98.2535,94.9984
TXN0000245,INV2ATQY,Investor_0192,Corporate,Bengaluru,Karnataka,Aggressive,118989,ICICI Prudential Technology Fund - Direct Growth,ICICI,SIP,2024-05-29,483.5,1.4947,323.4731
TXN0000246,INV58KXO,Investor_0070,HUF,Ahmedabad,Gujarat,Moderate,120716,Canara Robeco Bluechip Equity Fund - Direct Growth,CANARA,SIP,2022-06-07,10424.65,48.6517,214.2712
TXN0000247,INVIGATJ,Investor_0128,Corporate,Jaipur,Rajasthan,Aggressive,120594,DSP Top 100 Equity Fund - Direct Growth,DSP,Switch-Out,2022-12-08,22777.2,189.6976,120.0711
TXN0000248,INVOTOHP,Investor_0095,HUF,Kolkata,West Bengal,Aggressive,122639,SBI Small Cap Fund - Direct Growth,SBI,Redemption,2022-08-25,1078.85,3.5013,308.128
TXN0000249,INVA1WJ0,Investor_0059,Corporate,Delhi,Delhi,Aggressive,120716,Canara Robeco Bluechip Equity Fund - Direct Growth,CANARA,SIP,2022-01-26,535.87,2.6193,204.5828
TXN0000250,INV6HID2,Investor_0063,Individual,Lucknow,Uttar Pradesh,Moderate,119551,Axis Bluechip Fund - Direct Growth,AXIS,Switch-In,2022-11-04,24414.9,167.8575,145.4502
TXN0000251,INVVS4F8,Investor_0046,Individual,Bengaluru,Karnataka,Aggressive,119551,Axis Bluechip Fund - Direct Growth,AXIS,Switch-Out,2023-05-24,47245.15,339.5173,139.1539
TXN0000252,INVEYUHZ,Investor_0107,HUF,Kolkata,West Bengal,Moderate,119598,Kotak Bluechip Fund - Direct Growth,KOTAK,Redemption,2022-09-02,1014.31,13.9526,72.6969
TXN0000253,INV9TZE5,Investor_0129,Corporate,Pune,Maharashtra,Conservative,119551,Axis Bluechip Fund - Direct Growth,AXIS,Lumpsum,2022-04-05,5304.34,24.8628,213.3444
TXN0000255,INVAIR4C,Investor_0084,HUF,Lucknow,Uttar Pradesh,Conservative,120503,Mirae Asset Large Cap Fund - Direct Growth,MIRAE,Switch-Out,2023-02-15,90159.38,395.728,227.8317
TXN0000256,INVTZ0YN,Investor_0075,Corporate,Ahmedabad,Gujarat,Aggressive,135781,Parag Parikh Flexi Cap Fund - Direct Growth,PPFAS,Redemption,2024-10-07,4963.93,20.6189,240.7466
TXN0000257,INV08P0F,Investor_0198,HUF,Kolkata,West Bengal,Conservative,125497,HDFC Mid-Cap Opportunities Fund - Direct Growth,HDFC,Switch-Out,2024-04-19,4650.57,25.3646,183.3489
TXN0000258,INV30T9N,Investor_0007,Corporate,Chennai,Tamil Nadu,Moderate,125497,HDFC Mid-Cap Opportunities Fund - Direct Growth,HDFC,Switch-Out,2022-01-20,25679.71,101.9429,251.9028
TXN0000259,INVIXA11,Investor_0086,Individual,Jaipur,Rajasthan,Aggressive,119551,Axis Bluechip Fund - Direct Growth,AXIS,Switch-In,2024-12-21,9207.9,53.994,170.5356
TXN0000260,INV6T4UF,Investor_0061,Corporate,Jaipur,Rajasthan,Moderate,120465,Nippon India Large Cap Fund - Direct Growth,NIPPON,Switch-In,2022-10-19,547.26,1.7092,320.1758
TXN0000261,INVR6K2V,Investor_0183,Individual,Bengaluru,Karnataka,Moderate,118989,ICICI Prudential Technology Fund - Direct Growth,ICICI,SIP,2024-11-30,542.13,2.1235,255.3056
TXN0000262,INV18HAF,Investor_0106,Corporate,Kolkata,West Bengal,Conservative,119598,Kotak Bluechip Fund - Direct Growth,KOTAK,Switch-In,2024-11-01,1016.15,12.2171,83.1744
TXN0000263,INV7UR23,Investor_0035,HUF,Chennai,Tamil Nadu,Aggressive,120465,Nippon India Large Cap Fund - Direct Growth,NIPPON,SIP,2022-09-25,493.5,1.4996,329.0941
TXN0000264,INV6T4UF,Investor_0061,Corporate,Jaipur,Rajasthan,Moderate,118989,ICICI Prudential Technology Fund - Direct Growth,ICICI,Redemption,2024-03-15,27130.21,112.94,240.2179
TXN0000265,INVNRIUU,Investor_0180,Individual,Kolkata,West Bengal,Aggressive,119598,Kotak Bluechip Fund - Direct Growth,KOTAK,Redemption,2022-06-02,95439.12,1882.1017,50.7088
TXN0000266,INV9CHJ7,Investor_0052,HUF,Delhi,Delhi,Conservative,122639,SBI Small Cap Fund - Direct Growth,SBI,Switch-Out,2022-12-03,931.08,3.2568,285.8872
TXN0000267,INV3TRP0,Investor_0116,Corporate,Delhi,Delhi,Aggressive,120594,DSP Top 100 Equity Fund - Direct Growth,DSP,Redemption,2024-01-04,46207.37,347.6005,132.9324
TXN0000268,INV08P0F,Investor_0198,HUF,Kolkata,West Bengal,Conservative,125497,HDFC Mid-Cap Opportunities Fund - Direct Growth,HDFC,Switch-In,2022-09-03,9926.69,43.0314,230.6847
TXN0000269,INV5KXVF,Investor_0024,HUF,Lucknow,Uttar Pradesh,Aggressive,122639,SBI Small Cap Fund - Direct Growth,SBI,Redemption,2023-11-03,471.5,1.2262,384.5299
TXN0000270,INVM5IGQ,Investor_0038,Individual,Mumbai,Maharashtra,Moderate,120503,Mirae Asset Large Cap Fund - Direct Growth,MIRAE,Lumpsum,2022-04-11,24481.22,137.0586,178.6186
TXN0000271,INV2KNFT,Investor_0174,HUF,Bengaluru,Karnataka,Aggressive,118989,ICICI Prudential Technology Fund - Direct Growth,ICICI,Redemption,2024-04-08,1812.43,6.2771,288.7364
TXN0000272,INV3TRP0,Investor_0116,Corporate,Delhi,Delhi,Aggressive,120716,Canara Robeco Bluechip Equity Fund - Direct Growth,CANARA,Switch-Out,2022-07-28,4594.73,24.2869,189.1854
TXN0000273,INVGDPPQ,Investor_0036,HUF,Bengaluru,Karnataka,Conservative,120503,Mirae Asset Large Cap Fund - Direct Growth,MIRAE,SIP,2023-04-01,533.04,3.3161,160.7445
TXN0000274,INVCIYHE,Investor_0034,Individual,Jaipur,Rajasthan,Aggressive,125497,HDFC Mid-Cap Opportunities Fund - Direct Growth,HDFC,Switch-In,2022-06-22,25931.43,97.4435,266.1177
TXN0000276,INVL1CQ9,Investor_0051,Individual,Jaipur,Rajasthan,Conservative,120594,DSP Top 100 Equity Fund - Direct Growth,DSP,Lumpsum,2023-11-11,1081.02,11.3671,95.1007
TXN0000278,INVLPU0D,Investor_0186,Individual,Pune,Maharashtra,Moderate,120465,Nippon India Large Cap Fund - Direct Growth,NIPPON,Switch-In,2024-05-23,488.27,2.4163,202.0751
TXN0000279,INV8UT0C,Investor_0045,Corporate,Mumbai,Maharashtra,Aggressive,119598,Kotak Bluechip Fund - Direct Growth,KOTAK,Lumpsum,2024-07-02,1909.99,24.6393,77.5181
TXN0000280,INVPKI7P,Investor_0039,Corporate,Bengaluru,Karnataka,Moderate,119551,Axis Bluechip Fund - Direct Growth,AXIS,Switch-Out,2024-10-18,5147.28,37.3735,137.7254
TXN0000281,INV18HAF,Investor_0106,Corporate,Kolkata,West Bengal,Conservative,120716,Canara Robeco Bluechip Equity Fund - Direct Growth,CANARA,Switch-In,2024-02-24,458.77,2.2293,205.79
TXN0000282,INVGDPPQ,Investor_0036,HUF,Bengaluru,Karnataka,Conservative,120465,Nippon India Large Cap Fund - Direct Growth,NIPPON,Lumpsum,2022-02-09,5130.75,20.3943,251.5778
TXN0000283,INV8P0TV,Investor_0098,HUF,Jaipur,Rajasthan,Conservative,119598,Kotak Bluechip Fund - Direct Growth,KOTAK,Switch-In,2024-10-25,96880.68,1379.6481,70.2213
TXN0000284,INV31YIH,Investor_0083,Individual,Chennai,Tamil Nadu,Conservative,120465,Nippon India Large Cap Fund - Direct Growth,NIPPON,Redemption,2023-03-25,1810.43,6.1817,292.8686
TXN0000285,INVT3W5U,Investor_0008,Corporate,Hyderabad,Telangana,Aggressive,118989,ICICI Prudential Technology Fund - Direct Growth,ICICI,SIP,2023-04-22,100588.65,337.2919,298.2243
TXN0000286,INV874FR,Investor_0041,HUF,Pune,Maharashtra,Moderate,120503,Mirae Asset Large Cap Fund - Direct Growth,MIRAE,Lumpsum,2022-04-25,4766.53,28.5146,167.1612
TXN0000287,INVOF8KR,Investor_0196,Corporate,Chennai,Tamil Nadu,Moderate,125497,HDFC Mid-Cap Opportunities Fund - Direct Growth,HDFC,Switch-Out,2022-12-22,48548.05,182.638,265.8157
TXN0000288,INVVS4F8,Investor_0046,Individual,Bengaluru,Karnataka,Aggressive,125497,HDFC Mid-Cap Opportunities Fund - Direct Growth,HDFC,Switch-Out,2024-01-05,26531.05,119.2595,222.4649
TXN0000289,INVXTOGN,Investor_0152,Individual,Lucknow,Uttar Pradesh,Moderate,119551,Axis Bluechip Fund - Direct Growth,AXIS,Redemption,2023-01-21,2025.24,17.688,114.4981
TXN0000290,INV9SKDG,Investor_0127,Individual,Jaipur,Rajasthan,Aggressive,120716,Canara Robeco Bluechip Equity Fund - Direct Growth,CANARA,Redemption,2022-07-04,1996.17,12.113,164.7952
TXN0000291,INVH75LX,Investor_0015,HUF,Mumbai,Maharashtra,Moderate,125497,HDFC Mid-Cap Opportunities Fund - Direct Growth,HDFC,Switch-Out,2024-09-05,4519.93,22.7034,199.0859
TXN0000292,INVXAJI0,Investor_0001,HUF,Delhi,Delhi,Moderate,119598,Kotak Bluechip Fund - Direct Growth,KOTAK,Switch-Out,2023-11-29,5306.45,61.9946,85.5953
TXN0000293,INVMWWYZ,Investor_0184,Individual,Pune,Maharashtra,Moderate,122639,SBI Small Cap Fund - Direct Growth,SBI,Redemption,2022-10-18,452.19,1.5269,296.1573
TXN0000294,INVODRO8,Investor_0199,Corporate,Ahmedabad,Gujarat,Aggressive,120503,Mirae Asset Large Cap Fund - Direct Growth,MIRAE,Switch-Out,2024-02-05,27302.79,152.2395,179.341
TXN0000295,INV9K9XJ,Investor_0181,Corporate,Ahmedabad,Gujarat,Aggressive,120465,Nippon India Large Cap Fund - Direct Growth,NIPPON,Switch-Out,2023-10-23,967.31,4.8706,198.6009
TXN0000296,INV7UR23,Investor_0035,HUF,Chennai,Tamil Nadu,Aggressive,122639,SBI Small Cap Fund - Direct Growth,SBI,Switch-In,2022-12-23,102983.61,352.9971,291.7407
TXN0000297,INVUY0BV,Investor_0182,Corporate,Pune,Maharashtra,Moderate,120716,Canara Robeco Bluechip Equity Fund - Direct Growth,CANARA,Switch-Out,2022-12-26,23616.19,120.0869,196.6591
TXN0000298,INVNAM14,Investor_0097,Corporate,Delhi,Delhi,Aggressive,118989,ICICI Prudential Technology Fund - Direct Growth,ICICI,Redemption,2022-01-04,1871.08,6.7227,278.322
TXN0000299,INVNRIUU,Investor_0180,Individual,Kolkata,West Bengal,Aggressive,135781,Parag Parikh Flexi Cap Fund - Direct Growth,PPFAS,Switch-In,2023-10-14,468.21,2.5336,184.8014
TXN0000300,INV3RZSJ,Investor_0157,Individual,Lucknow,Uttar Pradesh,Moderate,125497,HDFC Mid-Cap Opportunities Fund - Direct Growth,HDFC,Switch-Out,2022-10-16,1087.34,6.8607,158.4888
TXN0000301,INVOWGZR,Investor_0085,HUF,Lucknow,Uttar Pradesh,Aggressive,120503,Mirae Asset Large Cap Fund - Direct Growth,MIRAE,Lumpsum,2022-12-10,27411.9,148.2518,184.901
TXN0000302,INVQLGZU,Investor_0163,HUF,Bengaluru,Karnataka,Conservative,120503,Mirae Asset Large Cap Fund - Direct Growth,MIRAE,Redemption,2023-03-06,90227.91,393.0974,229.5307
TXN0000303,INV5OWF7,Investor_0064,Individual,Mumbai,Maharashtra,Moderate,120503,Mirae Asset Large Cap Fund - Direct Growth,MIRAE,Redemption,2022-01-03,10574.04,43.9892,240.3782
TXN0000304,INV9XUY4,Investor_0013,HUF,Lucknow,Uttar Pradesh,Conservative,120465,Nippon India Large Cap Fund - Direct Growth,NIPPON,Switch-In,2024-04-27,54691.02,288.6738,189.4561
TXN0000305,INV9SKDG,Investor_0127,Individual,Jaipur,Rajasthan,Aggressive,120465,Nippon India Large Cap Fund - Direct Growth,NIPPON,Redemption,2024-09-08,46014.29,190.9982,240.9148
TXN0000306,INVWRDML,Investor_0148,HUF,Jaipur,Rajasthan,Moderate,125497,HDFC Mid-Cap Opportunities Fund - Direct Growth,HDFC,Lumpsum,2022-03-10,91474.19,463.1522,197.5035
TXN0000307,INVCXLL4,Investor_0076,HUF,Delhi,Delhi,Moderate,119551,Axis Bluechip Fund - Direct Growth,AXIS,Redemption,2022-06-01,10903.32,53.2465,204.7705
TXN0000308,INVBI4Q2,Investor_0088,Individual,Kolkata,West Bengal,Conservative,122639,SBI Small Cap Fund - Direct Growth,SBI,Switch-In,2022-07-10,2092.79,6.223,336.2995
TXN0000309,INVDPG8S,Investor_0087,Corporate,Pune,Maharashtra,Conservative,135781,Parag Parikh Flexi Cap Fund - Direct Growth,PPFAS,Switch-Out,2024-06-02,104090.09,488.167,213.2264
TXN0000310,INVOXFQ8,Investor_0168,HUF,Mumbai,Maharashtra,Conservative,122639,SBI Small Cap Fund - Direct Growth,SBI,Switch-Out,2022-07-27,46571.04,148.5409,313.5233
TXN0000311,INVOWGZR,Investor_0085,HUF,Lucknow,Uttar Pradesh,Aggressive,125497,HDFC Mid-Cap Opportunities Fund - Direct Growth,HDFC,Lumpsum,2023-06-28,51971.97,261.1163,199.0376
TXN0000312,INV4NLZ1,Investor_0170,Individual,Bengaluru,Karnataka,Aggressive,118989,ICICI Prudential Technology Fund - Direct Growth,ICICI,Redemption,2024-03-15,4595.92,16.192,283.8394
TXN0000313,INVQX6GV,Investor_0147,HUF,Pune,Maharashtra,Moderate,120716,Canara Robeco Bluechip Equity Fund - Direct Growth,CANARA,Switch-In,2022-01-08,1821.8,14.5521,125.1915
TXN0000314,INVY8OZC,Investor_0110,Individual,Kolkata,West Bengal,Aggressive,120503,Mirae Asset Large Cap Fund - Direct Growth,MIRAE,Redemption,2022-02-22,93993.5,504.1896,186.4249
TXN0000315,INV55NF4,Investor_0053,Individual,Delhi,Delhi,Aggressive,122639,SBI Small Cap Fund - Direct Growth,SBI,Redemption,2022-08-25,994.71,2.7179,365.9865
TXN0000316,INV6WKTA,Investor_0079,HUF,Lucknow,Uttar Pradesh,Aggressive,120465,Nippon India Large Cap Fund - Direct Growth,NIPPON,Switch-In,2023-06-27,107897.55,462.2135,233.4366
TXN0000317,INV5KXVF,Investor_0024,HUF,Lucknow,Uttar Pradesh,Aggressive,120716,Canara Robeco Bluechip Equity Fund - Direct Growth,CANARA,Switch-In,2024-02-21,1948.41,10.6227,183.4192
TXN0000318,INVOTOHP,Investor_0095,HUF,Kolkata,West Bengal,Aggressive,122639,SBI Small Cap Fund - Direct Growth,SBI,Switch-In,2024-08-10,476.33,1.5525,306.8212
TXN0000319,INV4I3QK,Investor_0068,HUF,Mumbai,Maharashtra,Aggressive,125497,HDFC Mid-Cap Opportunities Fund - Direct Growth,HDFC,Redemption,2022-07-18,465.11,1.9407,239.6553
TXN0000320,INVXEPQ8,Investor_0022,Corporate,Jaipur,Rajasthan,Aggressive,119598,Kotak Bluechip Fund - Direct Growth,KOTAK,Switch-Out,2023-04-11,54707.06,1036.6899,52.7709
TXN0000321,INVL0UKE,Investor_0142,HUF,Hyderabad,Telangana,Conservative,119551,Axis Bluechip Fund - Direct Growth,AXIS,Switch-In,2024-08-30,54656.28,266.0303,205.4513
TXN0000322,INVQX6GV,Investor_0147,HUF,Pune,Maharashtra,Moderate,125497,HDFC Mid-Cap Opportunities Fund - Direct Growth,HDFC,Switch-In,2022-03-13,9157.91,55.2806,165.6622
TXN0000323,INV9TZE5,Investor_0129,Corporate,Pune,Maharashtra,Conservative,135781,Parag Parikh Flexi Cap Fund - Direct Growth,PPFAS,Switch-Out,2024-07-08,1848.11,9.4076,196.4477
TXN0000324,INV8UT0C,Investor_0045,Corporate,Mumbai,Maharashtra,Aggressive,122639,SBI Small Cap Fund - Direct Growth,SBI,Lumpsum,2024-05-17,4626.19,11.4035,405.6832
TXN0000325,INVAZYTJ,Investor_0021,Individual,Delhi,Delhi,Aggressive,120465,Nippon India Large Cap Fund - Direct Growth,NIPPON,Lumpsum,2023-06-13,2133.64,6.4784,329.3464
TXN0000326,INVGDSWM,Investor_0082,HUF,Bengaluru,Karnataka,Aggressive,120503,Mirae Asset Large Cap Fund - Direct Growth,MIRAE,SIP,2023-10-30,50563.64,336.2962,150.3545
TXN0000327,INV9T7E8,Investor_0071,Individual,Kolkata,West Bengal,Conservative,120716,Canara Robeco Bluechip Equity Fund - Direct Growth,CANARA,Switch-In,2024-12-06,528.66,2.4369,216.9357
TXN0000328,INV1GV0E,Investor_0108,Corporate,Delhi,Delhi,Aggressive,120503,Mirae Asset Large Cap Fund - Direct Growth,MIRAE,Switch-In,2022-07-25,1859.28,10.7914,172.2933
TXN0000329,INVRC11E,Investor_0028,Corporate,Bengaluru,Karnataka,Moderate,135781,Parag Parikh Flexi Cap Fund - Direct Growth,PPFAS,SIP,2023-12-06,10734.95,40.3727,265.8963
TXN0000330,INV18HAF,Investor_0106,Corporate,Kolkata,West Bengal,Conservative,118989,ICICI Prudential Technology Fund - Direct Growth,ICICI,Switch-In,2024-08-26,101440.46,534.8049,189.6775
TXN0000331,INVIDKWN,Investor_0010,Individual,Ahmedabad,Gujarat,Moderate,122639,SBI Small Cap Fund - Direct Growth,SBI,Redemption,2024-04-02,46438.53,149.0308,311.6036
TXN0000332,INVIDKWN,Investor_0010,Individual,Ahmedabad,Gujarat,Moderate,120465,Nippon India Large Cap Fund - Direct Growth,NIPPON,Redemption,2024-08-31,4549.29,17.4411,260.8369
TXN0000333,INV2IAGL,Investor_0069,Individual,Mumbai,Maharashtra,Moderate,119598,Kotak Bluechip Fund - Direct Growth,KOTAK,SIP,2023-09-13,26586.93,347.9241,76.4159
TXN0000334,INVKPUXQ,Investor_0080,Corporate,Bengaluru,Karnataka,Conservative,118989,ICICI Prudential Technology Fund - Direct Growth,ICICI,Switch-In,2023-04-12,1094.5,4.1906,261.1799
TXN0000335,INV7UR23,Investor_0035,HUF,Chennai,Tamil Nadu,Aggressive,118989,ICICI Prudential Technology Fund - Direct Growth,ICICI,Switch-In,2024-05-03,23847.1,94.935,251.194
TXN0000336,INVVIFTT,Investor_0155,Corporate,Jaipur,Rajasthan,Conservative,120503,Mirae Asset Large Cap Fund - Direct Growth,MIRAE,Lumpsum,2024-04-13,94227.81,368.3715,255.7956
TXN0000337,INVE8F84,Investor_0190,Corporate,Mumbai,Maharashtra,Aggressive,120594,DSP Top 100 Equity Fund - Direct Growth,DSP,Switch-Out,2024-11-21,26605.09,310.1506,85.7812
TXN0000338,INV874FR,Investor_0041,HUF,Pune,Maharashtra,Moderate,120503,Mirae Asset Large Cap Fund - Direct Growth,MIRAE,Redemption,2024-12-09,46356.5,292.9041,158.2651
TXN0000339,INV9YJB1,Investor_0146,Corporate,Delhi,Delhi,Aggressive,119551,Axis Bluechip Fund - Direct Growth,AXIS,Lumpsum,2023-02-16,5375.18,29.0457,185.0596
TXN0000340,INVH75LX,Investor_0015,HUF,Mumbai,Maharashtra,Moderate,125497,HDFC Mid-Cap Opportunities Fund - Direct Growth,HDFC,SIP,2024-01-09,91011.19,593.1784,153.4297
TXN0000341,INV9K9XJ,Investor_0181,Corporate,Ahmedabad,Gujarat,Aggressive,125497,HDFC Mid-Cap Opportunities Fund - Direct Growth,HDFC,Redemption,2024-10-31,26617.53,129.9097,204.8926
TXN0000342,INVXEQBN,Investor_0102,HUF,Hyderabad,Telangana,Aggressive,120503,Mirae Asset Large Cap Fund - Direct Growth,MIRAE,SIP,2024-07-02,4872.47,24.6166,197.9343
TXN0000343,INVVS4F8,Investor_0046,Individual,Bengaluru,Karnataka,Aggressive,120594,DSP Top 100 Equity Fund - Direct Growth,DSP,Switch-Out,2023-06-14,24221.25,258.0671,93.8564
TXN0000344,INV2ATQY,Investor_0192,Corporate,Bengaluru,Karnataka,Aggressive,120503,Mirae Asset Large Cap Fund - Direct Growth,MIRAE,Redemption,2022-11-30,488.66,1.9373,252.2434
TXN0000345,INVQX6GV,Investor_0147,HUF,Pune,Maharashtra,Moderate,125497,HDFC Mid-Cap Opportunities Fund - Direct Growth,HDFC,Lumpsum,2023-07-06,5177.7,28.8222,179.6428
TXN0000346,INV5PSQ0,Investor_0167,HUF,Pune,Maharashtra,Conservative,120465,Nippon India Large Cap Fund - Direct Growth,NIPPON,Switch-Out,2022-01-19,536.46,2.2899,234.2746
TXN0000347,INVXR2DH,Investor_0122,Individual,Pune,Maharashtra,Conservative,122639,SBI Small Cap Fund - Direct Growth,SBI,Lumpsum,2023-09-18,472.38,1.6771,281.6685
TXN0000348,INVR6K2V,Investor_0183,Individual,Bengaluru,Karnataka,Moderate,118989,ICICI Prudential Technology Fund - Direct Growth,ICICI,Switch-In,2024-07-29,53515.86,265.24,201.7639
TXN0000349,INV5935A,Investor_0065,HUF,Jaipur,Rajasthan,Aggressive,125497,HDFC Mid-Cap Opportunities Fund - Direct Growth,HDFC,Switch-In,2024-03-24,10354.39,54.5226,189.9101
TXN0000350,INV83TQL,Investor_0150,HUF,Delhi,Delhi,Conservative,120503,Mirae Asset Large Cap Fund - Direct Growth,MIRAE,SIP,2023-08-02,25307.29,114.0576,221.8817
TXN0000351,INVZKLOO,Investor_0077,Corporate,Delhi,Delhi,Aggressive,120503,Mirae Asset Large Cap Fund - Direct Growth,MIRAE,Switch-In,2023-07-21,967.26,4.2176,229.3367
TXN0000352,INVI1B0Z,Investor_0164,HUF,Chennai,Tamil Nadu,Conservative,119598,Kotak Bluechip Fund - Direct Growth,KOTAK,Redemption,2023-09-04,10312.24,120.2148,85.7818
TXN0000353,INVPVS7H,Investor_0049,Corporate,Bengaluru,Karnataka,Aggressive,122639,SBI Small Cap Fund - Direct Growth,SBI,Switch-Out,2024-04-07,5399.69,19.6961,274.1508
TXN0000354,INV4NLZ1,Investor_0170,Individual,Bengaluru,Karnataka,Aggressive,119598,Kotak Bluechip Fund - Direct Growth,KOTAK,Lumpsum,2023-08-29,515.54,9.9764,51.6762
TXN0000355,INV3J2D5,Investor_0067,Corporate,Ahmedabad,Gujarat,Conservative,120465,Nippon India Large Cap Fund - Direct Growth,NIPPON,Switch-In,2023-01-24,52367.32,151.0892,346.5987
TXN0000356,INVBI4Q2,Investor_0088,Individual,Kolkata,West Bengal,Conservative,125497,HDFC Mid-Cap Opportunities Fund - Direct Growth,HDFC,Switch-Out,2024-01-05,108130.53,741.4316,145.8402
TXN0000357,INVR5UQP,Investor_0130,Corporate,Delhi,Delhi,Moderate,118989,ICICI Prudential Technology Fund - Direct Growth,ICICI,Lumpsum,2024-08-22,1917.51,5.8221,329.3518
TXN0000358,INVCWI64,Investor_0033,Individual,Bengaluru,Karnataka,Moderate,118989,ICICI Prudential Technology Fund - Direct Growth,ICICI,Switch-Out,2023-11-19,2178.77,7.0578,308.7057
TXN0000359,INVOXFQ8,Investor_0168,HUF,Mumbai,Maharashtra,Conservative,120503,Mirae Asset Large Cap Fund - Direct Growth,MIRAE,Lumpsum,2023-09-21,23616.64,94.4633,250.0086
TXN0000360,INV1GV0E,Investor_0108,Corporate,Delhi,Delhi,Aggressive,119598,Kotak Bluechip Fund - Direct Growth,KOTAK,Redemption,2024-08-07,10171.14,151.6006,67.0917
TXN0000361,INV9XPSE,Investor_0031,HUF,Chennai,Tamil Nadu,Moderate,120594,DSP Top 100 Equity Fund - Direct Growth,DSP,SIP,2023-02-03,994.44,11.4874,86.568
TXN0000362,INV9TZE5,Investor_0129,Corporate,Pune,Maharashtra,Conservative,120503,Mirae Asset Large Cap Fund - Direct Growth,MIRAE,Switch-In,2022-11-05,9826.21,46.1699,212.8271
TXN0000363,INVGDPPQ,Investor_0036,HUF,Bengaluru,Karnataka,Conservative,125497,HDFC Mid-Cap Opportunities Fund - Direct Growth,HDFC,Redemption,2024-07-26,54871.92,231.0848,237.4536
TXN0000364,INV0Y9DO,Investor_0037,HUF,Delhi,Delhi,Conservative,119598,Kotak Bluechip Fund - Direct Growth,KOTAK,Lumpsum,2022-12-29,997.52,17.8601,55.852
TXN0000365,INVPHR62,Investor_0081,HUF,Delhi,Delhi,Aggressive,119551,Axis Bluechip Fund - Direct Growth,AXIS,SIP,2022-12-12,95470.56,493.505,193.4541
TXN0000366,INVWRDML,Investor_0148,HUF,Jaipur,Rajasthan,Moderate,122639,SBI Small Cap Fund - Direct Growth,SBI,Switch-In,2024-06-07,925.88,3.3497,276.4107
TXN0000367,INVQLGZU,Investor_0163,HUF,Bengaluru,Karnataka,Conservative,120465,Nippon India Large Cap Fund - Direct Growth,NIPPON,Switch-In,2024-02-25,54653.28,204.2807,267.5401
TXN0000368,INVY6DPB,Investor_0002,HUF,Pune,Maharashtra,Conservative,119551,Axis Bluechip Fund - Direct Growth,AXIS,Switch-Out,2022-01-29,5230.66,26.2422,199.3222
TXN0000369,INV31YIH,Investor_0083,Individual,Chennai,Tamil Nadu,Conservative,120716,Canara Robeco Bluechip Equity Fund - Direct Growth,CANARA,Lumpsum,2023-05-25,517.67,3.6636,141.2998
TXN0000370,INV64DPJ,Investor_0058,Corporate,Lucknow,Uttar Pradesh,Moderate,119598,Kotak Bluechip Fund - Direct Growth,KOTAK,Redemption,2024-10-27,1841.08,30.3207,60.7203
TXN0000371,INVL8OS9,Investor_0151,Individual,Chennai,Tamil Nadu,Aggressive,118989,ICICI Prudential Technology Fund - Direct Growth,ICICI,Lumpsum,2023-09-03,1064.77,5.6407,188.7659
TXN0000372,INVTZ0YN,Investor_0075,Corporate,Ahmedabad,Gujarat,Aggressive,120594,DSP Top 100 Equity Fund - Direct Growth,DSP,Switch-Out,2022-10-02,24668.33,296.1384,83.3
TXN0000373,INVBI4Q2,Investor_0088,Individual,Kolkata,West Bengal,Conservative,120594,DSP Top 100 Equity Fund - Direct Growth,DSP,Redemption,2024-04-06,4664.88,56.0048,83.2943
TXN0000374,INV3ZMF8,Investor_0005,Individual,Mumbai,Maharashtra,Moderate,125497,HDFC Mid-Cap Opportunities Fund - Direct Growth,HDFC,Lumpsum,2022-02-14,1884.48,11.1066,169.6718
TXN0000375,INVL8OS9,Investor_0151,Individual,Chennai,Tamil Nadu,Aggressive,120716,Canara Robeco Bluechip Equity Fund - Direct Growth,CANARA,Lumpsum,2022-03-18,973.32,6.4411,151.11
TXN0000376,INVNAM14,Investor_0097,Corporate,Delhi,Delhi,Aggressive,118989,ICICI Prudential Technology Fund - Direct Growth,ICICI,Switch-Out,2022-04-09,509.39,1.6617,306.5401
TXN0000377,INV4NLZ1,Investor_0170,Individual,Bengaluru,Karnataka,Aggressive,120503,Mirae Asset Large Cap Fund - Direct Growth,MIRAE,SIP,2024-05-03,518.97,2.0721,250.4575
TXN0000378,INV3D8W3,Investor_0114,HUF,Bengaluru,Karnataka,Conservative,120465,Nippon India Large Cap Fund - Direct Growth,NIPPON,SIP,2022-11-10,9948.79,39.2361,253.5624
TXN0000379,INV55NF4,Investor_0053,Individual,Delhi,Delhi,Aggressive,119551,Axis Bluechip Fund - Direct Growth,AXIS,Redemption,2024-12-01,51616.65,407.3358,126.7177
TXN0000380,INV58KXO,Investor_0070,HUF,Ahmedabad,Gujarat,Moderate,135781,Parag Parikh Flexi Cap Fund - Direct Growth,PPFAS,Switch-Out,2022-08-03,1967.53,9.5373,206.2992
TXN0000381,INVGB7R3,Investor_0131,Corporate,Kolkata,West Bengal,Conservative,135781,Parag Parikh Flexi Cap Fund - Direct Growth,PPFAS,SIP,2022-08-06,9228.03,32.5337,283.6457
TXN0000382,INVIGATJ,Investor_0128,Corporate,Jaipur,Rajasthan,Aggressive,125497,HDFC Mid-Cap Opportunities Fund - Direct Growth,HDFC,Switch-Out,2024-12-07,5277.96,23.0067,229.4096
TXN0000383,INV9CHJ7,Investor_0052,HUF,Delhi,Delhi,Conservative,119598,Kotak Bluechip Fund - Direct Growth,KOTAK,Switch-In,2024-10-13,9320.75,100.7372,92.5254
TXN0000384,INVZW9XA,Investor_0054,Individual,Ahmedabad,Gujarat,Aggressive,120594,DSP Top 100 Equity Fund - Direct Growth,DSP,Redemption,2022-07-02,4502.74,60.2255,74.7647
TXN0000385,INVRTJ5P,Investor_0029,Corporate,Lucknow,Uttar Pradesh,Moderate,135781,Parag Parikh Flexi Cap Fund - Direct Growth,PPFAS,Switch-In,2024-11-13,2179.78,7.6258,285.8424
TXN0000386,INVN9T84,Investor_0020,Corporate,Hyderabad,Telangana,Aggressive,120503,Mirae Asset Large Cap Fund - Direct Growth,MIRAE,Redemption,2023-08-30,4956.75,24.7122,200.5794
TXN0000387,INV4I3QK,Investor_0068,HUF,Mumbai,Maharashtra,Aggressive,120594,DSP Top 100 Equity Fund - Direct Growth,DSP,SIP,2022-03-22,1062.64,8.0416,132.1428
TXN0000388,INVTZ0YN,Investor_0075,Corporate,Ahmedabad,Gujarat,Aggressive,119598,Kotak Bluechip Fund - Direct Growth,KOTAK,Redemption,2022-07-14,52385.4,694.9657,75.3784
TXN0000389,INVHC36K,Investor_0195,HUF,Delhi,Delhi,Conservative,119551,Axis Bluechip Fund - Direct Growth,AXIS,SIP,2022-12-16,2065.34,13.0333,158.4661
TXN0000390,INVOWGZR,Investor_0085,HUF,Lucknow,Uttar Pradesh,Aggressive,119598,Kotak Bluechip Fund - Direct Growth,KOTAK,Switch-In,2022-07-10,10756.95,135.63,79.311
TXN0000391,INV6VZ41,Investor_0096,Corporate,Delhi,Delhi,Conservative,119598,Kotak Bluechip Fund - Direct Growth,KOTAK,Lumpsum,2024-07-23,980.16,11.31,86.6634
TXN0000392,INV58KXO,Investor_0070,HUF,Ahmedabad,Gujarat,Moderate,120465,Nippon India Large Cap Fund - Direct Growth,NIPPON,Switch-In,2022-12-08,51488.46,220.6947,233.3017
TXN0000393,INVRTJ5P,Investor_0029,Corporate,Lucknow,Uttar Pradesh,Moderate,122639,SBI Small Cap Fund - Direct Growth,SBI,SIP,2024-09-15,1841.49,7.2006,255.7398
TXN0000394,INV9YJB1,Investor_0146,Corporate,Delhi,Delhi,Aggressive,120594,DSP Top 100 Equity Fund - Direct Growth,DSP,Lumpsum,2022-03-01,52791.64,518.5733,101.8017
TXN0000395,INVWI6FQ,Investor_0176,HUF,Delhi,Delhi,Moderate,122639,SBI Small Cap Fund - Direct Growth,SBI,Switch-In,2024-04-22,92258.75,332.3168,277.6229
TXN0000396,INVPNSM4,Investor_0113,HUF,Pune,Maharashtra,Aggressive,119551,Axis Bluechip Fund - Direct Growth,AXIS,SIP,2022-01-26,10309.95,65.7696,156.7587
TXN0000397,INV9K9XJ,Investor_0181,Corporate,Ahmedabad,Gujarat,Aggressive,120716,Canara Robeco Bluechip Equity Fund - Direct Growth,CANARA,Switch-Out,2023-11-24,5477.9,24.277,225.6413
TXN0000398,INVUK9E1,Investor_0133,Individual,Kolkata,West Bengal,Conservative,120716,Canara Robeco Bluechip Equity Fund - Direct Growth,CANARA,Switch-Out,2023-05-25,986.57,5.434,181.5551
TXN0000399,INVP0LZJ,Investor_0124,Individual,Jaipur,Rajasthan,Conservative,119598,Kotak Bluechip Fund - Direct Growth,KOTAK,Switch-In,2022-04-22,2135.61,26.5202,80.5278
TXN0000400,INVHSAHX,Investor_0003,Corporate,Jaipur,Rajasthan,Conservative,122639,SBI Small Cap Fund - Direct Growth,SBI,Switch-Out,2022-12-05,107037.42,287.4234,372.4033
TXN0000401,INVN9T84,Investor_0020,Corporate,Hyderabad,Telangana,Aggressive,120594,DSP Top 100 Equity Fund - Direct Growth,DSP,Redemption,2023-07-24,4830.89,38.0847,126.8461
TXN0000402,INV9XUY4,Investor_0013,HUF,Lucknow,Uttar Pradesh,Conservative,120716,Canara Robeco Bluechip Equity Fund - Direct Growth,CANARA,Lumpsum,2023-04-27,49032.77,222.1895,220.68
TXN0000403,INVAZYTJ,Investor_0021,Individual,Delhi,Delhi,Aggressive,120594,DSP Top 100 Equity Fund - Direct Growth,DSP,Switch-In,2024-10-17,91760.4,788.3975,116.3885
TXN0000404,INVZP08J,Investor_0115,Corporate,Ahmedabad,Gujarat,Aggressive,119598,Kotak Bluechip Fund - Direct Growth,KOTAK,SIP,2022-02-06,104904.78,1477.734,70.9903
TXN0000406,INV5KXVF,Investor_0024,HUF,Lucknow,Uttar Pradesh,Aggressive,135781,Parag Parikh Flexi Cap Fund - Direct Growth,PPFAS,Switch-Out,2023-02-28,10780.22,47.5112,226.8986
TXN0000407,INVOXFQ8,Investor_0168,HUF,Mumbai,Maharashtra,Conservative,120594,DSP Top 100 Equity Fund - Direct Growth,DSP,Redemption,2023-04-02,26626.55,278.9984,95.4362
TXN0000408,INVJ43D5,Investor_0117,Corporate,Delhi,Delhi,Conservative,119598,Kotak Bluechip Fund - Direct Growth,KOTAK,Switch-Out,2024-01-15,104333.16,1621.5556,64.3414
TXN0000409,INVMWWYZ,Investor_0184,Individual,Pune,Maharashtra,Moderate,120594,DSP Top 100 Equity Fund - Direct Growth,DSP,SIP,2023-03-31,1051.86,8.8614,118.7016
TXN0000410,INVXAJI0,Investor_0001,HUF,Delhi,Delhi,Moderate,119598,Kotak Bluechip Fund - Direct Growth,KOTAK,Redemption,2024-02-05,10095.38,133.0361,75.8845
TXN0000411,INVNRIUU,Investor_0180,Individual,Kolkata,West Bengal,Aggressive,120503,Mirae Asset Large Cap Fund - Direct Growth,MIRAE,SIP,2024-04-18,1996.97,12.205,163.6184
TXN0000412,INVRC11E,Investor_0028,Corporate,Bengaluru,Karnataka,Moderate,118989,ICICI Prudential Technology Fund - Direct Growth,ICICI,Switch-Out,2024-03-15,4687.54,14.1723,330.7526
TXN0000413,INVEDTJV,Investor_0056,Corporate,Pune,Maharashtra,Moderate,120594,DSP Top 100 Equity Fund - Direct Growth,DSP,Lumpsum,2024-04-28,23038.83,227.0735,101.4598
TXN0000414,INVVG0FN,Investor_0012,Individual,Hyderabad,Telangana,Conservative,135781,Parag Parikh Flexi Cap Fund - Direct Growth,PPFAS,SIP,2024-10-29,99147.76,384.3443,257.966
TXN0000415,INV7UR23,Investor_0035,HUF,Chennai,Tamil Nadu,Aggressive,120594,DSP Top 100 Equity Fund - Direct Growth,DSP,SIP,2024-06-05,505.32,4.2387,119.2168
TXN0000416,INV83TQL,Investor_0150,HUF,Delhi,Delhi,Conservative,120594,DSP Top 100 Equity Fund - Direct Growth,DSP,Switch-Out,2022-12-22,2076.73,18.3016,113.4724
TXN0000417,INV8T63J,Investor_0188,HUF,Lucknow,Uttar Pradesh,Conservative,122639,SBI Small Cap Fund - Direct Growth,SBI,SIP,2023-10-22,51575.22,173.44,297.3664
TXN0000418,INVR5UQP,Investor_0130,Corporate,Delhi,Delhi,Moderate,120465,Nippon India Large Cap Fund - Direct Growth,NIPPON,Switch-In,2023-12-04,4773.6,15.0288,317.6308
TXN0000419,INVCXLL4,Investor_0076,HUF,Delhi,Delhi,Moderate,120594,DSP Top 100 Equity Fund - Direct Growth,DSP,Lumpsum,2024-11-15,1965.1,24.2771,80.9447
TXN0000421,INVWI6FQ,Investor_0176,HUF,Delhi,Delhi,Moderate,119598,Kotak Bluechip Fund - Direct Growth,KOTAK,Lumpsum,2023-10-23,2001.56,32.232,62.0986
TXN0000422,INVUY0BV,Investor_0182,Corporate,Pune,Maharashtra,Moderate,120503,Mirae Asset Large Cap Fund - Direct Growth,MIRAE,Redemption,2024-05-04,101656.13,475.1208,213.9585
TXN0000423,INV5PY6B,Investor_0173,Individual,Delhi,Delhi,Moderate,120716,Canara Robeco Bluechip Equity Fund - Direct Growth,CANARA,Redemption,2024-12-06,53083.05,368.8944,143.8977
TXN0000424,INVRC11E,Investor_0028,Corporate,Bengaluru,Karnataka,Moderate,119551,Axis Bluechip Fund - Direct Growth,AXIS,Switch-In,2022-04-26,1821.23,9.5392,190.9197
TXN0000425,INV9CHJ7,Investor_0052,HUF,Delhi,Delhi,Conservative,118989,ICICI Prudential Technology Fund - Direct Growth,ICICI,Lumpsum,2022-10-27,10366.78,48.3157,214.5632
TXN0000426,INVO6QJI,Investor_0016,Individual,Pune,Maharashtra,Conservative,118989,ICICI Prudential Technology Fund - Direct Growth,ICICI,Lumpsum,2024-07-15,485.87,1.5262,318.3469
TXN0000427,INVLC58D,Investor_0027,Individual,Pune,Maharashtra,Moderate,135781,Parag Parikh Flexi Cap Fund - Direct Growth,PPFAS,Switch-Out,2024-03-07,5242.41,17.3264,302.5672
TXN0000428,INV6T4UF,Investor_0061,Corporate,Jaipur,Rajasthan,Moderate,120716,Canara Robeco Bluechip Equity Fund - Direct Growth,CANARA,Redemption,2024-03-04,542.65,3.4093,159.1667
TXN0000429,INVEYUHZ,Investor_0107,HUF,Kolkata,West Bengal,Moderate,119598,Kotak Bluechip Fund - Direct Growth,KOTAK,Switch-Out,2023-05-30,451.3,6.7326,67.0318
TXN0000430,INV9CHJ7,Investor_0052,HUF,Delhi,Delhi,Conservative,135781,Parag Parikh Flexi Cap Fund - Direct Growth,PPFAS,Switch-In,2024-01-24,5411.49,19.4373,278.4073
TXN0000431,INVIA5U6,Investor_0194,Individual,Mumbai,Maharashtra,Moderate,135781,Parag Parikh Flexi Cap Fund - Direct Growth,PPFAS,Switch-Out,2023-02-01,5276.15,28.3425,186.1569
TXN0000432,INVCXLL4,Investor_0076,HUF,Delhi,Delhi,Moderate,120594,DSP Top 100 Equity Fund - Direct Growth,DSP,Lumpsum,2022-12-22,937.4,11.8574,79.0561
TXN0000433,INV3R30M,Investor_0189,Individual,Delhi,Delhi,Moderate,120716,Canara Robeco Bluechip Equity Fund - Direct Growth,CANARA,SIP,2023-07-26,45406.34,335.692,135.2619
TXN0000434,INVYZ7SR,Investor_0143,Corporate,Bengaluru,Karnataka,Conservative,118989,ICICI Prudential Technology Fund - Direct Growth,ICICI,Lumpsum,2023-06-07,2033.59,7.6163,267.0048
TXN0000435,INVY6DPB,Investor_0002,HUF,Pune,Maharashtra,Conservative,119598,Kotak Bluechip Fund - Direct Growth,KOTAK,Switch-In,2023-10-23,1815.98,32.0576,56.6474
TXN0000436,INV1W1HT,Investor_0153,Individual,Hyderabad,Telangana,Aggressive,119551,Axis Bluechip Fund - Direct Growth,AXIS,Switch-Out,2024-01-04,9981.1,70.4816,141.6128
TXN0000437,INVDW2PC,Investor_0019,Individual,Lucknow,Uttar Pradesh,Moderate,119598,Kotak Bluechip Fund - Direct Growth,KOTAK,Switch-Out,2024-12-02,5456.99,69.5331,78.4805
TXN0000438,INVH9SDB,Investor_0018,HUF,Bengaluru,Karnataka,Conservative,120716,Canara Robeco Bluechip Equity Fund - Direct Growth,CANARA,Lumpsum,2024-04-06,50430.8,411.6834,122.499
TXN0000439,INV5KXVF,Investor_0024,HUF,Lucknow,Uttar Pradesh,Aggressive,119598,Kotak Bluechip Fund - Direct Growth,KOTAK,Lumpsum,2023-11-10,5163.33,88.9967,58.0171
TXN0000440,INVCKJLT,Investor_0093,HUF,Jaipur,Rajasthan,Moderate,118989,ICICI Prudential Technology Fund - Direct Growth,ICICI,Lumpsum,2022-01-19,109932.62,338.7363,324.5375
TXN0000441,INVHT0HL,Investor_0030,Corporate,Mumbai,Maharashtra,Aggressive,119598,Kotak Bluechip Fund - Direct Growth,KOTAK,Switch-In,2023-05-15,5404.5,68.2289,79.2113
TXN0000442,INVNHJ7X,Investor_0011,Corporate,Delhi,Delhi,Conservative,119598,Kotak Bluechip Fund - Direct Growth,KOTAK,Switch-In,2023-08-03,977.18,15.3858,63.512
TXN0000443,INV30T9N,Investor_0007,Corporate,Chennai,Tamil Nadu,Moderate,120716,Canara Robeco Bluechip Equity Fund - Direct Growth,CANARA,Redemption,2023-08-31,99736.09,793.8414,125.6373
TXN0000444,INV5PSQ0,Investor_0167,HUF,Pune,Maharashtra,Conservative,125497,HDFC Mid-Cap Opportunities Fund - Direct Growth,HDFC,Redemption,2022-12-09,1089.64,5.0008,217.8935
TXN0000445,INV08P0F,Investor_0198,HUF,Kolkata,West Bengal,Conservative,120716,Canara Robeco Bluechip Equity Fund - Direct Growth,CANARA,Switch-Out,2023-03-08,512.69,3.5502,144.413
TXN0000446,INV90PDW,Investor_0172,Individual,Kolkata,West Bengal,Conservative,125497,HDFC Mid-Cap Opportunities Fund - Direct Growth,HDFC,Switch-In,2024-06-10,941.12,3.5508,265.0445
TXN0000447,INVRBSV5,Investor_0166,HUF,Pune,Maharashtra,Conservative,120503,Mirae Asset Large Cap Fund - Direct Growth,MIRAE,Lumpsum,2023-11-11,495.92,2.2276,222.6207
TXN0000448,INVIDKWN,Investor_0010,Individual,Ahmedabad,Gujarat,Moderate,120503,Mirae Asset Large Cap Fund - Direct Growth,MIRAE,SIP,2023-05-31,467.8,1.8163,257.5577
TXN0000449,INVYZ7SR,Investor_0143,Corporate,Bengaluru,Karnataka,Conservative,120503,Mirae Asset Large Cap Fund - Direct Growth,MIRAE,Switch-Out,2024-04-14,5410.99,22.3297,242.3225
TXN0000450,INVYOFQE,Investor_0100,Corporate,Kolkata,West Bengal,Aggressive,120594,DSP Top 100 Equity Fund - Direct Growth,DSP,Switch-In,2024-03-08,48164.04,458.5636,105.0324
TXN0000451,INV5PY6B,Investor_0173,Individual,Delhi,Delhi,Moderate,120503,Mirae Asset Large Cap Fund - Direct Growth,MIRAE,Switch-Out,2022-05-10,514.14,2.3317,220.504
TXN0000452,INVIA5U6,Investor_0194,Individual,Mumbai,Maharashtra,Moderate,135781,Parag Parikh Flexi Cap Fund - Direct Growth,PPFAS,SIP,2024-10-26,971.54,3.2922,295.103
TXN0000453,INVRC11E,Investor_0028,Corporate,Bengaluru,Karnataka,Moderate,118989,ICICI Prudential Technology Fund - Direct Growth,ICICI,Redemption,2024-06-15,956.3,3.5489,269.4635
TXN0000454,INV8P0TV,Investor_0098,HUF,Jaipur,Rajasthan,Conservative,120465,Nippon India Large Cap Fund - Direct Growth,NIPPON,SIP,2023-03-27,93126.47,472.4194,197.1267
TXN0000455,INV7UR23,Investor_0035,HUF,Chennai,Tamil Nadu,Aggressive,120465,Nippon India Large Cap Fund - Direct Growth,NIPPON,Switch-Out,2022-10-23,10920.27,41.3545,264.065
TXN0000456,INVZKLOO,Investor_0077,Corporate,Delhi,Delhi,Aggressive,119598,Kotak Bluechip Fund - Direct Growth,KOTAK,SIP,2022-01-11,1849.29,33.1181,55.8393
TXN0000457,INVQX6GV,Investor_0147,HUF,Pune,Maharashtra,Moderate,135781,Parag Parikh Flexi Cap Fund - Direct Growth,PPFAS,Switch-In,2023-12-06,960.94,3.4268,280.4215
TXN0000458,INV3KX7E,Investor_0055,Individual,Ahmedabad,Gujarat,Conservative,120465,Nippon India Large Cap Fund - Direct Growth,NIPPON,Switch-Out,2023-03-29,1864.38,6.2465,298.4676
TXN0000459,INV49ITN,Investor_0158,Individual,Jaipur,Rajasthan,Conservative,118989,ICICI Prudential Technology Fund - Direct Growth,ICICI,Lumpsum,2022-04-22,936.27,2.7999,334.3979
TXN0000460,INVYV37D,Investor_0193,Individual,Lucknow,Uttar Pradesh,Aggressive,120716,Canara Robeco Bluechip Equity Fund - Direct Growth,CANARA,Switch-In,2022-05-18,958.13,5.1144,187.3379
TXN0000461,INV5935A,Investor_0065,HUF,Jaipur,Rajasthan,Aggressive,120503,Mirae Asset Large Cap Fund - Direct Growth,MIRAE,Lumpsum,2024-01-02,109030.8,461.2325,236.3901
TXN0000462,INVCWI64,Investor_0033,Individual,Bengaluru,Karnataka,Moderate,125497,HDFC Mid-Cap Opportunities Fund - Direct Growth,HDFC,SIP,2023-02-01,10239.03,57.5724,177.8462
TXN0000463,INVGDSWM,Investor_0082,HUF,Bengaluru,Karnataka,Aggressive,120594,DSP Top 100 Equity Fund - Direct Growth,DSP,Switch-In,2023-09-19,25581.71,267.0484,95.7943
TXN0000464,INVYFPMV,Investor_0178,Individual,Hyderabad,Telangana,Conservative,135781,Parag Parikh Flexi Cap Fund - Direct Growth,PPFAS,Lumpsum,2024-05-27,26538.5,85.3492,310.9403
TXN0000465,INV9UZFK,Investor_0044,Individual,Pune,Maharashtra,Conservative,119551,Axis Bluechip Fund - Direct Growth,AXIS,Redemption,2024-06-12,5285.66,27.9333,189.2241
TXN0000466,INV9T7E8,Investor_0071,Individual,Kolkata,West Bengal,Conservative,119598,Kotak Bluechip Fund - Direct Growth,KOTAK,Lumpsum,2024-08-05,26889.43,341.033,78.847
TXN0000467,INVZP08J,Investor_0115,Corporate,Ahmedabad,Gujarat,Aggressive,119598,Kotak Bluechip Fund - Direct Growth,KOTAK,Redemption,2022-12-26,101033.44,1649.4501,61.2528
TXN0000468,INVRBSV5,Investor_0166,HUF,Pune,Maharashtra,Conservative,135781,Parag Parikh Flexi Cap Fund - Direct Growth,PPFAS,SIP,2022-10-14,10717.43,38.5567,277.9657
TXN0000469,INVQVKIZ,Investor_0138,HUF,Pune,Maharashtra,Aggressive,125497,HDFC Mid-Cap Opportunities Fund - Direct Growth,HDFC,Redemption,2022-02-08,1045.49,4.0873,255.7925
TXN0000470,INVR5UQP,Investor_0130,Corporate,Delhi,Delhi,Moderate,119551,Axis Bluechip Fund - Direct Growth,AXIS,Switch-Out,2023-03-12,52692.0,384.7673,136.9451
TXN0000471,INVIDKWN,Investor_0010,Individual,Ahmedabad,Gujarat,Moderate,120716,Canara Robeco Bluechip Equity Fund - Direct Growth,CANARA,Redemption,2022-11-01,103078.16,527.2187,195.5131
TXN0000472,INVEIYZC,Investor_0094,HUF,Lucknow,Uttar Pradesh,Moderate,120465,Nippon India Large Cap Fund - Direct Growth,NIPPON,Lumpsum,2024-10-23,9267.76,36.8496,251.5022
TXN0000473,INVGB7R3,Investor_0131,Corporate,Kolkata,West Bengal,Conservative,120503,Mirae Asset Large Cap Fund - Direct Growth,MIRAE,Switch-In,2023-05-05,25010.84,162.9448,153.4927
TXN0000474,INV49ITN,Investor_0158,Individual,Jaipur,Rajasthan,Conservative,122639,SBI Small Cap Fund - Direct Growth,SBI,Switch-Out,2023-01-02,1978.49,5.0744,389.8972
TXN0000475,INVD84U8,Investor_0145,Individual,Hyderabad,Telangana,Moderate,135781,Parag Parikh Flexi Cap Fund - Direct Growth,PPFAS,Lumpsum,2022-03-24,108783.51,550.1218,197.7444
TXN0000476,INVZHWJR,Investor_0057,HUF,Jaipur,Rajasthan,Aggressive,120594,DSP Top 100 Equity Fund - Direct Growth,DSP,Lumpsum,2023-04-25,952.87,10.568,90.1659
TXN0000477,INVNHJ7X,Investor_0011,Corporate,Delhi,Delhi,Conservative,125497,HDFC Mid-Cap Opportunities Fund - Direct Growth,HDFC,Switch-Out,2024-07-20,24440.47,100.6991,242.7079
TXN0000478,INVVG0FN,Investor_0012,Individual,Hyderabad,Telangana,Conservative,119551,Axis Bluechip Fund - Direct Growth,AXIS,Redemption,2024-12-03,1040.75,5.5382,187.9222
TXN0000479,INVQLGZU,Investor_0163,HUF,Bengaluru,Karnataka,Conservative,118989,ICICI Prudential Technology Fund - Direct Growth,ICICI,Redemption,2024-02-15,1950.66,8.9179,218.7353
TXN0000480,INVEIYZC,Investor_0094,HUF,Lucknow,Uttar Pradesh,Moderate,135781,Parag Parikh Flexi Cap Fund - Direct Growth,PPFAS,SIP,2023-04-02,9752.66,31.0047,314.5541
TXN0000481,INVUK9E1,Investor_0133,Individual,Kolkata,West Bengal,Conservative,120465,Nippon India Large Cap Fund - Direct Growth,NIPPON,Redemption,2024-09-14,24934.31,112.165,222.3003
TXN0000482,INVVIFTT,Investor_0155,Corporate,Jaipur,Rajasthan,Conservative,119551,Axis Bluechip Fund - Direct Growth,AXIS,Switch-Out,2023-04-17,1975.96,9.2771,212.9942
TXN0000483,INVN9T84,Investor_0020,Corporate,Hyderabad,Telangana,Aggressive,120716,Canara Robeco Bluechip Equity Fund - Direct Growth,CANARA,Redemption,2022-11-19,4650.24,23.3829,198.8732
TXN0000484,INVCKJLT,Investor_0093,HUF,Jaipur,Rajasthan,Moderate,135781,Parag Parikh Flexi Cap Fund - Direct Growth,PPFAS,SIP,2023-11-08,4914.61,21.2052,231.7642
TXN0000485,INVX4W6X,Investor_0185,Individual,Chennai,Tamil Nadu,Conservative,120503,Mirae Asset Large Cap Fund - Direct Growth,MIRAE,Switch-In,2022-11-27,99580.42,642.8616,154.9018
TXN0000486,INVRBSV5,Investor_0166,HUF,Pune,Maharashtra,Conservative,120465,Nippon India Large Cap Fund - Direct Growth,NIPPON,SIP,2022-11-26,4543.14,18.9674,239.5234
TXN0000487,INV7UR23,Investor_0035,HUF,Chennai,Tamil Nadu,Aggressive,120716,Canara Robeco Bluechip Equity Fund - Direct Growth,CANARA,SIP,2023-06-13,1822.36,12.8941,141.333
TXN0000488,INVCGVYI,Investor_0047,Corporate,Chennai,Tamil Nadu,Conservative,120716,Canara Robeco Bluechip Equity Fund - Direct Growth,CANARA,Switch-In,2023-08-04,537.85,2.8824,186.6008
TXN0000489,INVXEPQ8,Investor_0022,Corporate,Jaipur,Rajasthan,Aggressive,125497,HDFC Mid-Cap Opportunities Fund - Direct Growth,HDFC,Switch-In,2022-12-16,107346.05,567.9436,189.0083
TXN0000490,INVZHWJR,Investor_0057,HUF,Jaipur,Rajasthan,Aggressive,120465,Nippon India Large Cap Fund - Direct Growth,NIPPON,Switch-Out,2023-01-08,2117.85,8.9988,235.3492
TXN0000491,INV2O7S3,Investor_0160,Corporate,Lucknow,Uttar Pradesh,Conservative,120716,Canara Robeco Bluechip Equity Fund - Direct Growth,CANARA,Redemption,2023-12-03,2089.67,10.4012,200.9069
TXN0000492,INVJ43D5,Investor_0117,Corporate,Delhi,Delhi,Conservative,135781,Parag Parikh Flexi Cap Fund - Direct Growth,PPFAS,Switch-Out,2024-02-29,945.96,4.5627,207.3241
TXN0000493,INVCIYHE,Investor_0034,Individual,Jaipur,Rajasthan,Aggressive,120503,Mirae Asset Large Cap Fund - Direct Growth,MIRAE,SIP,2024-10-29,5022.71,23.867,210.4457
TXN0000494,INVWI6FQ,Investor_0176,HUF,Delhi,Delhi,Moderate,120465,Nippon India Large Cap Fund - Direct Growth,NIPPON,Lumpsum,2022-03-21,935.48,4.2733,218.9139
TXN0000495,INVXFGCA,Investor_0137,Individual,Chennai,Tamil Nadu,Moderate,120716,Canara Robeco Bluechip Equity Fund - Direct Growth,CANARA,SIP,2022-09-24,996.45,5.0728,196.4304
TXN0000496,INVVIFTT,Investor_0155,Corporate,Jaipur,Rajasthan,Conservative,120716,Canara Robeco Bluechip Equity Fund - Direct Growth,CANARA,SIP,2024-01-29,50220.44,268.6333,186.9479
TXN0000497,INVVG0FN,Investor_0012,Individual,Hyderabad,Telangana,Conservative,120716,Canara Robeco Bluechip Equity Fund - Direct Growth,CANARA,Switch-In,2024-09-14,5438.42,26.4973,205.2444
TXN0000498,INVD5EQY,Investor_0197,Individual,Ahmedabad,Gujarat,Aggressive,120465,Nippon India Large Cap Fund - Direct Growth,NIPPON,Redemption,2023-06-06,985.1,4.9684,198.2741
TXN0000499,INVYLURT,Investor_0123,HUF,Bengaluru,Karnataka,Moderate,125497,HDFC Mid-Cap Opportunities Fund - Direct Growth,HDFC,SIP,2024-04-16,10196.58,59.7993,170.5134
TXN0000500,INV0L725,Investor_0066,HUF,Chennai,Tamil Nadu,Moderate,125497,HDFC Mid-Cap Opportunities Fund - Direct Growth,HDFC,SIP,2022-08-30,507.8,3.1058,163.5005
TXN0000501,INVV2ISQ,Investor_0134,Individual,Mumbai,Maharashtra,Aggressive,119551,Axis Bluechip Fund - Direct Growth,AXIS,Switch-In,2023-10-09,5187.77,39.0252,132.9338
TXN0000502,INV9MX2X,Investor_0105,Individual,Ahmedabad,Gujarat,Aggressive,119598,Kotak Bluechip Fund - Direct Growth,KOTAK,SIP,2023-06-04,1970.43,36.068,54.6309
TXN0000503,INV3J2D5,Investor_0067,Corporate,Ahmedabad,Gujarat,Conservative,120716,Canara Robeco Bluechip Equity Fund - Direct Growth,CANARA,Switch-In,2024-03-24,25559.4,141.7746,180.282
TXN0000504,INVIA5U6,Investor_0194,Individual,Mumbai,Maharashtra,Moderate,125497,HDFC Mid-Cap Opportunities Fund - Direct Growth,HDFC,Switch-In,2024-09-17,93574.39,427.6242,218.8239
TXN0000505,INV5935A,Investor_0065,HUF,Jaipur,Rajasthan,Aggressive,118989,ICICI Prudential Technology Fund - Direct Growth,ICICI,Switch-Out,2024-03-26,26370.97,84.7932,311.0034
TXN0000506,INV3R30M,Investor_0189,Individual,Delhi,Delhi,Moderate,122639,SBI Small Cap Fund - Direct Growth,SBI,SIP,2022-11-28,4946.59,15.4975,319.1869
TXN0000507,INVLA753,Investor_0026,Individual,Hyderabad,Telangana,Moderate,125497,HDFC Mid-Cap Opportunities Fund - Direct Growth,HDFC,Switch-Out,2022-04-17,52860.81,250.3707,211.1302
TXN0000508,INVHOCN9,Investor_0042,Corporate,Hyderabad,Telangana,Moderate,120465,Nippon India Large Cap Fund - Direct Growth,NIPPON,SIP,2024-08-23,1064.65,3.0478,349.3188
TXN0000509,INV7PZE9,Investor_0154,HUF,Kolkata,West Bengal,Moderate,120465,Nippon India Large Cap Fund - Direct Growth,NIPPON,SIP,2024-01-30,952.62,3.4753,274.1147
TXN0000510,INVAZYTJ,Investor_0021,Individual,Delhi,Delhi,Aggressive,135781,Parag Parikh Flexi Cap Fund - Direct Growth,PPFAS,SIP,2024-03-31,54306.85,209.6008,259.0966
TXN0000511,INV49ITN,Investor_0158,Individual,Jaipur,Rajasthan,Conservative,120716,Canara Robeco Bluechip Equity Fund - Direct Growth,CANARA,Redemption,2022-12-25,544.57,2.4079,226.1562
TXN0000512,INVI1B0Z,Investor_0164,HUF,Chennai,Tamil Nadu,Conservative,120594,DSP Top 100 Equity Fund - Direct Growth,DSP,Switch-In,2024-11-27,470.17,3.4058,138.0496
TXN0000513,INVUJZA7,Investor_0074,Individual,Ahmedabad,Gujarat,Aggressive,125497,HDFC Mid-Cap Opportunities Fund - Direct Growth,HDFC,SIP,2022-03-15,5115.19,25.9031,197.4743
TXN0000514,INVCKJLT,Investor_0093,HUF,Jaipur,Rajasthan,Moderate,125497,HDFC Mid-Cap Opportunities Fund - Direct Growth,HDFC,SIP,2023-07-20,1834.74,8.1888,224.0561
TXN0000515,INVBNP84,Investor_0200,Individual,Lucknow,Uttar Pradesh,Aggressive,120465,Nippon India Large Cap Fund - Direct Growth,NIPPON,Redemption,2023-02-15,49054.51,184.5819,265.7601
TXN0000516,INVUK9E1,Investor_0133,Individual,Kolkata,West Bengal,Conservative,119551,Axis Bluechip Fund - Direct Growth,AXIS,SIP,2023-12-14,1009.92,5.4359,185.787
TXN0000517,INVY9V86,Investor_0089,Corporate,Lucknow,Uttar Pradesh,Moderate,118989,ICICI Prudential Technology Fund - Direct Growth,ICICI,Lumpsum,2024-04-07,4954.76,15.2051,325.8614
TXN0000518,INVWRDML,Investor_0148,HUF,Jaipur,Rajasthan,Moderate,119551,Axis Bluechip Fund - Direct Growth,AXIS,Redemption,2022-08-07,1962.85,13.5549,144.8072
TXN0000519,INVCBPLJ,Investor_0144,HUF,Ahmedabad,Gujarat,Moderate,120503,Mirae Asset Large Cap Fund - Direct Growth,MIRAE,Switch-Out,2022-08-28,9679.93,40.5579,238.6697
TXN0000520,INVOCWBF,Investor_0132,Corporate,Pune,Maharashtra,Moderate,118989,ICICI Prudential Technology Fund - Direct Growth,ICICI,Switch-Out,2024-02-12,10388.38,36.9079,281.4678
TXN0000521,INVD84U8,Investor_0145,Individual,Hyderabad,Telangana,Moderate,120594,DSP Top 100 Equity Fund - Direct Growth,DSP,Lumpsum,2024-07-28,27306.19,297.0366,91.9287
TXN0000522,INVU2GC5,Investor_0175,Individual,Mumbai,Maharashtra,Aggressive,120594,DSP Top 100 Equity Fund - Direct Growth,DSP,Switch-Out,2023-06-13,498.2,3.975,125.3344
TXN0000523,INVH9SDB,Investor_0018,HUF,Bengaluru,Karnataka,Conservative,120465,Nippon India Large Cap Fund - Direct Growth,NIPPON,Lumpsum,2024-04-24,5300.16,20.6252,256.9755
TXN0000524,INV60RJI,Investor_0091,Corporate,Chennai,Tamil Nadu,Aggressive,120716,Canara Robeco Bluechip Equity Fund - Direct Growth,CANARA,Switch-Out,2023-06-24,520.08,3.8935,133.5778
TXN0000525,INV5OWF7,Investor_0064,Individual,Mumbai,Maharashtra,Moderate,118989,ICICI Prudential Technology Fund - Direct Growth,ICICI,SIP,2023-12-02,51736.98,154.68,334.4775
TXN0000526,INVN9T84,Investor_0020,Corporate,Hyderabad,Telangana,Aggressive,120716,Canara Robeco Bluechip Equity Fund - Direct Growth,CANARA,Lumpsum,2023-03-24,96277.46,580.4911,165.8552
TXN0000527,INVQX6GV,Investor_0147,HUF,Pune,Maharashtra,Moderate,118989,ICICI Prudential Technology Fund - Direct Growth,ICICI,Lumpsum,2023-02-13,4999.0,18.9551,263.7289
TXN0000528,INV6T4UF,Investor_0061,Corporate,Jaipur,Rajasthan,Moderate,125497,HDFC Mid-Cap Opportunities Fund - Direct Growth,HDFC,Redemption,2023-05-27,4729.21,19.2353,245.8611
TXN0000529,INV7S55J,Investor_0159,HUF,Mumbai,Maharashtra,Moderate,119598,Kotak Bluechip Fund - Direct Growth,KOTAK,Lumpsum,2022-06-10,923.98,10.0163,92.2477
TXN0000530,INV2KNFT,Investor_0174,HUF,Bengaluru,Karnataka,Aggressive,120594,DSP Top 100 Equity Fund - Direct Growth,DSP,Switch-Out,2022-03-28,526.42,4.0426,130.2174
TXN0000531,INVP0LZJ,Investor_0124,Individual,Jaipur,Rajasthan,Conservative,119598,Kotak Bluechip Fund - Direct Growth,KOTAK,Switch-Out,2023-07-17,24961.7,341.3001,73.1371
TXN0000532,INV1GHR0,Investor_0126,Individual,Lucknow,Uttar Pradesh,Moderate,122639,SBI Small Cap Fund - Direct Growth,SBI,Switch-Out,2022-09-20,9795.76,28.3641,345.358
TXN0000533,INV1IBLJ,Investor_0014,Individual,Mumbai,Maharashtra,Moderate,120716,Canara Robeco Bluechip Equity Fund - Direct Growth,CANARA,Switch-In,2022-03-08,108793.09,722.6462,150.5482
TXN0000534,INV9TZE5,Investor_0129,Corporate,Pune,Maharashtra,Conservative,119598,Kotak Bluechip Fund - Direct Growth,KOTAK,Switch-In,2022-09-04,1982.88,28.1629,70.4075
TXN0000535,INVXPJ4H,Investor_0179,HUF,Kolkata,West Bengal,Conservative,120716,Canara Robeco Bluechip Equity Fund - Direct Growth,CANARA,Switch-In,2022-01-25,25946.05,117.4207,220.9666
TXN0000536,INV5PY6B,Investor_0173,Individual,Delhi,Delhi,Moderate,125497,HDFC Mid-Cap Opportunities Fund - Direct Growth,HDFC,Switch-In,2023-06-16,965.09,4.0954,235.6501
TXN0000537,INVE6IVW,Investor_0048,HUF,Mumbai,Maharashtra,Moderate,120716,Canara Robeco Bluechip Equity Fund - Direct Growth,CANARA,Redemption,2023-12-04,4769.41,39.0606,122.1028
TXN0000538,INVEIYZC,Investor_0094,HUF,Lucknow,Uttar Pradesh,Moderate,122639,SBI Small Cap Fund - Direct Growth,SBI,Switch-In,2024-02-02,47105.32,182.879,257.5764
TXN0000539,INVEIYZC,Investor_0094,HUF,Lucknow,Uttar Pradesh,Moderate,120465,Nippon India Large Cap Fund - Direct Growth,NIPPON,Redemption,2022-09-26,93597.78,276.6942,338.2716
TXN0000540,INVWRDML,Investor_0148,HUF,Jaipur,Rajasthan,Moderate,125497,HDFC Mid-Cap Opportunities Fund - Direct Growth,HDFC,SIP,2024-06-04,10608.18,42.2641,250.9977
TXN0000541,INV8P0TV,Investor_0098,HUF,Jaipur,Rajasthan,Conservative,125497,HDFC Mid-Cap Opportunities Fund - Direct Growth,HDFC,Lumpsum,2022-01-20,1989.19,9.6889,205.3051
TXN0000542,INVVS4F8,Investor_0046,Individual,Bengaluru,Karnataka,Aggressive,120465,Nippon India Large Cap Fund - Direct Growth,NIPPON,Switch-In,2024-11-24,2198.22,7.6314,288.0493
TXN0000543,INVXFGCA,Investor_0137,Individual,Chennai,Tamil Nadu,Moderate,119598,Kotak Bluechip Fund - Direct Growth,KOTAK,Switch-In,2022-04-08,9501.95,151.2698,62.8146
TXN0000544,INVXEQBN,Investor_0102,HUF,Hyderabad,Telangana,Aggressive,120503,Mirae Asset Large Cap Fund - Direct Growth,MIRAE,Lumpsum,2023-06-05,471.55,2.0023,235.5011
TXN0000545,INVXR2DH,Investor_0122,Individual,Pune,Maharashtra,Conservative,120503,Mirae Asset Large Cap Fund - Direct Growth,MIRAE,Switch-In,2024-01-08,23798.85,112.0239,212.4444
TXN0000546,INVCBPLJ,Investor_0144,HUF,Ahmedabad,Gujarat,Moderate,120716,Canara Robeco Bluechip Equity Fund - Direct Growth,CANARA,Redemption,2022-09-06,22599.18,116.2997,194.3185
TXN0000547,INVWZS3T,Investor_0090,HUF,Jaipur,Rajasthan,Aggressive,135781,Parag Parikh Flexi Cap Fund - Direct Growth,PPFAS,Lumpsum,2023-08-06,2191.75,9.5665,229.1078
TXN0000548,INV60RJI,Investor_0091,Corporate,Chennai,Tamil Nadu,Aggressive,119598,Kotak Bluechip Fund - Direct Growth,KOTAK,Switch-Out,2024-07-04,105494.89,1529.1707,68.9883
TXN0000549,INVAZYTJ,Investor_0021,Individual,Delhi,Delhi,Aggressive,120465,Nippon India Large Cap Fund - Direct Growth,NIPPON,Switch-Out,2022-10-24,9927.5,44.9095,221.0558
TXN0000550,INVJ2QP8,Investor_0043,Individual,Lucknow,Uttar Pradesh,Moderate,119598,Kotak Bluechip Fund - Direct Growth,KOTAK,Switch-In,2022-05-27,53489.01,583.3972,91.6854
TXN0000551,INVAZYTJ,Investor_0021,Individual,Delhi,Delhi,Aggressive,122639,SBI Small Cap Fund - Direct Growth,SBI,Redemption,2023-08-20,4813.48,11.2637,427.3457
TXN0000552,INVUY0BV,Investor_0182,Corporate,Pune,Maharashtra,Moderate,118989,ICICI Prudential Technology Fund - Direct Growth,ICICI,Switch-Out,2024-06-30,47712.48,155.4287,306.9735
TXN0000553,INVBNP84,Investor_0200,Individual,Lucknow,Uttar Pradesh,Aggressive,119598,Kotak Bluechip Fund - Direct Growth,KOTAK,Switch-Out,2023-01-12,98279.78,1078.3694,91.1374
TXN0000554,INVMDD4V,Investor_0006,Corporate,Kolkata,West Bengal,Aggressive,122639,SBI Small Cap Fund - Direct Growth,SBI,Lumpsum,2022-06-13,10880.87,29.4216,369.8262
TXN0000555,INVZW9XA,Investor_0054,Individual,Ahmedabad,Gujarat,Aggressive,122639,SBI Small Cap Fund - Direct Growth,SBI,Switch-In,2024-08-27,919.11,3.2623,281.7405
TXN0000556,INVX63CF,Investor_0141,HUF,Jaipur,Rajasthan,Aggressive,119551,Axis Bluechip Fund - Direct Growth,AXIS,SIP,2022-06-20,50239.83,264.8043,189.7244
TXN0000557,INVLC58D,Investor_0027,Individual,Pune,Maharashtra,Moderate,118989,ICICI Prudential Technology Fund - Direct Growth,ICICI,Switch-Out,2024-03-09,1833.72,7.9773,229.8664
TXN0000558,INVKPUXQ,Investor_0080,Corporate,Bengaluru,Karnataka,Conservative,125497,HDFC Mid-Cap Opportunities Fund - Direct Growth,HDFC,Lumpsum,2022-09-16,9886.32,49.5436,199.5477
TXN0000559,INVCIYHE,Investor_0034,Individual,Jaipur,Rajasthan,Aggressive,120716,Canara Robeco Bluechip Equity Fund - Direct Growth,CANARA,Lumpsum,2024-01-01,453.52,3.0264,149.8569
TXN0000560,INVAIR4C,Investor_0084,HUF,Lucknow,Uttar Pradesh,Conservative,120594,DSP Top 100 Equity Fund - Direct Growth,DSP,Switch-In,2022-10-04,10097.09,99.7787,101.1948
TXN0000562,INVP49KW,Investor_0135,Corporate,Chennai,Tamil Nadu,Conservative,120716,Canara Robeco Bluechip Equity Fund - Direct Growth,CANARA,Redemption,2023-04-11,24908.26,187.9259,132.543
TXN0000563,INV5JSG6,Investor_0023,HUF,Hyderabad,Telangana,Conservative,120594,DSP Top 100 Equity Fund - Direct Growth,DSP,Redemption,2022-11-15,24561.02,304.6324,80.6251
TXN0000564,INVKEP7Y,Investor_0078,Corporate,Pune,Maharashtra,Conservative,119551,Axis Bluechip Fund - Direct Growth,AXIS,SIP,2024-08-18,1937.55,10.6398,182.1038
TXN0000565,INVXFGCA,Investor_0137,Individual,Chennai,Tamil Nadu,Moderate,119551,Axis Bluechip Fund - Direct Growth,AXIS,Switch-In,2024-05-31,95992.21,500.8578,191.6556
TXN0000566,INVTZ0YN,Investor_0075,Corporate,Ahmedabad,Gujarat,Aggressive,135781,Parag Parikh Flexi Cap Fund - Direct Growth,PPFAS,Lumpsum,2023-01-22,504.82,1.9738,255.7592
TXN0000567,INV18HAF,Investor_0106,Corporate,Kolkata,West Bengal,Conservative,120716,Canara Robeco Bluechip Equity Fund - Direct Growth,CANARA,Switch-In,2024-03-09,47498.96,339.148,140.0538
TXN0000568,INVNAM14,Investor_0097,Corporate,Delhi,Delhi,Aggressive,125497,HDFC Mid-Cap Opportunities Fund - Direct Growth,HDFC,Redemption,2023-05-06,984.45,4.9639,198.3221
TXN0000569,INVUK9E1,Investor_0133,Individual,Kolkata,West Bengal,Conservative,135781,Parag Parikh Flexi Cap Fund - Direct Growth,PPFAS,Redemption,2024-12-25,10296.91,35.8825,286.962
TXN0000570,INV2IAGL,Investor_0069,Individual,Mumbai,Maharashtra,Moderate,120465,Nippon India Large Cap Fund - Direct Growth,NIPPON,Lumpsum,2023-08-17,936.48,3.1289,299.303
TXN0000571,INVRTJ5P,Investor_0029,Corporate,Lucknow,Uttar Pradesh,Moderate,120594,DSP Top 100 Equity Fund - Direct Growth,DSP,Switch-Out,2024-10-04,95442.68,1179.3822,80.926
TXN0000572,INVPVS7H,Investor_0049,Corporate,Bengaluru,Karnataka,Aggressive,119598,Kotak Bluechip Fund - Direct Growth,KOTAK,SIP,2024-12-31,1819.85,19.6506,92.6104
TXN0000573,INVMDD4V,Investor_0006,Corporate,Kolkata,West Bengal,Aggressive,122639,SBI Small Cap Fund - Direct Growth,SBI,SIP,2024-06-16,9538.39,34.135,279.4317
TXN0000574,INVK0GET,Investor_0187,Corporate,Lucknow,Uttar Pradesh,Aggressive,119551,Axis Bluechip Fund - Direct Growth,AXIS,Lumpsum,2024-10-07,930.14,6.8439,135.9075
TXN0000575,INVEDTJV,Investor_0056,Corporate,Pune,Maharashtra,Moderate,119598,Kotak Bluechip Fund - Direct Growth,KOTAK,Switch-In,2024-10-17,10571.45,150.4227,70.2783
TXN0000576,INV6VZ41,Investor_0096,Corporate,Delhi,Delhi,Conservative,120594,DSP Top 100 Equity Fund - Direct Growth,DSP,SIP,2022-10-27,22901.12,241.1439,94.9687
TXN0000577,INVH75LX,Investor_0015,HUF,Mumbai,Maharashtra,Moderate,118989,ICICI Prudential Technology Fund - Direct Growth,ICICI,Switch-In,2023-01-07,1008.64,3.0289,333.001
TXN0000578,INVZIOYK,Investor_0050,Individual,Kolkata,West Bengal,Conservative,118989,ICICI Prudential Technology Fund - Direct Growth,ICICI,Switch-In,2023-05-25,462.2,2.421,190.9138
TXN0000579,INVHHPBM,Investor_0099,HUF,Hyderabad,Telangana,Conservative,120594,DSP Top 100 Equity Fund - Direct Growth,DSP,Lumpsum,2022-07-12,469.92,5.0192,93.6247
TXN0000580,INVV2ISQ,Investor_0134,Individual,Mumbai,Maharashtra,Aggressive,125497,HDFC Mid-Cap Opportunities Fund - Direct Growth,HDFC,Switch-In,2023-10-02,51814.42,269.4902,192.2683
TXN0000581,INV31YIH,Investor_0083,Individual,Chennai,Tamil Nadu,Conservative,122639,SBI Small Cap Fund - Direct Growth,SBI,SIP,2023-09-04,950.66,2.8406,334.674
TXN0000582,INVL1CQ9,Investor_0051,Individual,Jaipur,Rajasthan,Conservative,119598,Kotak Bluechip Fund - Direct Growth,KOTAK,SIP,2023-04-29,5473.27,107.6712,50.8332
TXN0000583,INVQLGZU,Investor_0163,HUF,Bengaluru,Karnataka,Conservative,120465,Nippon India Large Cap Fund - Direct Growth,NIPPON,Redemption,2023-07-20,466.74,2.3274,200.5435
TXN0000584,INV83TQL,Investor_0150,HUF,Delhi,Delhi,Conservative,120503,Mirae Asset Large Cap Fund - Direct Growth,MIRAE,Switch-In,2022-03-28,4508.93,26.4595,170.4089
TXN0000585,INVY4LYK,Investor_0149,Corporate,Pune,Maharashtra,Aggressive,120594,DSP Top 100 Equity Fund - Direct Growth,DSP,Switch-Out,2022-07-03,1948.56,17.776,109.6173
TXN0000586,INV5OWF7,Investor_0064,Individual,Mumbai,Maharashtra,Moderate,122639,SBI Small Cap Fund - Direct Growth,SBI,Switch-In,2023-11-25,1037.19,2.6542,390.7789
TXN0000587,INVHC36K,Investor_0195,HUF,Delhi,Delhi,Conservative,119551,Axis Bluechip Fund - Direct Growth,AXIS,SIP,2022-08-08,25722.87,141.0435,182.3755
TXN0000589,INVPNSM4,Investor_0113,HUF,Pune,Maharashtra,Aggressive,125497,HDFC Mid-Cap Opportunities Fund - Direct Growth,HDFC,SIP,2022-10-03,48581.67,250.2958,194.097
TXN0000590,INV5935A,Investor_0065,HUF,Jaipur,Rajasthan,Aggressive,119551,Axis Bluechip Fund - Direct Growth,AXIS,Switch-In,2024-09-30,101180.5,504.0401,200.739
TXN0000591,INVPVS7H,Investor_0049,Corporate,Bengaluru,Karnataka,Aggressive,135781,Parag Parikh Flexi Cap Fund - Direct Growth,PPFAS,Lumpsum,2024-08-17,24118.4,99.6966,241.9179
TXN0000592,INV9T7E8,Investor_0071,Individual,Kolkata,West Bengal,Conservative,135781,Parag Parikh Flexi Cap Fund - Direct Growth,PPFAS,Switch-Out,2022-11-14,1827.55,8.3953,217.6873
TXN0000593,INV3TRP0,Investor_0116,Corporate,Delhi,Delhi,Aggressive,118989,ICICI Prudential Technology Fund - Direct Growth,ICICI,Redemption,2024-11-02,24770.39,89.2713,277.4731
TXN0000594,INV8P0TV,Investor_0098,HUF,Jaipur,Rajasthan,Conservative,122639,SBI Small Cap Fund - Direct Growth,SBI,SIP,2023-05-05,26380.08,70.2897,375.3049
TXN0000595,INV31YIH,Investor_0083,Individual,Chennai,Tamil Nadu,Conservative,120503,Mirae Asset Large Cap Fund - Direct Growth,MIRAE,Switch-Out,2024-10-15,46898.69,250.0969,187.5221
TXN0000596,INVD5EQY,Investor_0197,Individual,Ahmedabad,Gujarat,Aggressive,120716,Canara Robeco Bluechip Equity Fund - Direct Growth,CANARA,Lumpsum,2023-10-22,9645.2,77.8952,123.8228
TXN0000597,INVRTJ5P,Investor_0029,Corporate,Lucknow,Uttar Pradesh,Moderate,120503,Mirae Asset Large Cap Fund - Direct Growth,MIRAE,Switch-Out,2022-09-23,908.76,6.0385,150.4954
TXN0000598,INVVS4F8,Investor_0046,Individual,Bengaluru,Karnataka,Aggressive,119551,Axis Bluechip Fund - Direct Growth,AXIS,Lumpsum,2022-07-22,997.07,5.0297,198.2371
TXN0000599,INVZBIKC,Investor_0009,HUF,Delhi,Delhi,Conservative,135781,Parag Parikh Flexi Cap Fund - Direct Growth,PPFAS,Switch-In,2023-06-09,100516.43,555.1833,181.0509
TXN0000600,INV9XUY4,Investor_0013,HUF,Lucknow,Uttar Pradesh,Conservative,119598,Kotak Bluechip Fund - Direct Growth,KOTAK,Lumpsum,2023-03-04,902.62,11.8651,76.0736
TXN0000601,INVOXFQ8,Investor_0168,HUF,Mumbai,Maharashtra,Conservative,120594,DSP Top 100 Equity Fund - Direct Growth,DSP,SIP,2022-05-05,106020.4,1237.1628,85.6964
TXN0000602,INVCKJLT,Investor_0093,HUF,Jaipur,Rajasthan,Moderate,120716,Canara Robeco Bluechip Equity Fund - Direct Growth,CANARA,Switch-In,2022-04-30,26471.25,182.4926,145.0538
TXN0000603,INV49ITN,Investor_0158,Individual,Jaipur,Rajasthan,Conservative,118989,ICICI Prudential Technology Fund - Direct Growth,ICICI,Switch-Out,2023-09-15,523.43,2.3606,221.7338
TXN0000604,INVN9T84,Investor_0020,Corporate,Hyderabad,Telangana,Aggressive,125497,HDFC Mid-Cap Opportunities Fund - Direct Growth,HDFC,Switch-Out,2023-04-19,920.25,6.182,148.8598
TXN0000605,INVXFGCA,Investor_0137,Individual,Chennai,Tamil Nadu,Moderate,120465,Nippon India Large Cap Fund - Direct Growth,NIPPON,Lumpsum,2023-05-25,5026.19,23.2616,216.0723
TXN0000606,INV9YJB1,Investor_0146,Corporate,Delhi,Delhi,Aggressive,122639,SBI Small Cap Fund - Direct Growth,SBI,Switch-Out,2024-01-04,52461.08,143.0262,366.7934
TXN0000607,INV5PY6B,Investor_0173,Individual,Delhi,Delhi,Moderate,120594,DSP Top 100 Equity Fund - Direct Growth,DSP,Switch-In,2023-01-05,933.36,8.8015,106.0459
TXN0000608,INVX63CF,Investor_0141,HUF,Jaipur,Rajasthan,Aggressive,120465,Nippon India Large Cap Fund - Direct Growth,NIPPON,Switch-Out,2024-12-29,25787.66,81.2033,317.569
TXN0000609,INV7PZE9,Investor_0154,HUF,Kolkata,West Bengal,Moderate,120594,DSP Top 100 Equity Fund - Direct Growth,DSP,Redemption,2023-10-27,25250.41,324.618,77.785
TXN0000610,INV6VZ41,Investor_0096,Corporate,Delhi,Delhi,Conservative,120465,Nippon India Large Cap Fund - Direct Growth,NIPPON,Switch-In,2023-03-15,25542.07,76.8051,332.5571
TXN0000611,INVNAM14,Investor_0097,Corporate,Delhi,Delhi,Aggressive,120716,Canara Robeco Bluechip Equity Fund - Direct Growth,CANARA,Redemption,2024-07-05,27308.26,120.7224,226.2071
TXN0000612,INVXEQBN,Investor_0102,HUF,Hyderabad,Telangana,Aggressive,119551,Axis Bluechip Fund - Direct Growth,AXIS,SIP,2024-11-26,10191.53,88.2344,115.5052
TXN0000613,INV7UR23,Investor_0035,HUF,Chennai,Tamil Nadu,Aggressive,118989,ICICI Prudential Technology Fund - Direct Growth,ICICI,SIP,2023-03-16,10968.79,33.1943,330.4417
TXN0000614,INVPHR62,Investor_0081,HUF,Delhi,Delhi,Aggressive,119551,Axis Bluechip Fund - Direct Growth,AXIS,Redemption,2024-07-31,1837.71,13.37,137.4501
TXN0000615,INVW1SWJ,Investor_0092,Individual,Ahmedabad,Gujarat,Moderate,122639,SBI Small Cap Fund - Direct Growth,SBI,Lumpsum,2023-05-27,9734.17,25.9306,375.3925
TXN0000616,INVTPAC5,Investor_0060,Corporate,Ahmedabad,Gujarat,Aggressive,118989,ICICI Prudential Technology Fund - Direct Growth,ICICI,Redemption,2023-03-22,1014.1,4.5125,224.7321
TXN0000617,INV8T63J,Investor_0188,HUF,Lucknow,Uttar Pradesh,Conservative,120503,Mirae Asset Large Cap Fund - Direct Growth,MIRAE,Redemption,2022-07-15,93458.05,461.4567,202.5283
TXN0000618,INV1W1HT,Investor_0153,Individual,Hyderabad,Telangana,Aggressive,118989,ICICI Prudential Technology Fund - Direct Growth,ICICI,SIP,2022-04-25,45784.77,176.8747,258.8543
TXN0000619,INV08P0F,Investor_0198,HUF,Kolkata,West Bengal,Conservative,119598,Kotak Bluechip Fund - Direct Growth,KOTAK,Redemption,2022-09-04,49165.22,745.5138,65.9481
TXN0000620,INV08P0F,Investor_0198,HUF,Kolkata,West Bengal,Conservative,125497,HDFC Mid-Cap Opportunities Fund - Direct Growth,HDFC,Switch-Out,2024-02-23,513.39,2.1896,234.4661
TXN0000621,INV1IBLJ,Investor_0014,Individual,Mumbai,Maharashtra,Moderate,118989,ICICI Prudential Technology Fund - Direct Growth,ICICI,Switch-Out,2022-11-03,481.93,1.7665,272.8232
TXN0000622,INVAIR4C,Investor_0084,HUF,Lucknow,Uttar Pradesh,Conservative,120716,Canara Robeco Bluechip Equity Fund - Direct Growth,CANARA,Lumpsum,2024-03-15,1820.21,10.4255,174.5926
TXN0000623,INVZP08J,Investor_0115,Corporate,Ahmedabad,Gujarat,Aggressive,135781,Parag Parikh Flexi Cap Fund - Direct Growth,PPFAS,Switch-Out,2023-08-17,944.42,2.9433,320.8751
TXN0000624,INVWAOUA,Investor_0101,HUF,Ahmedabad,Gujarat,Moderate,122639,SBI Small Cap Fund - Direct Growth,SBI,Lumpsum,2022-04-11,22912.73,53.7849,426.0065
TXN0000625,INVX63CF,Investor_0141,HUF,Jaipur,Rajasthan,Aggressive,120465,Nippon India Large Cap Fund - Direct Growth,NIPPON,Redemption,2024-06-08,979.71,2.8526,343.4479
TXN0000626,INVODRO8,Investor_0199,Corporate,Ahmedabad,Gujarat,Aggressive,122639,SBI Small Cap Fund - Direct Growth,SBI,Lumpsum,2024-09-26,101185.92,244.4083,414.0036
TXN0000627,INVXEQBN,Investor_0102,HUF,Hyderabad,Telangana,Aggressive,135781,Parag Parikh Flexi Cap Fund - Direct Growth,PPFAS,Lumpsum,2023-06-30,4742.32,22.4722,211.0308
TXN0000628,INVODRO8,Investor_0199,Corporate,Ahmedabad,Gujarat,Aggressive,120465,Nippon India Large Cap Fund - Direct Growth,NIPPON,Redemption,2024-04-27,922.51,3.7754,244.3464
TXN0000629,INV38DAL,Investor_0109,Corporate,Pune,Maharashtra,Moderate,119598,Kotak Bluechip Fund - Direct Growth,KOTAK,Redemption,2022-02-19,4820.74,80.0184,60.2454
TXN0000630,INV08P0F,Investor_0198,HUF,Kolkata,West Bengal,Conservative,118989,ICICI Prudential Technology Fund - Direct Growth,ICICI,Lumpsum,2024-06-24,25581.1,76.7408,333.344
TXN0000631,INV2O7S3,Investor_0160,Corporate,Lucknow,Uttar Pradesh,Conservative,122639,SBI Small Cap Fund - Direct Growth,SBI,Switch-In,2023-04-24,542.42,2.0471,264.9711
TXN0000632,INV9CHJ7,Investor_0052,HUF,Delhi,Delhi,Conservative,119598,Kotak Bluechip Fund - Direct Growth,KOTAK,Lumpsum,2022-04-22,922.47,13.9377,66.1851
TXN0000633,INV6HID2,Investor_0063,Individual,Lucknow,Uttar Pradesh,Moderate,135781,Parag Parikh Flexi Cap Fund - Direct Growth,PPFAS,Lumpsum,2022-08-16,9027.47,44.5667,202.5608
TXN0000634,INV6WKTA,Investor_0079,HUF,Lucknow,Uttar Pradesh,Aggressive,120594,DSP Top 100 Equity Fund - Direct Growth,DSP,Switch-In,2023-03-10,483.19,5.4744,88.2639
TXN0000635,INV55NF4,Investor_0053,Individual,Delhi,Delhi,Aggressive,120716,Canara Robeco Bluechip Equity Fund - Direct Growth,CANARA,Switch-Out,2022-10-17,10097.6,68.7032,146.9742
TXN0000636,INVYFPMV,Investor_0178,Individual,Hyderabad,Telangana,Conservative,119551,Axis Bluechip Fund - Direct Growth,AXIS,Switch-In,2022-05-04,475.55,2.676,177.7073
TXN0000637,INV0LVSN,Investor_0073,Individual,Delhi,Delhi,Aggressive,125497,HDFC Mid-Cap Opportunities Fund - Direct Growth,HDFC,Switch-Out,2022-01-18,9106.17,59.2779,153.6184
TXN0000638,INVH9SDB,Investor_0018,HUF,Bengaluru,Karnataka,Conservative,120465,Nippon India Large Cap Fund - Direct Growth,NIPPON,Redemption,2022-02-09,26821.41,95.5267,280.774
TXN0000639,INVTZ0YN,Investor_0075,Corporate,Ahmedabad,Gujarat,Aggressive,120465,Nippon India Large Cap Fund - Direct Growth,NIPPON,Lumpsum,2022-07-23,50085.4,155.9501,321.163
TXN0000640,INVPHR62,Investor_0081,HUF,Delhi,Delhi,Aggressive,120594,DSP Top 100 Equity Fund - Direct Growth,DSP,Switch-Out,2024-10-22,937.28,7.5988,123.3463
TXN0000641,INVIQVNB,Investor_0118,Corporate,Delhi,Delhi,Aggressive,120716,Canara Robeco Bluechip Equity Fund - Direct Growth,CANARA,SIP,2024-12-20,474.74,3.4695,136.8319
TXN0000642,INV6WKTA,Investor_0079,HUF,Lucknow,Uttar Pradesh,Aggressive,119598,Kotak Bluechip Fund - Direct Growth,KOTAK,Switch-In,2022-02-07,52443.91,581.2615,90.2243
TXN0000643,INVY9V86,Investor_0089,Corporate,Lucknow,Uttar Pradesh,Moderate,119598,Kotak Bluechip Fund - Direct Growth,KOTAK,Redemption,2024-10-23,9472.41,112.9256,83.8819
TXN0000644,INV9T7E8,Investor_0071,Individual,Kolkata,West Bengal,Conservative,119551,Axis Bluechip Fund - Direct Growth,AXIS,Redemption,2022-03-02,53904.02,470.9231,114.4646
TXN0000645,INVYZ7SR,Investor_0143,Corporate,Bengaluru,Karnataka,Conservative,118989,ICICI Prudential Technology Fund - Direct Growth,ICICI,Lumpsum,2024-03-15,1936.71,6.5788,294.3887
TXN0000646,INVMYX44,Investor_0169,Individual,Bengaluru,Karnataka,Moderate,122639,SBI Small Cap Fund - Direct Growth,SBI,SIP,2023-04-11,50207.18,130.5536,384.5714
TXN0000647,INVEYUHZ,Investor_0107,HUF,Kolkata,West Bengal,Moderate,125497,HDFC Mid-Cap Opportunities Fund - Direct Growth,HDFC,Switch-Out,2023-10-02,1970.59,9.536,206.6475
TXN0000648,INVVIFTT,Investor_0155,Corporate,Jaipur,Rajasthan,Conservative,119598,Kotak Bluechip Fund - Direct Growth,KOTAK,Switch-In,2022-10-11,1882.7,36.1154,52.1301
TXN0000649,INVY4LYK,Investor_0149,Corporate,Pune,Maharashtra,Aggressive,120716,Canara Robeco Bluechip Equity Fund - Direct Growth,CANARA,Lumpsum,2024-12-08,1923.6,10.5596,182.1667
TXN0000650,INV7UR23,Investor_0035,HUF,Chennai,Tamil Nadu,Aggressive,120465,Nippon India Large Cap Fund - Direct Growth,NIPPON,Lumpsum,2024-12-27,1927.0,6.1684,312.3997
TXN0000651,INVX4W6X,Investor_0185,Individual,Chennai,Tamil Nadu,Conservative,120503,Mirae Asset Large Cap Fund - Direct Growth,MIRAE,Lumpsum,2022-10-26,26697.61,155.2201,171.9984
TXN0000652,INVK0GET,Investor_0187,Corporate,Lucknow,Uttar Pradesh,Aggressive,119551,Axis Bluechip Fund - Direct Growth,AXIS,Redemption,2023-09-14,54611.96,302.6621,180.4387
TXN0000653,INV3D8W3,Investor_0114,HUF,Bengaluru,Karnataka,Conservative,118989,ICICI Prudential Technology Fund - Direct Growth,ICICI,Lumpsum,2023-01-14,4606.77,19.6575,234.3522
TXN0000654,INV30T9N,Investor_0007,Corporate,Chennai,Tamil Nadu,Moderate,135781,Parag Parikh Flexi Cap Fund - Direct Growth,PPFAS,Switch-Out,2023-04-18,10211.21,39.4044,259.1387
TXN0000655,INV1W1HT,Investor_0153,Individual,Hyderabad,Telangana,Aggressive,125497,HDFC Mid-Cap Opportunities Fund - Direct Growth,HDFC,Lumpsum,2024-09-03,485.93,2.5243,192.5006
TXN0000656,INV7UR23,Investor_0035,HUF,Chennai,Tamil Nadu,Aggressive,120716,Canara Robeco Bluechip Equity Fund - Direct Growth,CANARA,Switch-Out,2024-02-05,104240.38,681.4571,152.9669
TXN0000657,INVE6IVW,Investor_0048,HUF,Mumbai,Maharashtra,Moderate,120465,Nippon India Large Cap Fund - Direct Growth,NIPPON,Switch-In,2023-01-31,92750.25,283.5027,327.1583
TXN0000658,INV64DPJ,Investor_0058,Corporate,Lucknow,Uttar Pradesh,Moderate,119551,Axis Bluechip Fund - Direct Growth,AXIS,Switch-In,2024-04-25,542.54,2.8692,189.0892
TXN0000659,INVZHWJR,Investor_0057,HUF,Jaipur,Rajasthan,Aggressive,125497,HDFC Mid-Cap Opportunities Fund - Direct Growth,HDFC,Lumpsum,2024-06-18,935.42,4.987,187.5708
TXN0000660,INV49ITN,Investor_0158,Individual,Jaipur,Rajasthan,Conservative,120594,DSP Top 100 Equity Fund - Direct Growth,DSP,Redemption,2024-05-25,107751.74,1057.364,101.906
TXN0000661,INV3JCAT,Investor_0104,Individual,Pune,Maharashtra,Moderate,119551,Axis Bluechip Fund - Direct Growth,AXIS,Switch-Out,2024-03-18,52202.01,285.4211,182.8947
TXN0000662,INV3RZSJ,Investor_0157,Individual,Lucknow,Uttar Pradesh,Moderate,135781,Parag Parikh Flexi Cap Fund - Direct Growth,PPFAS,Switch-Out,2024-07-13,502.06,1.7022,294.9478
TXN0000663,INVJ43D5,Investor_0117,Corporate,Delhi,Delhi,Conservative,119551,Axis Bluechip Fund - Direct Growth,AXIS,Lumpsum,2022-03-22,54838.31,301.0436,182.1607
TXN0000664,INVYZ7SR,Investor_0143,Corporate,Bengaluru,Karnataka,Conservative,120465,Nippon India Large Cap Fund - Direct Growth,NIPPON,Switch-Out,2024-06-19,468.99,1.7017,275.602
TXN0000665,INVXEQBN,Investor_0102,HUF,Hyderabad,Telangana,Aggressive,118989,ICICI Prudential Technology Fund - Direct Growth,ICICI,Redemption,2023-08-26,93329.73,284.2243,328.3665
TXN0000666,INV3RZSJ,Investor_0157,Individual,Lucknow,Uttar Pradesh,Moderate,119551,Axis Bluechip Fund - Direct Growth,AXIS,Switch-Out,2024-07-14,1985.43,10.3887,191.1135
TXN0000667,INV5KXVF,Investor_0024,HUF,Lucknow,Uttar Pradesh,Aggressive,120716,Canara Robeco Bluechip Equity Fund - Direct Growth,CANARA,SIP,2022-10-05,2111.49,15.8675,133.0697
TXN0000668,INVWAOUA,Investor_0101,HUF,Ahmedabad,Gujarat,Moderate,120465,Nippon India Large Cap Fund - Direct Growth,NIPPON,Redemption,2024-07-18,90498.24,325.0439,278.4185
TXN0000669,INVXTOGN,Investor_0152,Individual,Lucknow,Uttar Pradesh,Moderate,125497,HDFC Mid-Cap Opportunities Fund - Direct Growth,HDFC,Switch-In,2022-12-02,950.02,4.8557,195.6502
TXN0000670,INVMWWYZ,Investor_0184,Individual,Pune,Maharashtra,Moderate,120503,Mirae Asset Large Cap Fund - Direct Growth,MIRAE,SIP,2024-01-14,1041.25,4.4166,235.7572
TXN0000671,INVXEPQ8,Investor_0022,Corporate,Jaipur,Rajasthan,Aggressive,120716,Canara Robeco Bluechip Equity Fund - Direct Growth,CANARA,Switch-In,2024-02-19,1951.47,15.5409,125.5696
TXN0000672,INVVG0FN,Investor_0012,Individual,Hyderabad,Telangana,Conservative,122639,SBI Small Cap Fund - Direct Growth,SBI,Redemption,2022-10-24,1864.85,5.8689,317.7522
TXN0000673,INVVS4F8,Investor_0046,Individual,Bengaluru,Karnataka,Aggressive,119551,Axis Bluechip Fund - Direct Growth,AXIS,Switch-In,2024-07-02,9619.04,66.0348,145.6662
TXN0000674,INVUJZA7,Investor_0074,Individual,Ahmedabad,Gujarat,Aggressive,122639,SBI Small Cap Fund - Direct Growth,SBI,SIP,2022-01-08,2184.17,8.3167,262.624
TXN0000675,INV2O7S3,Investor_0160,Corporate,Lucknow,Uttar Pradesh,Conservative,118989,ICICI Prudential Technology Fund - Direct Growth,ICICI,SIP,2024-10-18,99952.55,419.5328,238.2473
TXN0000676,INVWX7PT,Investor_0140,HUF,Lucknow,Uttar Pradesh,Aggressive,119551,Axis Bluechip Fund - Direct Growth,AXIS,Switch-Out,2024-09-01,94757.57,523.493,181.0102
TXN0000677,INVJ43D5,Investor_0117,Corporate,Delhi,Delhi,Conservative,120465,Nippon India Large Cap Fund - Direct Growth,NIPPON,Switch-In,2022-01-14,1020.24,4.1429,246.2618
TXN0000678,INV6HID2,Investor_0063,Individual,Lucknow,Uttar Pradesh,Moderate,120716,Canara Robeco Bluechip Equity Fund - Direct Growth,CANARA,Redemption,2022-10-31,4548.92,24.9697,182.1774
TXN0000679,INVH75LX,Investor_0015,HUF,Mumbai,Maharashtra,Moderate,119598,Kotak Bluechip Fund - Direct Growth,KOTAK,SIP,2023-09-04,2141.53,28.1379,76.1083
TXN0000680,INVOWGZR,Investor_0085,HUF,Lucknow,Uttar Pradesh,Aggressive,120503,Mirae Asset Large Cap Fund - Direct Growth,MIRAE,SIP,2023-01-01,983.39,4.6723,210.4727
TXN0000681,INVHOCN9,Investor_0042,Corporate,Hyderabad,Telangana,Moderate,118989,ICICI Prudential Technology Fund - Direct Growth,ICICI,Switch-Out,2024-01-08,2186.52,8.3504,261.8469
TXN0000682,INVIDKWN,Investor_0010,Individual,Ahmedabad,Gujarat,Moderate,120503,Mirae Asset Large Cap Fund - Direct Growth,MIRAE,Redemption,2024-02-16,24342.85,158.8169,153.2762
TXN0000683,INVH9SDB,Investor_0018,HUF,Bengaluru,Karnataka,Conservative,120465,Nippon India Large Cap Fund - Direct Growth,NIPPON,Switch-Out,2022-10-03,958.57,4.302,222.8193
TXN0000684,INVIMVIH,Investor_0032,Individual,Bengaluru,Karnataka,Moderate,118989,ICICI Prudential Technology Fund - Direct Growth,ICICI,Redemption,2023-03-05,50246.46,165.1732,304.2047
TXN0000685,INV3RZSJ,Investor_0157,Individual,Lucknow,Uttar Pradesh,Moderate,119551,Axis Bluechip Fund - Direct Growth,AXIS,SIP,2023-08-12,996.73,6.0769,164.0188
TXN0000686,INVY8OZC,Investor_0110,Individual,Kolkata,West Bengal,Aggressive,135781,Parag Parikh Flexi Cap Fund - Direct Growth,PPFAS,Redemption,2023-12-26,10050.78,36.0117,279.0976
TXN0000687,INVCIYHE,Investor_0034,Individual,Jaipur,Rajasthan,Aggressive,135781,Parag Parikh Flexi Cap Fund - Direct Growth,PPFAS,Switch-Out,2024-10-16,100394.12,388.3071,258.5431
TXN0000688,INV9SKDG,Investor_0127,Individual,Jaipur,Rajasthan,Aggressive,122639,SBI Small Cap Fund - Direct Growth,SBI,Switch-Out,2023-02-01,5208.59,21.5533,241.6606
TXN0000689,INVXAJI0,Investor_0001,HUF,Delhi,Delhi,Moderate,120503,Mirae Asset Large Cap Fund - Direct Growth,MIRAE,SIP,2022-08-30,102509.21,434.5218,235.9127
TXN0000690,INV3R30M,Investor_0189,Individual,Delhi,Delhi,Moderate,125497,HDFC Mid-Cap Opportunities Fund - Direct Growth,HDFC,Switch-Out,2023-11-15,49140.41,322.9932,152.1407
TXN0000691,INVWZS3T,Investor_0090,HUF,Jaipur,Rajasthan,Aggressive,120716,Canara Robeco Bluechip Equity Fund - Direct Growth,CANARA,Lumpsum,2023-07-31,514.06,2.3305,220.5791
TXN0000692,INV0L725,Investor_0066,HUF,Chennai,Tamil Nadu,Moderate,120503,Mirae Asset Large Cap Fund - Direct Growth,MIRAE,Redemption,2023-10-26,10013.38,60.5966,165.2465
TXN0000693,INVD5EQY,Investor_0197,Individual,Ahmedabad,Gujarat,Aggressive,119551,Axis Bluechip Fund - Direct Growth,AXIS,SIP,2022-03-01,24206.81,146.6903,165.0198
TXN0000694,INV8UT0C,Investor_0045,Corporate,Mumbai,Maharashtra,Aggressive,125497,HDFC Mid-Cap Opportunities Fund - Direct Growth,HDFC,Redemption,2024-09-08,27111.4,178.3083,152.0479
TXN0000695,INVXR2DH,Investor_0122,Individual,Pune,Maharashtra,Conservative,119551,Axis Bluechip Fund - Direct Growth,AXIS,Lumpsum,2024-08-01,93107.73,458.3079,203.1554
TXN0000696,INVQVKIZ,Investor_0138,HUF,Pune,Maharashtra,Aggressive,119598,Kotak Bluechip Fund - Direct Growth,KOTAK,Switch-In,2022-04-25,54277.9,583.1085,93.0837
TXN0000697,INVV2ISQ,Investor_0134,Individual,Mumbai,Maharashtra,Aggressive,118989,ICICI Prudential Technology Fund - Direct Growth,ICICI,Switch-Out,2022-02-08,25275.89,125.2256,201.8429
TXN0000698,INVZW9XA,Investor_0054,Individual,Ahmedabad,Gujarat,Aggressive,135781,Parag Parikh Flexi Cap Fund - Direct Growth,PPFAS,Redemption,2022-11-02,22831.07,105.1328,217.1641
TXN0000699,INVG8JDP,Investor_0072,HUF,Kolkata,West Bengal,Moderate,119551,Axis Bluechip Fund - Direct Growth,AXIS,Redemption,2022-12-06,51265.11,443.7823,115.5186
TXN0000700,INVQX6GV,Investor_0147,HUF,Pune,Maharashtra,Moderate,135781,Parag Parikh Flexi Cap Fund - Direct Growth,PPFAS,Switch-In,2023-09-24,2038.08,6.9963,291.3079
TXN0000702,INV6T4UF,Investor_0061,Corporate,Jaipur,Rajasthan,Moderate,119598,Kotak Bluechip Fund - Direct Growth,KOTAK,Switch-In,2023-09-12,9432.28,124.2168,75.934
TXN0000703,INV8UT0C,Investor_0045,Corporate,Mumbai,Maharashtra,Aggressive,120503,Mirae Asset Large Cap Fund - Direct Growth,MIRAE,Redemption,2022-07-09,527.78,3.6699,143.8145
TXN0000704,INV3D8W3,Investor_0114,HUF,Bengaluru,Karnataka,Conservative,120716,Canara Robeco Bluechip Equity Fund - Direct Growth,CANARA,SIP,2022-11-12,108099.12,550.1216,196.5004
TXN0000705,INVPVS7H,Investor_0049,Corporate,Bengaluru,Karnataka,Aggressive,119598,Kotak Bluechip Fund - Direct Growth,KOTAK,Switch-In,2022-10-21,10551.07,143.8889,73.3279
TXN0000706,INVD5EQY,Investor_0197,Individual,Ahmedabad,Gujarat,Aggressive,120503,Mirae Asset Large Cap Fund - Direct Growth,MIRAE,Switch-Out,2022-03-16,1882.07,8.2821,227.2462
TXN0000707,INVIQVNB,Investor_0118,Corporate,Delhi,Delhi,Aggressive,120465,Nippon India Large Cap Fund - Direct Growth,NIPPON,Switch-Out,2022-04-01,900.82,2.848,316.2981
TXN0000708,INVWI6FQ,Investor_0176,HUF,Delhi,Delhi,Moderate,135781,Parag Parikh Flexi Cap Fund - Direct Growth,PPFAS,SIP,2022-04-05,24834.38,133.5281,185.9862
TXN0000709,INVLC58D,Investor_0027,Individual,Pune,Maharashtra,Moderate,120716,Canara Robeco Bluechip Equity Fund - Direct Growth,CANARA,Redemption,2023-10-02,507.76,2.7903,181.9749
TXN0000710,INVI1B0Z,Investor_0164,HUF,Chennai,Tamil Nadu,Conservative,125497,HDFC Mid-Cap Opportunities Fund - Direct Growth,HDFC,Redemption,2023-07-21,4692.55,20.7684,225.9462
TXN0000711,INVXFGCA,Investor_0137,Individual,Chennai,Tamil Nadu,Moderate,119598,Kotak Bluechip Fund - Direct Growth,KOTAK,Switch-In,2022-11-19,954.53,13.1168,72.7716
TXN0000712,INV9T7E8,Investor_0071,Individual,Kolkata,West Bengal,Conservative,120503,Mirae Asset Large Cap Fund - Direct Growth,MIRAE,SIP,2023-12-19,941.32,5.8382,161.2355
TXN0000713,INVX63CF,Investor_0141,HUF,Jaipur,Rajasthan,Aggressive,119598,Kotak Bluechip Fund - Direct Growth,KOTAK,Redemption,2023-08-04,2177.31,25.6153,85.0003
TXN0000715,INVZQY72,Investor_0139,Corporate,Delhi,Delhi,Conservative,120594,DSP Top 100 Equity Fund - Direct Growth,DSP,SIP,2022-04-14,1811.6,13.2773,136.4437
TXN0000716,INVRC11E,Investor_0028,Corporate,Bengaluru,Karnataka,Moderate,120465,Nippon India Large Cap Fund - Direct Growth,NIPPON,SIP,2023-01-02,985.29,3.1346,314.3283
TXN0000717,INV9K9XJ,Investor_0181,Corporate,Ahmedabad,Gujarat,Aggressive,135781,Parag Parikh Flexi Cap Fund - Direct Growth,PPFAS,Switch-Out,2023-10-02,102326.31,434.2695,235.6286
TXN0000718,INVIXA11,Investor_0086,Individual,Jaipur,Rajasthan,Aggressive,125497,HDFC Mid-Cap Opportunities Fund - Direct Growth,HDFC,Switch-Out,2024-08-11,1094.74,5.8685,186.5438
TXN0000719,INV9YJB1,Investor_0146,Corporate,Delhi,Delhi,Aggressive,122639,SBI Small Cap Fund - Direct Growth,SBI,SIP,2023-09-28,91945.26,371.0957,247.767
TXN0000720,INVWI6FQ,Investor_0176,HUF,Delhi,Delhi,Moderate,120594,DSP Top 100 Equity Fund - Direct Growth,DSP,Switch-In,2022-10-22,5447.45,54.0846,100.7209
TXN0000721,INV49ITN,Investor_0158,Individual,Jaipur,Rajasthan,Conservative,118989,ICICI Prudential Technology Fund - Direct Growth,ICICI,Redemption,2023-11-08,46833.53,230.2869,203.3704
TXN0000722,INVAIR4C,Investor_0084,HUF,Lucknow,Uttar Pradesh,Conservative,120594,DSP Top 100 Equity Fund - Direct Growth,DSP,Switch-In,2022-08-20,456.54,5.0581,90.2588
TXN0000723,INVWZS3T,Investor_0090,HUF,Jaipur,Rajasthan,Aggressive,120594,DSP Top 100 Equity Fund - Direct Growth,DSP,Switch-In,2023-12-15,1912.9,14.5529,131.4447
TXN0000724,INVVIFTT,Investor_0155,Corporate,Jaipur,Rajasthan,Conservative,135781,Parag Parikh Flexi Cap Fund - Direct Growth,PPFAS,Lumpsum,2022-08-08,981.14,3.0784,318.7145
TXN0000725,INVAIR4C,Investor_0084,HUF,Lucknow,Uttar Pradesh,Conservative,120716,Canara Robeco Bluechip Equity Fund - Direct Growth,CANARA,SIP,2024-03-31,10065.49,45.5146,221.1485
TXN0000726,INVXTOGN,Investor_0152,Individual,Lucknow,Uttar Pradesh,Moderate,120465,Nippon India Large Cap Fund - Direct Growth,NIPPON,Lumpsum,2024-09-14,5047.95,23.0805,218.7109
TXN0000727,INVHHPBM,Investor_0099,HUF,Hyderabad,Telangana,Conservative,120503,Mirae Asset Large Cap Fund - Direct Growth,MIRAE,Redemption,2024-06-01,5313.92,21.3712,248.6484
TXN0000728,INVVE92M,Investor_0112,HUF,Chennai,Tamil Nadu,Aggressive,135781,Parag Parikh Flexi Cap Fund - Direct Growth,PPFAS,Redemption,2022-06-09,4673.09,24.1036,193.8753
TXN0000729,INVE8F84,Investor_0190,Corporate,Mumbai,Maharashtra,Aggressive,135781,Parag Parikh Flexi Cap Fund - Direct Growth,PPFAS,Switch-In,2024-08-06,1018.43,4.0877,249.1466
TXN0000730,INVAIR4C,Investor_0084,HUF,Lucknow,Uttar Pradesh,Conservative,120716,Canara Robeco Bluechip Equity Fund - Direct Growth,CANARA,SIP,2024-04-11,93523.48,495.0729,188.9085
TXN0000731,INVH9SDB,Investor_0018,HUF,Bengaluru,Karnataka,Conservative,135781,Parag Parikh Flexi Cap Fund - Direct Growth,PPFAS,SIP,2022-05-06,48274.08,199.2125,242.3246
TXN0000732,INV5KXVF,Investor_0024,HUF,Lucknow,Uttar Pradesh,Aggressive,125497,HDFC Mid-Cap Opportunities Fund - Direct Growth,HDFC,Lumpsum,2022-11-02,525.71,1.9914,263.9937
TXN0000733,INV3TRP0,Investor_0116,Corporate,Delhi,Delhi,Aggressive,120716,Canara Robeco Bluechip Equity Fund - Direct Growth,CANARA,Redemption,2024-07-04,51155.72,327.7509,156.0811
TXN0000734,INVL1CQ9,Investor_0051,Individual,Jaipur,Rajasthan,Conservative,125497,HDFC Mid-Cap Opportunities Fund - Direct Growth,HDFC,Redemption,2023-09-16,10140.55,48.1738,210.4992
TXN0000735,INVVE92M,Investor_0112,HUF,Chennai,Tamil Nadu,Aggressive,119598,Kotak Bluechip Fund - Direct Growth,KOTAK,SIP,2024-11-11,511.15,9.5681,53.4222
TXN0000736,INV3JCAT,Investor_0104,Individual,Pune,Maharashtra,Moderate,122639,SBI Small Cap Fund - Direct Growth,SBI,Redemption,2022-04-19,486.92,1.1933,408.052
TXN0000737,INVXAJI0,Investor_0001,HUF,Delhi,Delhi,Moderate,120716,Canara Robeco Bluechip Equity Fund - Direct Growth,CANARA,Redemption,2022-03-05,1072.25,6.516,164.5563
TXN0000738,INV6T4UF,Investor_0061,Corporate,Jaipur,Rajasthan,Moderate,120465,Nippon India Large Cap Fund - Direct Growth,NIPPON,Switch-Out,2024-02-23,51252.14,169.8636,301.7253
TXN0000739,INV3JCAT,Investor_0104,Individual,Pune,Maharashtra,Moderate,120465,Nippon India Large Cap Fund - Direct Growth,NIPPON,Switch-In,2024-08-30,5162.49,17.2813,298.7322
TXN0000740,INVGDPPQ,Investor_0036,HUF,Bengaluru,Karnataka,Conservative,125497,HDFC Mid-Cap Opportunities Fund - Direct Growth,HDFC,Switch-Out,2024-01-08,53433.28,233.0653,229.2631
TXN0000741,INVEYUHZ,Investor_0107,HUF,Kolkata,West Bengal,Moderate,122639,SBI Small Cap Fund - Direct Growth,SBI,Redemption,2022-05-27,1853.71,5.4936,337.4309
TXN0000742,INVRBSV5,Investor_0166,HUF,Pune,Maharashtra,Conservative,119551,Axis Bluechip Fund - Direct Growth,AXIS,Lumpsum,2022-10-06,103158.53,728.5053,141.603
TXN0000743,INVXEPQ8,Investor_0022,Corporate,Jaipur,Rajasthan,Aggressive,122639,SBI Small Cap Fund - Direct Growth,SBI,Switch-In,2024-05-21,107871.65,298.3198,361.5973
TXN0000744,INV2O7S3,Investor_0160,Corporate,Lucknow,Uttar Pradesh,Conservative,122639,SBI Small Cap Fund - Direct Growth,SBI,Switch-In,2024-07-10,50520.5,117.3635,430.4616
TXN0000745,INVHHPBM,Investor_0099,HUF,Hyderabad,Telangana,Conservative,119598,Kotak Bluechip Fund - Direct Growth,KOTAK,Lumpsum,2022-01-16,1969.91,22.7257,86.6821
TXN0000746,INVWRDML,Investor_0148,HUF,Jaipur,Rajasthan,Moderate,120594,DSP Top 100 Equity Fund - Direct Growth,DSP,Lumpsum,2024-01-22,9821.68,121.4725,80.8552
TXN0000747,INVZBIKC,Investor_0009,HUF,Delhi,Delhi,Conservative,119551,Axis Bluechip Fund - Direct Growth,AXIS,Switch-Out,2022-08-20,104097.65,895.4821,116.2476
TXN0000748,INVY4LYK,Investor_0149,Corporate,Pune,Maharashtra,Aggressive,120594,DSP Top 100 Equity Fund - Direct Growth,DSP,SIP,2024-12-14,2092.07,19.7249,106.0623
TXN0000749,INVYV37D,Investor_0193,Individual,Lucknow,Uttar Pradesh,Aggressive,118989,ICICI Prudential Technology Fund - Direct Growth,ICICI,Switch-In,2022-07-01,1004.67,3.3443,300.4098
TXN0000750,INV6HID2,Investor_0063,Individual,Lucknow,Uttar Pradesh,Moderate,120594,DSP Top 100 Equity Fund - Direct Growth,DSP,SIP,2023-12-05,10226.08,108.6645,94.1069
TXN0000751,INVXFGCA,Investor_0137,Individual,Chennai,Tamil Nadu,Moderate,119551,Axis Bluechip Fund - Direct Growth,AXIS,Switch-In,2024-08-18,100253.26,545.3134,183.8452
TXN0000752,INVQX6GV,Investor_0147,HUF,Pune,Maharashtra,Moderate,119598,Kotak Bluechip Fund - Direct Growth,KOTAK,Switch-In,2023-08-27,27302.91,300.1042,90.9781
TXN0000753,INVTZ0YN,Investor_0075,Corporate,Ahmedabad,Gujarat,Aggressive,122639,SBI Small Cap Fund - Direct Growth,SBI,SIP,2023-06-18,10453.94,31.9084,327.623
TXN0000754,INVO6QJI,Investor_0016,Individual,Pune,Maharashtra,Conservative,120594,DSP Top 100 Equity Fund - Direct Growth,DSP,Switch-Out,2023-08-21,2029.14,22.6463,89.6015
TXN0000755,INV3R30M,Investor_0189,Individual,Delhi,Delhi,Moderate,135781,Parag Parikh Flexi Cap Fund - Direct Growth,PPFAS,SIP,2022-09-17,9969.52,32.0511,311.0511
TXN0000756,INVR5UQP,Investor_0130,Corporate,Delhi,Delhi,Moderate,120503,Mirae Asset Large Cap Fund - Direct Growth,MIRAE,Redemption,2023-07-30,9265.08,47.1505,196.5
TXN0000757,INV9T7E8,Investor_0071,Individual,Kolkata,West Bengal,Conservative,118989,ICICI Prudential Technology Fund - Direct Growth,ICICI,SIP,2022-11-06,1020.76,4.2042,242.7934
TXN0000758,INVMYX44,Investor_0169,Individual,Bengaluru,Karnataka,Moderate,120594,DSP Top 100 Equity Fund - Direct Growth,DSP,Redemption,2023-04-29,1904.5,19.7039,96.6559
TXN0000759,INVJEGET,Investor_0125,Individual,Mumbai,Maharashtra,Conservative,122639,SBI Small Cap Fund - Direct Growth,SBI,Switch-Out,2022-06-22,484.28,1.5121,320.2666
TXN0000760,INVM5IGQ,Investor_0038,Individual,Mumbai,Maharashtra,Moderate,135781,Parag Parikh Flexi Cap Fund - Direct Growth,PPFAS,Lumpsum,2024-04-25,105055.23,383.128,274.204
TXN0000761,INV08P0F,Investor_0198,HUF,Kolkata,West Bengal,Conservative,120465,Nippon India Large Cap Fund - Direct Growth,NIPPON,Lumpsum,2022-12-09,104519.98,405.0321,258.0536
TXN0000762,INVZW9XA,Investor_0054,Individual,Ahmedabad,Gujarat,Aggressive,135781,Parag Parikh Flexi Cap Fund - Direct Growth,PPFAS,Redemption,2022-08-26,514.23,2.322,221.4567
TXN0000763,INV1IBLJ,Investor_0014,Individual,Mumbai,Maharashtra,Moderate,122639,SBI Small Cap Fund - Direct Growth,SBI,Switch-In,2024-09-02,49762.32,128.9705,385.8428
TXN0000764,INV2ATQY,Investor_0192,Corporate,Bengaluru,Karnataka,Aggressive,120716,Canara Robeco Bluechip Equity Fund - Direct Growth,CANARA,Lumpsum,2024-03-09,51835.1,364.2425,142.3093
TXN0000765,INVXR2DH,Investor_0122,Individual,Pune,Maharashtra,Conservative,118989,ICICI Prudential Technology Fund - Direct Growth,ICICI,Lumpsum,2024-07-08,45118.63,214.2847,210.5546
TXN0000766,INV8P0TV,Investor_0098,HUF,Jaipur,Rajasthan,Conservative,119598,Kotak Bluechip Fund - Direct Growth,KOTAK,Switch-Out,2024-12-24,459.74,5.7003,80.6521
TXN0000767,INVI1B0Z,Investor_0164,HUF,Chennai,Tamil Nadu,Conservative,119598,Kotak Bluechip Fund - Direct Growth,KOTAK,Switch-In,2023-07-01,9669.93,109.7379,88.1184
TXN0000768,INVLA753,Investor_0026,Individual,Hyderabad,Telangana,Moderate,118989,ICICI Prudential Technology Fund - Direct Growth,ICICI,Switch-Out,2023-05-11,49611.09,228.9345,216.7043
TXN0000769,INV8T63J,Investor_0188,HUF,Lucknow,Uttar Pradesh,Conservative,135781,Parag Parikh Flexi Cap Fund - Direct Growth,PPFAS,Lumpsum,2023-01-04,25888.59,128.5652,201.3654
TXN0000770,INVPHR62,Investor_0081,HUF,Delhi,Delhi,Aggressive,120716,Canara Robeco Bluechip Equity Fund - Direct Growth,CANARA,SIP,2022-01-25,533.17,2.7809,191.7257
TXN0000771,INV18HAF,Investor_0106,Corporate,Kolkata,West Bengal,Conservative,120503,Mirae Asset Large Cap Fund - Direct Growth,MIRAE,Switch-Out,2023-12-21,1037.1,4.8334,214.5716
TXN0000772,INVZHWJR,Investor_0057,HUF,Jaipur,Rajasthan,Aggressive,118989,ICICI Prudential Technology Fund - Direct Growth,ICICI,Redemption,2022-07-08,4534.04,18.2116,248.9643
TXN0000773,INVH75LX,Investor_0015,HUF,Mumbai,Maharashtra,Moderate,135781,Parag Parikh Flexi Cap Fund - Direct Growth,PPFAS,Lumpsum,2022-09-03,1041.62,5.5706,186.9852
TXN0000774,INV5JSG6,Investor_0023,HUF,Hyderabad,Telangana,Conservative,135781,Parag Parikh Flexi Cap Fund - Direct Growth,PPFAS,Lumpsum,2023-01-14,51563.95,276.6752,186.37
TXN0000775,INVRTJ5P,Investor_0029,Corporate,Lucknow,Uttar Pradesh,Moderate,122639,SBI Small Cap Fund - Direct Growth,SBI,Redemption,2022-06-05,9933.91,25.2941,392.7363
TXN0000776,INVI1B0Z,Investor_0164,HUF,Chennai,Tamil Nadu,Conservative,120594,DSP Top 100 Equity Fund - Direct Growth,DSP,Redemption,2023-10-25,51922.21,504.035,103.0131
TXN0000777,INV0L725,Investor_0066,HUF,Chennai,Tamil Nadu,Moderate,122639,SBI Small Cap Fund - Direct Growth,SBI,SIP,2024-02-23,10554.21,25.7906,409.2265
TXN0000778,INVYOFQE,Investor_0100,Corporate,Kolkata,West Bengal,Aggressive,119598,Kotak Bluechip Fund - Direct Growth,KOTAK,SIP,2023-06-27,10911.21,144.8732,75.3156
TXN0000779,INVVS4F8,Investor_0046,Individual,Bengaluru,Karnataka,Aggressive,120594,DSP Top 100 Equity Fund - Direct Growth,DSP,SIP,2023-02-15,109588.44,962.9975,113.7993
TXN0000780,INV3RZSJ,Investor_0157,Individual,Lucknow,Uttar Pradesh,Moderate,120465,Nippon India Large Cap Fund - Direct Growth,NIPPON,Lumpsum,2024-06-02,92168.61,271.1072,339.9711
TXN0000781,INVEDTJV,Investor_0056,Corporate,Pune,Maharashtra,Moderate,135781,Parag Parikh Flexi Cap Fund - Direct Growth,PPFAS,SIP,2022-07-31,104308.01,528.5063,197.3638
TXN0000783,INVIGATJ,Investor_0128,Corporate,Jaipur,Rajasthan,Aggressive,122639,SBI Small Cap Fund - Direct Growth,SBI,SIP,2023-06-30,516.46,2.1025,245.6384
TXN0000784,INVPKI7P,Investor_0039,Corporate,Bengaluru,Karnataka,Moderate,119598,Kotak Bluechip Fund - Direct Growth,KOTAK,Switch-In,2024-10-01,501.54,7.6161,65.8525
TXN0000785,INVYLURT,Investor_0123,HUF,Bengaluru,Karnataka,Moderate,120465,Nippon India Large Cap Fund - Direct Growth,NIPPON,Switch-In,2022-01-07,1008.03,4.7705,211.3032
TXN0000786,INVHHPBM,Investor_0099,HUF,Hyderabad,Telangana,Conservative,120594,DSP Top 100 Equity Fund - Direct Growth,DSP,SIP,2023-09-13,24167.2,281.1352,85.9629
TXN0000787,INVHL1N1,Investor_0103,Corporate,Kolkata,West Bengal,Aggressive,119551,Axis Bluechip Fund - Direct Growth,AXIS,SIP,2023-11-28,25173.13,121.5334,207.1294
TXN0000788,INVAZYTJ,Investor_0021,Individual,Delhi,Delhi,Aggressive,120594,DSP Top 100 Equity Fund - Direct Growth,DSP,Redemption,2022-03-22,4676.62,41.2841,113.2789
TXN0000789,INVHHPBM,Investor_0099,HUF,Hyderabad,Telangana,Conservative,125497,HDFC Mid-Cap Opportunities Fund - Direct Growth,HDFC,Redemption,2024-01-06,53964.61,210.4111,256.4723
TXN0000790,INVJEGET,Investor_0125,Individual,Mumbai,Maharashtra,Conservative,120503,Mirae Asset Large Cap Fund - Direct Growth,MIRAE,Switch-In,2023-01-31,4639.94,24.0408,193.003
TXN0000791,INV30T9N,Investor_0007,Corporate,Chennai,Tamil Nadu,Moderate,135781,Parag Parikh Flexi Cap Fund - Direct Growth,PPFAS,Lumpsum,2023-09-23,97775.35,372.152,262.7296
TXN0000792,INVIGATJ,Investor_0128,Corporate,Jaipur,Rajasthan,Aggressive,120716,Canara Robeco Bluechip Equity Fund - Direct Growth,CANARA,Switch-In,2022-04-25,453.7,3.6518,124.2406
TXN0000793,INVDPG8S,Investor_0087,Corporate,Pune,Maharashtra,Conservative,119551,Axis Bluechip Fund - Direct Growth,AXIS,Switch-In,2024-12-07,942.34,5.8624,160.7426
TXN0000794,INVIQVNB,Investor_0118,Corporate,Delhi,Delhi,Aggressive,120716,Canara Robeco Bluechip Equity Fund - Direct Growth,CANARA,Lumpsum,2022-03-17,5424.82,30.0559,180.4908
TXN0000795,INV3R30M,Investor_0189,Individual,Delhi,Delhi,Moderate,122639,SBI Small Cap Fund - Direct Growth,SBI,Switch-In,2022-04-04,497.12,2.096,237.1789
TXN0000796,INV6HID2,Investor_0063,Individual,Lucknow,Uttar Pradesh,Moderate,122639,SBI Small Cap Fund - Direct Growth,SBI,SIP,2023-09-22,2053.06,5.1947,395.2207
TXN0000797,INV1T2TA,Investor_0025,Individual,Hyderabad,Telangana,Moderate,120594,DSP Top 100 Equity Fund - Direct Growth,DSP,Switch-Out,2022-05-11,2134.14,22.9692,92.9131
TXN0000798,INVRC11E,Investor_0028,Corporate,Bengaluru,Karnataka,Moderate,120503,Mirae Asset Large Cap Fund - Direct Growth,MIRAE,Switch-In,2023-02-20,4563.11,23.5098,194.0939
TXN0000799,INVY8OZC,Investor_0110,Individual,Kolkata,West Bengal,Aggressive,119598,Kotak Bluechip Fund - Direct Growth,KOTAK,Switch-In,2022-10-09,23104.01,313.9093,73.6009
TXN0000800,INV31YIH,Investor_0083,Individual,Chennai,Tamil Nadu,Conservative,125497,HDFC Mid-Cap Opportunities Fund - Direct Growth,HDFC,SIP,2022-09-05,1934.2,7.1882,269.0802
TXN0000801,INV9T7E8,Investor_0071,Individual,Kolkata,West Bengal,Conservative,122639,SBI Small Cap Fund - Direct Growth,SBI,Switch-In,2022-12-04,2078.52,8.1821,254.0334
TXN0000802,INVPNSM4,Investor_0113,HUF,Pune,Maharashtra,Aggressive,125497,HDFC Mid-Cap Opportunities Fund - Direct Growth,HDFC,Switch-Out,2024-02-10,463.34,2.165,214.0156
TXN0000803,INVBNP84,Investor_0200,Individual,Lucknow,Uttar Pradesh,Aggressive,122639,SBI Small Cap Fund - Direct Growth,SBI,SIP,2022-01-15,91614.45,267.6678,342.2692
TXN0000804,INVVS4F8,Investor_0046,Individual,Bengaluru,Karnataka,Aggressive,120503,Mirae Asset Large Cap Fund - Direct Growth,MIRAE,Switch-Out,2024-09-01,9832.44,66.6937,147.4269
TXN0000805,INVYFPMV,Investor_0178,Individual,Hyderabad,Telangana,Conservative,122639,SBI Small Cap Fund - Direct Growth,SBI,Lumpsum,2024-12-07,2055.93,5.6574,363.4061
TXN0000806,INV3TRP0,Investor_0116,Corporate,Delhi,Delhi,Aggressive,120465,Nippon India Large Cap Fund - Direct Growth,NIPPON,Lumpsum,2022-03-19,2044.22,8.7354,234.0147
TXN0000807,INV1W1HT,Investor_0153,Individual,Hyderabad,Telangana,Aggressive,122639,SBI Small Cap Fund - Direct Growth,SBI,Switch-In,2023-09-09,1025.44,4.0218,254.9709
TXN0000808,INVWZS3T,Investor_0090,HUF,Jaipur,Rajasthan,Aggressive,120465,Nippon India Large Cap Fund - Direct Growth,NIPPON,SIP,2024-12-21,4691.9,21.6914,216.3025
TXN0000809,INV1T2TA,Investor_0025,Individual,Hyderabad,Telangana,Moderate,135781,Parag Parikh Flexi Cap Fund - Direct Growth,PPFAS,Redemption,2023-03-03,4964.22,16.7236,296.8384
TXN0000810,INV9T7E8,Investor_0071,Individual,Kolkata,West Bengal,Conservative,119551,Axis Bluechip Fund - Direct Growth,AXIS,Lumpsum,2024-08-29,1059.32,8.5211,124.3166
TXN0000811,INVIGATJ,Investor_0128,Corporate,Jaipur,Rajasthan,Aggressive,122639,SBI Small Cap Fund - Direct Growth,SBI,Lumpsum,2024-01-16,455.4,1.3832,329.2475
TXN0000812,INV0LVSN,Investor_0073,Individual,Delhi,Delhi,Aggressive,125497,HDFC Mid-Cap Opportunities Fund - Direct Growth,HDFC,Switch-In,2024-07-17,9668.59,57.3313,168.6441
TXN0000813,INVVG0FN,Investor_0012,Individual,Hyderabad,Telangana,Conservative,120503,Mirae Asset Large Cap Fund - Direct Growth,MIRAE,SIP,2022-03-01,1863.22,11.7338,158.7914
TXN0000814,INVJEGET,Investor_0125,Individual,Mumbai,Maharashtra,Conservative,120716,Canara Robeco Bluechip Equity Fund - Direct Growth,CANARA,SIP,2024-06-29,1079.02,7.5668,142.5991
TXN0000815,INVXTOGN,Investor_0152,Individual,Lucknow,Uttar Pradesh,Moderate,135781,Parag Parikh Flexi Cap Fund - Direct Growth,PPFAS,Redemption,2023-10-30,46987.51,190.3093,246.9008
TXN0000816,INVA1WJ0,Investor_0059,Corporate,Delhi,Delhi,Aggressive,120503,Mirae Asset Large Cap Fund - Direct Growth,MIRAE,Redemption,2024-04-24,4598.06,27.3738,167.9731
TXN0000817,INV9CHJ7,Investor_0052,HUF,Delhi,Delhi,Conservative,120465,Nippon India Large Cap Fund - Direct Growth,NIPPON,Lumpsum,2024-09-19,994.2,4.9001,202.8957
TXN0000818,INV1IBLJ,Investor_0014,Individual,Mumbai,Maharashtra,Moderate,120465,Nippon India Large Cap Fund - Direct Growth,NIPPON,Lumpsum,2024-07-20,5427.89,17.0562,318.2355
TXN0000819,INVVS4F8,Investor_0046,Individual,Bengaluru,Karnataka,Aggressive,120465,Nippon India Large Cap Fund - Direct Growth,NIPPON,Redemption,2023-02-02,1983.1,7.2003,275.4203
TXN0000820,INVFTMTT,Investor_0162,Individual,Mumbai,Maharashtra,Moderate,119598,Kotak Bluechip Fund - Direct Growth,KOTAK,Redemption,2022-03-07,4835.89,84.8525,56.9917
TXN0000821,INVYFPMV,Investor_0178,Individual,Hyderabad,Telangana,Conservative,135781,Parag Parikh Flexi Cap Fund - Direct Growth,PPFAS,SIP,2024-08-11,9273.0,38.0544,243.6776
TXN0000822,INVIQVNB,Investor_0118,Corporate,Delhi,Delhi,Aggressive,120465,Nippon India Large Cap Fund - Direct Growth,NIPPON,Lumpsum,2023-08-28,23599.27,119.0367,198.252
TXN0000823,INVVIFTT,Investor_0155,Corporate,Jaipur,Rajasthan,Conservative,122639,SBI Small Cap Fund - Direct Growth,SBI,Switch-Out,2023-04-16,2031.25,5.763,352.4621
TXN0000824,INV5JSG6,Investor_0023,HUF,Hyderabad,Telangana,Conservative,120465,Nippon India Large Cap Fund - Direct Growth,NIPPON,Switch-Out,2023-03-20,107243.98,441.7632,242.7635
TXN0000826,INV3R30M,Investor_0189,Individual,Delhi,Delhi,Moderate,125497,HDFC Mid-Cap Opportunities Fund - Direct Growth,HDFC,Lumpsum,2023-04-01,24671.24,147.5742,167.1785
TXN0000827,INVXTOGN,Investor_0152,Individual,Lucknow,Uttar Pradesh,Moderate,122639,SBI Small Cap Fund - Direct Growth,SBI,Switch-Out,2022-04-01,491.78,1.6153,304.4536
TXN0000828,INVNHJ7X,Investor_0011,Corporate,Delhi,Delhi,Conservative,120594,DSP Top 100 Equity Fund - Direct Growth,DSP,Switch-Out,2024-03-18,492.57,3.9117,125.9227
TXN0000829,INVYLURT,Investor_0123,HUF,Bengaluru,Karnataka,Moderate,120503,Mirae Asset Large Cap Fund - Direct Growth,MIRAE,Switch-In,2022-01-26,94810.23,591.8881,160.1827
TXN0000830,INVYFPMV,Investor_0178,Individual,Hyderabad,Telangana,Conservative,120465,Nippon India Large Cap Fund - Direct Growth,NIPPON,Lumpsum,2023-05-05,1943.36,9.4792,205.0123
TXN0000831,INVRBSV5,Investor_0166,HUF,Pune,Maharashtra,Conservative,120503,Mirae Asset Large Cap Fund - Direct Growth,MIRAE,SIP,2022-11-28,103380.71,512.2581,201.8137
TXN0000832,INV9K9XJ,Investor_0181,Corporate,Ahmedabad,Gujarat,Aggressive,120594,DSP Top 100 Equity Fund - Direct Growth,DSP,Switch-Out,2024-08-07,547.64,4.9821,109.9206
TXN0000833,INV08P0F,Investor_0198,HUF,Kolkata,West Bengal,Conservative,122639,SBI Small Cap Fund - Direct Growth,SBI,Switch-In,2024-01-29,2115.94,8.3898,252.2043
TXN0000834,INVKKV9R,Investor_0161,HUF,Chennai,Tamil Nadu,Conservative,120594,DSP Top 100 Equity Fund - Direct Growth,DSP,SIP,2023-11-13,976.98,10.5956,92.2065
TXN0000835,INVV08HH,Investor_0136,Corporate,Lucknow,Uttar Pradesh,Moderate,119551,Axis Bluechip Fund - Direct Growth,AXIS,Redemption,2023-03-01,52528.88,374.8529,140.132
TXN0000836,INVWI6FQ,Investor_0176,HUF,Delhi,Delhi,Moderate,120503,Mirae Asset Large Cap Fund - Direct Growth,MIRAE,Switch-Out,2022-04-23,26178.8,161.898,161.6993
TXN0000837,INVOCWBF,Investor_0132,Corporate,Pune,Maharashtra,Moderate,119598,Kotak Bluechip Fund - Direct Growth,KOTAK,SIP,2024-08-11,976.59,15.2701,63.9543
TXN0000838,INV7S55J,Investor_0159,HUF,Mumbai,Maharashtra,Moderate,119551,Axis Bluechip Fund - Direct Growth,AXIS,Redemption,2022-05-18,23376.34,198.7184,117.6355
TXN0000839,INVCBPLJ,Investor_0144,HUF,Ahmedabad,Gujarat,Moderate,125497,HDFC Mid-Cap Opportunities Fund - Direct Growth,HDFC,Lumpsum,2022-08-21,23693.16,104.7682,226.1485
TXN0000840,INV5PSQ0,Investor_0167,HUF,Pune,Maharashtra,Conservative,120594,DSP Top 100 Equity Fund - Direct Growth,DSP,Switch-Out,2023-04-07,5253.17,38.1535,137.6851
TXN0000841,INV31YIH,Investor_0083,Individual,Chennai,Tamil Nadu,Conservative,119598,Kotak Bluechip Fund - Direct Growth,KOTAK,Redemption,2022-05-10,47771.45,613.1116,77.9164
TXN0000842,INV6VZ41,Investor_0096,Corporate,Delhi,Delhi,Conservative,119598,Kotak Bluechip Fund - Direct Growth,KOTAK,Switch-In,2022-09-09,100029.0,1516.8136,65.9468
TXN0000844,INV5PY6B,Investor_0173,Individual,Delhi,Delhi,Moderate,120503,Mirae Asset Large Cap Fund - Direct Growth,MIRAE,Lumpsum,2024-03-11,91746.18,439.8708,208.5753
TXN0000845,INVVS4F8,Investor_0046,Individual,Bengaluru,Karnataka,Aggressive,118989,ICICI Prudential Technology Fund - Direct Growth,ICICI,SIP,2022-08-18,932.95,2.9949,311.5151
TXN0000846,INVXPJ4H,Investor_0179,HUF,Kolkata,West Bengal,Conservative,122639,SBI Small Cap Fund - Direct Growth,SBI,Switch-In,2024-12-02,2150.0,5.9567,360.9387
TXN0000847,INVKKV9R,Investor_0161,HUF,Chennai,Tamil Nadu,Conservative,119551,Axis Bluechip Fund - Direct Growth,AXIS,Redemption,2022-09-28,54695.75,308.7546,177.1496
TXN0000848,INVXR2DH,Investor_0122,Individual,Pune,Maharashtra,Conservative,119598,Kotak Bluechip Fund - Direct Growth,KOTAK,Switch-In,2022-02-13,104754.18,1750.7584,59.8336
TXN0000850,INVV2ISQ,Investor_0134,Individual,Mumbai,Maharashtra,Aggressive,119598,Kotak Bluechip Fund - Direct Growth,KOTAK,Switch-In,2023-10-31,25778.8,395.2822,65.2162
TXN0000851,INVJEGET,Investor_0125,Individual,Mumbai,Maharashtra,Conservative,135781,Parag Parikh Flexi Cap Fund - Direct Growth,PPFAS,Switch-Out,2022-09-28,99160.14,569.1022,174.2396
TXN0000852,INV6WKTA,Investor_0079,HUF,Lucknow,Uttar Pradesh,Aggressive,122639,SBI Small Cap Fund - Direct Growth,SBI,Redemption,2023-08-14,4984.24,16.7356,297.8223
TXN0000853,INV08P0F,Investor_0198,HUF,Kolkata,West Bengal,Conservative,119551,Axis Bluechip Fund - Direct Growth,AXIS,Lumpsum,2022-12-07,23921.91,147.3083,162.3935
TXN0000854,INV7S55J,Investor_0159,HUF,Mumbai,Maharashtra,Moderate,122639,SBI Small Cap Fund - Direct Growth,SBI,Switch-Out,2022-12-26,9364.56,26.2729,356.4338
TXN0000855,INVUY0BV,Investor_0182,Corporate,Pune,Maharashtra,Moderate,122639,SBI Small Cap Fund - Direct Growth,SBI,Lumpsum,2023-10-11,4616.92,10.8661,424.8938
TXN0000856,INVWRDML,Investor_0148,HUF,Jaipur,Rajasthan,Moderate,122639,SBI Small Cap Fund - Direct Growth,SBI,Switch-In,2023-02-25,9739.34,34.4569,282.653
TXN0000857,INVCBPLJ,Investor_0144,HUF,Ahmedabad,Gujarat,Moderate,119551,Axis Bluechip Fund - Direct Growth,AXIS,Redemption,2024-07-07,23239.72,179.9683,129.1323
TXN0000858,INVZQY72,Investor_0139,Corporate,Delhi,Delhi,Conservative,122639,SBI Small Cap Fund - Direct Growth,SBI,Switch-Out,2022-02-21,9242.98,22.4576,411.5742
TXN0000859,INV3JCAT,Investor_0104,Individual,Pune,Maharashtra,Moderate,120594,DSP Top 100 Equity Fund - Direct Growth,DSP,Lumpsum,2022-11-16,108556.23,806.0775,134.6722
TXN0000860,INVY6DPB,Investor_0002,HUF,Pune,Maharashtra,Conservative,120716,Canara Robeco Bluechip Equity Fund - Direct Growth,CANARA,Switch-Out,2023-08-29,25736.22,149.2442,172.4437
TXN0000861,INVXR2DH,Investor_0122,Individual,Pune,Maharashtra,Conservative,118989,ICICI Prudential Technology Fund - Direct Growth,ICICI,Switch-Out,2024-06-24,2119.83,10.7618,196.9773
TXN0000862,INVDPG8S,Investor_0087,Corporate,Pune,Maharashtra,Conservative,120503,Mirae Asset Large Cap Fund - Direct Growth,MIRAE,Switch-In,2022-08-28,463.94,2.342,198.0968
TXN0000863,INV6WKTA,Investor_0079,HUF,Lucknow,Uttar Pradesh,Aggressive,119551,Axis Bluechip Fund - Direct Growth,AXIS,Switch-In,2022-07-09,4945.97,39.6163,124.8468
TXN0000864,INVAIR4C,Investor_0084,HUF,Lucknow,Uttar Pradesh,Conservative,119551,Axis Bluechip Fund - Direct Growth,AXIS,Switch-Out,2023-03-31,5083.43,25.1675,201.9843
TXN0000865,INVD5EQY,Investor_0197,Individual,Ahmedabad,Gujarat,Aggressive,118989,ICICI Prudential Technology Fund - Direct Growth,ICICI,Lumpsum,2024-07-01,458.36,1.5816,289.8132
TXN0000866,INV2KNFT,Investor_0174,HUF,Bengaluru,Karnataka,Aggressive,120503,Mirae Asset Large Cap Fund - Direct Growth,MIRAE,Switch-Out,2023-10-13,46944.5,278.8001,168.3805
TXN0000867,INVVIFTT,Investor_0155,Corporate,Jaipur,Rajasthan,Conservative,135781,Parag Parikh Flexi Cap Fund - Direct Growth,PPFAS,Switch-Out,2024-01-10,540.84,1.7654,306.3614
TXN0000868,INVXEQBN,Investor_0102,HUF,Hyderabad,Telangana,Aggressive,122639,SBI Small Cap Fund - Direct Growth,SBI,Switch-In,2022-01-25,24430.56,67.077,364.2167
TXN0000869,INV0LVSN,Investor_0073,Individual,Delhi,Delhi,Aggressive,119598,Kotak Bluechip Fund - Direct Growth,KOTAK,Redemption,2022-06-29,10955.05,119.1882,91.9139
TXN0000870,INVEDTJV,Investor_0056,Corporate,Pune,Maharashtra,Moderate,120594,DSP Top 100 Equity Fund - Direct Growth,DSP,Switch-In,2024-05-18,95772.68,698.2155,137.1678
TXN0000871,INVK0GET,Investor_0187,Corporate,Lucknow,Uttar Pradesh,Aggressive,120465,Nippon India Large Cap Fund - Direct Growth,NIPPON,Lumpsum,2023-09-14,928.73,4.9506,187.5996
TXN0000872,INVXR2DH,Investor_0122,Individual,Pune,Maharashtra,Conservative,120716,Canara Robeco Bluechip Equity Fund - Direct Growth,CANARA,Redemption,2024-02-09,1086.63,8.136,133.5585
TXN0000873,INV5JSG6,Investor_0023,HUF,Hyderabad,Telangana,Conservative,119551,Axis Bluechip Fund - Direct Growth,AXIS,Switch-In,2024-08-04,9829.03,58.3461,168.4609
TXN0000874,INVUY0BV,Investor_0182,Corporate,Pune,Maharashtra,Moderate,135781,Parag Parikh Flexi Cap Fund - Direct Growth,PPFAS,Lumpsum,2024-02-21,4686.01,14.7916,316.8015
TXN0000875,INVTZ0YN,Investor_0075,Corporate,Ahmedabad,Gujarat,Aggressive,120716,Canara Robeco Bluechip Equity Fund - Direct Growth,CANARA,Switch-In,2023-09-11,532.28,2.3554,225.9782
TXN0000876,INV83TQL,Investor_0150,HUF,Delhi,Delhi,Conservative,118989,ICICI Prudential Technology Fund - Direct Growth,ICICI,Switch-In,2022-01-06,94490.4,352.8696,267.7771
TXN0000877,INV5TB94,Investor_0040,Corporate,Mumbai,Maharashtra,Conservative,118989,ICICI Prudential Technology Fund - Direct Growth,ICICI,Redemption,2023-08-13,92483.54,448.6226,206.15
TXN0000878,INVEYUHZ,Investor_0107,HUF,Kolkata,West Bengal,Moderate,122639,SBI Small Cap Fund - Direct Growth,SBI,Switch-In,2023-07-22,4528.44,16.9544,267.0958
TXN0000879,INV9SKDG,Investor_0127,Individual,Jaipur,Rajasthan,Aggressive,120503,Mirae Asset Large Cap Fund - Direct Growth,MIRAE,Switch-Out,2024-06-12,25405.33,109.517,231.9761
TXN0000880,INV3J2D5,Investor_0067,Corporate,Ahmedabad,Gujarat,Conservative,120594,DSP Top 100 Equity Fund - Direct Growth,DSP,SIP,2022-02-05,25062.63,223.6377,112.068
TXN0000881,INV3J2D5,Investor_0067,Corporate,Ahmedabad,Gujarat,Conservative,122639,SBI Small Cap Fund - Direct Growth,SBI,Switch-Out,2024-08-02,464.61,1.3429,345.9875
TXN0000882,INVYFPMV,Investor_0178,Individual,Hyderabad,Telangana,Conservative,122639,SBI Small Cap Fund - Direct Growth,SBI,Redemption,2024-01-10,1821.16,5.5353,329.0098
TXN0000883,INV1GV0E,Investor_0108,Corporate,Delhi,Delhi,Aggressive,119598,Kotak Bluechip Fund - Direct Growth,KOTAK,SIP,2022-06-07,9583.33,116.9974,81.9106
TXN0000884,INVOCWBF,Investor_0132,Corporate,Pune,Maharashtra,Moderate,125497,HDFC Mid-Cap Opportunities Fund - Direct Growth,HDFC,Lumpsum,2022-12-09,1019.75,4.0438,252.1742
TXN0000885,INVWX7PT,Investor_0140,HUF,Lucknow,Uttar Pradesh,Aggressive,119598,Kotak Bluechip Fund - Direct Growth,KOTAK,Redemption,2024-01-13,9542.92,150.5233,63.3983
TXN0000886,INV1T2TA,Investor_0025,Individual,Hyderabad,Telangana,Moderate,120716,Canara Robeco Bluechip Equity Fund - Direct Growth,CANARA,Switch-Out,2022-01-27,26616.57,184.572,144.207
TXN0000887,INVGDPPQ,Investor_0036,HUF,Bengaluru,Karnataka,Conservative,120716,Canara Robeco Bluechip Equity Fund - Direct Growth,CANARA,Redemption,2024-04-23,26394.04,137.6737,191.7144
TXN0000888,INVBI4Q2,Investor_0088,Individual,Kolkata,West Bengal,Conservative,122639,SBI Small Cap Fund - Direct Growth,SBI,SIP,2023-03-29,4654.55,11.0602,420.8366
TXN0000889,INVPVS7H,Investor_0049,Corporate,Bengaluru,Karnataka,Aggressive,120716,Canara Robeco Bluechip Equity Fund - Direct Growth,CANARA,Switch-Out,2022-06-06,983.47,6.2379,157.6614
TXN0000890,INVHT0HL,Investor_0030,Corporate,Mumbai,Maharashtra,Aggressive,122639,SBI Small Cap Fund - Direct Growth,SBI,SIP,2024-01-13,96964.2,334.9705,289.4709
TXN0000891,INVGDPPQ,Investor_0036,HUF,Bengaluru,Karnataka,Conservative,120594,DSP Top 100 Equity Fund - Direct Growth,DSP,Switch-Out,2023-09-16,23361.04,264.1582,88.4358
TXN0000892,INVT3W5U,Investor_0008,Corporate,Hyderabad,Telangana,Aggressive,120503,Mirae Asset Large Cap Fund - Direct Growth,MIRAE,Lumpsum,2022-10-19,2142.73,12.6039,170.0052
TXN0000893,INVJJA26,Investor_0177,Corporate,Jaipur,Rajasthan,Conservative,125497,HDFC Mid-Cap Opportunities Fund - Direct Growth,HDFC,Redemption,2022-06-10,1883.94,11.6986,161.0395
TXN0000894,INV38DAL,Investor_0109,Corporate,Pune,Maharashtra,Moderate,120503,Mirae Asset Large Cap Fund - Direct Growth,MIRAE,SIP,2024-06-02,527.47,2.4922,211.6488
TXN0000895,INVNHJ7X,Investor_0011,Corporate,Delhi,Delhi,Conservative,125497,HDFC Mid-Cap Opportunities Fund - Direct Growth,HDFC,SIP,2024-11-17,529.31,2.95,179.4263
TXN0000896,INVXTOGN,Investor_0152,Individual,Lucknow,Uttar Pradesh,Moderate,119551,Axis Bluechip Fund - Direct Growth,AXIS,Switch-In,2022-03-30,1081.71,6.1727,175.2423
TXN0000897,INVUJV6O,Investor_0017,HUF,Hyderabad,Telangana,Aggressive,118989,ICICI Prudential Technology Fund - Direct Growth,ICICI,SIP,2023-02-25,1056.47,5.5042,191.9382
TXN0000898,INVL8OS9,Investor_0151,Individual,Chennai,Tamil Nadu,Aggressive,125497,HDFC Mid-Cap Opportunities Fund - Direct Growth,HDFC,Lumpsum,2022-10-26,22646.3,142.8024,158.5849
TXN0000899,INV2ATQY,Investor_0192,Corporate,Bengaluru,Karnataka,Aggressive,118989,ICICI Prudential Technology Fund - Direct Growth,ICICI,Switch-Out,2024-10-22,24261.02,92.2887,262.8818
TXN0000900,INVBNP84,Investor_0200,Individual,Lucknow,Uttar Pradesh,Aggressive,135781,Parag Parikh Flexi Cap Fund - Direct Growth,PPFAS,Lumpsum,2022-01-29,919.82,3.6832,249.7309
TXN0000901,INVV08HH,Investor_0136,Corporate,Lucknow,Uttar Pradesh,Moderate,125497,HDFC Mid-Cap Opportunities Fund - Direct Growth,HDFC,Lumpsum,2022-01-09,9343.55,52.4176,178.2522
TXN0000902,INVLPU0D,Investor_0186,Individual,Pune,Maharashtra,Moderate,120503,Mirae Asset Large Cap Fund - Direct Growth,MIRAE,Lumpsum,2023-01-15,97329.26,406.09,239.6741
TXN0000903,INVPNSM4,Investor_0113,HUF,Pune,Maharashtra,Aggressive,120503,Mirae Asset Large Cap Fund - Direct Growth,MIRAE,Lumpsum,2024-05-18,27406.51,169.3853,161.7998
TXN0000904,INV3KX7E,Investor_0055,Individual,Ahmedabad,Gujarat,Conservative,120716,Canara Robeco Bluechip Equity Fund - Direct Growth,CANARA,Lumpsum,2023-10-06,46128.45,290.146,158.9836
TXN0000905,INVIMVIH,Investor_0032,Individual,Bengaluru,Karnataka,Moderate,120594,DSP Top 100 Equity Fund - Direct Growth,DSP,SIP,2024-01-10,1998.33,18.2139,109.7148
TXN0000906,INV9K9XJ,Investor_0181,Corporate,Ahmedabad,Gujarat,Aggressive,118989,ICICI Prudential Technology Fund - Direct Growth,ICICI,Switch-Out,2024-10-08,458.22,1.456,314.7175
TXN0000907,INVHT0HL,Investor_0030,Corporate,Mumbai,Maharashtra,Aggressive,120465,Nippon India Large Cap Fund - Direct Growth,NIPPON,Redemption,2023-10-01,102007.79,399.1371,255.5708
TXN0000908,INVWI6FQ,Investor_0176,HUF,Delhi,Delhi,Moderate,120594,DSP Top 100 Equity Fund - Direct Growth,DSP,Lumpsum,2024-05-26,47905.89,481.0872,99.5784
TXN0000909,INVPVS7H,Investor_0049,Corporate,Bengaluru,Karnataka,Aggressive,120503,Mirae Asset Large Cap Fund - Direct Growth,MIRAE,Switch-In,2024-10-03,23396.49,111.6505,209.5512
TXN0000910,INV5PY6B,Investor_0173,Individual,Delhi,Delhi,Moderate,120503,Mirae Asset Large Cap Fund - Direct Growth,MIRAE,Switch-In,2022-06-24,100453.25,565.7008,177.5731
TXN0000911,INV9XPSE,Investor_0031,HUF,Chennai,Tamil Nadu,Moderate,122639,SBI Small Cap Fund - Direct Growth,SBI,Switch-In,2022-07-28,51950.37,137.1468,378.7938
TXN0000912,INVE8F84,Investor_0190,Corporate,Mumbai,Maharashtra,Aggressive,122639,SBI Small Cap Fund - Direct Growth,SBI,SIP,2023-11-25,27376.04,96.1869,284.6129
TXN0000913,INV9CHJ7,Investor_0052,HUF,Delhi,Delhi,Conservative,135781,Parag Parikh Flexi Cap Fund - Direct Growth,PPFAS,Switch-In,2024-05-19,946.57,3.1895,296.7769
TXN0000914,INVLPU0D,Investor_0186,Individual,Pune,Maharashtra,Moderate,120594,DSP Top 100 Equity Fund - Direct Growth,DSP,Redemption,2024-03-30,10512.61,114.9889,91.4228
TXN0000915,INVW1SWJ,Investor_0092,Individual,Ahmedabad,Gujarat,Moderate,120594,DSP Top 100 Equity Fund - Direct Growth,DSP,Switch-Out,2024-11-13,54875.23,397.7697,137.9573
TXN0000917,INVIGATJ,Investor_0128,Corporate,Jaipur,Rajasthan,Aggressive,125497,HDFC Mid-Cap Opportunities Fund - Direct Growth,HDFC,Lumpsum,2022-04-19,459.96,1.8052,254.7921
TXN0000918,INVH9SDB,Investor_0018,HUF,Bengaluru,Karnataka,Conservative,120594,DSP Top 100 Equity Fund - Direct Growth,DSP,SIP,2023-11-01,1953.05,19.629,99.498
TXN0000919,INV5TB94,Investor_0040,Corporate,Mumbai,Maharashtra,Conservative,118989,ICICI Prudential Technology Fund - Direct Growth,ICICI,Switch-Out,2024-11-30,1052.03,4.8377,217.4627
TXN0000920,INVD5EQY,Investor_0197,Individual,Ahmedabad,Gujarat,Aggressive,120594,DSP Top 100 Equity Fund - Direct Growth,DSP,Switch-In,2024-10-16,4793.56,54.2019,88.4389
TXN0000921,INV1GHR0,Investor_0126,Individual,Lucknow,Uttar Pradesh,Moderate,120716,Canara Robeco Bluechip Equity Fund - Direct Growth,CANARA,Redemption,2022-02-06,26547.41,125.9682,210.747
TXN0000922,INVOF8KR,Investor_0196,Corporate,Chennai,Tamil Nadu,Moderate,119551,Axis Bluechip Fund - Direct Growth,AXIS,Switch-In,2023-10-07,976.73,6.7493,144.7168
TXN0000923,INVNAM14,Investor_0097,Corporate,Delhi,Delhi,Aggressive,120594,DSP Top 100 Equity Fund - Direct Growth,DSP,Switch-In,2023-09-13,453.29,4.7366,95.6999
TXN0000924,INV9K9XJ,Investor_0181,Corporate,Ahmedabad,Gujarat,Aggressive,122639,SBI Small Cap Fund - Direct Growth,SBI,Switch-In,2024-03-07,46344.88,169.1184,274.0381
TXN0000925,INVJEGET,Investor_0125,Individual,Mumbai,Maharashtra,Conservative,120503,Mirae Asset Large Cap Fund - Direct Growth,MIRAE,Switch-Out,2024-08-20,103201.57,403.1303,256.0005
TXN0000926,INVXR2DH,Investor_0122,Individual,Pune,Maharashtra,Conservative,120716,Canara Robeco Bluechip Equity Fund - Direct Growth,CANARA,Lumpsum,2024-10-10,489.14,3.3337,146.7264
TXN0000927,INVXTOGN,Investor_0152,Individual,Lucknow,Uttar Pradesh,Moderate,120465,Nippon India Large Cap Fund - Direct Growth,NIPPON,Switch-Out,2023-08-06,26332.35,115.714,227.564
TXN0000928,INV31YIH,Investor_0083,Individual,Chennai,Tamil Nadu,Conservative,119551,Axis Bluechip Fund - Direct Growth,AXIS,SIP,2024-01-21,462.82,2.2247,208.037
TXN0000929,INVWZS3T,Investor_0090,HUF,Jaipur,Rajasthan,Aggressive,135781,Parag Parikh Flexi Cap Fund - Direct Growth,PPFAS,SIP,2024-05-26,24402.87,79.1001,308.5062
TXN0000930,INVY9V86,Investor_0089,Corporate,Lucknow,Uttar Pradesh,Moderate,119598,Kotak Bluechip Fund - Direct Growth,KOTAK,Switch-In,2023-05-16,22782.25,373.3057,61.0284
TXN0000931,INV5OWF7,Investor_0064,Individual,Mumbai,Maharashtra,Moderate,125497,HDFC Mid-Cap Opportunities Fund - Direct Growth,HDFC,Redemption,2022-05-15,1082.08,4.2767,253.015
TXN0000932,INV6WKTA,Investor_0079,HUF,Lucknow,Uttar Pradesh,Aggressive,120503,Mirae Asset Large Cap Fund - Direct Growth,MIRAE,Redemption,2023-10-30,1807.88,10.6699,169.4373
TXN0000934,INVL8OS9,Investor_0151,Individual,Chennai,Tamil Nadu,Aggressive,119551,Axis Bluechip Fund - Direct Growth,AXIS,Redemption,2023-10-23,50703.54,259.0602,195.7211
TXN0000935,INVQX6GV,Investor_0147,HUF,Pune,Maharashtra,Moderate,120503,Mirae Asset Large Cap Fund - Direct Growth,MIRAE,Switch-In,2023-02-26,1038.17,4.4573,232.913
TXN0000936,INVDPG8S,Investor_0087,Corporate,Pune,Maharashtra,Conservative,120594,DSP Top 100 Equity Fund - Direct Growth,DSP,Switch-Out,2023-09-06,23333.14,251.2606,92.8643
TXN0000937,INVEIYZC,Investor_0094,HUF,Lucknow,Uttar Pradesh,Moderate,120465,Nippon India Large Cap Fund - Direct Growth,NIPPON,Lumpsum,2022-06-04,102708.88,508.9224,201.8164
TXN0000938,INVQVKIZ,Investor_0138,HUF,Pune,Maharashtra,Aggressive,125497,HDFC Mid-Cap Opportunities Fund - Direct Growth,HDFC,Redemption,2024-04-03,9095.06,53.4842,170.0513
TXN0000939,INV64DPJ,Investor_0058,Corporate,Lucknow,Uttar Pradesh,Moderate,135781,Parag Parikh Flexi Cap Fund - Direct Growth,PPFAS,SIP,2023-07-14,1018.37,3.5249,288.9064
TXN0000940,INVH9SDB,Investor_0018,HUF,Bengaluru,Karnataka,Conservative,135781,Parag Parikh Flexi Cap Fund - Direct Growth,PPFAS,Switch-Out,2023-12-13,98542.12,309.7404,318.1442
TXN0000941,INVN9T84,Investor_0020,Corporate,Hyderabad,Telangana,Aggressive,118989,ICICI Prudential Technology Fund - Direct Growth,ICICI,Switch-Out,2023-10-04,9865.82,44.9489,219.4899
TXN0000942,INV9CHJ7,Investor_0052,HUF,Delhi,Delhi,Conservative,120465,Nippon India Large Cap Fund - Direct Growth,NIPPON,Switch-In,2024-07-17,10249.93,31.9318,320.9948
TXN0000943,INV90PDW,Investor_0172,Individual,Kolkata,West Bengal,Conservative,120716,Canara Robeco Bluechip Equity Fund - Direct Growth,CANARA,Lumpsum,2024-11-23,512.78,3.5377,144.9487
TXN0000944,INVE6IVW,Investor_0048,HUF,Mumbai,Maharashtra,Moderate,135781,Parag Parikh Flexi Cap Fund - Direct Growth,PPFAS,Switch-In,2024-08-15,5160.81,18.7597,275.101
TXN0000945,INV2IAGL,Investor_0069,Individual,Mumbai,Maharashtra,Moderate,120716,Canara Robeco Bluechip Equity Fund - Direct Growth,CANARA,Switch-Out,2022-05-03,54346.36,419.0537,129.6883
TXN0000946,INVV2ISQ,Investor_0134,Individual,Mumbai,Maharashtra,Aggressive,125497,HDFC Mid-Cap Opportunities Fund - Direct Growth,HDFC,Redemption,2022-11-05,92954.87,426.793,217.7985
TXN0000947,INV2ATQY,Investor_0192,Corporate,Bengaluru,Karnataka,Aggressive,118989,ICICI Prudential Technology Fund - Direct Growth,ICICI,Switch-In,2022-05-12,48186.53,217.9548,221.085
TXN0000948,INVQLGZU,Investor_0163,HUF,Bengaluru,Karnataka,Conservative,125497,HDFC Mid-Cap Opportunities Fund - Direct Growth,HDFC,Switch-In,2022-11-25,10647.42,40.8388,260.718
TXN0000949,INV0L725,Investor_0066,HUF,Chennai,Tamil Nadu,Moderate,135781,Parag Parikh Flexi Cap Fund - Direct Growth,PPFAS,Lumpsum,2022-11-04,47384.83,219.1176,216.253
TXN0000950,INVZIOYK,Investor_0050,Individual,Kolkata,West Bengal,Conservative,119551,Axis Bluechip Fund - Direct Growth,AXIS,Lumpsum,2024-06-12,9928.32,64.6131,153.6581
TXN0000951,INV38DAL,Investor_0109,Corporate,Pune,Maharashtra,Moderate,119551,Axis Bluechip Fund - Direct Growth,AXIS,Lumpsum,2022-03-01,1909.08,9.6542,197.7467
TXN0000952,INV3J2D5,Investor_0067,Corporate,Ahmedabad,Gujarat,Conservative,118989,ICICI Prudential Technology Fund - Direct Growth,ICICI,Switch-Out,2022-03-28,2057.72,8.3121,247.5586
TXN0000953,INVX4W6X,Investor_0185,Individual,Chennai,Tamil Nadu,Conservative,120594,DSP Top 100 Equity Fund - Direct Growth,DSP,SIP,2022-06-21,535.96,6.0065,89.2302
TXN0000954,INVPHR62,Investor_0081,HUF,Delhi,Delhi,Aggressive,135781,Parag Parikh Flexi Cap Fund - Direct Growth,PPFAS,Redemption,2024-04-13,1080.11,4.233,255.1671
TXN0000955,INVEIYZC,Investor_0094,HUF,Lucknow,Uttar Pradesh,Moderate,120503,Mirae Asset Large Cap Fund - Direct Growth,MIRAE,Switch-In,2024-10-21,1894.42,7.8529,241.2387
TXN0000956,INV9XPSE,Investor_0031,HUF,Chennai,Tamil Nadu,Moderate,120716,Canara Robeco Bluechip Equity Fund - Direct Growth,CANARA,Switch-Out,2022-07-04,9992.9,59.9629,166.6515
TXN0000957,INV6T4UF,Investor_0061,Corporate,Jaipur,Rajasthan,Moderate,135781,Parag Parikh Flexi Cap Fund - Direct Growth,PPFAS,SIP,2024-03-09,24146.43,125.3874,192.5746
TXN0000958,INV2ATQY,Investor_0192,Corporate,Bengaluru,Karnataka,Aggressive,125497,HDFC Mid-Cap Opportunities Fund - Direct Growth,HDFC,Switch-In,2022-12-25,4644.28,24.1494,192.3142
TXN0000959,INV3KX7E,Investor_0055,Individual,Ahmedabad,Gujarat,Conservative,118989,ICICI Prudential Technology Fund - Direct Growth,ICICI,Switch-In,2022-04-25,47543.06,144.7804,328.3804
TXN0000960,INV1GHR0,Investor_0126,Individual,Lucknow,Uttar Pradesh,Moderate,120716,Canara Robeco Bluechip Equity Fund - Direct Growth,CANARA,Redemption,2024-05-17,963.3,7.4987,128.4625
TXN0000961,INVXR2DH,Investor_0122,Individual,Pune,Maharashtra,Conservative,125497,HDFC Mid-Cap Opportunities Fund - Direct Growth,HDFC,Redemption,2024-01-24,1945.2,9.9494,195.5101
TXN0000962,INV6WKTA,Investor_0079,HUF,Lucknow,Uttar Pradesh,Aggressive,119551,Axis Bluechip Fund - Direct Growth,AXIS,Switch-Out,2022-04-22,534.15,2.9918,178.5406
TXN0000963,INVJJA26,Investor_0177,Corporate,Jaipur,Rajasthan,Conservative,125497,HDFC Mid-Cap Opportunities Fund - Direct Growth,HDFC,Redemption,2024-01-14,48092.69,312.4332,153.9295
TXN0000964,INVWI6FQ,Investor_0176,HUF,Delhi,Delhi,Moderate,120503,Mirae Asset Large Cap Fund - Direct Growth,MIRAE,Switch-Out,2024-03-06,5357.65,29.5985,181.011
TXN0000965,INVHSAHX,Investor_0003,Corporate,Jaipur,Rajasthan,Conservative,120465,Nippon India Large Cap Fund - Direct Growth,NIPPON,Redemption,2023-04-28,9180.5,26.921,341.016
TXN0000966,INVZKLOO,Investor_0077,Corporate,Delhi,Delhi,Aggressive,125497,HDFC Mid-Cap Opportunities Fund - Direct Growth,HDFC,Lumpsum,2024-04-12,102627.05,693.9188,147.8949
TXN0000967,INVZBIKC,Investor_0009,HUF,Delhi,Delhi,Conservative,118989,ICICI Prudential Technology Fund - Direct Growth,ICICI,SIP,2024-04-25,99421.83,335.1617,296.6384
TXN0000968,INVIXA11,Investor_0086,Individual,Jaipur,Rajasthan,Aggressive,120465,Nippon India Large Cap Fund - Direct Growth,NIPPON,SIP,2024-11-02,2079.39,6.4025,324.7785
TXN0000969,INVUJV6O,Investor_0017,HUF,Hyderabad,Telangana,Aggressive,119598,Kotak Bluechip Fund - Direct Growth,KOTAK,Switch-In,2022-02-26,24766.31,397.7712,62.2627
TXN0000970,INVOF8KR,Investor_0196,Corporate,Chennai,Tamil Nadu,Moderate,119551,Axis Bluechip Fund - Direct Growth,AXIS,Lumpsum,2022-10-06,105820.39,781.8757,135.3417
TXN0000971,INVXAJI0,Investor_0001,HUF,Delhi,Delhi,Moderate,120465,Nippon India Large Cap Fund - Direct Growth,NIPPON,Lumpsum,2022-06-18,9627.44,28.585,336.8001
TXN0000972,INVRTJ5P,Investor_0029,Corporate,Lucknow,Uttar Pradesh,Moderate,122639,SBI Small Cap Fund - Direct Growth,SBI,Lumpsum,2024-04-20,2138.78,5.4839,390.0078
TXN0000973,INVGDSWM,Investor_0082,HUF,Bengaluru,Karnataka,Aggressive,120594,DSP Top 100 Equity Fund - Direct Growth,DSP,Switch-In,2023-11-02,1904.27,23.4652,81.1531
TXN0000974,INV0LVSN,Investor_0073,Individual,Delhi,Delhi,Aggressive,125497,HDFC Mid-Cap Opportunities Fund - Direct Growth,HDFC,SIP,2024-03-16,48676.0,285.0265,170.7771
TXN0000975,INVNAM14,Investor_0097,Corporate,Delhi,Delhi,Aggressive,135781,Parag Parikh Flexi Cap Fund - Direct Growth,PPFAS,Lumpsum,2023-04-14,544.81,2.0458,266.3089
TXN0000976,INV5JSG6,Investor_0023,HUF,Hyderabad,Telangana,Conservative,120594,DSP Top 100 Equity Fund - Direct Growth,DSP,Lumpsum,2022-12-12,10402.52,103.0737,100.9231
TXN0000977,INV9XUY4,Investor_0013,HUF,Lucknow,Uttar Pradesh,Conservative,120465,Nippon India Large Cap Fund - Direct Growth,NIPPON,Switch-Out,2022-11-02,51003.93,189.1938,269.5856
TXN0000978,INV5JSG6,Investor_0023,HUF,Hyderabad,Telangana,Conservative,119598,Kotak Bluechip Fund - Direct Growth,KOTAK,Lumpsum,2024-12-12,902.82,9.8305,91.8385
TXN0000979,INVVE92M,Investor_0112,HUF,Chennai,Tamil Nadu,Aggressive,120594,DSP Top 100 Equity Fund - Direct Growth,DSP,Switch-In,2023-02-21,944.9,9.3577,100.976
TXN0000980,INVPVS7H,Investor_0049,Corporate,Bengaluru,Karnataka,Aggressive,118989,ICICI Prudential Technology Fund - Direct Growth,ICICI,Redemption,2024-06-02,97641.47,308.0336,316.9832
TXN0000981,INV55NF4,Investor_0053,Individual,Delhi,Delhi,Aggressive,135781,Parag Parikh Flexi Cap Fund - Direct Growth,PPFAS,Lumpsum,2023-01-23,10453.42,38.3957,272.2548
TXN0000982,INV1GV0E,Investor_0108,Corporate,Delhi,Delhi,Aggressive,122639,SBI Small Cap Fund - Direct Growth,SBI,Switch-In,2023-06-21,1811.51,7.0045,258.6221
TXN0000983,INV6T4UF,Investor_0061,Corporate,Jaipur,Rajasthan,Moderate,135781,Parag Parikh Flexi Cap Fund - Direct Growth,PPFAS,Switch-In,2024-07-27,4869.64,17.0925,284.8987
TXN0000984,INVXEPQ8,Investor_0022,Corporate,Jaipur,Rajasthan,Aggressive,119551,Axis Bluechip Fund - Direct Growth,AXIS,Switch-In,2024-03-25,2148.58,12.959,165.7977
TXN0000985,INVWI6FQ,Investor_0176,HUF,Delhi,Delhi,Moderate,125497,HDFC Mid-Cap Opportunities Fund - Direct Growth,HDFC,Switch-In,2023-06-09,52361.04,303.7132,172.4029
TXN0000986,INVDW2PC,Investor_0019,Individual,Lucknow,Uttar Pradesh,Moderate,120503,Mirae Asset Large Cap Fund - Direct Growth,MIRAE,Switch-Out,2023-04-26,455.21,2.6121,174.2705
TXN0000987,INVDZR1Y,Investor_0121,HUF,Delhi,Delhi,Moderate,119598,Kotak Bluechip Fund - Direct Growth,KOTAK,Switch-Out,2024-10-30,450.54,6.0433,74.5525
TXN0000988,INV7S55J,Investor_0159,HUF,Mumbai,Maharashtra,Moderate,120465,Nippon India Large Cap Fund - Direct Growth,NIPPON,Redemption,2022-09-28,51712.62,181.099,285.5489
TXN0000989,INVCBPLJ,Investor_0144,HUF,Ahmedabad,Gujarat,Moderate,119551,Axis Bluechip Fund - Direct Growth,AXIS,Switch-Out,2024-10-28,1904.12,9.0475,210.4574
TXN0000990,INV9SKDG,Investor_0127,Individual,Jaipur,Rajasthan,Aggressive,119598,Kotak Bluechip Fund - Direct Growth,KOTAK,Switch-In,2024-12-22,1835.86,20.959,87.5928
TXN0000991,INVYWD14,Investor_0111,Corporate,Pune,Maharashtra,Conservative,122639,SBI Small Cap Fund - Direct Growth,SBI,Redemption,2022-09-19,962.65,3.4898,275.8475
TXN0000992,INVIGATJ,Investor_0128,Corporate,Jaipur,Rajasthan,Aggressive,118989,ICICI Prudential Technology Fund - Direct Growth,ICICI,Redemption,2023-06-24,47829.26,159.366,300.1221
TXN0000993,INV3RZSJ,Investor_0157,Individual,Lucknow,Uttar Pradesh,Moderate,118989,ICICI Prudential Technology Fund - Direct Growth,ICICI,Switch-Out,2022-12-04,24678.88,136.9254,180.236
TXN0000994,INVPHR62,Investor_0081,HUF,Delhi,Delhi,Aggressive,120594,DSP Top 100 Equity Fund - Direct Growth,DSP,Lumpsum,2022-11-01,91064.44,1107.6459,82.2144
TXN0000995,INV1IBLJ,Investor_0014,Individual,Mumbai,Maharashtra,Moderate,125497,HDFC Mid-Cap Opportunities Fund - Direct Growth,HDFC,Lumpsum,2022-12-01,497.02,2.9374,169.2021
TXN0000996,INV9K9XJ,Investor_0181,Corporate,Ahmedabad,Gujarat,Aggressive,120594,DSP Top 100 Equity Fund - Direct Growth,DSP,Switch-In,2024-10-10,1099.04,9.7772,112.4079
TXN0000997,INVNHJ7X,Investor_0011,Corporate,Delhi,Delhi,Conservative,120594,DSP Top 100 Equity Fund - Direct Growth,DSP,Redemption,2022-08-19,99155.19,1147.5578,86.4054
TXN0000998,INVX4W6X,Investor_0185,Individual,Chennai,Tamil Nadu,Conservative,122639,SBI Small Cap Fund - Direct Growth,SBI,SIP,2023-08-05,22967.89,74.4608,308.4562
TXN0000999,INVCGVYI,Investor_0047,Corporate,Chennai,Tamil Nadu,Conservative,122639,SBI Small Cap Fund - Direct Growth,SBI,Switch-Out,2023-03-11,10126.49,35.7318,283.4029
TXN0001000,INV83TQL,Investor_0150,HUF,Delhi,Delhi,Conservative,119551,Axis Bluechip Fund - Direct Growth,AXIS,Switch-Out,2022-06-07,1966.57,13.326,147.5744
TXN0001001,INV5OWF7,Investor_0064,Individual,Mumbai,Maharashtra,Moderate,120594,DSP Top 100 Equity Fund - Direct Growth,DSP,SIP,2022-09-07,22629.81,167.9876,134.7112
TXN0001002,INVWAOUA,Investor_0101,HUF,Ahmedabad,Gujarat,Moderate,119598,Kotak Bluechip Fund - Direct Growth,KOTAK,Switch-Out,2022-11-11,1067.4,11.3737,93.8483
TXN0001003,INVT3W5U,Investor_0008,Corporate,Hyderabad,Telangana,Aggressive,120503,Mirae Asset Large Cap Fund - Direct Growth,MIRAE,Switch-In,2023-07-06,99081.11,445.3686,222.4699
TXN0001004,INV1W1HT,Investor_0153,Individual,Hyderabad,Telangana,Aggressive,119551,Axis Bluechip Fund - Direct Growth,AXIS,Redemption,2024-07-16,515.62,3.0155,170.9917
TXN0001005,INVAIR4C,Investor_0084,HUF,Lucknow,Uttar Pradesh,Conservative,135781,Parag Parikh Flexi Cap Fund - Direct Growth,PPFAS,Lumpsum,2023-08-03,5363.28,19.1919,279.4556
TXN0001006,INV31YIH,Investor_0083,Individual,Chennai,Tamil Nadu,Conservative,119551,Axis Bluechip Fund - Direct Growth,AXIS,SIP,2023-06-07,45925.51,240.6176,190.8651
TXN0001007,INVVS4F8,Investor_0046,Individual,Bengaluru,Karnataka,Aggressive,125497,HDFC Mid-Cap Opportunities Fund - Direct Growth,HDFC,Switch-In,2023-03-03,904.1,3.812,237.1715
TXN0001008,INVHOCN9,Investor_0042,Corporate,Hyderabad,Telangana,Moderate,120465,Nippon India Large Cap Fund - Direct Growth,NIPPON,Switch-In,2022-11-12,10294.34,51.3519,200.4666
TXN0001009,INV9XPSE,Investor_0031,HUF,Chennai,Tamil Nadu,Moderate,118989,ICICI Prudential Technology Fund - Direct Growth,ICICI,Switch-In,2023-09-28,52358.89,230.1281,227.5206
TXN0001010,INVWI6FQ,Investor_0176,HUF,Delhi,Delhi,Moderate,135781,Parag Parikh Flexi Cap Fund - Direct Growth,PPFAS,Lumpsum,2024-01-23,25827.6,115.1188,224.3561
TXN0001011,INVOCWBF,Investor_0132,Corporate,Pune,Maharashtra,Moderate,125497,HDFC Mid-Cap Opportunities Fund - Direct Growth,HDFC,Switch-In,2024-09-02,107708.26,565.1873,190.5709
TXN0001012,INV2IAGL,Investor_0069,Individual,Mumbai,Maharashtra,Moderate,135781,Parag Parikh Flexi Cap Fund - Direct Growth,PPFAS,Switch-Out,2024-05-15,45902.22,204.474,224.4893
TXN0001013,INVOTOHP,Investor_0095,HUF,Kolkata,West Bengal,Aggressive,135781,Parag Parikh Flexi Cap Fund - Direct Growth,PPFAS,Lumpsum,2022-07-10,51306.86,176.1143,291.327
TXN0001014,INVNHJ7X,Investor_0011,Corporate,Delhi,Delhi,Conservative,120716,Canara Robeco Bluechip Equity Fund - Direct Growth,CANARA,Redemption,2022-11-14,103528.8,517.9045,199.8994
TXN0001015,INV9SKDG,Investor_0127,Individual,Jaipur,Rajasthan,Aggressive,120716,Canara Robeco Bluechip Equity Fund - Direct Growth,CANARA,Switch-Out,2024-06-14,958.14,7.8968,121.3333
TXN0001016,INVAZYTJ,Investor_0021,Individual,Delhi,Delhi,Aggressive,120594,DSP Top 100 Equity Fund - Direct Growth,DSP,Redemption,2023-09-08,2193.67,23.5942,92.975
TXN0001017,INV5OWF7,Investor_0064,Individual,Mumbai,Maharashtra,Moderate,120716,Canara Robeco Bluechip Equity Fund - Direct Growth,CANARA,Switch-In,2022-06-06,10137.07,54.2688,186.7937
TXN0001018,INVVG0FN,Investor_0012,Individual,Hyderabad,Telangana,Conservative,120716,Canara Robeco Bluechip Equity Fund - Direct Growth,CANARA,SIP,2024-08-09,49130.19,367.8403,133.5639
TXN0001019,INV4NLZ1,Investor_0170,Individual,Bengaluru,Karnataka,Aggressive,135781,Parag Parikh Flexi Cap Fund - Direct Growth,PPFAS,Redemption,2022-06-17,23774.3,129.7282,183.2624
TXN0001020,INVD5EQY,Investor_0197,Individual,Ahmedabad,Gujarat,Aggressive,120716,Canara Robeco Bluechip Equity Fund - Direct Growth,CANARA,SIP,2024-08-05,1048.1,5.0282,208.4425
TXN0001021,INVVS4F8,Investor_0046,Individual,Bengaluru,Karnataka,Aggressive,122639,SBI Small Cap Fund - Direct Growth,SBI,Switch-In,2023-09-02,458.33,1.4045,326.3344
TXN0001022,INVPHR62,Investor_0081,HUF,Delhi,Delhi,Aggressive,135781,Parag Parikh Flexi Cap Fund - Direct Growth,PPFAS,Switch-In,2023-06-27,102476.21,339.6834,301.6815
TXN0001023,INVBI4Q2,Investor_0088,Individual,Kolkata,West Bengal,Conservative,122639,SBI Small Cap Fund - Direct Growth,SBI,Lumpsum,2023-06-16,1831.29,4.5533,402.1877
TXN0001024,INV5PY6B,Investor_0173,Individual,Delhi,Delhi,Moderate,120503,Mirae Asset Large Cap Fund - Direct Growth,MIRAE,Switch-In,2022-08-27,450.58,1.8188,247.733
TXN0001025,INVTHV3A,Investor_0004,HUF,Pune,Maharashtra,Moderate,122639,SBI Small Cap Fund - Direct Growth,SBI,Switch-In,2024-09-23,103836.12,426.2201,243.6209
TXN0001026,INVKEP7Y,Investor_0078,Corporate,Pune,Maharashtra,Conservative,135781,Parag Parikh Flexi Cap Fund - Direct Growth,PPFAS,Switch-Out,2024-03-19,25953.31,129.3711,200.6114
TXN0001027,INVKEP7Y,Investor_0078,Corporate,Pune,Maharashtra,Conservative,120503,Mirae Asset Large Cap Fund - Direct Growth,MIRAE,Lumpsum,2022-08-18,1805.55,10.3131,175.0727
TXN0001028,INV3ZMF8,Investor_0005,Individual,Mumbai,Maharashtra,Moderate,125497,HDFC Mid-Cap Opportunities Fund - Direct Growth,HDFC,SIP,2022-10-25,4981.12,30.8997,161.203
TXN0001029,INV5PSQ0,Investor_0167,HUF,Pune,Maharashtra,Conservative,125497,HDFC Mid-Cap Opportunities Fund - Direct Growth,HDFC,Switch-In,2024-08-07,4586.09,22.3475,205.2175
TXN0001030,INVM5IGQ,Investor_0038,Individual,Mumbai,Maharashtra,Moderate,120594,DSP Top 100 Equity Fund - Direct Growth,DSP,Switch-In,2022-11-09,461.65,3.6802,125.4427
TXN0001031,INVE8F84,Investor_0190,Corporate,Mumbai,Maharashtra,Aggressive,120594,DSP Top 100 Equity Fund - Direct Growth,DSP,Switch-In,2024-07-09,90392.56,668.2124,135.2752
TXN0001032,INV83TQL,Investor_0150,HUF,Delhi,Delhi,Conservative,125497,HDFC Mid-Cap Opportunities Fund - Direct Growth,HDFC,Lumpsum,2024-03-13,10138.86,39.5822,256.1467
TXN0001033,INV1IBLJ,Investor_0014,Individual,Mumbai,Maharashtra,Moderate,119598,Kotak Bluechip Fund - Direct Growth,KOTAK,SIP,2024-06-03,1026.08,14.6232,70.1678
TXN0001034,INVEYUHZ,Investor_0107,HUF,Kolkata,West Bengal,Moderate,120594,DSP Top 100 Equity Fund - Direct Growth,DSP,Switch-Out,2024-03-29,9074.03,78.9416,114.9461
TXN0001035,INVJEGET,Investor_0125,Individual,Mumbai,Maharashtra,Conservative,120716,Canara Robeco Bluechip Equity Fund - Direct Growth,CANARA,Switch-Out,2022-05-05,94638.12,651.5941,145.2409
TXN0001036,INVV08HH,Investor_0136,Corporate,Lucknow,Uttar Pradesh,Moderate,119551,Axis Bluechip Fund - Direct Growth,AXIS,Switch-In,2023-07-03,25266.28,163.9458,154.1136
TXN0001037,INVRBSV5,Investor_0166,HUF,Pune,Maharashtra,Conservative,120465,Nippon India Large Cap Fund - Direct Growth,NIPPON,Switch-In,2023-12-12,998.96,3.0303,329.6574
TXN0001038,INVZP08J,Investor_0115,Corporate,Ahmedabad,Gujarat,Aggressive,120465,Nippon India Large Cap Fund - Direct Growth,NIPPON,SIP,2023-01-29,1915.2,9.9832,191.8415
TXN0001039,INVDZR1Y,Investor_0121,HUF,Delhi,Delhi,Moderate,119598,Kotak Bluechip Fund - Direct Growth,KOTAK,Switch-In,2023-11-26,5007.64,68.1543,73.475
TXN0001040,INVVIFTT,Investor_0155,Corporate,Jaipur,Rajasthan,Conservative,120594,DSP Top 100 Equity Fund - Direct Growth,DSP,Lumpsum,2024-03-10,10445.99,80.2232,130.2116
TXN0001041,INVEYUHZ,Investor_0107,HUF,Kolkata,West Bengal,Moderate,119598,Kotak Bluechip Fund - Direct Growth,KOTAK,Switch-In,2023-08-02,2048.74,36.9383,55.4638
TXN0001042,INVJJA26,Investor_0177,Corporate,Jaipur,Rajasthan,Conservative,120503,Mirae Asset Large Cap Fund - Direct Growth,MIRAE,Switch-In,2022-11-17,1869.32,7.2291,258.5824
TXN0001043,INVD96QE,Investor_0156,Corporate,Lucknow,Uttar Pradesh,Aggressive,120594,DSP Top 100 Equity Fund - Direct Growth,DSP,SIP,2024-10-08,54430.55,729.3466,74.6292
TXN0001044,INVKEP7Y,Investor_0078,Corporate,Pune,Maharashtra,Conservative,125497,HDFC Mid-Cap Opportunities Fund - Direct Growth,HDFC,Lumpsum,2024-01-05,549.93,2.1506,255.7113
TXN0001045,INV3J2D5,Investor_0067,Corporate,Ahmedabad,Gujarat,Conservative,119598,Kotak Bluechip Fund - Direct Growth,KOTAK,Lumpsum,2024-10-28,2131.18,32.4766,65.6221
TXN0001046,INVZBIKC,Investor_0009,HUF,Delhi,Delhi,Conservative,120503,Mirae Asset Large Cap Fund - Direct Growth,MIRAE,Redemption,2023-04-10,46139.69,297.3175,155.1866
TXN0001047,INV9XPSE,Investor_0031,HUF,Chennai,Tamil Nadu,Moderate,120716,Canara Robeco Bluechip Equity Fund - Direct Growth,CANARA,Lumpsum,2023-11-28,95156.44,692.1168,137.4861
TXN0001048,INV60RJI,Investor_0091,Corporate,Chennai,Tamil Nadu,Aggressive,119551,Axis Bluechip Fund - Direct Growth,AXIS,Switch-Out,2024-11-21,10792.64,58.7069,183.8393
TXN0001049,INVVIFTT,Investor_0155,Corporate,Jaipur,Rajasthan,Conservative,120503,Mirae Asset Large Cap Fund - Direct Growth,MIRAE,SIP,2022-08-16,105979.74,432.6105,244.9773
TXN0001050,INVRC11E,Investor_0028,Corporate,Bengaluru,Karnataka,Moderate,135781,Parag Parikh Flexi Cap Fund - Direct Growth,PPFAS,Switch-Out,2022-03-27,1064.72,3.9539,269.2843
TXN0001051,INVR5UQP,Investor_0130,Corporate,Delhi,Delhi,Moderate,120503,Mirae Asset Large Cap Fund - Direct Growth,MIRAE,Lumpsum,2024-01-11,1074.17,4.262,252.0343
TXN0001052,INV874FR,Investor_0041,HUF,Pune,Maharashtra,Moderate,118989,ICICI Prudential Technology Fund - Direct Growth,ICICI,Switch-In,2022-07-23,104651.04,336.6662,310.8451
TXN0001053,INV5TB94,Investor_0040,Corporate,Mumbai,Maharashtra,Conservative,119598,Kotak Bluechip Fund - Direct Growth,KOTAK,Redemption,2023-02-18,1849.19,36.6105,50.5098
TXN0001054,INVPNSM4,Investor_0113,HUF,Pune,Maharashtra,Aggressive,120465,Nippon India Large Cap Fund - Direct Growth,NIPPON,SIP,2024-08-28,5334.81,17.9845,296.6345
TXN0001055,INVBI4Q2,Investor_0088,Individual,Kolkata,West Bengal,Conservative,118989,ICICI Prudential Technology Fund - Direct Growth,ICICI,Switch-Out,2024-02-02,1834.09,8.0927,226.6346
TXN0001056,INVMWWYZ,Investor_0184,Individual,Pune,Maharashtra,Moderate,120465,Nippon India Large Cap Fund - Direct Growth,NIPPON,Redemption,2024-12-20,4651.61,17.7913,261.4549
TXN0001057,INV1GV0E,Investor_0108,Corporate,Delhi,Delhi,Aggressive,125497,HDFC Mid-Cap Opportunities Fund - Direct Growth,HDFC,Lumpsum,2024-04-18,49134.09,315.1953,155.8846
TXN0001058,INVIQVNB,Investor_0118,Corporate,Delhi,Delhi,Aggressive,120716,Canara Robeco Bluechip Equity Fund - Direct Growth,CANARA,Redemption,2022-01-21,494.26,3.2803,150.6763
TXN0001059,INVMWWYZ,Investor_0184,Individual,Pune,Maharashtra,Moderate,120716,Canara Robeco Bluechip Equity Fund - Direct Growth,CANARA,SIP,2024-04-02,967.66,5.154,187.7477
TXN0001060,INV08P0F,Investor_0198,HUF,Kolkata,West Bengal,Conservative,122639,SBI Small Cap Fund - Direct Growth,SBI,Switch-In,2022-03-17,489.33,1.7576,278.4128
TXN0001061,INV4NLZ1,Investor_0170,Individual,Bengaluru,Karnataka,Aggressive,122639,SBI Small Cap Fund - Direct Growth,SBI,Switch-Out,2024-11-30,547.77,1.4959,366.1873
TXN0001062,INVCXLL4,Investor_0076,HUF,Delhi,Delhi,Moderate,120465,Nippon India Large Cap Fund - Direct Growth,NIPPON,Switch-In,2023-10-05,10443.1,30.8836,338.1441
TXN0001063,INVY9V86,Investor_0089,Corporate,Lucknow,Uttar Pradesh,Moderate,119551,Axis Bluechip Fund - Direct Growth,AXIS,Redemption,2024-07-02,2080.12,18.1783,114.4285
TXN0001064,INV3NX39,Investor_0165,HUF,Chennai,Tamil Nadu,Aggressive,125497,HDFC Mid-Cap Opportunities Fund - Direct Growth,HDFC,Switch-Out,2024-04-08,103949.42,427.6621,243.0644
TXN0001065,INVODRO8,Investor_0199,Corporate,Ahmedabad,Gujarat,Aggressive,125497,HDFC Mid-Cap Opportunities Fund - Direct Growth,HDFC,Redemption,2023-11-17,907.39,4.0354,224.8591
TXN0001066,INVYOFQE,Investor_0100,Corporate,Kolkata,West Bengal,Aggressive,122639,SBI Small Cap Fund - Direct Growth,SBI,Switch-Out,2024-11-13,9427.47,38.7507,243.2851
TXN0001067,INVL0UKE,Investor_0142,HUF,Hyderabad,Telangana,Conservative,118989,ICICI Prudential Technology Fund - Direct Growth,ICICI,Switch-Out,2022-11-24,26285.23,86.8489,302.6547
TXN0001068,INVMDD4V,Investor_0006,Corporate,Kolkata,West Bengal,Aggressive,119551,Axis Bluechip Fund - Direct Growth,AXIS,Switch-Out,2023-09-15,9482.68,69.5622,136.3194
TXN0001069,INVLPU0D,Investor_0186,Individual,Pune,Maharashtra,Moderate,120465,Nippon India Large Cap Fund - Direct Growth,NIPPON,Switch-Out,2024-02-03,1046.4,4.5383,230.5719
TXN0001070,INV3J2D5,Investor_0067,Corporate,Ahmedabad,Gujarat,Conservative,120716,Canara Robeco Bluechip Equity Fund - Direct Growth,CANARA,Redemption,2022-09-13,909.55,6.9572,130.7353
TXN0001071,INVZP08J,Investor_0115,Corporate,Ahmedabad,Gujarat,Aggressive,118989,ICICI Prudential Technology Fund - Direct Growth,ICICI,Switch-Out,2023-04-29,495.31,1.8861,262.6059
TXN0001072,INV0982N,Investor_0191,Individual,Bengaluru,Karnataka,Aggressive,135781,Parag Parikh Flexi Cap Fund - Direct Growth,PPFAS,Switch-Out,2023-08-06,4850.34,19.5798,247.7221
TXN0001073,INV5BCW7,Investor_0171,Corporate,Lucknow,Uttar Pradesh,Moderate,135781,Parag Parikh Flexi Cap Fund - Direct Growth,PPFAS,Lumpsum,2023-05-23,50196.67,223.1745,224.9212
TXN0001074,INVLC58D,Investor_0027,Individual,Pune,Maharashtra,Moderate,119598,Kotak Bluechip Fund - Direct Growth,KOTAK,Switch-Out,2024-01-10,5322.84,92.5494,57.5135
TXN0001075,INVJ43D5,Investor_0117,Corporate,Delhi,Delhi,Conservative,120503,Mirae Asset Large Cap Fund - Direct Growth,MIRAE,Lumpsum,2022-06-17,53284.38,221.1055,240.9908
TXN0001076,INV5KXVF,Investor_0024,HUF,Lucknow,Uttar Pradesh,Aggressive,119551,Axis Bluechip Fund - Direct Growth,AXIS,Switch-In,2024-07-02,1990.5,9.8879,201.3057
TXN0001077,INVN9T84,Investor_0020,Corporate,Hyderabad,Telangana,Aggressive,119598,Kotak Bluechip Fund - Direct Growth,KOTAK,Switch-Out,2024-11-28,50882.39,689.2961,73.8179
TXN0001078,INVBNP84,Investor_0200,Individual,Lucknow,Uttar Pradesh,Aggressive,120465,Nippon India Large Cap Fund - Direct Growth,NIPPON,Redemption,2024-06-20,102729.22,452.4775,227.0372
TXN0001079,INVJJA26,Investor_0177,Corporate,Jaipur,Rajasthan,Conservative,120594,DSP Top 100 Equity Fund - Direct Growth,DSP,Switch-In,2022-09-18,1857.74,23.2109,80.0374
TXN0001080,INVJEGET,Investor_0125,Individual,Mumbai,Maharashtra,Conservative,120594,DSP Top 100 Equity Fund - Direct Growth,DSP,Lumpsum,2024-07-21,1038.89,7.9953,129.9368
TXN0001081,INVXR2DH,Investor_0122,Individual,Pune,Maharashtra,Conservative,119551,Axis Bluechip Fund - Direct Growth,AXIS,Lumpsum,2022-09-01,27108.49,219.4808,123.5119
TXN0001082,INVVIFTT,Investor_0155,Corporate,Jaipur,Rajasthan,Conservative,120465,Nippon India Large Cap Fund - Direct Growth,NIPPON,SIP,2023-08-17,973.92,5.147,189.2198
TXN0001083,INVNHJ7X,Investor_0011,Corporate,Delhi,Delhi,Conservative,120716,Canara Robeco Bluechip Equity Fund - Direct Growth,CANARA,Lumpsum,2024-02-06,974.29,5.7149,170.4815
TXN0001084,INVKEP7Y,Investor_0078,Corporate,Pune,Maharashtra,Conservative,118989,ICICI Prudential Technology Fund - Direct Growth,ICICI,Switch-In,2022-10-19,529.12,1.8032,293.4333
TXN0001085,INVL8OS9,Investor_0151,Individual,Chennai,Tamil Nadu,Aggressive,120465,Nippon India Large Cap Fund - Direct Growth,NIPPON,SIP,2023-03-18,10778.11,41.1454,261.952
TXN0001086,INVCGVYI,Investor_0047,Corporate,Chennai,Tamil Nadu,Conservative,120594,DSP Top 100 Equity Fund - Direct Growth,DSP,SIP,2022-05-19,1009.51,13.085,77.1499
TXN0001087,INVVG0FN,Investor_0012,Individual,Hyderabad,Telangana,Conservative,120465,Nippon India Large Cap Fund - Direct Growth,NIPPON,Switch-In,2023-11-23,10131.53,33.7711,300.0062
TXN0001088,INVNAM14,Investor_0097,Corporate,Delhi,Delhi,Aggressive,120594,DSP Top 100 Equity Fund - Direct Growth,DSP,Switch-Out,2024-10-30,2104.78,18.2511,115.3235
TXN0001089,INVQLGZU,Investor_0163,HUF,Bengaluru,Karnataka,Conservative,120594,DSP Top 100 Equity Fund - Direct Growth,DSP,Switch-In,2023-10-29,92979.65,788.9286,117.8556
TXN0001090,INV5JSG6,Investor_0023,HUF,Hyderabad,Telangana,Conservative,135781,Parag Parikh Flexi Cap Fund - Direct Growth,PPFAS,Switch-Out,2024-03-20,48872.35,239.1061,204.3961
TXN0001091,INVDPG8S,Investor_0087,Corporate,Pune,Maharashtra,Conservative,120716,Canara Robeco Bluechip Equity Fund - Direct Growth,CANARA,SIP,2022-07-01,104718.26,510.8587,204.9848
TXN0001092,INVJ2QP8,Investor_0043,Individual,Lucknow,Uttar Pradesh,Moderate,119551,Axis Bluechip Fund - Direct Growth,AXIS,Switch-Out,2022-09-11,10122.09,62.5956,161.7062
TXN0001093,INV3NX39,Investor_0165,HUF,Chennai,Tamil Nadu,Aggressive,120716,Canara Robeco Bluechip Equity Fund - Direct Growth,CANARA,SIP,2022-04-19,5455.17,30.7227,177.5614
TXN0001094,INV9YJB1,Investor_0146,Corporate,Delhi,Delhi,Aggressive,120716,Canara Robeco Bluechip Equity Fund - Direct Growth,CANARA,Lumpsum,2022-02-08,100052.78,560.3204,178.5635
TXN0001095,INV9XPSE,Investor_0031,HUF,Chennai,Tamil Nadu,Moderate,120716,Canara Robeco Bluechip Equity Fund - Direct Growth,CANARA,Lumpsum,2023-02-26,477.5,3.1586,151.1741
TXN0001096,INV6HID2,Investor_0063,Individual,Lucknow,Uttar Pradesh,Moderate,135781,Parag Parikh Flexi Cap Fund - Direct Growth,PPFAS,Switch-In,2023-10-19,1061.38,5.0476,210.2729
TXN0001097,INVHL1N1,Investor_0103,Corporate,Kolkata,West Bengal,Aggressive,135781,Parag Parikh Flexi Cap Fund - Direct Growth,PPFAS,SIP,2022-02-17,107239.49,619.0427,173.2344
TXN0001098,INVBI4Q2,Investor_0088,Individual,Kolkata,West Bengal,Conservative,120465,Nippon India Large Cap Fund - Direct Growth,NIPPON,Lumpsum,2024-12-17,45240.57,179.5407,251.9795
TXN0001099,INVGDSWM,Investor_0082,HUF,Bengaluru,Karnataka,Aggressive,120465,Nippon India Large Cap Fund - Direct Growth,NIPPON,Redemption,2022-07-23,922.93,3.4636,266.464
TXN0001100,INVZQY72,Investor_0139,Corporate,Delhi,Delhi,Conservative,122639,SBI Small Cap Fund - Direct Growth,SBI,Redemption,2022-07-03,1873.07,4.8566,385.6722
TXN0001101,INV5TB94,Investor_0040,Corporate,Mumbai,Maharashtra,Conservative,118989,ICICI Prudential Technology Fund - Direct Growth,ICICI,Switch-In,2023-10-29,1823.57,9.6297,189.3696
TXN0001102,INVCGVYI,Investor_0047,Corporate,Chennai,Tamil Nadu,Conservative,119551,Axis Bluechip Fund - Direct Growth,AXIS,SIP,2023-10-18,9779.88,47.4631,206.0522
TXN0001103,INV0Y9DO,Investor_0037,HUF,Delhi,Delhi,Conservative,120465,Nippon India Large Cap Fund - Direct Growth,NIPPON,Redemption,2022-09-05,9751.03,42.3466,230.2671
TXN0001104,INV1IBLJ,Investor_0014,Individual,Mumbai,Maharashtra,Moderate,125497,HDFC Mid-Cap Opportunities Fund - Direct Growth,HDFC,Lumpsum,2024-10-30,4992.98,26.2441,190.2516
TXN0001105,INVHHPBM,Investor_0099,HUF,Hyderabad,Telangana,Conservative,120503,Mirae Asset Large Cap Fund - Direct Growth,MIRAE,Redemption,2024-04-13,481.83,3.3246,144.927
TXN0001106,INVUJV6O,Investor_0017,HUF,Hyderabad,Telangana,Aggressive,120594,DSP Top 100 Equity Fund - Direct Growth,DSP,SIP,2022-02-08,51335.41,442.465,116.0214
TXN0001107,INV2IAGL,Investor_0069,Individual,Mumbai,Maharashtra,Moderate,120716,Canara Robeco Bluechip Equity Fund - Direct Growth,CANARA,Switch-Out,2022-09-15,949.26,4.8479,195.8091
TXN0001108,INVKEP7Y,Investor_0078,Corporate,Pune,Maharashtra,Conservative,135781,Parag Parikh Flexi Cap Fund - Direct Growth,PPFAS,Switch-In,2024-10-21,91678.17,293.167,312.7165
TXN0001109,INV55NF4,Investor_0053,Individual,Delhi,Delhi,Aggressive,122639,SBI Small Cap Fund - Direct Growth,SBI,Redemption,2024-05-17,2112.81,6.9813,302.6386
TXN0001110,INVYZ7SR,Investor_0143,Corporate,Bengaluru,Karnataka,Conservative,120594,DSP Top 100 Equity Fund - Direct Growth,DSP,SIP,2023-08-16,531.26,5.8732,90.4548
TXN0001111,INVOXFQ8,Investor_0168,HUF,Mumbai,Maharashtra,Conservative,122639,SBI Small Cap Fund - Direct Growth,SBI,SIP,2024-09-14,543.35,1.4214,382.2531
TXN0001112,INV58KXO,Investor_0070,HUF,Ahmedabad,Gujarat,Moderate,135781,Parag Parikh Flexi Cap Fund - Direct Growth,PPFAS,Redemption,2023-03-12,54992.42,196.9593,279.207
TXN0001113,INV83TQL,Investor_0150,HUF,Delhi,Delhi,Conservative,120716,Canara Robeco Bluechip Equity Fund - Direct Growth,CANARA,Redemption,2024-12-29,466.14,2.1194,219.9393
TXN0001114,INVD84U8,Investor_0145,Individual,Hyderabad,Telangana,Moderate,120503,Mirae Asset Large Cap Fund - Direct Growth,MIRAE,Redemption,2022-09-09,979.06,5.9691,164.0227
TXN0001115,INVGDPPQ,Investor_0036,HUF,Bengaluru,Karnataka,Conservative,120716,Canara Robeco Bluechip Equity Fund - Direct Growth,CANARA,Redemption,2024-10-30,47108.5,241.0564,195.4252
TXN0001116,INVGDSWM,Investor_0082,HUF,Bengaluru,Karnataka,Aggressive,119598,Kotak Bluechip Fund - Direct Growth,KOTAK,Redemption,2023-10-21,95460.26,1799.5785,53.0459
TXN0001117,INVBI4Q2,Investor_0088,Individual,Kolkata,West Bengal,Conservative,125497,HDFC Mid-Cap Opportunities Fund - Direct Growth,HDFC,Switch-In,2022-10-01,22579.37,110.3723,204.5746
TXN0001118,INVRBSV5,Investor_0166,HUF,Pune,Maharashtra,Conservative,119551,Axis Bluechip Fund - Direct Growth,AXIS,Switch-Out,2022-01-20,90085.58,715.8825,125.8385
TXN0001119,INV5PY6B,Investor_0173,Individual,Delhi,Delhi,Moderate,122639,SBI Small Cap Fund - Direct Growth,SBI,Switch-In,2022-06-16,105249.3,286.5216,367.3346
TXN0001120,INV5PSQ0,Investor_0167,HUF,Pune,Maharashtra,Conservative,120503,Mirae Asset Large Cap Fund - Direct Growth,MIRAE,Switch-Out,2024-06-30,539.26,2.5411,212.2192
TXN0001121,INV5PY6B,Investor_0173,Individual,Delhi,Delhi,Moderate,120503,Mirae Asset Large Cap Fund - Direct Growth,MIRAE,Redemption,2024-01-04,53274.67,367.4513,144.9843
TXN0001122,INVYOFQE,Investor_0100,Corporate,Kolkata,West Bengal,Aggressive,122639,SBI Small Cap Fund - Direct Growth,SBI,SIP,2023-01-31,992.54,3.3182,299.1185
TXN0001123,INV3D8W3,Investor_0114,HUF,Bengaluru,Karnataka,Conservative,119551,Axis Bluechip Fund - Direct Growth,AXIS,Lumpsum,2024-01-03,525.84,3.4297,153.3185
TXN0001124,INVZIOYK,Investor_0050,Individual,Kolkata,West Bengal,Conservative,120503,Mirae Asset Large Cap Fund - Direct Growth,MIRAE,Switch-Out,2023-03-29,10616.83,62.7388,169.2228
TXN0001125,INVTPAC5,Investor_0060,Corporate,Ahmedabad,Gujarat,Aggressive,120594,DSP Top 100 Equity Fund - Direct Growth,DSP,Redemption,2023-03-05,478.08,6.2636,76.3268
TXN0001126,INVY6DPB,Investor_0002,HUF,Pune,Maharashtra,Conservative,125497,HDFC Mid-Cap Opportunities Fund - Direct Growth,HDFC,Switch-In,2024-10-21,1073.98,5.83,184.2149
TXN0001127,INV9SKDG,Investor_0127,Individual,Jaipur,Rajasthan,Aggressive,122639,SBI Small Cap Fund - Direct Growth,SBI,Switch-Out,2022-12-26,5159.84,13.0344,395.8621
TXN0001128,INVUJV6O,Investor_0017,HUF,Hyderabad,Telangana,Aggressive,135781,Parag Parikh Flexi Cap Fund - Direct Growth,PPFAS,Lumpsum,2023-04-12,925.49,4.0793,226.8736
TXN0001129,INVV2ISQ,Investor_0134,Individual,Mumbai,Maharashtra,Aggressive,118989,ICICI Prudential Technology Fund - Direct Growth,ICICI,Lumpsum,2024-12-27,549.2,2.3923,229.5679
TXN0001130,INV49ITN,Investor_0158,Individual,Jaipur,Rajasthan,Conservative,118989,ICICI Prudential Technology Fund - Direct Growth,ICICI,Switch-Out,2024-05-24,90039.1,275.8647,326.3886
TXN0001131,INV3NX39,Investor_0165,HUF,Chennai,Tamil Nadu,Aggressive,119551,Axis Bluechip Fund - Direct Growth,AXIS,Redemption,2024-04-13,53443.42,452.5793,118.0863
TXN0001132,INV9T7E8,Investor_0071,Individual,Kolkata,West Bengal,Conservative,120503,Mirae Asset Large Cap Fund - Direct Growth,MIRAE,Switch-Out,2024-11-25,99911.49,429.9238,232.3935
TXN0001133,INVHC36K,Investor_0195,HUF,Delhi,Delhi,Conservative,119551,Axis Bluechip Fund - Direct Growth,AXIS,Lumpsum,2024-05-10,477.79,2.9475,162.0975
TXN0001134,INVXFGCA,Investor_0137,Individual,Chennai,Tamil Nadu,Moderate,120594,DSP Top 100 Equity Fund - Direct Growth,DSP,Redemption,2023-11-17,489.19,3.6279,134.8411
TXN0001135,INVAZYTJ,Investor_0021,Individual,Delhi,Delhi,Aggressive,135781,Parag Parikh Flexi Cap Fund - Direct Growth,PPFAS,SIP,2024-05-17,5478.1,23.6217,231.9096
TXN0001136,INVN9T84,Investor_0020,Corporate,Hyderabad,Telangana,Aggressive,125497,HDFC Mid-Cap Opportunities Fund - Direct Growth,HDFC,Lumpsum,2022-05-09,1931.69,8.281,233.2683
TXN0001137,INVKKV9R,Investor_0161,HUF,Chennai,Tamil Nadu,Conservative,120503,Mirae Asset Large Cap Fund - Direct Growth,MIRAE,SIP,2022-02-19,98638.98,668.505,147.5516
TXN0001138,INVXTOGN,Investor_0152,Individual,Lucknow,Uttar Pradesh,Moderate,119598,Kotak Bluechip Fund - Direct Growth,KOTAK,Redemption,2023-05-04,4607.84,50.7248,90.84
TXN0001139,INVBI4Q2,Investor_0088,Individual,Kolkata,West Bengal,Conservative,119551,Axis Bluechip Fund - Direct Growth,AXIS,Redemption,2024-06-17,5443.55,36.7101,148.2848
TXN0001140,INVOF8KR,Investor_0196,Corporate,Chennai,Tamil Nadu,Moderate,120503,Mirae Asset Large Cap Fund - Direct Growth,MIRAE,Switch-In,2022-05-05,917.11,4.5224,202.7949
TXN0001141,INVZBIKC,Investor_0009,HUF,Delhi,Delhi,Conservative,120465,Nippon India Large Cap Fund - Direct Growth,NIPPON,Redemption,2022-05-07,1056.53,5.0376,209.7291
TXN0001142,INV3D8W3,Investor_0114,HUF,Bengaluru,Karnataka,Conservative,119551,Axis Bluechip Fund - Direct Growth,AXIS,Redemption,2022-04-25,45657.9,219.2957,208.2024
TXN0001143,INVCBPLJ,Investor_0144,HUF,Ahmedabad,Gujarat,Moderate,119551,Axis Bluechip Fund - Direct Growth,AXIS,Redemption,2024-04-21,49016.83,270.7707,181.0271
TXN0001144,INVTPAC5,Investor_0060,Corporate,Ahmedabad,Gujarat,Aggressive,135781,Parag Parikh Flexi Cap Fund - Direct Growth,PPFAS,Switch-Out,2024-08-08,495.34,2.7419,180.6584
TXN0001145,INVY8OZC,Investor_0110,Individual,Kolkata,West Bengal,Aggressive,135781,Parag Parikh Flexi Cap Fund - Direct Growth,PPFAS,Switch-Out,2022-02-23,967.92,4.9398,195.9435
TXN0001146,INVJ43D5,Investor_0117,Corporate,Delhi,Delhi,Conservative,120716,Canara Robeco Bluechip Equity Fund - Direct Growth,CANARA,Redemption,2022-01-26,4608.01,28.2482,163.1257
TXN0001147,INV1W1HT,Investor_0153,Individual,Hyderabad,Telangana,Aggressive,120503,Mirae Asset Large Cap Fund - Direct Growth,MIRAE,Switch-Out,2022-09-16,5404.37,32.6714,165.4161
TXN0001148,INVI1B0Z,Investor_0164,HUF,Chennai,Tamil Nadu,Conservative,120716,Canara Robeco Bluechip Equity Fund - Direct Growth,CANARA,Redemption,2024-06-29,24605.04,160.756,153.0583
TXN0001149,INVE6IVW,Investor_0048,HUF,Mumbai,Maharashtra,Moderate,125497,HDFC Mid-Cap Opportunities Fund - Direct Growth,HDFC,Lumpsum,2023-10-01,456.05,1.6907,269.7474
TXN0001150,INV83TQL,Investor_0150,HUF,Delhi,Delhi,Conservative,120465,Nippon India Large Cap Fund - Direct Growth,NIPPON,Switch-Out,2022-10-26,24055.94,81.5815,294.8699
TXN0001151,INVM5IGQ,Investor_0038,Individual,Mumbai,Maharashtra,Moderate,120594,DSP Top 100 Equity Fund - Direct Growth,DSP,Redemption,2022-01-17,23955.32,179.5696,133.4041
TXN0001152,INVUK9E1,Investor_0133,Individual,Kolkata,West Bengal,Conservative,135781,Parag Parikh Flexi Cap Fund - Direct Growth,PPFAS,Lumpsum,2022-04-22,473.74,1.988,238.299
TXN0001153,INV38DAL,Investor_0109,Corporate,Pune,Maharashtra,Moderate,119598,Kotak Bluechip Fund - Direct Growth,KOTAK,Lumpsum,2023-02-17,5140.55,63.2611,81.2593
TXN0001154,INVH9SDB,Investor_0018,HUF,Bengaluru,Karnataka,Conservative,119598,Kotak Bluechip Fund - Direct Growth,KOTAK,Lumpsum,2024-08-15,103895.63,1478.4994,70.271
TXN0001155,INV7PZE9,Investor_0154,HUF,Kolkata,West Bengal,Moderate,119598,Kotak Bluechip Fund - Direct Growth,KOTAK,Switch-Out,2024-05-07,25580.52,396.5585,64.5063
TXN0001156,INVOWGZR,Investor_0085,HUF,Lucknow,Uttar Pradesh,Aggressive,122639,SBI Small Cap Fund - Direct Growth,SBI,SIP,2022-03-28,107522.11,316.3036,339.9333
TXN0001157,INV9SKDG,Investor_0127,Individual,Jaipur,Rajasthan,Aggressive,125497,HDFC Mid-Cap Opportunities Fund - Direct Growth,HDFC,SIP,2024-08-13,5193.22,26.2433,197.8878
TXN0001158,INV2O7S3,Investor_0160,Corporate,Lucknow,Uttar Pradesh,Conservative,125497,HDFC Mid-Cap Opportunities Fund - Direct Growth,HDFC,Lumpsum,2023-11-10,104691.72,391.2084,267.6111
TXN0001159,INVE8F84,Investor_0190,Corporate,Mumbai,Maharashtra,Aggressive,120465,Nippon India Large Cap Fund - Direct Growth,NIPPON,Lumpsum,2022-01-14,46842.45,174.6062,268.2748
TXN0001160,INVCKJLT,Investor_0093,HUF,Jaipur,Rajasthan,Moderate,119551,Axis Bluechip Fund - Direct Growth,AXIS,SIP,2022-08-24,22650.09,116.2741,194.7991
TXN0001161,INV0Y9DO,Investor_0037,HUF,Delhi,Delhi,Conservative,118989,ICICI Prudential Technology Fund - Direct Growth,ICICI,Switch-In,2024-01-08,5131.33,18.11,283.342
TXN0001162,INVVG0FN,Investor_0012,Individual,Hyderabad,Telangana,Conservative,119551,Axis Bluechip Fund - Direct Growth,AXIS,Lumpsum,2023-03-25,4784.1,29.5768,161.752
TXN0001163,INV4I3QK,Investor_0068,HUF,Mumbai,Maharashtra,Aggressive,122639,SBI Small Cap Fund - Direct Growth,SBI,Redemption,2022-02-14,4678.54,14.1463,330.7248
TXN0001164,INVVS4F8,Investor_0046,Individual,Bengaluru,Karnataka,Aggressive,118989,ICICI Prudential Technology Fund - Direct Growth,ICICI,SIP,2022-10-09,533.14,2.2934,232.4677
TXN0001165,INV8P0TV,Investor_0098,HUF,Jaipur,Rajasthan,Conservative,120503,Mirae Asset Large Cap Fund - Direct Growth,MIRAE,Redemption,2023-05-07,4805.07,31.6001,152.0588
TXN0001166,INVOTOHP,Investor_0095,HUF,Kolkata,West Bengal,Aggressive,119598,Kotak Bluechip Fund - Direct Growth,KOTAK,Lumpsum,2022-05-14,53783.88,644.089,83.5038
TXN0001167,INV9XPSE,Investor_0031,HUF,Chennai,Tamil Nadu,Moderate,122639,SBI Small Cap Fund - Direct Growth,SBI,Lumpsum,2024-02-14,4691.68,11.1303,421.5243
TXN0001168,INVYFPMV,Investor_0178,Individual,Hyderabad,Telangana,Conservative,119598,Kotak Bluechip Fund - Direct Growth,KOTAK,Redemption,2023-05-16,54769.82,917.8633,59.671
TXN0001170,INVPKI7P,Investor_0039,Corporate,Bengaluru,Karnataka,Moderate,119598,Kotak Bluechip Fund - Direct Growth,KOTAK,Lumpsum,2023-07-28,512.95,8.5066,60.3002
TXN0001171,INVCWI64,Investor_0033,Individual,Bengaluru,Karnataka,Moderate,120716,Canara Robeco Bluechip Equity Fund - Direct Growth,CANARA,Switch-Out,2022-06-16,94184.75,532.4241,176.898
TXN0001172,INVDZR1Y,Investor_0121,HUF,Delhi,Delhi,Moderate,135781,Parag Parikh Flexi Cap Fund - Direct Growth,PPFAS,SIP,2024-11-08,2003.45,8.9286,224.3849
TXN0001173,INV6VZ41,Investor_0096,Corporate,Delhi,Delhi,Conservative,120594,DSP Top 100 Equity Fund - Direct Growth,DSP,Switch-Out,2024-02-05,93579.97,1152.0938,81.226
TXN0001174,INVP49KW,Investor_0135,Corporate,Chennai,Tamil Nadu,Conservative,120594,DSP Top 100 Equity Fund - Direct Growth,DSP,Switch-In,2024-04-01,95366.71,1234.6468,77.2421
TXN0001175,INVI1B0Z,Investor_0164,HUF,Chennai,Tamil Nadu,Conservative,135781,Parag Parikh Flexi Cap Fund - Direct Growth,PPFAS,SIP,2023-02-20,4719.53,20.7302,227.6642
TXN0001176,INV3TRP0,Investor_0116,Corporate,Delhi,Delhi,Aggressive,125497,HDFC Mid-Cap Opportunities Fund - Direct Growth,HDFC,Switch-In,2024-02-12,4806.0,32.0399,150.0007
TXN0001177,INVQX6GV,Investor_0147,HUF,Pune,Maharashtra,Moderate,122639,SBI Small Cap Fund - Direct Growth,SBI,Redemption,2022-10-03,10101.1,39.6027,255.0606
TXN0001178,INVYV37D,Investor_0193,Individual,Lucknow,Uttar Pradesh,Aggressive,120503,Mirae Asset Large Cap Fund - Direct Growth,MIRAE,Redemption,2023-04-17,100376.41,641.976,156.3554
TXN0001179,INV83TQL,Investor_0150,HUF,Delhi,Delhi,Conservative,119551,Axis Bluechip Fund - Direct Growth,AXIS,Switch-In,2024-08-15,24630.51,215.8167,114.127
TXN0001180,INVYWD14,Investor_0111,Corporate,Pune,Maharashtra,Conservative,120465,Nippon India Large Cap Fund - Direct Growth,NIPPON,Redemption,2024-02-23,96340.41,454.1214,212.1468
TXN0001181,INV30T9N,Investor_0007,Corporate,Chennai,Tamil Nadu,Moderate,122639,SBI Small Cap Fund - Direct Growth,SBI,Switch-In,2022-06-05,4765.62,13.5457,351.8176
TXN0001182,INVW1SWJ,Investor_0092,Individual,Ahmedabad,Gujarat,Moderate,120503,Mirae Asset Large Cap Fund - Direct Growth,MIRAE,Redemption,2023-04-12,1057.17,4.428,238.7485
TXN0001183,INVLA753,Investor_0026,Individual,Hyderabad,Telangana,Moderate,120503,Mirae Asset Large Cap Fund - Direct Growth,MIRAE,SIP,2023-02-15,22691.41,139.5739,162.5763
TXN0001184,INVIXA11,Investor_0086,Individual,Jaipur,Rajasthan,Aggressive,125497,HDFC Mid-Cap Opportunities Fund - Direct Growth,HDFC,Redemption,2023-07-17,9605.43,62.2814,154.2263
TXN0001185,INVPVS7H,Investor_0049,Corporate,Bengaluru,Karnataka,Aggressive,135781,Parag Parikh Flexi Cap Fund - Direct Growth,PPFAS,Lumpsum,2023-09-06,9017.07,31.9035,282.6356
TXN0001186,INV0LVSN,Investor_0073,Individual,Delhi,Delhi,Aggressive,119598,Kotak Bluechip Fund - Direct Growth,KOTAK,Switch-In,2022-01-25,53218.61,1054.4248,50.4717
TXN0001187,INVDZR1Y,Investor_0121,HUF,Delhi,Delhi,Moderate,120716,Canara Robeco Bluechip Equity Fund - Direct Growth,CANARA,Lumpsum,2023-03-06,47275.78,238.1917,198.4779
TXN0001188,INVXR2DH,Investor_0122,Individual,Pune,Maharashtra,Conservative,125497,HDFC Mid-Cap Opportunities Fund - Direct Growth,HDFC,Switch-Out,2024-08-02,104450.21,650.5426,160.5586
TXN0001189,INVBI4Q2,Investor_0088,Individual,Kolkata,West Bengal,Conservative,120503,Mirae Asset Large Cap Fund - Direct Growth,MIRAE,Redemption,2024-05-05,4928.79,29.5461,166.8169
TXN0001190,INVZW9XA,Investor_0054,Individual,Ahmedabad,Gujarat,Aggressive,120594,DSP Top 100 Equity Fund - Direct Growth,DSP,Switch-In,2022-09-20,487.47,5.975,81.5853
TXN0001191,INV6WKTA,Investor_0079,HUF,Lucknow,Uttar Pradesh,Aggressive,119551,Axis Bluechip Fund - Direct Growth,AXIS,Switch-In,2024-05-08,24199.11,174.6042,138.5941
TXN0001193,INV9YJB1,Investor_0146,Corporate,Delhi,Delhi,Aggressive,119551,Axis Bluechip Fund - Direct Growth,AXIS,Lumpsum,2023-11-08,2190.9,17.2308,127.1499
TXN0001194,INV9YJB1,Investor_0146,Corporate,Delhi,Delhi,Aggressive,135781,Parag Parikh Flexi Cap Fund - Direct Growth,PPFAS,Switch-Out,2023-02-23,54801.72,169.8831,322.5848
TXN0001195,INVWAOUA,Investor_0101,HUF,Ahmedabad,Gujarat,Moderate,120503,Mirae Asset Large Cap Fund - Direct Growth,MIRAE,Switch-Out,2022-08-11,46883.39,262.1546,178.8387
TXN0001196,INVOWGZR,Investor_0085,HUF,Lucknow,Uttar Pradesh,Aggressive,135781,Parag Parikh Flexi Cap Fund - Direct Growth,PPFAS,Switch-In,2022-08-02,9186.48,29.4735,311.6866
TXN0001197,INV5PY6B,Investor_0173,Individual,Delhi,Delhi,Moderate,120716,Canara Robeco Bluechip Equity Fund - Direct Growth,CANARA,Lumpsum,2024-09-27,532.65,3.7792,140.9412
TXN0001198,INV30T9N,Investor_0007,Corporate,Chennai,Tamil Nadu,Moderate,122639,SBI Small Cap Fund - Direct Growth,SBI,Lumpsum,2024-03-01,1082.27,3.9763,272.1778
TXN0001199,INV0LVSN,Investor_0073,Individual,Delhi,Delhi,Aggressive,125497,HDFC Mid-Cap Opportunities Fund - Direct Growth,HDFC,Lumpsum,2022-05-24,10319.14,47.9329,215.283
TXN0001200,INVJ43D5,Investor_0117,Corporate,Delhi,Delhi,Conservative,119551,Axis Bluechip Fund - Direct Growth,AXIS,Redemption,2024-04-21,467.18,3.9265,118.9805
TXN0001201,INVWAOUA,Investor_0101,HUF,Ahmedabad,Gujarat,Moderate,122639,SBI Small Cap Fund - Direct Growth,SBI,SIP,2024-09-06,2014.58,5.0672,397.5756
TXN0001202,INV0982N,Investor_0191,Individual,Bengaluru,Karnataka,Aggressive,120503,Mirae Asset Large Cap Fund - Direct Growth,MIRAE,Switch-In,2023-02-26,4629.93,24.0481,192.5279
TXN0001203,INVKPUXQ,Investor_0080,Corporate,Bengaluru,Karnataka,Conservative,120465,Nippon India Large Cap Fund - Direct Growth,NIPPON,Switch-In,2023-09-28,2041.48,6.7709,301.5067
TXN0001204,INVL8OS9,Investor_0151,Individual,Chennai,Tamil Nadu,Aggressive,125497,HDFC Mid-Cap Opportunities Fund - Direct Growth,HDFC,Switch-Out,2022-01-16,95508.82,575.206,166.0428
TXN0001205,INV0Y9DO,Investor_0037,HUF,Delhi,Delhi,Conservative,120594,DSP Top 100 Equity Fund - Direct Growth,DSP,SIP,2023-05-21,51048.49,442.6486,115.3251
TXN0001206,INVP49KW,Investor_0135,Corporate,Chennai,Tamil Nadu,Conservative,119598,Kotak Bluechip Fund - Direct Growth,KOTAK,Switch-Out,2022-03-22,99204.09,1302.5149,76.1635
TXN0001207,INV3R30M,Investor_0189,Individual,Delhi,Delhi,Moderate,120503,Mirae Asset Large Cap Fund - Direct Growth,MIRAE,Redemption,2023-09-02,96935.64,419.6731,230.9789
TXN0001208,INVWAOUA,Investor_0101,HUF,Ahmedabad,Gujarat,Moderate,135781,Parag Parikh Flexi Cap Fund - Direct Growth,PPFAS,Lumpsum,2024-06-03,47491.35,218.4435,217.4079
TXN0001209,INVIQVNB,Investor_0118,Corporate,Delhi,Delhi,Aggressive,120465,Nippon India Large Cap Fund - Direct Growth,NIPPON,Lumpsum,2022-03-31,978.71,2.8802,339.8027
TXN0001210,INVEL624,Investor_0062,Corporate,Hyderabad,Telangana,Moderate,122639,SBI Small Cap Fund - Direct Growth,SBI,Redemption,2022-05-17,10333.31,24.0108,430.3612
TXN0001211,INVXPJ4H,Investor_0179,HUF,Kolkata,West Bengal,Conservative,125497,HDFC Mid-Cap Opportunities Fund - Direct Growth,HDFC,Switch-In,2022-09-06,54923.9,216.7108,253.4433
TXN0001212,INVOTOHP,Investor_0095,HUF,Kolkata,West Bengal,Aggressive,120503,Mirae Asset Large Cap Fund - Direct Growth,MIRAE,SIP,2022-12-04,24550.48,117.6701,208.6383
TXN0001213,INV5935A,Investor_0065,HUF,Jaipur,Rajasthan,Aggressive,125497,HDFC Mid-Cap Opportunities Fund - Direct Growth,HDFC,Switch-Out,2022-05-30,496.22,2.5188,197.0027
TXN0001214,INVI1B0Z,Investor_0164,HUF,Chennai,Tamil Nadu,Conservative,120594,DSP Top 100 Equity Fund - Direct Growth,DSP,Switch-In,2023-02-03,26229.79,338.1217,77.575
TXN0001215,INVXEQBN,Investor_0102,HUF,Hyderabad,Telangana,Aggressive,119551,Axis Bluechip Fund - Direct Growth,AXIS,SIP,2022-10-07,9229.37,44.2934,208.3689
TXN0001216,INVAIR4C,Investor_0084,HUF,Lucknow,Uttar Pradesh,Conservative,120594,DSP Top 100 Equity Fund - Direct Growth,DSP,Switch-In,2023-05-12,91364.74,675.2059,135.3139
TXN0001217,INVR6K2V,Investor_0183,Individual,Bengaluru,Karnataka,Moderate,120594,DSP Top 100 Equity Fund - Direct Growth,DSP,Lumpsum,2022-11-27,106408.53,1418.0997,75.036
TXN0001218,INV9UZFK,Investor_0044,Individual,Pune,Maharashtra,Conservative,119551,Axis Bluechip Fund - Direct Growth,AXIS,Switch-Out,2022-09-12,935.45,6.2565,149.5155
TXN0001219,INVXFGCA,Investor_0137,Individual,Chennai,Tamil Nadu,Moderate,120465,Nippon India Large Cap Fund - Direct Growth,NIPPON,Lumpsum,2022-01-23,1034.28,3.1237,331.1065
TXN0001220,INV2KNFT,Investor_0174,HUF,Bengaluru,Karnataka,Aggressive,118989,ICICI Prudential Technology Fund - Direct Growth,ICICI,Lumpsum,2023-03-20,97161.74,507.1157,191.5968
TXN0001221,INVR6K2V,Investor_0183,Individual,Bengaluru,Karnataka,Moderate,119551,Axis Bluechip Fund - Direct Growth,AXIS,Switch-Out,2022-04-08,4942.06,37.0102,133.5325
TXN0001222,INVQLGZU,Investor_0163,HUF,Bengaluru,Karnataka,Conservative,120716,Canara Robeco Bluechip Equity Fund - Direct Growth,CANARA,SIP,2024-06-28,51903.47,231.3678,224.3332
TXN0001223,INV1IBLJ,Investor_0014,Individual,Mumbai,Maharashtra,Moderate,135781,Parag Parikh Flexi Cap Fund - Direct Growth,PPFAS,SIP,2023-02-18,527.24,1.755,300.4137
TXN0001224,INV5OWF7,Investor_0064,Individual,Mumbai,Maharashtra,Moderate,119598,Kotak Bluechip Fund - Direct Growth,KOTAK,Lumpsum,2024-05-13,4591.39,50.9547,90.1073
TXN0001225,INVT3W5U,Investor_0008,Corporate,Hyderabad,Telangana,Aggressive,119551,Axis Bluechip Fund - Direct Growth,AXIS,Redemption,2022-05-10,5179.96,40.4344,128.1079
TXN0001226,INVZHWJR,Investor_0057,HUF,Jaipur,Rajasthan,Aggressive,120503,Mirae Asset Large Cap Fund - Direct Growth,MIRAE,Lumpsum,2024-11-15,1817.61,11.0324,164.7524
TXN0001227,INVRC11E,Investor_0028,Corporate,Bengaluru,Karnataka,Moderate,119598,Kotak Bluechip Fund - Direct Growth,KOTAK,Redemption,2024-03-20,5124.67,66.8485,76.661
TXN0001228,INVY8OZC,Investor_0110,Individual,Kolkata,West Bengal,Aggressive,120503,Mirae Asset Large Cap Fund - Direct Growth,MIRAE,Lumpsum,2023-10-25,4605.89,23.0196,200.086
TXN0001229,INV8UT0C,Investor_0045,Corporate,Mumbai,Maharashtra,Aggressive,119551,Axis Bluechip Fund - Direct Growth,AXIS,Switch-In,2023-03-12,22559.91,156.9986,143.695
TXN0001230,INVIQVNB,Investor_0118,Corporate,Delhi,Delhi,Aggressive,125497,HDFC Mid-Cap Opportunities Fund - Direct Growth,HDFC,SIP,2024-01-26,10299.89,40.3245,255.4248
TXN0001231,INVVG0FN,Investor_0012,Individual,Hyderabad,Telangana,Conservative,120503,Mirae Asset Large Cap Fund - Direct Growth,MIRAE,Lumpsum,2024-10-20,48015.34,193.0587,248.7085
TXN0001232,INVLC58D,Investor_0027,Individual,Pune,Maharashtra,Moderate,120716,Canara Robeco Bluechip Equity Fund - Direct Growth,CANARA,Switch-Out,2022-07-14,1900.78,12.5307,151.6898
TXN0001234,INV5BCW7,Investor_0171,Corporate,Lucknow,Uttar Pradesh,Moderate,120594,DSP Top 100 Equity Fund - Direct Growth,DSP,SIP,2024-07-08,22588.24,270.6472,83.4601
TXN0001235,INV8P0TV,Investor_0098,HUF,Jaipur,Rajasthan,Conservative,120716,Canara Robeco Bluechip Equity Fund - Direct Growth,CANARA,Lumpsum,2022-09-12,473.26,2.7504,172.0705
TXN0001237,INVGDPPQ,Investor_0036,HUF,Bengaluru,Karnataka,Conservative,119598,Kotak Bluechip Fund - Direct Growth,KOTAK,Switch-In,2024-02-09,9404.02,132.6949,70.8695
TXN0001238,INV55NF4,Investor_0053,Individual,Delhi,Delhi,Aggressive,119551,Axis Bluechip Fund - Direct Growth,AXIS,Lumpsum,2023-11-05,104785.11,654.9556,159.9881
TXN0001239,INV7UR23,Investor_0035,HUF,Chennai,Tamil Nadu,Aggressive,118989,ICICI Prudential Technology Fund - Direct Growth,ICICI,Redemption,2024-04-29,502.09,1.5821,317.3634
TXN0001240,INVRBSV5,Investor_0166,HUF,Pune,Maharashtra,Conservative,118989,ICICI Prudential Technology Fund - Direct Growth,ICICI,SIP,2023-11-10,5346.93,23.7308,225.3156
TXN0001241,INVBI4Q2,Investor_0088,Individual,Kolkata,West Bengal,Conservative,125497,HDFC Mid-Cap Opportunities Fund - Direct Growth,HDFC,Lumpsum,2023-05-24,540.66,2.5183,214.6928
TXN0001242,INVWI6FQ,Investor_0176,HUF,Delhi,Delhi,Moderate,125497,HDFC Mid-Cap Opportunities Fund - Direct Growth,HDFC,Switch-Out,2023-01-11,50214.72,211.2196,237.737
TXN0001243,INV3D8W3,Investor_0114,HUF,Bengaluru,Karnataka,Conservative,119551,Axis Bluechip Fund - Direct Growth,AXIS,SIP,2023-01-30,91399.7,527.2702,173.3451
TXN0001244,INV1IBLJ,Investor_0014,Individual,Mumbai,Maharashtra,Moderate,122639,SBI Small Cap Fund - Direct Growth,SBI,Lumpsum,2023-02-23,1836.7,4.2825,428.8818
TXN0001245,INV6T4UF,Investor_0061,Corporate,Jaipur,Rajasthan,Moderate,120716,Canara Robeco Bluechip Equity Fund - Direct Growth,CANARA,SIP,2023-09-30,52249.89,283.1477,184.5323
TXN0001246,INVJ2QP8,Investor_0043,Individual,Lucknow,Uttar Pradesh,Moderate,125497,HDFC Mid-Cap Opportunities Fund - Direct Growth,HDFC,Lumpsum,2023-05-25,46764.36,181.4715,257.6953
TXN0001247,INVKEP7Y,Investor_0078,Corporate,Pune,Maharashtra,Conservative,118989,ICICI Prudential Technology Fund - Direct Growth,ICICI,Switch-Out,2023-02-17,109354.52,503.2273,217.3064
TXN0001248,INV58KXO,Investor_0070,HUF,Ahmedabad,Gujarat,Moderate,120594,DSP Top 100 Equity Fund - Direct Growth,DSP,SIP,2022-12-10,24491.22,222.5394,110.0534
TXN0001249,INVDZR1Y,Investor_0121,HUF,Delhi,Delhi,Moderate,120594,DSP Top 100 Equity Fund - Direct Growth,DSP,Switch-In,2024-09-14,52603.24,482.9246,108.9264
TXN0001250,INVMDD4V,Investor_0006,Corporate,Kolkata,West Bengal,Aggressive,120465,Nippon India Large Cap Fund - Direct Growth,NIPPON,Switch-In,2023-09-07,1051.77,3.0135,349.0157
TXN0001251,INV1W1HT,Investor_0153,Individual,Hyderabad,Telangana,Aggressive,120716,Canara Robeco Bluechip Equity Fund - Direct Growth,CANARA,Lumpsum,2024-08-07,1902.92,13.3565,142.4716
TXN0001252,INV6WKTA,Investor_0079,HUF,Lucknow,Uttar Pradesh,Aggressive,120594,DSP Top 100 Equity Fund - Direct Growth,DSP,Redemption,2024-09-11,50621.42,610.3606,82.9369
TXN0001253,INVDW2PC,Investor_0019,Individual,Lucknow,Uttar Pradesh,Moderate,119598,Kotak Bluechip Fund - Direct Growth,KOTAK,Lumpsum,2023-01-24,93914.31,1220.6921,76.9353
TXN0001254,INVY6DPB,Investor_0002,HUF,Pune,Maharashtra,Conservative,119551,Axis Bluechip Fund - Direct Growth,AXIS,Switch-Out,2024-05-01,24957.27,183.1904,136.2368
TXN0001255,INVXEQBN,Investor_0102,HUF,Hyderabad,Telangana,Aggressive,119598,Kotak Bluechip Fund - Direct Growth,KOTAK,Switch-In,2022-05-26,96156.22,1230.557,78.1404
TXN0001256,INV9MX2X,Investor_0105,Individual,Ahmedabad,Gujarat,Aggressive,119551,Axis Bluechip Fund - Direct Growth,AXIS,SIP,2022-11-29,54321.3,257.5845,210.8873
TXN0001257,INVZIOYK,Investor_0050,Individual,Kolkata,West Bengal,Conservative,120465,Nippon India Large Cap Fund - Direct Growth,NIPPON,Redemption,2024-09-27,25048.04,73.2428,341.9863
TXN0001258,INVQLGZU,Investor_0163,HUF,Bengaluru,Karnataka,Conservative,119598,Kotak Bluechip Fund - Direct Growth,KOTAK,SIP,2023-05-21,54265.19,900.7044,60.2475
TXN0001259,INV6HID2,Investor_0063,Individual,Lucknow,Uttar Pradesh,Moderate,120594,DSP Top 100 Equity Fund - Direct Growth,DSP,SIP,2022-02-27,25654.76,302.288,84.8686
TXN0001260,INVXPJ4H,Investor_0179,HUF,Kolkata,West Bengal,Conservative,122639,SBI Small Cap Fund - Direct Growth,SBI,Redemption,2022-10-29,108885.3,312.4983,348.4348
TXN0001261,INV0L725,Investor_0066,HUF,Chennai,Tamil Nadu,Moderate,125497,HDFC Mid-Cap Opportunities Fund - Direct Growth,HDFC,Switch-Out,2022-07-09,1804.93,8.2801,217.9853
TXN0001262,INV3NX39,Investor_0165,HUF,Chennai,Tamil Nadu,Aggressive,120465,Nippon India Large Cap Fund - Direct Growth,NIPPON,Switch-In,2023-01-22,1003.71,3.3971,295.4594
TXN0001263,INV38DAL,Investor_0109,Corporate,Pune,Maharashtra,Moderate,122639,SBI Small Cap Fund - Direct Growth,SBI,Switch-In,2024-10-22,10383.67,26.9423,385.4037
TXN0001264,INVXFGCA,Investor_0137,Individual,Chennai,Tamil Nadu,Moderate,120465,Nippon India Large Cap Fund - Direct Growth,NIPPON,Switch-Out,2022-07-02,10467.87,36.6744,285.427
TXN0001265,INVRC11E,Investor_0028,Corporate,Bengaluru,Karnataka,Moderate,135781,Parag Parikh Flexi Cap Fund - Direct Growth,PPFAS,Redemption,2023-03-06,1907.61,10.0727,189.3841
TXN0001266,INV2ATQY,Investor_0192,Corporate,Bengaluru,Karnataka,Aggressive,120465,Nippon India Large Cap Fund - Direct Growth,NIPPON,Redemption,2024-10-04,548.7,1.7342,316.3953
TXN0001267,INVXAJI0,Investor_0001,HUF,Delhi,Delhi,Moderate,120503,Mirae Asset Large Cap Fund - Direct Growth,MIRAE,SIP,2023-08-14,50249.62,337.8866,148.7174
TXN0001268,INV8T63J,Investor_0188,HUF,Lucknow,Uttar Pradesh,Conservative,120465,Nippon India Large Cap Fund - Direct Growth,NIPPON,Lumpsum,2022-10-03,1949.86,10.2444,190.3349
TXN0001269,INVL1CQ9,Investor_0051,Individual,Jaipur,Rajasthan,Conservative,120594,DSP Top 100 Equity Fund - Direct Growth,DSP,Lumpsum,2023-03-12,990.13,8.0141,123.5487
TXN0001270,INVE6IVW,Investor_0048,HUF,Mumbai,Maharashtra,Moderate,125497,HDFC Mid-Cap Opportunities Fund - Direct Growth,HDFC,SIP,2023-01-28,2123.67,9.9636,213.1432
TXN0001271,INV3J2D5,Investor_0067,Corporate,Ahmedabad,Gujarat,Conservative,120465,Nippon India Large Cap Fund - Direct Growth,NIPPON,Switch-In,2022-12-07,1073.67,3.5622,301.4077
TXN0001272,INVAZYTJ,Investor_0021,Individual,Delhi,Delhi,Aggressive,118989,ICICI Prudential Technology Fund - Direct Growth,ICICI,SIP,2022-05-12,46246.82,193.6109,238.8647
TXN0001273,INVBI4Q2,Investor_0088,Individual,Kolkata,West Bengal,Conservative,119551,Axis Bluechip Fund - Direct Growth,AXIS,Switch-Out,2022-07-26,4977.9,43.2703,115.0419
TXN0001274,INVHSAHX,Investor_0003,Corporate,Jaipur,Rajasthan,Conservative,119551,Axis Bluechip Fund - Direct Growth,AXIS,Redemption,2022-03-27,516.53,3.5153,146.9362
TXN0001275,INV1T2TA,Investor_0025,Individual,Hyderabad,Telangana,Moderate,125497,HDFC Mid-Cap Opportunities Fund - Direct Growth,HDFC,Switch-Out,2024-12-01,487.57,2.2094,220.677
TXN0001276,INVHC36K,Investor_0195,HUF,Delhi,Delhi,Conservative,118989,ICICI Prudential Technology Fund - Direct Growth,ICICI,Switch-In,2024-05-29,105138.23,490.6669,214.2762
TXN0001277,INVDPG8S,Investor_0087,Corporate,Pune,Maharashtra,Conservative,119598,Kotak Bluechip Fund - Direct Growth,KOTAK,Redemption,2024-01-10,26584.24,331.17,80.2737
TXN0001278,INV5BCW7,Investor_0171,Corporate,Lucknow,Uttar Pradesh,Moderate,120465,Nippon India Large Cap Fund - Direct Growth,NIPPON,Switch-In,2023-11-08,547.53,1.7267,317.0898
TXN0001279,INVLA753,Investor_0026,Individual,Hyderabad,Telangana,Moderate,119551,Axis Bluechip Fund - Direct Growth,AXIS,Switch-In,2022-10-12,52252.2,328.1685,159.2237
TXN0001280,INV30T9N,Investor_0007,Corporate,Chennai,Tamil Nadu,Moderate,135781,Parag Parikh Flexi Cap Fund - Direct Growth,PPFAS,SIP,2023-05-25,10902.12,35.7792,304.7056
TXN0001281,INVOTOHP,Investor_0095,HUF,Kolkata,West Bengal,Aggressive,120594,DSP Top 100 Equity Fund - Direct Growth,DSP,Switch-Out,2023-01-20,100298.28,777.2048,129.05
TXN0001282,INVXAJI0,Investor_0001,HUF,Delhi,Delhi,Moderate,119598,Kotak Bluechip Fund - Direct Growth,KOTAK,SIP,2023-10-29,26867.17,303.1858,88.6162
TXN0001283,INV2KNFT,Investor_0174,HUF,Bengaluru,Karnataka,Aggressive,120594,DSP Top 100 Equity Fund - Direct Growth,DSP,Lumpsum,2022-06-16,98003.3,841.0005,116.5318
TXN0001284,INVWZS3T,Investor_0090,HUF,Jaipur,Rajasthan,Aggressive,120465,Nippon India Large Cap Fund - Direct Growth,NIPPON,Switch-In,2023-08-25,1046.86,4.4181,236.9502
TXN0001285,INVD96QE,Investor_0156,Corporate,Lucknow,Uttar Pradesh,Aggressive,125497,HDFC Mid-Cap Opportunities Fund - Direct Growth,HDFC,Lumpsum,2022-06-28,462.79,2.261,204.6859
TXN0001286,INVKEP7Y,Investor_0078,Corporate,Pune,Maharashtra,Conservative,120716,Canara Robeco Bluechip Equity Fund - Direct Growth,CANARA,Switch-In,2022-08-25,2158.56,11.0144,195.977
TXN0001287,INVP0LZJ,Investor_0124,Individual,Jaipur,Rajasthan,Conservative,120716,Canara Robeco Bluechip Equity Fund - Direct Growth,CANARA,Lumpsum,2022-07-03,4711.64,32.9227,143.1121
TXN0001288,INVRC11E,Investor_0028,Corporate,Bengaluru,Karnataka,Moderate,120465,Nippon India Large Cap Fund - Direct Growth,NIPPON,SIP,2023-10-31,2171.6,7.0507,307.9961
TXN0001289,INVHHPBM,Investor_0099,HUF,Hyderabad,Telangana,Conservative,118989,ICICI Prudential Technology Fund - Direct Growth,ICICI,Lumpsum,2022-09-10,10331.87,39.0247,264.7523
TXN0001290,INV5BCW7,Investor_0171,Corporate,Lucknow,Uttar Pradesh,Moderate,122639,SBI Small Cap Fund - Direct Growth,SBI,Switch-Out,2023-11-13,91808.84,362.3284,253.3857
TXN0001291,INV64DPJ,Investor_0058,Corporate,Lucknow,Uttar Pradesh,Moderate,135781,Parag Parikh Flexi Cap Fund - Direct Growth,PPFAS,Switch-Out,2024-02-12,1028.8,4.0088,256.6377
TXN0001292,INVMWWYZ,Investor_0184,Individual,Pune,Maharashtra,Moderate,120465,Nippon India Large Cap Fund - Direct Growth,NIPPON,Switch-Out,2023-04-03,53084.47,268.1137,197.9924
TXN0001293,INV3J2D5,Investor_0067,Corporate,Ahmedabad,Gujarat,Conservative,120503,Mirae Asset Large Cap Fund - Direct Growth,MIRAE,Redemption,2023-11-28,922.28,6.551,140.7838
TXN0001294,INVE8F84,Investor_0190,Corporate,Mumbai,Maharashtra,Aggressive,135781,Parag Parikh Flexi Cap Fund - Direct Growth,PPFAS,Lumpsum,2022-09-18,1014.57,3.3069,306.8048
TXN0001295,INVPHR62,Investor_0081,HUF,Delhi,Delhi,Aggressive,120465,Nippon India Large Cap Fund - Direct Growth,NIPPON,Switch-Out,2023-01-24,481.08,1.8001,267.2518
TXN0001296,INVYOFQE,Investor_0100,Corporate,Kolkata,West Bengal,Aggressive,120465,Nippon India Large Cap Fund - Direct Growth,NIPPON,Redemption,2022-09-16,26487.59,95.9737,275.988
TXN0001297,INVV2ISQ,Investor_0134,Individual,Mumbai,Maharashtra,Aggressive,135781,Parag Parikh Flexi Cap Fund - Direct Growth,PPFAS,Switch-Out,2022-01-19,4606.59,21.4488,214.7717
TXN0001298,INVQVKIZ,Investor_0138,HUF,Pune,Maharashtra,Aggressive,120594,DSP Top 100 Equity Fund - Direct Growth,DSP,Redemption,2023-08-31,2126.46,19.5285,108.8901
TXN0001300,INV2ATQY,Investor_0192,Corporate,Bengaluru,Karnataka,Aggressive,119551,Axis Bluechip Fund - Direct Growth,AXIS,Switch-Out,2022-09-10,24044.46,127.711,188.2724
TXN0001301,INV9T7E8,Investor_0071,Individual,Kolkata,West Bengal,Conservative,135781,Parag Parikh Flexi Cap Fund - Direct Growth,PPFAS,Switch-In,2024-02-11,4995.03,16.8296,296.8
TXN0001302,INVO6QJI,Investor_0016,Individual,Pune,Maharashtra,Conservative,119598,Kotak Bluechip Fund - Direct Growth,KOTAK,Lumpsum,2023-04-06,5348.07,61.0207,87.6435
TXN0001303,INVNRIUU,Investor_0180,Individual,Kolkata,West Bengal,Aggressive,119551,Axis Bluechip Fund - Direct Growth,AXIS,Lumpsum,2023-09-05,104547.91,839.2798,124.5686
TXN0001304,INVMYX44,Investor_0169,Individual,Bengaluru,Karnataka,Moderate,122639,SBI Small Cap Fund - Direct Growth,SBI,SIP,2024-08-27,48374.1,139.0763,347.8243
TXN0001305,INVWZS3T,Investor_0090,HUF,Jaipur,Rajasthan,Aggressive,120465,Nippon India Large Cap Fund - Direct Growth,NIPPON,Switch-In,2023-08-03,1005.57,3.1479,319.4386
TXN0001306,INV0LVSN,Investor_0073,Individual,Delhi,Delhi,Aggressive,125497,HDFC Mid-Cap Opportunities Fund - Direct Growth,HDFC,Switch-Out,2023-10-25,45973.2,286.9863,160.193
TXN0001307,INVYV37D,Investor_0193,Individual,Lucknow,Uttar Pradesh,Aggressive,135781,Parag Parikh Flexi Cap Fund - Direct Growth,PPFAS,SIP,2022-12-02,9915.07,52.8697,187.5379
TXN0001308,INVWRDML,Investor_0148,HUF,Jaipur,Rajasthan,Moderate,122639,SBI Small Cap Fund - Direct Growth,SBI,Switch-In,2022-10-24,95821.63,239.0547,400.8356
TXN0001309,INVZW9XA,Investor_0054,Individual,Ahmedabad,Gujarat,Aggressive,125497,HDFC Mid-Cap Opportunities Fund - Direct Growth,HDFC,Lumpsum,2022-07-28,486.22,1.9891,244.4463
TXN0001310,INV2KNFT,Investor_0174,HUF,Bengaluru,Karnataka,Aggressive,122639,SBI Small Cap Fund - Direct Growth,SBI,Switch-In,2022-12-11,51794.45,159.1139,325.5181
TXN0001311,INVH75LX,Investor_0015,HUF,Mumbai,Maharashtra,Moderate,120503,Mirae Asset Large Cap Fund - Direct Growth,MIRAE,Redemption,2022-04-18,93592.66,614.1617,152.3909
TXN0001312,INV9XPSE,Investor_0031,HUF,Chennai,Tamil Nadu,Moderate,120716,Canara Robeco Bluechip Equity Fund - Direct Growth,CANARA,Redemption,2024-04-07,54697.27,311.8034,175.4223
TXN0001313,INV6HID2,Investor_0063,Individual,Lucknow,Uttar Pradesh,Moderate,119551,Axis Bluechip Fund - Direct Growth,AXIS,SIP,2023-09-12,4896.64,31.9425,153.2955
TXN0001314,INVJJA26,Investor_0177,Corporate,Jaipur,Rajasthan,Conservative,135781,Parag Parikh Flexi Cap Fund - Direct Growth,PPFAS,Lumpsum,2022-07-03,52758.5,210.3692,250.79
TXN0001315,INVBNP84,Investor_0200,Individual,Lucknow,Uttar Pradesh,Aggressive,120594,DSP Top 100 Equity Fund - Direct Growth,DSP,Switch-In,2024-06-30,10264.67,100.3919,102.246
TXN0001316,INVOTOHP,Investor_0095,HUF,Kolkata,West Bengal,Aggressive,119551,Axis Bluechip Fund - Direct Growth,AXIS,SIP,2024-09-28,916.53,5.372,170.6135
TXN0001317,INV3NX39,Investor_0165,HUF,Chennai,Tamil Nadu,Aggressive,120716,Canara Robeco Bluechip Equity Fund - Direct Growth,CANARA,Lumpsum,2024-09-09,508.69,2.5726,197.7343
TXN0001318,INV9T7E8,Investor_0071,Individual,Kolkata,West Bengal,Conservative,120503,Mirae Asset Large Cap Fund - Direct Growth,MIRAE,Switch-Out,2024-06-07,1953.58,8.3732,233.3147
TXN0001319,INVZKLOO,Investor_0077,Corporate,Delhi,Delhi,Aggressive,135781,Parag Parikh Flexi Cap Fund - Direct Growth,PPFAS,Lumpsum,2023-01-14,965.05,3.5679,270.4792
TXN0001320,INV3JCAT,Investor_0104,Individual,Pune,Maharashtra,Moderate,119551,Axis Bluechip Fund - Direct Growth,AXIS,Switch-In,2022-09-12,91278.63,682.3591,133.7692
TXN0001321,INVYV37D,Investor_0193,Individual,Lucknow,Uttar Pradesh,Aggressive,125497,HDFC Mid-Cap Opportunities Fund - Direct Growth,HDFC,SIP,2023-01-04,2144.8,11.0509,194.0832
TXN0001322,INVY6DPB,Investor_0002,HUF,Pune,Maharashtra,Conservative,120716,Canara Robeco Bluechip Equity Fund - Direct Growth,CANARA,Switch-In,2022-09-21,23115.23,180.0557,128.3782
TXN0001323,INVWRDML,Investor_0148,HUF,Jaipur,Rajasthan,Moderate,125497,HDFC Mid-Cap Opportunities Fund - Direct Growth,HDFC,Lumpsum,2022-03-13,1012.5,5.0384,200.9582
TXN0001324,INVXEPQ8,Investor_0022,Corporate,Jaipur,Rajasthan,Aggressive,120503,Mirae Asset Large Cap Fund - Direct Growth,MIRAE,Switch-Out,2022-12-18,9727.12,37.8344,257.0973
TXN0001325,INV38DAL,Investor_0109,Corporate,Pune,Maharashtra,Moderate,119551,Axis Bluechip Fund - Direct Growth,AXIS,Lumpsum,2024-11-29,9092.33,51.1056,177.9127
TXN0001326,INVCXLL4,Investor_0076,HUF,Delhi,Delhi,Moderate,120716,Canara Robeco Bluechip Equity Fund - Direct Growth,CANARA,Switch-In,2023-10-03,2030.83,14.8024,137.1958
TXN0001327,INVV2ISQ,Investor_0134,Individual,Mumbai,Maharashtra,Aggressive,119598,Kotak Bluechip Fund - Direct Growth,KOTAK,Switch-Out,2022-04-02,5187.93,83.8239,61.8908
TXN0001328,INV6T4UF,Investor_0061,Corporate,Jaipur,Rajasthan,Moderate,119551,Axis Bluechip Fund - Direct Growth,AXIS,Lumpsum,2023-03-17,1919.88,15.9493,120.3736
TXN0001329,INV7UR23,Investor_0035,HUF,Chennai,Tamil Nadu,Aggressive,135781,Parag Parikh Flexi Cap Fund - Direct Growth,PPFAS,Switch-Out,2023-07-23,5091.78,25.4525,200.0504
TXN0001330,INVCWI64,Investor_0033,Individual,Bengaluru,Karnataka,Moderate,135781,Parag Parikh Flexi Cap Fund - Direct Growth,PPFAS,Switch-In,2023-06-18,1009.97,4.103,246.1549
TXN0001331,INV8P0TV,Investor_0098,HUF,Jaipur,Rajasthan,Conservative,122639,SBI Small Cap Fund - Direct Growth,SBI,Switch-In,2023-06-05,91665.08,301.2519,304.2805
TXN0001332,INV2KNFT,Investor_0174,HUF,Bengaluru,Karnataka,Aggressive,120465,Nippon India Large Cap Fund - Direct Growth,NIPPON,Lumpsum,2023-07-06,4570.56,20.7331,220.447
TXN0001333,INVQLGZU,Investor_0163,HUF,Bengaluru,Karnataka,Conservative,125497,HDFC Mid-Cap Opportunities Fund - Direct Growth,HDFC,Redemption,2022-11-11,1967.87,12.1092,162.5097
TXN0001334,INVPHR62,Investor_0081,HUF,Delhi,Delhi,Aggressive,120465,Nippon India Large Cap Fund - Direct Growth,NIPPON,Switch-In,2023-05-22,546.4,1.8557,294.448
TXN0001335,INVN9T84,Investor_0020,Corporate,Hyderabad,Telangana,Aggressive,118989,ICICI Prudential Technology Fund - Direct Growth,ICICI,SIP,2024-04-13,1036.8,3.8931,266.3202
TXN0001336,INVUJV6O,Investor_0017,HUF,Hyderabad,Telangana,Aggressive,119598,Kotak Bluechip Fund - Direct Growth,KOTAK,SIP,2023-07-14,27046.23,310.6505,87.0632
TXN0001337,INVM5IGQ,Investor_0038,Individual,Mumbai,Maharashtra,Moderate,125497,HDFC Mid-Cap Opportunities Fund - Direct Growth,HDFC,Redemption,2023-04-01,459.79,2.7511,167.1292
TXN0001338,INVNAM14,Investor_0097,Corporate,Delhi,Delhi,Aggressive,120503,Mirae Asset Large Cap Fund - Direct Growth,MIRAE,SIP,2023-09-20,2010.59,8.301,242.2113
TXN0001339,INVL8OS9,Investor_0151,Individual,Chennai,Tamil Nadu,Aggressive,120594,DSP Top 100 Equity Fund - Direct Growth,DSP,SIP,2023-08-01,26002.28,233.9136,111.1619
TXN0001340,INVL0UKE,Investor_0142,HUF,Hyderabad,Telangana,Conservative,118989,ICICI Prudential Technology Fund - Direct Growth,ICICI,Switch-Out,2022-12-16,1079.31,4.8922,220.6205
TXN0001341,INVGDSWM,Investor_0082,HUF,Bengaluru,Karnataka,Aggressive,120465,Nippon India Large Cap Fund - Direct Growth,NIPPON,Lumpsum,2024-12-24,26530.42,114.4354,231.8376
TXN0001342,INVL0UKE,Investor_0142,HUF,Hyderabad,Telangana,Conservative,135781,Parag Parikh Flexi Cap Fund - Direct Growth,PPFAS,Switch-In,2023-06-15,101846.2,440.0485,231.4431
TXN0001343,INVHSAHX,Investor_0003,Corporate,Jaipur,Rajasthan,Conservative,120716,Canara Robeco Bluechip Equity Fund - Direct Growth,CANARA,Lumpsum,2023-07-02,1857.07,10.9561,169.5012
TXN0001344,INV1IBLJ,Investor_0014,Individual,Mumbai,Maharashtra,Moderate,119598,Kotak Bluechip Fund - Direct Growth,KOTAK,Lumpsum,2023-01-10,52067.87,969.0363,53.7316
TXN0001345,INVPNSM4,Investor_0113,HUF,Pune,Maharashtra,Aggressive,119598,Kotak Bluechip Fund - Direct Growth,KOTAK,Switch-In,2024-05-26,9551.65,109.7449,87.035
TXN0001346,INVV2ISQ,Investor_0134,Individual,Mumbai,Maharashtra,Aggressive,125497,HDFC Mid-Cap Opportunities Fund - Direct Growth,HDFC,Redemption,2024-04-12,1089.49,6.837,159.3517
TXN0001347,INV08P0F,Investor_0198,HUF,Kolkata,West Bengal,Conservative,119598,Kotak Bluechip Fund - Direct Growth,KOTAK,SIP,2023-05-07,915.34,12.8355,71.3133
TXN0001348,INV5KXVF,Investor_0024,HUF,Lucknow,Uttar Pradesh,Aggressive,122639,SBI Small Cap Fund - Direct Growth,SBI,Switch-Out,2023-08-09,458.46,1.4691,312.0754
TXN0001349,INVL0UKE,Investor_0142,HUF,Hyderabad,Telangana,Conservative,120594,DSP Top 100 Equity Fund - Direct Growth,DSP,SIP,2022-10-07,51770.33,484.1856,106.9225
TXN0001350,INVYLURT,Investor_0123,HUF,Bengaluru,Karnataka,Moderate,120594,DSP Top 100 Equity Fund - Direct Growth,DSP,Switch-Out,2023-01-25,981.09,7.4801,131.1602
TXN0001351,INV0982N,Investor_0191,Individual,Bengaluru,Karnataka,Aggressive,119551,Axis Bluechip Fund - Direct Growth,AXIS,Switch-In,2024-12-17,23721.13,111.6067,212.5422
TXN0001352,INVWI6FQ,Investor_0176,HUF,Delhi,Delhi,Moderate,135781,Parag Parikh Flexi Cap Fund - Direct Growth,PPFAS,SIP,2024-12-08,109292.95,622.4862,175.5749
TXN0001353,INV64DPJ,Investor_0058,Corporate,Lucknow,Uttar Pradesh,Moderate,122639,SBI Small Cap Fund - Direct Growth,SBI,SIP,2024-11-18,26697.04,84.9747,314.1762
TXN0001354,INV60RJI,Investor_0091,Corporate,Chennai,Tamil Nadu,Aggressive,119551,Axis Bluechip Fund - Direct Growth,AXIS,Switch-In,2024-02-04,97581.9,499.2758,195.4469
TXN0001355,INVRTJ5P,Investor_0029,Corporate,Lucknow,Uttar Pradesh,Moderate,119598,Kotak Bluechip Fund - Direct Growth,KOTAK,Lumpsum,2024-09-16,958.01,14.8678,64.4351
TXN0001356,INVCXLL4,Investor_0076,HUF,Delhi,Delhi,Moderate,118989,ICICI Prudential Technology Fund - Direct Growth,ICICI,Lumpsum,2024-03-17,523.8,1.867,280.5577
TXN0001357,INVEDTJV,Investor_0056,Corporate,Pune,Maharashtra,Moderate,118989,ICICI Prudential Technology Fund - Direct Growth,ICICI,Switch-Out,2024-09-26,543.54,1.6259,334.2963
TXN0001358,INVH75LX,Investor_0015,HUF,Mumbai,Maharashtra,Moderate,119598,Kotak Bluechip Fund - Direct Growth,KOTAK,SIP,2023-12-26,96571.04,1230.6056,78.4744
TXN0001359,INVRC11E,Investor_0028,Corporate,Bengaluru,Karnataka,Moderate,119551,Axis Bluechip Fund - Direct Growth,AXIS,Redemption,2022-01-19,1960.83,15.684,125.0211
TXN0001360,INVLA753,Investor_0026,Individual,Hyderabad,Telangana,Moderate,120465,Nippon India Large Cap Fund - Direct Growth,NIPPON,Switch-In,2024-11-19,4584.74,14.1054,325.0333
TXN0001361,INV5TB94,Investor_0040,Corporate,Mumbai,Maharashtra,Conservative,120465,Nippon India Large Cap Fund - Direct Growth,NIPPON,SIP,2023-05-28,90138.21,261.0547,345.2847
TXN0001362,INV64DPJ,Investor_0058,Corporate,Lucknow,Uttar Pradesh,Moderate,120594,DSP Top 100 Equity Fund - Direct Growth,DSP,Switch-In,2024-05-27,23996.42,200.2089,119.8569
TXN0001363,INVCGVYI,Investor_0047,Corporate,Chennai,Tamil Nadu,Conservative,120716,Canara Robeco Bluechip Equity Fund - Direct Growth,CANARA,Redemption,2024-06-18,1097.87,6.6473,165.1596
TXN0001364,INVHOCN9,Investor_0042,Corporate,Hyderabad,Telangana,Moderate,122639,SBI Small Cap Fund - Direct Growth,SBI,Redemption,2023-02-11,45058.1,105.3442,427.7226
TXN0001365,INVRTJ5P,Investor_0029,Corporate,Lucknow,Uttar Pradesh,Moderate,125497,HDFC Mid-Cap Opportunities Fund - Direct Growth,HDFC,Redemption,2024-05-12,463.37,1.7413,266.1027
TXN0001366,INV0982N,Investor_0191,Individual,Bengaluru,Karnataka,Aggressive,119598,Kotak Bluechip Fund - Direct Growth,KOTAK,SIP,2024-09-08,2066.48,22.6791,91.1182
TXN0001367,INV5BCW7,Investor_0171,Corporate,Lucknow,Uttar Pradesh,Moderate,118989,ICICI Prudential Technology Fund - Direct Growth,ICICI,SIP,2024-10-11,49890.68,204.9601,243.4165
TXN0001368,INVU2GC5,Investor_0175,Individual,Mumbai,Maharashtra,Aggressive,122639,SBI Small Cap Fund - Direct Growth,SBI,Redemption,2024-03-07,50018.59,126.5443,395.2654
TXN0001369,INVCIYHE,Investor_0034,Individual,Jaipur,Rajasthan,Aggressive,120503,Mirae Asset Large Cap Fund - Direct Growth,MIRAE,SIP,2023-12-06,462.61,2.1159,218.6324
TXN0001370,INV9TZE5,Investor_0129,Corporate,Pune,Maharashtra,Conservative,119551,Axis Bluechip Fund - Direct Growth,AXIS,Lumpsum,2023-12-02,517.83,3.9274,131.8517
TXN0001371,INVY8OZC,Investor_0110,Individual,Kolkata,West Bengal,Aggressive,135781,Parag Parikh Flexi Cap Fund - Direct Growth,PPFAS,SIP,2023-08-01,49801.93,196.5726,253.3513
TXN0001372,INVJEGET,Investor_0125,Individual,Mumbai,Maharashtra,Conservative,120503,Mirae Asset Large Cap Fund - Direct Growth,MIRAE,Switch-In,2024-11-13,5117.61,22.2496,230.0092
TXN0001373,INVE6IVW,Investor_0048,HUF,Mumbai,Maharashtra,Moderate,125497,HDFC Mid-Cap Opportunities Fund - Direct Growth,HDFC,Redemption,2023-05-22,1072.83,4.1753,256.9455
TXN0001374,INV5BCW7,Investor_0171,Corporate,Lucknow,Uttar Pradesh,Moderate,120465,Nippon India Large Cap Fund - Direct Growth,NIPPON,Lumpsum,2022-07-31,104129.22,317.2231,328.2523
TXN0001375,INVNRIUU,Investor_0180,Individual,Kolkata,West Bengal,Aggressive,120716,Canara Robeco Bluechip Equity Fund - Direct Growth,CANARA,Switch-Out,2022-11-01,1875.47,13.6695,137.2006
TXN0001376,INVA1WJ0,Investor_0059,Corporate,Delhi,Delhi,Aggressive,120503,Mirae Asset Large Cap Fund - Direct Growth,MIRAE,Lumpsum,2023-01-29,45383.66,228.7268,198.4186
TXN0001377,INVM5IGQ,Investor_0038,Individual,Mumbai,Maharashtra,Moderate,120465,Nippon India Large Cap Fund - Direct Growth,NIPPON,SIP,2022-04-15,4590.94,17.3018,265.3453
TXN0001378,INV8P0TV,Investor_0098,HUF,Jaipur,Rajasthan,Conservative,120465,Nippon India Large Cap Fund - Direct Growth,NIPPON,Switch-Out,2023-04-19,10400.32,31.1231,334.1675
TXN0001379,INVZHWJR,Investor_0057,HUF,Jaipur,Rajasthan,Aggressive,119598,Kotak Bluechip Fund - Direct Growth,KOTAK,Switch-In,2024-05-24,91226.99,1817.3178,50.1987
TXN0001380,INV3NX39,Investor_0165,HUF,Chennai,Tamil Nadu,Aggressive,119551,Axis Bluechip Fund - Direct Growth,AXIS,Redemption,2023-07-29,953.85,5.085,187.5813
TXN0001381,INVWZS3T,Investor_0090,HUF,Jaipur,Rajasthan,Aggressive,120465,Nippon India Large Cap Fund - Direct Growth,NIPPON,Lumpsum,2023-01-08,26975.53,93.5606,288.3215
TXN0001382,INVNHJ7X,Investor_0011,Corporate,Delhi,Delhi,Conservative,119551,Axis Bluechip Fund - Direct Growth,AXIS,SIP,2024-08-24,23559.89,114.4734,205.8111
TXN0001383,INVG8JDP,Investor_0072,HUF,Kolkata,West Bengal,Moderate,135781,Parag Parikh Flexi Cap Fund - Direct Growth,PPFAS,SIP,2024-10-03,46848.4,193.9998,241.4869
TXN0001384,INVEIYZC,Investor_0094,HUF,Lucknow,Uttar Pradesh,Moderate,119598,Kotak Bluechip Fund - Direct Growth,KOTAK,Redemption,2022-01-28,919.38,11.6447,78.9524
TXN0001385,INVU2GC5,Investor_0175,Individual,Mumbai,Maharashtra,Aggressive,120716,Canara Robeco Bluechip Equity Fund - Direct Growth,CANARA,Lumpsum,2024-01-11,24302.84,108.6374,223.7061
TXN0001386,INV0982N,Investor_0191,Individual,Bengaluru,Karnataka,Aggressive,135781,Parag Parikh Flexi Cap Fund - Direct Growth,PPFAS,Switch-Out,2023-07-20,23691.26,83.1834,284.8077
TXN0001387,INVZW9XA,Investor_0054,Individual,Ahmedabad,Gujarat,Aggressive,135781,Parag Parikh Flexi Cap Fund - Direct Growth,PPFAS,Switch-In,2022-09-25,1077.44,5.8978,182.6866
TXN0001388,INVFTMTT,Investor_0162,Individual,Mumbai,Maharashtra,Moderate,135781,Parag Parikh Flexi Cap Fund - Direct Growth,PPFAS,SIP,2023-01-26,508.66,2.5715,197.8042
TXN0001389,INVZIOYK,Investor_0050,Individual,Kolkata,West Bengal,Conservative,120594,DSP Top 100 Equity Fund - Direct Growth,DSP,SIP,2023-12-04,1088.36,8.5769,126.8946
TXN0001390,INVKEP7Y,Investor_0078,Corporate,Pune,Maharashtra,Conservative,120594,DSP Top 100 Equity Fund - Direct Growth,DSP,Lumpsum,2023-01-28,1817.52,19.0403,95.4566
TXN0001391,INV1GV0E,Investor_0108,Corporate,Delhi,Delhi,Aggressive,120716,Canara Robeco Bluechip Equity Fund - Direct Growth,CANARA,Redemption,2024-07-07,26974.57,137.9834,195.4914
TXN0001392,INVFTMTT,Investor_0162,Individual,Mumbai,Maharashtra,Moderate,120503,Mirae Asset Large Cap Fund - Direct Growth,MIRAE,Switch-In,2024-12-08,996.56,4.4452,224.1856
TXN0001393,INV9TZE5,Investor_0129,Corporate,Pune,Maharashtra,Conservative,119551,Axis Bluechip Fund - Direct Growth,AXIS,Lumpsum,2022-09-22,10393.41,48.7949,213.002
TXN0001394,INVTZ0YN,Investor_0075,Corporate,Ahmedabad,Gujarat,Aggressive,119551,Axis Bluechip Fund - Direct Growth,AXIS,Switch-Out,2023-01-25,529.44,3.293,160.7795
TXN0001395,INVE8F84,Investor_0190,Corporate,Mumbai,Maharashtra,Aggressive,120465,Nippon India Large Cap Fund - Direct Growth,NIPPON,Switch-In,2024-11-09,933.1,3.0312,307.8306
TXN0001396,INVHHPBM,Investor_0099,HUF,Hyderabad,Telangana,Conservative,120716,Canara Robeco Bluechip Equity Fund - Direct Growth,CANARA,Switch-In,2023-02-28,51072.18,405.328,126.0021
TXN0001397,INVE6IVW,Investor_0048,HUF,Mumbai,Maharashtra,Moderate,119551,Axis Bluechip Fund - Direct Growth,AXIS,Lumpsum,2022-01-19,5092.11,31.815,160.0535
TXN0001398,INVOCWBF,Investor_0132,Corporate,Pune,Maharashtra,Moderate,120594,DSP Top 100 Equity Fund - Direct Growth,DSP,Switch-Out,2023-03-28,9606.82,111.8524,85.8884
TXN0001400,INVXFGCA,Investor_0137,Individual,Chennai,Tamil Nadu,Moderate,125497,HDFC Mid-Cap Opportunities Fund - Direct Growth,HDFC,Redemption,2023-07-23,513.96,2.0568,249.8873
TXN0001401,INV7UR23,Investor_0035,HUF,Chennai,Tamil Nadu,Aggressive,118989,ICICI Prudential Technology Fund - Direct Growth,ICICI,SIP,2023-03-07,5489.54,25.421,215.9455
TXN0001402,INVXFGCA,Investor_0137,Individual,Chennai,Tamil Nadu,Moderate,120503,Mirae Asset Large Cap Fund - Direct Growth,MIRAE,SIP,2024-01-26,25663.41,144.3658,177.7666
TXN0001403,INVAIR4C,Investor_0084,HUF,Lucknow,Uttar Pradesh,Conservative,120503,Mirae Asset Large Cap Fund - Direct Growth,MIRAE,Switch-Out,2024-04-16,10444.16,46.5201,224.5085
TXN0001404,INV3RZSJ,Investor_0157,Individual,Lucknow,Uttar Pradesh,Moderate,118989,ICICI Prudential Technology Fund - Direct Growth,ICICI,Redemption,2022-01-22,512.6,1.7404,294.5285
TXN0001405,INVW1SWJ,Investor_0092,Individual,Ahmedabad,Gujarat,Moderate,125497,HDFC Mid-Cap Opportunities Fund - Direct Growth,HDFC,Redemption,2022-02-02,1902.39,8.3837,226.915
TXN0001406,INVQVKIZ,Investor_0138,HUF,Pune,Maharashtra,Aggressive,135781,Parag Parikh Flexi Cap Fund - Direct Growth,PPFAS,SIP,2023-06-12,54456.56,168.6136,322.9666
TXN0001407,INVKKV9R,Investor_0161,HUF,Chennai,Tamil Nadu,Conservative,135781,Parag Parikh Flexi Cap Fund - Direct Growth,PPFAS,Switch-Out,2023-03-28,5316.85,17.5102,303.6432
TXN0001408,INVAIR4C,Investor_0084,HUF,Lucknow,Uttar Pradesh,Conservative,118989,ICICI Prudential Technology Fund - Direct Growth,ICICI,Lumpsum,2023-04-20,46556.41,190.6199,244.2369
TXN0001409,INVK0GET,Investor_0187,Corporate,Lucknow,Uttar Pradesh,Aggressive,120465,Nippon India Large Cap Fund - Direct Growth,NIPPON,Redemption,2022-07-11,2160.87,8.9818,240.5819
TXN0001410,INV9SKDG,Investor_0127,Individual,Jaipur,Rajasthan,Aggressive,122639,SBI Small Cap Fund - Direct Growth,SBI,Switch-In,2022-12-27,2126.24,5.9756,355.8204
TXN0001411,INVPVS7H,Investor_0049,Corporate,Bengaluru,Karnataka,Aggressive,135781,Parag Parikh Flexi Cap Fund - Direct Growth,PPFAS,Switch-In,2022-02-13,2059.03,6.9576,295.9376
TXN0001412,INVKPUXQ,Investor_0080,Corporate,Bengaluru,Karnataka,Conservative,122639,SBI Small Cap Fund - Direct Growth,SBI,Lumpsum,2023-01-20,51873.67,156.7328,330.9689
TXN0001413,INVH9SDB,Investor_0018,HUF,Bengaluru,Karnataka,Conservative,122639,SBI Small Cap Fund - Direct Growth,SBI,SIP,2024-04-04,47452.54,123.3729,384.6268
TXN0001414,INVLA753,Investor_0026,Individual,Hyderabad,Telangana,Moderate,120716,Canara Robeco Bluechip Equity Fund - Direct Growth,CANARA,Lumpsum,2024-02-13,510.33,4.1533,122.8729
TXN0001415,INVHHPBM,Investor_0099,HUF,Hyderabad,Telangana,Conservative,119551,Axis Bluechip Fund - Direct Growth,AXIS,SIP,2022-03-31,526.34,2.5521,206.2367
TXN0001416,INVCIYHE,Investor_0034,Individual,Jaipur,Rajasthan,Aggressive,125497,HDFC Mid-Cap Opportunities Fund - Direct Growth,HDFC,SIP,2022-01-28,9285.27,38.4388,241.5601
TXN0001417,INVHSAHX,Investor_0003,Corporate,Jaipur,Rajasthan,Conservative,120503,Mirae Asset Large Cap Fund - Direct Growth,MIRAE,Switch-Out,2022-06-24,26763.6,143.1198,187.0014
TXN0001418,INV9CHJ7,Investor_0052,HUF,Delhi,Delhi,Conservative,122639,SBI Small Cap Fund - Direct Growth,SBI,Switch-In,2023-09-22,106309.3,340.4196,312.289
TXN0001419,INVOWGZR,Investor_0085,HUF,Lucknow,Uttar Pradesh,Aggressive,120594,DSP Top 100 Equity Fund - Direct Growth,DSP,Lumpsum,2023-07-02,4555.88,56.6122,80.4752
TXN0001420,INVKKV9R,Investor_0161,HUF,Chennai,Tamil Nadu,Conservative,120716,Canara Robeco Bluechip Equity Fund - Direct Growth,CANARA,SIP,2022-07-30,532.49,2.5706,207.1478
TXN0001421,INVWX7PT,Investor_0140,HUF,Lucknow,Uttar Pradesh,Aggressive,118989,ICICI Prudential Technology Fund - Direct Growth,ICICI,SIP,2023-04-05,46418.35,155.0988,299.2825
TXN0001422,INV30T9N,Investor_0007,Corporate,Chennai,Tamil Nadu,Moderate,125497,HDFC Mid-Cap Opportunities Fund - Direct Growth,HDFC,Switch-In,2023-08-11,46473.77,207.9697,223.4641
TXN0001423,INV64DPJ,Investor_0058,Corporate,Lucknow,Uttar Pradesh,Moderate,120465,Nippon India Large Cap Fund - Direct Growth,NIPPON,SIP,2022-08-14,93391.18,458.5444,203.6688
TXN0001424,INV64DPJ,Investor_0058,Corporate,Lucknow,Uttar Pradesh,Moderate,120503,Mirae Asset Large Cap Fund - Direct Growth,MIRAE,Redemption,2023-11-15,22881.45,133.8407,170.9603
TXN0001426,INVY8OZC,Investor_0110,Individual,Kolkata,West Bengal,Aggressive,120716,Canara Robeco Bluechip Equity Fund - Direct Growth,CANARA,Redemption,2022-11-04,2071.77,13.9072,148.971
TXN0001427,INV5BCW7,Investor_0171,Corporate,Lucknow,Uttar Pradesh,Moderate,118989,ICICI Prudential Technology Fund - Direct Growth,ICICI,Switch-Out,2022-08-01,9696.77,39.2764,246.8853
TXN0001428,INV58KXO,Investor_0070,HUF,Ahmedabad,Gujarat,Moderate,120594,DSP Top 100 Equity Fund - Direct Growth,DSP,Redemption,2022-06-06,10621.44,120.1173,88.4256
TXN0001429,INVXAJI0,Investor_0001,HUF,Delhi,Delhi,Moderate,122639,SBI Small Cap Fund - Direct Growth,SBI,Lumpsum,2024-07-03,23238.9,76.1305,305.2508
TXN0001430,INVX4W6X,Investor_0185,Individual,Chennai,Tamil Nadu,Conservative,120594,DSP Top 100 Equity Fund - Direct Growth,DSP,SIP,2023-07-25,1015.57,8.7574,115.9672
TXN0001431,INVM5IGQ,Investor_0038,Individual,Mumbai,Maharashtra,Moderate,120503,Mirae Asset Large Cap Fund - Direct Growth,MIRAE,Redemption,2024-02-28,1872.75,7.5633,247.6102
TXN0001432,INV60RJI,Investor_0091,Corporate,Chennai,Tamil Nadu,Aggressive,119598,Kotak Bluechip Fund - Direct Growth,KOTAK,Switch-In,2024-04-27,49812.89,743.507,66.9972
TXN0001433,INVVIFTT,Investor_0155,Corporate,Jaipur,Rajasthan,Conservative,119598,Kotak Bluechip Fund - Direct Growth,KOTAK,Lumpsum,2024-10-15,4883.19,60.6957,80.4536
TXN0001434,INVQVKIZ,Investor_0138,HUF,Pune,Maharashtra,Aggressive,120716,Canara Robeco Bluechip Equity Fund - Direct Growth,CANARA,Switch-In,2024-05-13,4884.63,36.1557,135.1
TXN0001435,INVP49KW,Investor_0135,Corporate,Chennai,Tamil Nadu,Conservative,135781,Parag Parikh Flexi Cap Fund - Direct Growth,PPFAS,Lumpsum,2022-01-06,947.04,3.7263,254.1518
TXN0001436,INV55NF4,Investor_0053,Individual,Delhi,Delhi,Aggressive,119551,Axis Bluechip Fund - Direct Growth,AXIS,Redemption,2022-08-14,109152.32,530.3177,205.8244
TXN0001437,INVO6QJI,Investor_0016,Individual,Pune,Maharashtra,Conservative,119598,Kotak Bluechip Fund - Direct Growth,KOTAK,Redemption,2022-10-23,1917.88,37.3574,51.3387
TXN0001438,INVL0UKE,Investor_0142,HUF,Hyderabad,Telangana,Conservative,120465,Nippon India Large Cap Fund - Direct Growth,NIPPON,Lumpsum,2022-04-25,5327.82,23.0785,230.8562
TXN0001439,INV2ATQY,Investor_0192,Corporate,Bengaluru,Karnataka,Aggressive,122639,SBI Small Cap Fund - Direct Growth,SBI,SIP,2022-02-23,1950.98,7.4794,260.8461
TXN0001440,INVXPJ4H,Investor_0179,HUF,Kolkata,West Bengal,Conservative,120465,Nippon India Large Cap Fund - Direct Growth,NIPPON,Redemption,2022-06-01,520.14,1.8961,274.3236
TXN0001441,INVYLURT,Investor_0123,HUF,Bengaluru,Karnataka,Moderate,135781,Parag Parikh Flexi Cap Fund - Direct Growth,PPFAS,Lumpsum,2022-10-17,464.69,1.6891,275.1074
TXN0001442,INVAZYTJ,Investor_0021,Individual,Delhi,Delhi,Aggressive,125497,HDFC Mid-Cap Opportunities Fund - Direct Growth,HDFC,SIP,2024-05-02,506.92,3.3501,151.3158
TXN0001443,INVPKI7P,Investor_0039,Corporate,Bengaluru,Karnataka,Moderate,122639,SBI Small Cap Fund - Direct Growth,SBI,Switch-In,2023-09-06,2099.24,8.4605,248.1226
TXN0001444,INVDZR1Y,Investor_0121,HUF,Delhi,Delhi,Moderate,120465,Nippon India Large Cap Fund - Direct Growth,NIPPON,Redemption,2022-01-28,105627.94,320.6647,329.4031
TXN0001445,INVUJZA7,Investor_0074,Individual,Ahmedabad,Gujarat,Aggressive,120503,Mirae Asset Large Cap Fund - Direct Growth,MIRAE,Lumpsum,2022-03-07,538.12,2.766,194.5497
TXN0001446,INVVIFTT,Investor_0155,Corporate,Jaipur,Rajasthan,Conservative,122639,SBI Small Cap Fund - Direct Growth,SBI,Switch-Out,2024-05-17,1804.35,5.4938,328.4344
TXN0001447,INVU2GC5,Investor_0175,Individual,Mumbai,Maharashtra,Aggressive,120594,DSP Top 100 Equity Fund - Direct Growth,DSP,Switch-Out,2024-10-24,10838.3,80.3738,134.8487
TXN0001448,INV6WKTA,Investor_0079,HUF,Lucknow,Uttar Pradesh,Aggressive,125497,HDFC Mid-Cap Opportunities Fund - Direct Growth,HDFC,Switch-In,2022-07-08,1908.73,10.3516,184.3898
TXN0001449,INVV2ISQ,Investor_0134,Individual,Mumbai,Maharashtra,Aggressive,120465,Nippon India Large Cap Fund - Direct Growth,NIPPON,Lumpsum,2022-04-25,4900.4,14.6768,333.887
TXN0001450,INVZHWJR,Investor_0057,HUF,Jaipur,Rajasthan,Aggressive,120465,Nippon India Large Cap Fund - Direct Growth,NIPPON,Lumpsum,2024-08-17,1063.31,3.0685,346.5282
TXN0001451,INVYLURT,Investor_0123,HUF,Bengaluru,Karnataka,Moderate,119598,Kotak Bluechip Fund - Direct Growth,KOTAK,Switch-In,2024-01-31,46648.24,768.3541,60.7119
TXN0001452,INVRBSV5,Investor_0166,HUF,Pune,Maharashtra,Conservative,120465,Nippon India Large Cap Fund - Direct Growth,NIPPON,Lumpsum,2022-06-09,9216.8,33.9852,271.2002
TXN0001453,INVCKJLT,Investor_0093,HUF,Jaipur,Rajasthan,Moderate,135781,Parag Parikh Flexi Cap Fund - Direct Growth,PPFAS,Redemption,2022-11-30,473.95,1.872,253.1763
TXN0001454,INVZQY72,Investor_0139,Corporate,Delhi,Delhi,Conservative,120503,Mirae Asset Large Cap Fund - Direct Growth,MIRAE,SIP,2023-09-26,5097.11,20.8536,244.4235
TXN0001455,INVPVS7H,Investor_0049,Corporate,Bengaluru,Karnataka,Aggressive,120716,Canara Robeco Bluechip Equity Fund - Direct Growth,CANARA,Lumpsum,2022-06-24,474.03,3.0986,152.9824
TXN0001456,INV9YJB1,Investor_0146,Corporate,Delhi,Delhi,Aggressive,135781,Parag Parikh Flexi Cap Fund - Direct Growth,PPFAS,SIP,2023-10-07,90913.61,310.3066,292.9799
TXN0001457,INV5KXVF,Investor_0024,HUF,Lucknow,Uttar Pradesh,Aggressive,118989,ICICI Prudential Technology Fund - Direct Growth,ICICI,SIP,2024-03-26,26258.4,79.338,330.9689
TXN0001458,INV9TZE5,Investor_0129,Corporate,Pune,Maharashtra,Conservative,125497,HDFC Mid-Cap Opportunities Fund - Direct Growth,HDFC,Redemption,2022-09-23,52256.88,209.0766,249.9413
TXN0001459,INVNRIUU,Investor_0180,Individual,Kolkata,West Bengal,Aggressive,120503,Mirae Asset Large Cap Fund - Direct Growth,MIRAE,Redemption,2024-10-28,53965.11,216.1617,249.6516
TXN0001460,INVLA753,Investor_0026,Individual,Hyderabad,Telangana,Moderate,120716,Canara Robeco Bluechip Equity Fund - Direct Growth,CANARA,Lumpsum,2024-02-22,508.72,2.5988,195.749
TXN0001461,INVYLURT,Investor_0123,HUF,Bengaluru,Karnataka,Moderate,135781,Parag Parikh Flexi Cap Fund - Direct Growth,PPFAS,SIP,2024-08-06,9322.45,30.1729,308.9676
TXN0001462,INVAZYTJ,Investor_0021,Individual,Delhi,Delhi,Aggressive,120503,Mirae Asset Large Cap Fund - Direct Growth,MIRAE,Lumpsum,2022-10-16,5307.48,33.3595,159.0993
TXN0001463,INVD5EQY,Investor_0197,Individual,Ahmedabad,Gujarat,Aggressive,122639,SBI Small Cap Fund - Direct Growth,SBI,Switch-Out,2022-09-26,24737.4,65.1935,379.4459
TXN0001464,INVDPG8S,Investor_0087,Corporate,Pune,Maharashtra,Conservative,118989,ICICI Prudential Technology Fund - Direct Growth,ICICI,Redemption,2024-03-04,45400.13,154.6704,293.5282
TXN0001465,INVEL624,Investor_0062,Corporate,Hyderabad,Telangana,Moderate,125497,HDFC Mid-Cap Opportunities Fund - Direct Growth,HDFC,Switch-Out,2024-10-15,1091.6,5.4749,199.3838
TXN0001466,INV1T2TA,Investor_0025,Individual,Hyderabad,Telangana,Moderate,119551,Axis Bluechip Fund - Direct Growth,AXIS,Lumpsum,2022-06-28,10094.27,82.8177,121.8854
TXN0001467,INVIGATJ,Investor_0128,Corporate,Jaipur,Rajasthan,Aggressive,120503,Mirae Asset Large Cap Fund - Direct Growth,MIRAE,Switch-In,2023-08-29,23348.59,108.7137,214.7713
TXN0001468,INVHOCN9,Investor_0042,Corporate,Hyderabad,Telangana,Moderate,120503,Mirae Asset Large Cap Fund - Direct Growth,MIRAE,Redemption,2022-05-26,24266.84,166.9487,145.3551
TXN0001469,INVVS4F8,Investor_0046,Individual,Bengaluru,Karnataka,Aggressive,120594,DSP Top 100 Equity Fund - Direct Growth,DSP,Redemption,2024-06-24,109569.68,1112.0213,98.532
TXN0001470,INV5PSQ0,Investor_0167,HUF,Pune,Maharashtra,Conservative,122639,SBI Small Cap Fund - Direct Growth,SBI,SIP,2023-08-11,90791.85,288.9028,314.2643
TXN0001471,INVHL1N1,Investor_0103,Corporate,Kolkata,West Bengal,Aggressive,120465,Nippon India Large Cap Fund - Direct Growth,NIPPON,Switch-Out,2024-11-15,1976.33,5.6375,350.5658
TXN0001472,INV2O7S3,Investor_0160,Corporate,Lucknow,Uttar Pradesh,Conservative,119598,Kotak Bluechip Fund - Direct Growth,KOTAK,Redemption,2024-11-02,1036.44,16.3838,63.2599
TXN0001473,INV3TRP0,Investor_0116,Corporate,Delhi,Delhi,Aggressive,118989,ICICI Prudential Technology Fund - Direct Growth,ICICI,SIP,2023-05-17,524.1,1.705,307.3967
TXN0001474,INVNRIUU,Investor_0180,Individual,Kolkata,West Bengal,Aggressive,120716,Canara Robeco Bluechip Equity Fund - Direct Growth,CANARA,SIP,2023-08-19,2141.22,16.9307,126.4693
TXN0001475,INVNAM14,Investor_0097,Corporate,Delhi,Delhi,Aggressive,122639,SBI Small Cap Fund - Direct Growth,SBI,Switch-Out,2023-04-02,53538.29,156.499,342.0998
TXN0001476,INVYOFQE,Investor_0100,Corporate,Kolkata,West Bengal,Aggressive,120594,DSP Top 100 Equity Fund - Direct Growth,DSP,SIP,2024-12-31,24829.39,228.8442,108.4991
TXN0001477,INV5ZJA8,Investor_0120,HUF,Kolkata,West Bengal,Conservative,120503,Mirae Asset Large Cap Fund - Direct Growth,MIRAE,SIP,2024-03-23,2092.71,9.7092,215.5385
TXN0001478,INVD5EQY,Investor_0197,Individual,Ahmedabad,Gujarat,Aggressive,120465,Nippon India Large Cap Fund - Direct Growth,NIPPON,Lumpsum,2023-10-12,48287.21,151.0656,319.6439
TXN0001479,INVBI4Q2,Investor_0088,Individual,Kolkata,West Bengal,Conservative,135781,Parag Parikh Flexi Cap Fund - Direct Growth,PPFAS,Switch-In,2024-09-02,5202.29,18.0932,287.5277
TXN0001480,INVHT0HL,Investor_0030,Corporate,Mumbai,Maharashtra,Aggressive,118989,ICICI Prudential Technology Fund - Direct Growth,ICICI,Switch-In,2024-08-20,504.51,1.6925,298.0892
TXN0001481,INVM5IGQ,Investor_0038,Individual,Mumbai,Maharashtra,Moderate,125497,HDFC Mid-Cap Opportunities Fund - Direct Growth,HDFC,Redemption,2024-02-18,548.78,2.7644,198.5158
TXN0001482,INVO6QJI,Investor_0016,Individual,Pune,Maharashtra,Conservative,119598,Kotak Bluechip Fund - Direct Growth,KOTAK,Switch-In,2023-03-10,94268.42,1149.4327,82.013
TXN0001483,INVMDD4V,Investor_0006,Corporate,Kolkata,West Bengal,Aggressive,120465,Nippon India Large Cap Fund - Direct Growth,NIPPON,Redemption,2022-06-21,10271.37,38.4004,267.4809
TXN0001484,INV0Y9DO,Investor_0037,HUF,Delhi,Delhi,Conservative,120503,Mirae Asset Large Cap Fund - Direct Growth,MIRAE,Redemption,2024-07-13,45817.09,311.2815,147.1886
TXN0001485,INV1GV0E,Investor_0108,Corporate,Delhi,Delhi,Aggressive,120716,Canara Robeco Bluechip Equity Fund - Direct Growth,CANARA,Lumpsum,2022-04-21,9368.16,43.5778,214.9756
TXN0001486,INV5KXVF,Investor_0024,HUF,Lucknow,Uttar Pradesh,Aggressive,120465,Nippon India Large Cap Fund - Direct Growth,NIPPON,Redemption,2023-12-17,9329.07,28.0351,332.7641
TXN0001487,INV1GV0E,Investor_0108,Corporate,Delhi,Delhi,Aggressive,120594,DSP Top 100 Equity Fund - Direct Growth,DSP,Switch-In,2024-06-13,2186.24,23.0892,94.6867
TXN0001488,INV60RJI,Investor_0091,Corporate,Chennai,Tamil Nadu,Aggressive,135781,Parag Parikh Flexi Cap Fund - Direct Growth,PPFAS,Switch-In,2023-02-11,506.09,1.6301,310.4691
TXN0001489,INVN9T84,Investor_0020,Corporate,Hyderabad,Telangana,Aggressive,135781,Parag Parikh Flexi Cap Fund - Direct Growth,PPFAS,Switch-Out,2023-10-11,1929.49,6.7245,286.9331
TXN0001490,INVTHV3A,Investor_0004,HUF,Pune,Maharashtra,Moderate,122639,SBI Small Cap Fund - Direct Growth,SBI,Switch-In,2023-10-11,1999.78,6.334,315.7228
TXN0001491,INVHT0HL,Investor_0030,Corporate,Mumbai,Maharashtra,Aggressive,120465,Nippon India Large Cap Fund - Direct Growth,NIPPON,Redemption,2022-09-15,548.82,2.2742,241.3232
TXN0001492,INVQLGZU,Investor_0163,HUF,Bengaluru,Karnataka,Conservative,120594,DSP Top 100 Equity Fund - Direct Growth,DSP,Switch-Out,2023-01-20,907.3,6.6312,136.8231
TXN0001493,INV1GV0E,Investor_0108,Corporate,Delhi,Delhi,Aggressive,120716,Canara Robeco Bluechip Equity Fund - Direct Growth,CANARA,Lumpsum,2023-03-06,47161.37,240.373,196.2008
TXN0001494,INVPVS7H,Investor_0049,Corporate,Bengaluru,Karnataka,Aggressive,135781,Parag Parikh Flexi Cap Fund - Direct Growth,PPFAS,SIP,2022-02-03,26568.9,115.6696,229.6965
TXN0001495,INVKEP7Y,Investor_0078,Corporate,Pune,Maharashtra,Conservative,118989,ICICI Prudential Technology Fund - Direct Growth,ICICI,Switch-Out,2024-07-22,1039.86,3.721,279.4535
TXN0001496,INV18HAF,Investor_0106,Corporate,Kolkata,West Bengal,Conservative,120465,Nippon India Large Cap Fund - Direct Growth,NIPPON,Redemption,2024-05-22,26640.93,94.9394,280.6097
TXN0001497,INVV2ISQ,Investor_0134,Individual,Mumbai,Maharashtra,Aggressive,119598,Kotak Bluechip Fund - Direct Growth,KOTAK,SIP,2024-02-04,1983.53,27.1291,73.1146
TXN0001498,INVVS4F8,Investor_0046,Individual,Bengaluru,Karnataka,Aggressive,120716,Canara Robeco Bluechip Equity Fund - Direct Growth,CANARA,Switch-Out,2024-02-21,2017.11,10.6715,189.0183
TXN0001499,INV0LVSN,Investor_0073,Individual,Delhi,Delhi,Aggressive,120465,Nippon India Large Cap Fund - Direct Growth,NIPPON,Redemption,2022-08-01,1099.07,3.9957,275.061
TXN0001500,INV5JSG6,Investor_0023,HUF,Hyderabad,Telangana,Conservative,119551,Axis Bluechip Fund - Direct Growth,AXIS,Switch-Out,2022-07-24,46036.75,256.8804,179.2147
TXN0001501,INVQLGZU,Investor_0163,HUF,Bengaluru,Karnataka,Conservative,120594,DSP Top 100 Equity Fund - Direct Growth,DSP,Switch-Out,2024-05-11,516.77,3.9014,132.4578
TXN0001502,INV3KX7E,Investor_0055,Individual,Ahmedabad,Gujarat,Conservative,125497,HDFC Mid-Cap Opportunities Fund - Direct Growth,HDFC,Switch-In,2024-08-19,46145.01,171.4059,269.2148
TXN0001503,INVIMVIH,Investor_0032,Individual,Bengaluru,Karnataka,Moderate,119598,Kotak Bluechip Fund - Direct Growth,KOTAK,Switch-In,2024-03-21,54079.94,665.8804,81.2157
TXN0001504,INVY6DPB,Investor_0002,HUF,Pune,Maharashtra,Conservative,119598,Kotak Bluechip Fund - Direct Growth,KOTAK,Lumpsum,2023-06-26,9535.22,105.0154,90.7983
TXN0001505,INV6WKTA,Investor_0079,HUF,Lucknow,Uttar Pradesh,Aggressive,120465,Nippon India Large Cap Fund - Direct Growth,NIPPON,Lumpsum,2024-04-29,540.02,1.6486,327.5668
TXN0001506,INVZBIKC,Investor_0009,HUF,Delhi,Delhi,Conservative,119551,Axis Bluechip Fund - Direct Growth,AXIS,SIP,2024-11-28,2116.2,14.7625,143.3495
TXN0001507,INVE8F84,Investor_0190,Corporate,Mumbai,Maharashtra,Aggressive,135781,Parag Parikh Flexi Cap Fund - Direct Growth,PPFAS,Redemption,2024-05-30,23352.05,74.5267,313.338
TXN0001508,INVEL624,Investor_0062,Corporate,Hyderabad,Telangana,Moderate,120716,Canara Robeco Bluechip Equity Fund - Direct Growth,CANARA,Switch-In,2024-03-16,5116.27,39.8667,128.3343
TXN0001509,INV1IBLJ,Investor_0014,Individual,Mumbai,Maharashtra,Moderate,135781,Parag Parikh Flexi Cap Fund - Direct Growth,PPFAS,Switch-In,2024-03-10,2175.76,9.7868,222.3169
TXN0001510,INVK0GET,Investor_0187,Corporate,Lucknow,Uttar Pradesh,Aggressive,122639,SBI Small Cap Fund - Direct Growth,SBI,Switch-In,2024-06-14,25086.39,68.7987,364.6346
TXN0001511,INVTPAC5,Investor_0060,Corporate,Ahmedabad,Gujarat,Aggressive,120503,Mirae Asset Large Cap Fund - Direct Growth,MIRAE,Lumpsum,2024-03-13,1026.29,5.0519,203.1491
TXN0001512,INVOF8KR,Investor_0196,Corporate,Chennai,Tamil Nadu,Moderate,118989,ICICI Prudential Technology Fund - Direct Growth,ICICI,Switch-Out,2023-02-22,2179.48,8.2599,263.8636
TXN0001513,INV5KXVF,Investor_0024,HUF,Lucknow,Uttar Pradesh,Aggressive,120503,Mirae Asset Large Cap Fund - Direct Growth,MIRAE,SIP,2022-11-10,45115.38,191.3684,235.7514
TXN0001514,INVT3W5U,Investor_0008,Corporate,Hyderabad,Telangana,Aggressive,135781,Parag Parikh Flexi Cap Fund - Direct Growth,PPFAS,Switch-Out,2022-02-21,1014.36,5.0239,201.9056
TXN0001515,INV0982N,Investor_0191,Individual,Bengaluru,Karnataka,Aggressive,122639,SBI Small Cap Fund - Direct Growth,SBI,Switch-In,2023-03-31,23432.78,53.9168,434.6102
TXN0001516,INVZKLOO,Investor_0077,Corporate,Delhi,Delhi,Aggressive,125497,HDFC Mid-Cap Opportunities Fund - Direct Growth,HDFC,Switch-Out,2024-02-14,5226.31,26.2409,199.1666
TXN0001517,INV08P0F,Investor_0198,HUF,Kolkata,West Bengal,Conservative,118989,ICICI Prudential Technology Fund - Direct Growth,ICICI,SIP,2022-10-22,9165.93,27.9743,327.6552
TXN0001518,INVKKV9R,Investor_0161,HUF,Chennai,Tamil Nadu,Conservative,119551,Axis Bluechip Fund - Direct Growth,AXIS,Switch-Out,2022-09-09,922.19,6.0618,152.1304
TXN0001519,INVRC11E,Investor_0028,Corporate,Bengaluru,Karnataka,Moderate,122639,SBI Small Cap Fund - Direct Growth,SBI,Redemption,2022-07-10,10789.21,30.2363,356.8301
TXN0001520,INVN9T84,Investor_0020,Corporate,Hyderabad,Telangana,Aggressive,120594,DSP Top 100 Equity Fund - Direct Growth,DSP,Redemption,2024-10-02,4890.8,47.5209,102.9189
TXN0001521,INVMDD4V,Investor_0006,Corporate,Kolkata,West Bengal,Aggressive,120465,Nippon India Large Cap Fund - Direct Growth,NIPPON,SIP,2022-06-06,109184.34,366.7605,297.6993
TXN0001522,INVZW9XA,Investor_0054,Individual,Ahmedabad,Gujarat,Aggressive,120465,Nippon India Large Cap Fund - Direct Growth,NIPPON,Switch-In,2024-07-12,25667.76,118.2203,217.1181
TXN0001523,INVHOCN9,Investor_0042,Corporate,Hyderabad,Telangana,Moderate,122639,SBI Small Cap Fund - Direct Growth,SBI,Redemption,2022-03-06,540.36,1.7117,315.6875
TXN0001524,INV9XPSE,Investor_0031,HUF,Chennai,Tamil Nadu,Moderate,119598,Kotak Bluechip Fund - Direct Growth,KOTAK,Redemption,2022-01-11,109898.32,2069.1728,53.1122
TXN0001525,INV874FR,Investor_0041,HUF,Pune,Maharashtra,Moderate,120716,Canara Robeco Bluechip Equity Fund - Direct Growth,CANARA,Redemption,2022-03-02,938.57,5.0984,184.0907
TXN0001526,INVQVKIZ,Investor_0138,HUF,Pune,Maharashtra,Aggressive,119551,Axis Bluechip Fund - Direct Growth,AXIS,Switch-Out,2024-01-18,1886.52,8.9873,209.9096
TXN0001527,INVHT0HL,Investor_0030,Corporate,Mumbai,Maharashtra,Aggressive,125497,HDFC Mid-Cap Opportunities Fund - Direct Growth,HDFC,SIP,2022-06-20,23192.83,154.8051,149.8195
TXN0001528,INVK0GET,Investor_0187,Corporate,Lucknow,Uttar Pradesh,Aggressive,122639,SBI Small Cap Fund - Direct Growth,SBI,Redemption,2022-07-08,9963.15,27.0252,368.6608
TXN0001529,INVWZS3T,Investor_0090,HUF,Jaipur,Rajasthan,Aggressive,120716,Canara Robeco Bluechip Equity Fund - Direct Growth,CANARA,Redemption,2024-10-12,104903.89,517.261,202.8065
TXN0001530,INVVE92M,Investor_0112,HUF,Chennai,Tamil Nadu,Aggressive,120716,Canara Robeco Bluechip Equity Fund - Direct Growth,CANARA,Switch-In,2023-02-10,4750.09,33.1291,143.3812
TXN0001531,INVWI6FQ,Investor_0176,HUF,Delhi,Delhi,Moderate,118989,ICICI Prudential Technology Fund - Direct Growth,ICICI,Switch-In,2023-10-01,1016.73,4.5862,221.6931
TXN0001532,INVJ2QP8,Investor_0043,Individual,Lucknow,Uttar Pradesh,Moderate,125497,HDFC Mid-Cap Opportunities Fund - Direct Growth,HDFC,Switch-In,2024-05-17,53828.57,317.6868,169.4391
TXN0001533,INV1W1HT,Investor_0153,Individual,Hyderabad,Telangana,Aggressive,118989,ICICI Prudential Technology Fund - Direct Growth,ICICI,Redemption,2024-05-29,1021.46,4.5297,225.5038
TXN0001534,INV9CHJ7,Investor_0052,HUF,Delhi,Delhi,Conservative,135781,Parag Parikh Flexi Cap Fund - Direct Growth,PPFAS,Redemption,2022-05-12,26989.47,142.7018,189.132
TXN0001535,INV3TRP0,Investor_0116,Corporate,Delhi,Delhi,Aggressive,122639,SBI Small Cap Fund - Direct Growth,SBI,SIP,2023-08-25,10173.74,32.8722,309.4942
TXN0001536,INVVIFTT,Investor_0155,Corporate,Jaipur,Rajasthan,Conservative,120716,Canara Robeco Bluechip Equity Fund - Direct Growth,CANARA,Redemption,2023-01-04,45299.4,283.3731,159.8578
TXN0001537,INV31YIH,Investor_0083,Individual,Chennai,Tamil Nadu,Conservative,120465,Nippon India Large Cap Fund - Direct Growth,NIPPON,Lumpsum,2023-03-17,23726.59,74.3324,319.1958
TXN0001538,INVMYX44,Investor_0169,Individual,Bengaluru,Karnataka,Moderate,119598,Kotak Bluechip Fund - Direct Growth,KOTAK,Redemption,2022-09-08,2111.81,24.7762,85.2354
TXN0001539,INVHSAHX,Investor_0003,Corporate,Jaipur,Rajasthan,Conservative,119598,Kotak Bluechip Fund - Direct Growth,KOTAK,SIP,2023-10-21,23568.86,277.1187,85.0497
TXN0001540,INVTPAC5,Investor_0060,Corporate,Ahmedabad,Gujarat,Aggressive,120716,Canara Robeco Bluechip Equity Fund - Direct Growth,CANARA,SIP,2023-03-11,47836.14,264.5719,180.8058
TXN0001541,INVP49KW,Investor_0135,Corporate,Chennai,Tamil Nadu,Conservative,125497,HDFC Mid-Cap Opportunities Fund - Direct Growth,HDFC,SIP,2022-06-03,10432.53,56.3602,185.1046
TXN0001542,INVQX6GV,Investor_0147,HUF,Pune,Maharashtra,Moderate,120465,Nippon India Large Cap Fund - Direct Growth,NIPPON,Switch-In,2023-02-10,26566.97,104.4591,254.329
TXN0001543,INVL1CQ9,Investor_0051,Individual,Jaipur,Rajasthan,Conservative,119551,Axis Bluechip Fund - Direct Growth,AXIS,Switch-In,2023-07-17,90935.84,624.5032,145.6131
TXN0001544,INV1GV0E,Investor_0108,Corporate,Delhi,Delhi,Aggressive,120503,Mirae Asset Large Cap Fund - Direct Growth,MIRAE,SIP,2023-11-01,93422.79,445.2052,209.8421
TXN0001545,INVXTOGN,Investor_0152,Individual,Lucknow,Uttar Pradesh,Moderate,120465,Nippon India Large Cap Fund - Direct Growth,NIPPON,Lumpsum,2022-01-10,478.5,1.4049,340.5906
TXN0001546,INV4GH2M,Investor_0119,HUF,Delhi,Delhi,Aggressive,118989,ICICI Prudential Technology Fund - Direct Growth,ICICI,Lumpsum,2024-12-28,45370.08,203.0148,223.4816
TXN0001547,INVV08HH,Investor_0136,Corporate,Lucknow,Uttar Pradesh,Moderate,119551,Axis Bluechip Fund - Direct Growth,AXIS,Redemption,2022-07-14,456.95,2.8616,159.6808
TXN0001549,INVAZYTJ,Investor_0021,Individual,Delhi,Delhi,Aggressive,120716,Canara Robeco Bluechip Equity Fund - Direct Growth,CANARA,Redemption,2024-03-16,102246.41,486.5036,210.1658
TXN0001550,INVZKLOO,Investor_0077,Corporate,Delhi,Delhi,Aggressive,120594,DSP Top 100 Equity Fund - Direct Growth,DSP,Switch-In,2022-07-30,1068.62,11.848,90.1941
TXN0001551,INVT3W5U,Investor_0008,Corporate,Hyderabad,Telangana,Aggressive,125497,HDFC Mid-Cap Opportunities Fund - Direct Growth,HDFC,SIP,2023-10-24,463.87,2.5863,179.3588
TXN0001552,INVJJA26,Investor_0177,Corporate,Jaipur,Rajasthan,Conservative,120465,Nippon India Large Cap Fund - Direct Growth,NIPPON,Lumpsum,2024-01-26,1835.21,5.5286,331.9461
TXN0001553,INVQVKIZ,Investor_0138,HUF,Pune,Maharashtra,Aggressive,119551,Axis Bluechip Fund - Direct Growth,AXIS,SIP,2022-03-30,10766.64,88.2965,121.9373
TXN0001554,INVRTJ5P,Investor_0029,Corporate,Lucknow,Uttar Pradesh,Moderate,119551,Axis Bluechip Fund - Direct Growth,AXIS,Redemption,2024-02-17,952.75,5.4663,174.2955
TXN0001555,INV58KXO,Investor_0070,HUF,Ahmedabad,Gujarat,Moderate,122639,SBI Small Cap Fund - Direct Growth,SBI,Lumpsum,2023-10-16,92398.03,225.5066,409.7354
TXN0001556,INVM5IGQ,Investor_0038,Individual,Mumbai,Maharashtra,Moderate,135781,Parag Parikh Flexi Cap Fund - Direct Growth,PPFAS,Switch-In,2024-12-04,103364.71,331.6664,311.6526
TXN0001557,INVV08HH,Investor_0136,Corporate,Lucknow,Uttar Pradesh,Moderate,125497,HDFC Mid-Cap Opportunities Fund - Direct Growth,HDFC,Switch-Out,2023-07-29,103225.38,708.8054,145.6329
TXN0001558,INV31YIH,Investor_0083,Individual,Chennai,Tamil Nadu,Conservative,120594,DSP Top 100 Equity Fund - Direct Growth,DSP,Lumpsum,2023-08-30,952.76,9.751,97.7092
TXN0001559,INVR6K2V,Investor_0183,Individual,Bengaluru,Karnataka,Moderate,120503,Mirae Asset Large Cap Fund - Direct Growth,MIRAE,Redemption,2023-02-26,5159.48,30.2888,170.3427
TXN0001560,INVYFPMV,Investor_0178,Individual,Hyderabad,Telangana,Conservative,120503,Mirae Asset Large Cap Fund - Direct Growth,MIRAE,SIP,2022-01-27,91205.34,438.1681,208.1515
TXN0001561,INV90PDW,Investor_0172,Individual,Kolkata,West Bengal,Conservative,125497,HDFC Mid-Cap Opportunities Fund - Direct Growth,HDFC,Switch-In,2022-08-03,46879.17,209.4752,223.7934
TXN0001563,INVUY0BV,Investor_0182,Corporate,Pune,Maharashtra,Moderate,120594,DSP Top 100 Equity Fund - Direct Growth,DSP,Lumpsum,2023-03-25,1082.83,10.1243,106.9532
TXN0001564,INVEIYZC,Investor_0094,HUF,Lucknow,Uttar Pradesh,Moderate,120465,Nippon India Large Cap Fund - Direct Growth,NIPPON,Switch-In,2023-01-20,5280.02,19.039,277.3264
TXN0001565,INVH9SDB,Investor_0018,HUF,Bengaluru,Karnataka,Conservative,118989,ICICI Prudential Technology Fund - Direct Growth,ICICI,Switch-In,2022-07-29,2074.51,8.5088,243.807
TXN0001566,INVM5IGQ,Investor_0038,Individual,Mumbai,Maharashtra,Moderate,120594,DSP Top 100 Equity Fund - Direct Growth,DSP,SIP,2024-08-01,948.11,11.3725,83.3687
TXN0001568,INV60RJI,Investor_0091,Corporate,Chennai,Tamil Nadu,Aggressive,118989,ICICI Prudential Technology Fund - Direct Growth,ICICI,SIP,2023-03-11,970.89,4.4616,217.6083
TXN0001569,INVPKI7P,Investor_0039,Corporate,Bengaluru,Karnataka,Moderate,120465,Nippon India Large Cap Fund - Direct Growth,NIPPON,Switch-Out,2022-04-19,50079.27,157.3801,318.2059
TXN0001570,INVPNSM4,Investor_0113,HUF,Pune,Maharashtra,Aggressive,118989,ICICI Prudential Technology Fund - Direct Growth,ICICI,Redemption,2024-02-23,909.83,3.4412,264.3965
TXN0001571,INV8T63J,Investor_0188,HUF,Lucknow,Uttar Pradesh,Conservative,120465,Nippon India Large Cap Fund - Direct Growth,NIPPON,Lumpsum,2022-12-28,9378.9,39.8181,235.5434
TXN0001572,INV1W1HT,Investor_0153,Individual,Hyderabad,Telangana,Aggressive,118989,ICICI Prudential Technology Fund - Direct Growth,ICICI,Switch-Out,2022-08-12,100372.37,392.8233,255.5153
TXN0001573,INVU2GC5,Investor_0175,Individual,Mumbai,Maharashtra,Aggressive,119551,Axis Bluechip Fund - Direct Growth,AXIS,Lumpsum,2022-04-19,943.92,6.9531,135.7555
TXN0001574,INVIDKWN,Investor_0010,Individual,Ahmedabad,Gujarat,Moderate,135781,Parag Parikh Flexi Cap Fund - Direct Growth,PPFAS,Redemption,2022-07-26,4565.85,22.7769,200.46
TXN0001575,INV9T7E8,Investor_0071,Individual,Kolkata,West Bengal,Conservative,125497,HDFC Mid-Cap Opportunities Fund - Direct Growth,HDFC,Switch-Out,2022-07-27,48919.08,193.8063,252.4122
TXN0001576,INVZHWJR,Investor_0057,HUF,Jaipur,Rajasthan,Aggressive,118989,ICICI Prudential Technology Fund - Direct Growth,ICICI,Switch-In,2023-02-21,4671.03,14.2903,326.8673
TXN0001577,INVY9V86,Investor_0089,Corporate,Lucknow,Uttar Pradesh,Moderate,118989,ICICI Prudential Technology Fund - Direct Growth,ICICI,Switch-Out,2022-07-13,10467.76,54.6717,191.4657
TXN0001578,INVE6IVW,Investor_0048,HUF,Mumbai,Maharashtra,Moderate,120716,Canara Robeco Bluechip Equity Fund - Direct Growth,CANARA,Switch-Out,2023-05-04,104781.82,519.4254,201.7264
TXN0001579,INV9UZFK,Investor_0044,Individual,Pune,Maharashtra,Conservative,119598,Kotak Bluechip Fund - Direct Growth,KOTAK,SIP,2024-07-21,1874.94,26.7882,69.9913
TXN0001580,INV0Y9DO,Investor_0037,HUF,Delhi,Delhi,Conservative,119551,Axis Bluechip Fund - Direct Growth,AXIS,Switch-In,2022-12-30,48340.54,316.5427,152.7141
TXN0001581,INV4I3QK,Investor_0068,HUF,Mumbai,Maharashtra,Aggressive,120503,Mirae Asset Large Cap Fund - Direct Growth,MIRAE,Lumpsum,2024-08-28,509.4,2.2851,222.9188
TXN0001582,INV83TQL,Investor_0150,HUF,Delhi,Delhi,Conservative,119551,Axis Bluechip Fund - Direct Growth,AXIS,Switch-In,2022-04-03,4972.57,35.397,140.4799
TXN0001583,INV3ZMF8,Investor_0005,Individual,Mumbai,Maharashtra,Moderate,135781,Parag Parikh Flexi Cap Fund - Direct Growth,PPFAS,Redemption,2022-12-09,5025.27,28.6142,175.6217
TXN0001584,INVIA5U6,Investor_0194,Individual,Mumbai,Maharashtra,Moderate,122639,SBI Small Cap Fund - Direct Growth,SBI,SIP,2023-11-19,960.92,3.4626,277.5171
TXN0001585,INV3TRP0,Investor_0116,Corporate,Delhi,Delhi,Aggressive,120594,DSP Top 100 Equity Fund - Direct Growth,DSP,Redemption,2023-06-04,10326.82,120.3944,85.7749
TXN0001586,INVEIYZC,Investor_0094,HUF,Lucknow,Uttar Pradesh,Moderate,120594,DSP Top 100 Equity Fund - Direct Growth,DSP,SIP,2023-11-15,24005.67,315.7465,76.0283
TXN0001587,INVUK9E1,Investor_0133,Individual,Kolkata,West Bengal,Conservative,135781,Parag Parikh Flexi Cap Fund - Direct Growth,PPFAS,Switch-In,2024-11-29,953.99,4.3164,221.0177
TXN0001588,INVK0GET,Investor_0187,Corporate,Lucknow,Uttar Pradesh,Aggressive,119551,Axis Bluechip Fund - Direct Growth,AXIS,Lumpsum,2022-10-18,53562.66,332.1866,161.2427
TXN0001589,INVW1SWJ,Investor_0092,Individual,Ahmedabad,Gujarat,Moderate,120594,DSP Top 100 Equity Fund - Direct Growth,DSP,SIP,2024-06-01,5077.58,41.8379,121.3633
TXN0001590,INVCKJLT,Investor_0093,HUF,Jaipur,Rajasthan,Moderate,125497,HDFC Mid-Cap Opportunities Fund - Direct Growth,HDFC,SIP,2024-02-13,5420.65,29.2886,185.0769
TXN0001591,INVI1B0Z,Investor_0164,HUF,Chennai,Tamil Nadu,Conservative,120503,Mirae Asset Large Cap Fund - Direct Growth,MIRAE,Redemption,2024-12-15,109746.63,674.4864,162.7114
TXN0001592,INV8UT0C,Investor_0045,Corporate,Mumbai,Maharashtra,Aggressive,118989,ICICI Prudential Technology Fund - Direct Growth,ICICI,Redemption,2024-05-04,24455.13,113.7205,215.046
TXN0001593,INV9T7E8,Investor_0071,Individual,Kolkata,West Bengal,Conservative,118989,ICICI Prudential Technology Fund - Direct Growth,ICICI,Lumpsum,2023-12-05,507.95,1.595,318.4698
TXN0001594,INV3RZSJ,Investor_0157,Individual,Lucknow,Uttar Pradesh,Moderate,120503,Mirae Asset Large Cap Fund - Direct Growth,MIRAE,Switch-In,2023-12-12,101333.25,618.0741,163.95
TXN0001595,INVUJZA7,Investor_0074,Individual,Ahmedabad,Gujarat,Aggressive,120503,Mirae Asset Large Cap Fund - Direct Growth,MIRAE,SIP,2022-10-29,108544.66,441.2135,246.0139
TXN0001596,INV5ZJA8,Investor_0120,HUF,Kolkata,West Bengal,Conservative,122639,SBI Small Cap Fund - Direct Growth,SBI,Switch-Out,2022-11-30,10247.59,31.5124,325.192
TXN0001597,INVKEP7Y,Investor_0078,Corporate,Pune,Maharashtra,Conservative,120594,DSP Top 100 Equity Fund - Direct Growth,DSP,Redemption,2022-02-01,1059.96,7.8989,134.1911
TXN0001598,INVJ43D5,Investor_0117,Corporate,Delhi,Delhi,Conservative,119551,Axis Bluechip Fund - Direct Growth,AXIS,Lumpsum,2022-09-10,10650.94,68.8845,154.6203
TXN0001599,INV1IBLJ,Investor_0014,Individual,Mumbai,Maharashtra,Moderate,120594,DSP Top 100 Equity Fund - Direct Growth,DSP,Redemption,2022-01-02,493.03,5.7795,85.3071
TXN0001600,INV9XUY4,Investor_0013,HUF,Lucknow,Uttar Pradesh,Conservative,118989,ICICI Prudential Technology Fund - Direct Growth,ICICI,Lumpsum,2024-10-25,26893.61,101.5237,264.8997
TXN0001601,INV5BCW7,Investor_0171,Corporate,Lucknow,Uttar Pradesh,Moderate,120716,Canara Robeco Bluechip Equity Fund - Direct Growth,CANARA,Lumpsum,2022-10-20,1042.64,5.6977,182.9916
TXN0001602,INV8T63J,Investor_0188,HUF,Lucknow,Uttar Pradesh,Conservative,125497,HDFC Mid-Cap Opportunities Fund - Direct Growth,HDFC,Switch-In,2022-03-07,958.16,4.2751,224.1244
TXN0001603,INVXR2DH,Investor_0122,Individual,Pune,Maharashtra,Conservative,119598,Kotak Bluechip Fund - Direct Growth,KOTAK,Lumpsum,2022-07-20,49225.63,722.2314,68.1577
TXN0001604,INV3J2D5,Investor_0067,Corporate,Ahmedabad,Gujarat,Conservative,118989,ICICI Prudential Technology Fund - Direct Growth,ICICI,Switch-Out,2024-06-11,9346.6,50.1031,186.5473
TXN0001605,INV2KNFT,Investor_0174,HUF,Bengaluru,Karnataka,Aggressive,119598,Kotak Bluechip Fund - Direct Growth,KOTAK,Switch-Out,2023-02-13,2073.33,26.7199,77.5951
TXN0001606,INV5935A,Investor_0065,HUF,Jaipur,Rajasthan,Aggressive,122639,SBI Small Cap Fund - Direct Growth,SBI,Switch-In,2022-06-25,4801.06,11.3078,424.579
TXN0001607,INVZKLOO,Investor_0077,Corporate,Delhi,Delhi,Aggressive,135781,Parag Parikh Flexi Cap Fund - Direct Growth,PPFAS,Switch-In,2024-06-13,1950.39,6.1515,317.059
TXN0001608,INV1T2TA,Investor_0025,Individual,Hyderabad,Telangana,Moderate,122639,SBI Small Cap Fund - Direct Growth,SBI,Switch-Out,2024-10-28,103882.67,291.9466,355.8277
TXN0001609,INVWI6FQ,Investor_0176,HUF,Delhi,Delhi,Moderate,119598,Kotak Bluechip Fund - Direct Growth,KOTAK,Switch-In,2024-05-11,24638.35,483.2395,50.9858
TXN0001610,INV18HAF,Investor_0106,Corporate,Kolkata,West Bengal,Conservative,120594,DSP Top 100 Equity Fund - Direct Growth,DSP,SIP,2024-05-12,545.75,6.7645,80.6788
TXN0001611,INV5JSG6,Investor_0023,HUF,Hyderabad,Telangana,Conservative,122639,SBI Small Cap Fund - Direct Growth,SBI,Switch-Out,2024-11-14,10573.26,26.1506,404.3226
TXN0001612,INV6VZ41,Investor_0096,Corporate,Delhi,Delhi,Conservative,122639,SBI Small Cap Fund - Direct Growth,SBI,Switch-Out,2024-03-15,9107.07,22.5728,403.4541
TXN0001613,INVCWI64,Investor_0033,Individual,Bengaluru,Karnataka,Moderate,120465,Nippon India Large Cap Fund - Direct Growth,NIPPON,SIP,2024-11-26,106149.62,310.4643,341.906
TXN0001614,INVIQVNB,Investor_0118,Corporate,Delhi,Delhi,Aggressive,119551,Axis Bluechip Fund - Direct Growth,AXIS,SIP,2022-08-08,477.02,2.8037,170.1409
TXN0001615,INVIXA11,Investor_0086,Individual,Jaipur,Rajasthan,Aggressive,135781,Parag Parikh Flexi Cap Fund - Direct Growth,PPFAS,SIP,2023-11-10,10130.89,33.4454,302.9085
TXN0001616,INVO6QJI,Investor_0016,Individual,Pune,Maharashtra,Conservative,120503,Mirae Asset Large Cap Fund - Direct Growth,MIRAE,Switch-Out,2024-11-23,520.16,2.1728,239.4011
TXN0001617,INV0Y9DO,Investor_0037,HUF,Delhi,Delhi,Conservative,120716,Canara Robeco Bluechip Equity Fund - Direct Growth,CANARA,Switch-In,2022-11-13,1889.42,10.315,183.1728
TXN0001618,INVKEP7Y,Investor_0078,Corporate,Pune,Maharashtra,Conservative,118989,ICICI Prudential Technology Fund - Direct Growth,ICICI,SIP,2023-02-16,102473.28,339.7291,301.6323
TXN0001619,INVHT0HL,Investor_0030,Corporate,Mumbai,Maharashtra,Aggressive,120503,Mirae Asset Large Cap Fund - Direct Growth,MIRAE,SIP,2022-09-05,2041.52,13.2276,154.3374
TXN0001620,INVV2ISQ,Investor_0134,Individual,Mumbai,Maharashtra,Aggressive,120503,Mirae Asset Large Cap Fund - Direct Growth,MIRAE,Lumpsum,2022-02-20,4603.61,21.2334,216.8103
TXN0001621,INVR5UQP,Investor_0130,Corporate,Delhi,Delhi,Moderate,120594,DSP Top 100 Equity Fund - Direct Growth,DSP,Switch-In,2023-09-07,542.6,4.0067,135.4218
TXN0001622,INV3JCAT,Investor_0104,Individual,Pune,Maharashtra,Moderate,120594,DSP Top 100 Equity Fund - Direct Growth,DSP,Lumpsum,2023-06-18,5341.72,63.3722,84.2912
TXN0001623,INV3RZSJ,Investor_0157,Individual,Lucknow,Uttar Pradesh,Moderate,120594,DSP Top 100 Equity Fund - Direct Growth,DSP,Switch-Out,2022-02-14,986.47,8.0929,121.894
TXN0001624,INVE6IVW,Investor_0048,HUF,Mumbai,Maharashtra,Moderate,122639,SBI Small Cap Fund - Direct Growth,SBI,Lumpsum,2023-02-15,2004.61,6.6964,299.3573
TXN0001625,INVXR2DH,Investor_0122,Individual,Pune,Maharashtra,Conservative,120594,DSP Top 100 Equity Fund - Direct Growth,DSP,Redemption,2024-10-06,10335.07,81.6268,126.6137
TXN0001626,INVOTOHP,Investor_0095,HUF,Kolkata,West Bengal,Aggressive,118989,ICICI Prudential Technology Fund - Direct Growth,ICICI,Switch-In,2022-08-08,51976.53,180.4111,288.1005
TXN0001627,INV4GH2M,Investor_0119,HUF,Delhi,Delhi,Aggressive,120465,Nippon India Large Cap Fund - Direct Growth,NIPPON,Switch-In,2024-07-25,1811.19,5.3481,338.6584
TXN0001628,INV9XPSE,Investor_0031,HUF,Chennai,Tamil Nadu,Moderate,135781,Parag Parikh Flexi Cap Fund - Direct Growth,PPFAS,Switch-In,2022-03-11,508.05,1.8146,279.982
TXN0001629,INVRBSV5,Investor_0166,HUF,Pune,Maharashtra,Conservative,135781,Parag Parikh Flexi Cap Fund - Direct Growth,PPFAS,Switch-In,2023-12-28,540.81,2.3067,234.4516
TXN0001630,INVGDPPQ,Investor_0036,HUF,Bengaluru,Karnataka,Conservative,120594,DSP Top 100 Equity Fund - Direct Growth,DSP,Switch-In,2022-11-21,9018.24,120.9976,74.5324
TXN0001631,INVW1SWJ,Investor_0092,Individual,Ahmedabad,Gujarat,Moderate,120716,Canara Robeco Bluechip Equity Fund - Direct Growth,CANARA,Switch-Out,2024-12-11,4848.83,23.6886,204.6907
TXN0001632,INVYOFQE,Investor_0100,Corporate,Kolkata,West Bengal,Aggressive,120716,Canara Robeco Bluechip Equity Fund - Direct Growth,CANARA,SIP,2023-12-22,2062.37,12.5725,164.0384
TXN0001633,INVOXFQ8,Investor_0168,HUF,Mumbai,Maharashtra,Conservative,135781,Parag Parikh Flexi Cap Fund - Direct Growth,PPFAS,Redemption,2022-10-14,104303.65,381.0212,273.7476
TXN0001634,INVG8JDP,Investor_0072,HUF,Kolkata,West Bengal,Moderate,118989,ICICI Prudential Technology Fund - Direct Growth,ICICI,Switch-In,2024-09-17,1083.23,5.544,195.3881
TXN0001635,INVNAM14,Investor_0097,Corporate,Delhi,Delhi,Aggressive,120594,DSP Top 100 Equity Fund - Direct Growth,DSP,Switch-Out,2024-11-04,2030.42,15.4539,131.3854
TXN0001636,INVODRO8,Investor_0199,Corporate,Ahmedabad,Gujarat,Aggressive,120716,Canara Robeco Bluechip Equity Fund - Direct Growth,CANARA,Redemption,2023-12-14,2079.11,12.4562,166.9138
TXN0001638,INVTPAC5,Investor_0060,Corporate,Ahmedabad,Gujarat,Aggressive,120503,Mirae Asset Large Cap Fund - Direct Growth,MIRAE,SIP,2024-09-02,108684.68,482.9125,225.0608
TXN0001639,INV31YIH,Investor_0083,Individual,Chennai,Tamil Nadu,Conservative,125497,HDFC Mid-Cap Opportunities Fund - Direct Growth,HDFC,Lumpsum,2022-12-23,1079.96,6.7776,159.3418
TXN0001640,INVK0GET,Investor_0187,Corporate,Lucknow,Uttar Pradesh,Aggressive,120465,Nippon India Large Cap Fund - Direct Growth,NIPPON,Switch-In,2023-05-28,912.39,3.237,281.8652
TXN0001641,INVHT0HL,Investor_0030,Corporate,Mumbai,Maharashtra,Aggressive,119551,Axis Bluechip Fund - Direct Growth,AXIS,SIP,2022-03-02,105267.04,514.3734,204.651
TXN0001642,INV8UT0C,Investor_0045,Corporate,Mumbai,Maharashtra,Aggressive,119598,Kotak Bluechip Fund - Direct Growth,KOTAK,SIP,2023-02-14,97552.58,1145.0895,85.1921
TXN0001643,INVL1CQ9,Investor_0051,Individual,Jaipur,Rajasthan,Conservative,118989,ICICI Prudential Technology Fund - Direct Growth,ICICI,Switch-In,2023-04-07,103576.98,423.8337,244.3812
TXN0001644,INV9CHJ7,Investor_0052,HUF,Delhi,Delhi,Conservative,122639,SBI Small Cap Fund - Direct Growth,SBI,Switch-In,2022-02-19,4586.02,10.6879,429.0857
TXN0001645,INVFTMTT,Investor_0162,Individual,Mumbai,Maharashtra,Moderate,120503,Mirae Asset Large Cap Fund - Direct Growth,MIRAE,Lumpsum,2022-01-11,531.0,3.0923,171.7188
TXN0001646,INVCKJLT,Investor_0093,HUF,Jaipur,Rajasthan,Moderate,120465,Nippon India Large Cap Fund - Direct Growth,NIPPON,Switch-Out,2024-12-17,968.14,3.8966,248.46
TXN0001647,INVIGATJ,Investor_0128,Corporate,Jaipur,Rajasthan,Aggressive,125497,HDFC Mid-Cap Opportunities Fund - Direct Growth,HDFC,Lumpsum,2024-01-01,100017.01,419.323,238.5202
TXN0001648,INV7S55J,Investor_0159,HUF,Mumbai,Maharashtra,Moderate,120716,Canara Robeco Bluechip Equity Fund - Direct Growth,CANARA,Lumpsum,2024-02-10,987.78,6.7901,145.4744
TXN0001649,INVDW2PC,Investor_0019,Individual,Lucknow,Uttar Pradesh,Moderate,135781,Parag Parikh Flexi Cap Fund - Direct Growth,PPFAS,SIP,2023-09-03,2112.95,8.4413,250.311
TXN0001650,INVLA753,Investor_0026,Individual,Hyderabad,Telangana,Moderate,120503,Mirae Asset Large Cap Fund - Direct Growth,MIRAE,Switch-In,2023-11-09,4551.48,19.9881,227.7096
TXN0001651,INVMDD4V,Investor_0006,Corporate,Kolkata,West Bengal,Aggressive,125497,HDFC Mid-Cap Opportunities Fund - Direct Growth,HDFC,Redemption,2024-01-03,9780.85,43.4332,225.193
TXN0001652,INVH9SDB,Investor_0018,HUF,Bengaluru,Karnataka,Conservative,122639,SBI Small Cap Fund - Direct Growth,SBI,Redemption,2023-05-10,1006.88,3.792,265.525
TXN0001653,INVUK9E1,Investor_0133,Individual,Kolkata,West Bengal,Conservative,135781,Parag Parikh Flexi Cap Fund - Direct Growth,PPFAS,Switch-Out,2022-04-27,9798.44,36.6211,267.5626
TXN0001654,INVWX7PT,Investor_0140,HUF,Lucknow,Uttar Pradesh,Aggressive,120503,Mirae Asset Large Cap Fund - Direct Growth,MIRAE,Switch-Out,2023-06-23,108738.54,520.9766,208.7206
TXN0001655,INVOXFQ8,Investor_0168,HUF,Mumbai,Maharashtra,Conservative,119551,Axis Bluechip Fund - Direct Growth,AXIS,SIP,2023-02-15,24607.03,145.1316,169.5498
TXN0001656,INVIXA11,Investor_0086,Individual,Jaipur,Rajasthan,Aggressive,119551,Axis Bluechip Fund - Direct Growth,AXIS,Lumpsum,2023-11-07,5047.09,25.7127,196.2879
TXN0001657,INVIA5U6,Investor_0194,Individual,Mumbai,Maharashtra,Moderate,119551,Axis Bluechip Fund - Direct Growth,AXIS,Lumpsum,2022-03-14,91458.24,691.4548,132.2693
TXN0001658,INVY9V86,Investor_0089,Corporate,Lucknow,Uttar Pradesh,Moderate,120503,Mirae Asset Large Cap Fund - Direct Growth,MIRAE,Switch-In,2024-09-07,1077.5,4.675,230.4807
TXN0001659,INVCIYHE,Investor_0034,Individual,Jaipur,Rajasthan,Aggressive,118989,ICICI Prudential Technology Fund - Direct Growth,ICICI,SIP,2024-11-05,907.12,3.0432,298.0764
TXN0001660,INV64DPJ,Investor_0058,Corporate,Lucknow,Uttar Pradesh,Moderate,119598,Kotak Bluechip Fund - Direct Growth,KOTAK,Switch-In,2023-04-12,96068.37,1174.4099,81.8014
TXN0001661,INVMDD4V,Investor_0006,Corporate,Kolkata,West Bengal,Aggressive,119551,Axis Bluechip Fund - Direct Growth,AXIS,SIP,2024-02-16,5034.19,30.6257,164.378
TXN0001662,INVU2GC5,Investor_0175,Individual,Mumbai,Maharashtra,Aggressive,119551,Axis Bluechip Fund - Direct Growth,AXIS,Switch-Out,2024-02-12,91042.81,593.6201,153.3688
TXN0001663,INVXPJ4H,Investor_0179,HUF,Kolkata,West Bengal,Conservative,122639,SBI Small Cap Fund - Direct Growth,SBI,Switch-In,2022-08-25,50495.45,160.573,314.4703
TXN0001664,INVPNSM4,Investor_0113,HUF,Pune,Maharashtra,Aggressive,120503,Mirae Asset Large Cap Fund - Direct Growth,MIRAE,Switch-Out,2023-12-04,24258.95,106.2496,228.3203
TXN0001665,INVVE92M,Investor_0112,HUF,Chennai,Tamil Nadu,Aggressive,119551,Axis Bluechip Fund - Direct Growth,AXIS,Lumpsum,2022-01-21,4591.99,28.073,163.5733
TXN0001666,INVA1WJ0,Investor_0059,Corporate,Delhi,Delhi,Aggressive,120465,Nippon India Large Cap Fund - Direct Growth,NIPPON,Switch-Out,2022-01-31,549.09,2.2647,242.4572
TXN0001667,INVX4W6X,Investor_0185,Individual,Chennai,Tamil Nadu,Conservative,125497,HDFC Mid-Cap Opportunities Fund - Direct Growth,HDFC,SIP,2024-06-17,911.33,4.0892,222.8617
TXN0001668,INVCGVYI,Investor_0047,Corporate,Chennai,Tamil Nadu,Conservative,118989,ICICI Prudential Technology Fund - Direct Growth,ICICI,SIP,2023-05-16,24248.34,78.2232,309.9891
TXN0001669,INVTZ0YN,Investor_0075,Corporate,Ahmedabad,Gujarat,Aggressive,122639,SBI Small Cap Fund - Direct Growth,SBI,Switch-Out,2022-09-08,49787.01,202.117,246.3277
TXN0001670,INVMYX44,Investor_0169,Individual,Bengaluru,Karnataka,Moderate,120503,Mirae Asset Large Cap Fund - Direct Growth,MIRAE,SIP,2023-02-26,10876.74,42.27,257.316
TXN0001671,INV9SKDG,Investor_0127,Individual,Jaipur,Rajasthan,Aggressive,119598,Kotak Bluechip Fund - Direct Growth,KOTAK,Lumpsum,2024-01-22,104262.68,1918.2895,54.3519
TXN0001672,INVBNP84,Investor_0200,Individual,Lucknow,Uttar Pradesh,Aggressive,120716,Canara Robeco Bluechip Equity Fund - Direct Growth,CANARA,Redemption,2023-07-02,5026.84,28.7316,174.9586
TXN0001673,INVGDSWM,Investor_0082,HUF,Bengaluru,Karnataka,Aggressive,120716,Canara Robeco Bluechip Equity Fund - Direct Growth,CANARA,Switch-Out,2024-04-21,910.8,5.0576,180.084
TXN0001674,INV9K9XJ,Investor_0181,Corporate,Ahmedabad,Gujarat,Aggressive,135781,Parag Parikh Flexi Cap Fund - Direct Growth,PPFAS,Switch-In,2022-10-08,9156.89,47.3523,193.3779
TXN0001675,INVV2ISQ,Investor_0134,Individual,Mumbai,Maharashtra,Aggressive,125497,HDFC Mid-Cap Opportunities Fund - Direct Growth,HDFC,Redemption,2022-10-18,4622.75,17.8192,259.4259
TXN0001676,INVIDKWN,Investor_0010,Individual,Ahmedabad,Gujarat,Moderate,125497,HDFC Mid-Cap Opportunities Fund - Direct Growth,HDFC,Switch-In,2022-02-13,109060.9,536.0501,203.4528
TXN0001677,INVIGATJ,Investor_0128,Corporate,Jaipur,Rajasthan,Aggressive,119551,Axis Bluechip Fund - Direct Growth,AXIS,Redemption,2023-09-08,10176.48,79.3771,128.2043
TXN0001678,INVXEPQ8,Investor_0022,Corporate,Jaipur,Rajasthan,Aggressive,119551,Axis Bluechip Fund - Direct Growth,AXIS,Redemption,2024-02-23,49953.57,270.1953,184.8795
TXN0001679,INVHHPBM,Investor_0099,HUF,Hyderabad,Telangana,Conservative,120594,DSP Top 100 Equity Fund - Direct Growth,DSP,SIP,2023-01-13,4705.73,40.3286,116.6847
TXN0001680,INVMYX44,Investor_0169,Individual,Bengaluru,Karnataka,Moderate,120465,Nippon India Large Cap Fund - Direct Growth,NIPPON,Switch-Out,2022-03-06,516.04,1.4972,344.664
TXN0001681,INVZQY72,Investor_0139,Corporate,Delhi,Delhi,Conservative,119598,Kotak Bluechip Fund - Direct Growth,KOTAK,SIP,2023-06-22,27113.49,390.2682,69.474
TXN0001682,INVYV37D,Investor_0193,Individual,Lucknow,Uttar Pradesh,Aggressive,135781,Parag Parikh Flexi Cap Fund - Direct Growth,PPFAS,Lumpsum,2024-06-07,484.09,2.2734,212.9389
TXN0001683,INVY8OZC,Investor_0110,Individual,Kolkata,West Bengal,Aggressive,119551,Axis Bluechip Fund - Direct Growth,AXIS,SIP,2023-08-12,54524.74,454.6873,119.917
TXN0001684,INVXFGCA,Investor_0137,Individual,Chennai,Tamil Nadu,Moderate,120594,DSP Top 100 Equity Fund - Direct Growth,DSP,Switch-In,2024-02-20,9325.1,76.9471,121.1885
TXN0001685,INV5ZJA8,Investor_0120,HUF,Kolkata,West Bengal,Conservative,125497,HDFC Mid-Cap Opportunities Fund - Direct Growth,HDFC,Lumpsum,2023-07-16,478.07,2.1551,221.8292
TXN0001686,INVXEPQ8,Investor_0022,Corporate,Jaipur,Rajasthan,Aggressive,125497,HDFC Mid-Cap Opportunities Fund - Direct Growth,HDFC,Switch-Out,2024-03-19,9675.06,36.2889,266.6118
TXN0001687,INVIDKWN,Investor_0010,Individual,Ahmedabad,Gujarat,Moderate,135781,Parag Parikh Flexi Cap Fund - Direct Growth,PPFAS,Redemption,2023-05-29,23843.74,85.1511,280.0167
TXN0001688,INVOXFQ8,Investor_0168,HUF,Mumbai,Maharashtra,Conservative,135781,Parag Parikh Flexi Cap Fund - Direct Growth,PPFAS,SIP,2023-10-20,961.38,3.0678,313.3762
TXN0001689,INV4I3QK,Investor_0068,HUF,Mumbai,Maharashtra,Aggressive,122639,SBI Small Cap Fund - Direct Growth,SBI,Switch-In,2022-01-19,90345.33,206.9511,436.5539
TXN0001690,INV5ZJA8,Investor_0120,HUF,Kolkata,West Bengal,Conservative,119551,Axis Bluechip Fund - Direct Growth,AXIS,Redemption,2023-03-23,102754.86,655.9602,156.648
TXN0001691,INV9MX2X,Investor_0105,Individual,Ahmedabad,Gujarat,Aggressive,119551,Axis Bluechip Fund - Direct Growth,AXIS,Switch-Out,2023-10-06,955.29,7.41,128.9195
TXN0001692,INVUJV6O,Investor_0017,HUF,Hyderabad,Telangana,Aggressive,120594,DSP Top 100 Equity Fund - Direct Growth,DSP,Lumpsum,2023-07-20,10531.95,121.7838,86.4807
TXN0001693,INV3J2D5,Investor_0067,Corporate,Ahmedabad,Gujarat,Conservative,120594,DSP Top 100 Equity Fund - Direct Growth,DSP,Lumpsum,2022-10-28,5130.34,54.3492,94.3958
TXN0001694,INV7S55J,Investor_0159,HUF,Mumbai,Maharashtra,Moderate,119551,Axis Bluechip Fund - Direct Growth,AXIS,Lumpsum,2023-01-13,1030.92,6.2605,164.6699
TXN0001695,INVWI6FQ,Investor_0176,HUF,Delhi,Delhi,Moderate,120716,Canara Robeco Bluechip Equity Fund - Direct Growth,CANARA,Switch-In,2023-04-12,22709.78,169.7398,133.7917
TXN0001696,INVO6QJI,Investor_0016,Individual,Pune,Maharashtra,Conservative,118989,ICICI Prudential Technology Fund - Direct Growth,ICICI,Redemption,2023-12-25,517.84,2.2895,226.1779
TXN0001697,INVZQY72,Investor_0139,Corporate,Delhi,Delhi,Conservative,119551,Axis Bluechip Fund - Direct Growth,AXIS,Switch-Out,2022-06-08,4849.73,33.534,144.6212
TXN0001698,INVR5UQP,Investor_0130,Corporate,Delhi,Delhi,Moderate,120594,DSP Top 100 Equity Fund - Direct Growth,DSP,SIP,2023-10-30,947.4,12.7867,74.0927
TXN0001699,INVQX6GV,Investor_0147,HUF,Pune,Maharashtra,Moderate,119598,Kotak Bluechip Fund - Direct Growth,KOTAK,Switch-In,2023-08-03,1028.38,15.666,65.6439
TXN0001700,INV0Y9DO,Investor_0037,HUF,Delhi,Delhi,Conservative,119551,Axis Bluechip Fund - Direct Growth,AXIS,Redemption,2024-04-15,24174.93,192.6048,125.5157
TXN0001701,INV5PSQ0,Investor_0167,HUF,Pune,Maharashtra,Conservative,119598,Kotak Bluechip Fund - Direct Growth,KOTAK,Switch-In,2022-11-25,10243.83,148.5552,68.9564
TXN0001702,INVOTOHP,Investor_0095,HUF,Kolkata,West Bengal,Aggressive,119551,Axis Bluechip Fund - Direct Growth,AXIS,Redemption,2022-02-22,2164.75,16.2118,133.5295
TXN0001703,INVRC11E,Investor_0028,Corporate,Bengaluru,Karnataka,Moderate,135781,Parag Parikh Flexi Cap Fund - Direct Growth,PPFAS,Lumpsum,2024-11-06,25053.98,84.4667,296.6136
TXN0001704,INVY4LYK,Investor_0149,Corporate,Pune,Maharashtra,Aggressive,119598,Kotak Bluechip Fund - Direct Growth,KOTAK,Lumpsum,2022-03-08,53307.27,993.7081,53.6448
TXN0001705,INVMYX44,Investor_0169,Individual,Bengaluru,Karnataka,Moderate,122639,SBI Small Cap Fund - Direct Growth,SBI,Switch-In,2023-04-05,1091.04,2.6559,410.8
TXN0001706,INVD84U8,Investor_0145,Individual,Hyderabad,Telangana,Moderate,120716,Canara Robeco Bluechip Equity Fund - Direct Growth,CANARA,Switch-Out,2022-09-06,50389.67,276.5132,182.2324
TXN0001707,INVV08HH,Investor_0136,Corporate,Lucknow,Uttar Pradesh,Moderate,119551,Axis Bluechip Fund - Direct Growth,AXIS,Switch-Out,2024-12-01,103183.96,646.2743,159.6597
TXN0001708,INVPNSM4,Investor_0113,HUF,Pune,Maharashtra,Aggressive,119598,Kotak Bluechip Fund - Direct Growth,KOTAK,Redemption,2023-08-24,5336.01,71.8948,74.2197
TXN0001710,INV2ATQY,Investor_0192,Corporate,Bengaluru,Karnataka,Aggressive,120503,Mirae Asset Large Cap Fund - Direct Growth,MIRAE,Lumpsum,2024-04-19,104655.97,677.0838,154.5687
TXN0001711,INVCKJLT,Investor_0093,HUF,Jaipur,Rajasthan,Moderate,120503,Mirae Asset Large Cap Fund - Direct Growth,MIRAE,Redemption,2024-09-18,1082.93,4.6633,232.2221
TXN0001712,INVVIFTT,Investor_0155,Corporate,Jaipur,Rajasthan,Conservative,125497,HDFC Mid-Cap Opportunities Fund - Direct Growth,HDFC,Switch-In,2022-09-14,47297.63,181.232,260.9783
TXN0001713,INVQVKIZ,Investor_0138,HUF,Pune,Maharashtra,Aggressive,125497,HDFC Mid-Cap Opportunities Fund - Direct Growth,HDFC,Switch-In,2023-08-11,2042.22,7.7424,263.7706
TXN0001714,INVBI4Q2,Investor_0088,Individual,Kolkata,West Bengal,Conservative,119598,Kotak Bluechip Fund - Direct Growth,KOTAK,SIP,2024-10-31,981.7,12.3447,79.5242
TXN0001715,INVM5IGQ,Investor_0038,Individual,Mumbai,Maharashtra,Moderate,135781,Parag Parikh Flexi Cap Fund - Direct Growth,PPFAS,Switch-In,2024-07-18,5399.87,23.0314,234.4571
TXN0001716,INVTHV3A,Investor_0004,HUF,Pune,Maharashtra,Moderate,122639,SBI Small Cap Fund - Direct Growth,SBI,SIP,2024-08-20,47633.76,143.6544,331.5858
TXN0001717,INV0982N,Investor_0191,Individual,Bengaluru,Karnataka,Aggressive,120503,Mirae Asset Large Cap Fund - Direct Growth,MIRAE,Lumpsum,2022-02-19,533.39,2.4359,218.9714
TXN0001718,INVJJA26,Investor_0177,Corporate,Jaipur,Rajasthan,Conservative,122639,SBI Small Cap Fund - Direct Growth,SBI,SIP,2024-12-20,2005.96,4.9888,402.0895
TXN0001719,INVYOFQE,Investor_0100,Corporate,Kolkata,West Bengal,Aggressive,120465,Nippon India Large Cap Fund - Direct Growth,NIPPON,Redemption,2023-05-10,1960.93,7.8951,248.3715
TXN0001720,INVR6K2V,Investor_0183,Individual,Bengaluru,Karnataka,Moderate,118989,ICICI Prudential Technology Fund - Direct Growth,ICICI,SIP,2023-11-21,26987.13,83.6866,322.4787
TXN0001721,INVXTOGN,Investor_0152,Individual,Lucknow,Uttar Pradesh,Moderate,135781,Parag Parikh Flexi Cap Fund - Direct Growth,PPFAS,Switch-Out,2022-04-03,1098.83,4.9617,221.464
TXN0001722,INVDW2PC,Investor_0019,Individual,Lucknow,Uttar Pradesh,Moderate,119598,Kotak Bluechip Fund - Direct Growth,KOTAK,Switch-In,2024-06-11,51308.32,699.1025,73.3917
TXN0001723,INVTZ0YN,Investor_0075,Corporate,Ahmedabad,Gujarat,Aggressive,120594,DSP Top 100 Equity Fund - Direct Growth,DSP,Lumpsum,2024-11-09,2089.48,15.3714,135.9328
TXN0001724,INVXEPQ8,Investor_0022,Corporate,Jaipur,Rajasthan,Aggressive,122639,SBI Small Cap Fund - Direct Growth,SBI,SIP,2024-07-17,25869.54,60.7785,425.6362
TXN0001725,INV8P0TV,Investor_0098,HUF,Jaipur,Rajasthan,Conservative,119598,Kotak Bluechip Fund - Direct Growth,KOTAK,Switch-In,2023-07-27,2003.47,24.8502,80.6219
TXN0001726,INV08P0F,Investor_0198,HUF,Kolkata,West Bengal,Conservative,120503,Mirae Asset Large Cap Fund - Direct Growth,MIRAE,Lumpsum,2022-04-09,9986.59,55.9379,178.53
TXN0001727,INVD84U8,Investor_0145,Individual,Hyderabad,Telangana,Moderate,120716,Canara Robeco Bluechip Equity Fund - Direct Growth,CANARA,Switch-Out,2024-02-26,47852.57,332.2913,144.0079
TXN0001728,INVGDSWM,Investor_0082,HUF,Bengaluru,Karnataka,Aggressive,122639,SBI Small Cap Fund - Direct Growth,SBI,Lumpsum,2023-03-08,531.4,2.1244,250.139
TXN0001729,INVYWD14,Investor_0111,Corporate,Pune,Maharashtra,Conservative,120716,Canara Robeco Bluechip Equity Fund - Direct Growth,CANARA,Redemption,2023-08-07,22997.33,117.4647,195.7807
TXN0001730,INVJ2QP8,Investor_0043,Individual,Lucknow,Uttar Pradesh,Moderate,120503,Mirae Asset Large Cap Fund - Direct Growth,MIRAE,Redemption,2023-04-04,9973.27,49.7931,200.2943
TXN0001731,INV9UZFK,Investor_0044,Individual,Pune,Maharashtra,Conservative,118989,ICICI Prudential Technology Fund - Direct Growth,ICICI,Redemption,2023-07-25,1084.9,4.04,268.5412
TXN0001732,INV0Y9DO,Investor_0037,HUF,Delhi,Delhi,Conservative,120503,Mirae Asset Large Cap Fund - Direct Growth,MIRAE,Lumpsum,2022-03-23,1810.94,9.2152,196.5156
TXN0001733,INVZQY72,Investor_0139,Corporate,Delhi,Delhi,Conservative,120716,Canara Robeco Bluechip Equity Fund - Direct Growth,CANARA,Lumpsum,2022-02-22,498.84,2.9017,171.9141
TXN0001734,INVOTOHP,Investor_0095,HUF,Kolkata,West Bengal,Aggressive,125497,HDFC Mid-Cap Opportunities Fund - Direct Growth,HDFC,Redemption,2024-12-02,52320.89,242.1911,216.0314
TXN0001735,INVCWI64,Investor_0033,Individual,Bengaluru,Karnataka,Moderate,120594,DSP Top 100 Equity Fund - Direct Growth,DSP,Redemption,2022-09-03,1043.25,7.8505,132.8902
TXN0001736,INV3D8W3,Investor_0114,HUF,Bengaluru,Karnataka,Conservative,120465,Nippon India Large Cap Fund - Direct Growth,NIPPON,Switch-In,2022-10-08,9173.73,47.8124,191.8691
TXN0001737,INVG8JDP,Investor_0072,HUF,Kolkata,West Bengal,Moderate,120503,Mirae Asset Large Cap Fund - Direct Growth,MIRAE,Redemption,2023-04-01,1048.86,4.4336,236.5724
TXN0001738,INVK0GET,Investor_0187,Corporate,Lucknow,Uttar Pradesh,Aggressive,120503,Mirae Asset Large Cap Fund - Direct Growth,MIRAE,Redemption,2023-07-20,2002.82,10.7358,186.5544
TXN0001739,INVJ43D5,Investor_0117,Corporate,Delhi,Delhi,Conservative,120716,Canara Robeco Bluechip Equity Fund - Direct Growth,CANARA,SIP,2022-03-20,26961.36,135.0662,199.6159
TXN0001740,INVYWD14,Investor_0111,Corporate,Pune,Maharashtra,Conservative,120503,Mirae Asset Large Cap Fund - Direct Growth,MIRAE,Switch-Out,2022-03-14,23451.99,92.1698,254.4434
TXN0001741,INVQLGZU,Investor_0163,HUF,Bengaluru,Karnataka,Conservative,119551,Axis Bluechip Fund - Direct Growth,AXIS,Lumpsum,2023-03-27,2034.54,14.0827,144.471
TXN0001742,INV5PY6B,Investor_0173,Individual,Delhi,Delhi,Moderate,125497,HDFC Mid-Cap Opportunities Fund - Direct Growth,HDFC,Redemption,2023-01-19,93028.66,598.9464,155.3205
TXN0001743,INV8T63J,Investor_0188,HUF,Lucknow,Uttar Pradesh,Conservative,120594,DSP Top 100 Equity Fund - Direct Growth,DSP,Redemption,2022-07-01,1879.43,21.1564,88.8352
TXN0001744,INVUK9E1,Investor_0133,Individual,Kolkata,West Bengal,Conservative,125497,HDFC Mid-Cap Opportunities Fund - Direct Growth,HDFC,SIP,2023-03-04,45672.61,265.5011,172.0242
TXN0001745,INVUY0BV,Investor_0182,Corporate,Pune,Maharashtra,Moderate,122639,SBI Small Cap Fund - Direct Growth,SBI,SIP,2024-02-18,51879.82,134.586,385.477
TXN0001746,INVFTMTT,Investor_0162,Individual,Mumbai,Maharashtra,Moderate,135781,Parag Parikh Flexi Cap Fund - Direct Growth,PPFAS,Lumpsum,2023-01-04,24921.17,137.0406,181.8525
TXN0001747,INVZKLOO,Investor_0077,Corporate,Delhi,Delhi,Aggressive,125497,HDFC Mid-Cap Opportunities Fund - Direct Growth,HDFC,Redemption,2024-03-14,99804.44,663.3591,150.4531
TXN0001748,INV7PZE9,Investor_0154,HUF,Kolkata,West Bengal,Moderate,119598,Kotak Bluechip Fund - Direct Growth,KOTAK,Switch-Out,2023-03-25,95908.34,1190.9907,80.5282
TXN0001749,INVRTJ5P,Investor_0029,Corporate,Lucknow,Uttar Pradesh,Moderate,118989,ICICI Prudential Technology Fund - Direct Growth,ICICI,Switch-In,2024-05-20,96507.94,362.6704,266.1037
TXN0001750,INVHT0HL,Investor_0030,Corporate,Mumbai,Maharashtra,Aggressive,122639,SBI Small Cap Fund - Direct Growth,SBI,Switch-In,2023-12-13,25803.06,80.8385,319.1929
TXN0001751,INVXPJ4H,Investor_0179,HUF,Kolkata,West Bengal,Conservative,120465,Nippon India Large Cap Fund - Direct Growth,NIPPON,Lumpsum,2024-09-28,106802.42,379.7573,281.2386
TXN0001752,INV7PZE9,Investor_0154,HUF,Kolkata,West Bengal,Moderate,120465,Nippon India Large Cap Fund - Direct Growth,NIPPON,Lumpsum,2024-11-05,479.09,1.5585,307.4076
TXN0001753,INVEDTJV,Investor_0056,Corporate,Pune,Maharashtra,Moderate,120465,Nippon India Large Cap Fund - Direct Growth,NIPPON,SIP,2023-10-13,23808.03,116.7068,203.9986
TXN0001754,INV18HAF,Investor_0106,Corporate,Kolkata,West Bengal,Conservative,120465,Nippon India Large Cap Fund - Direct Growth,NIPPON,Switch-In,2022-04-22,48986.8,176.45,277.6242
TXN0001755,INV2IAGL,Investor_0069,Individual,Mumbai,Maharashtra,Moderate,120594,DSP Top 100 Equity Fund - Direct Growth,DSP,Lumpsum,2022-04-04,25681.33,202.078,127.0862
TXN0001756,INV6WKTA,Investor_0079,HUF,Lucknow,Uttar Pradesh,Aggressive,120594,DSP Top 100 Equity Fund - Direct Growth,DSP,Switch-In,2022-12-08,5072.51,52.1639,97.2417
TXN0001757,INVQVKIZ,Investor_0138,HUF,Pune,Maharashtra,Aggressive,125497,HDFC Mid-Cap Opportunities Fund - Direct Growth,HDFC,SIP,2022-02-10,23146.08,96.363,240.1968
TXN0001758,INVX4W6X,Investor_0185,Individual,Chennai,Tamil Nadu,Conservative,119551,Axis Bluechip Fund - Direct Growth,AXIS,Switch-In,2023-11-14,1056.09,5.3279,198.2194
TXN0001759,INV60RJI,Investor_0091,Corporate,Chennai,Tamil Nadu,Aggressive,120716,Canara Robeco Bluechip Equity Fund - Direct Growth,CANARA,SIP,2024-01-12,501.86,2.4168,207.6528
TXN0001760,INVQVKIZ,Investor_0138,HUF,Pune,Maharashtra,Aggressive,125497,HDFC Mid-Cap Opportunities Fund - Direct Growth,HDFC,Lumpsum,2023-04-15,53597.23,237.1579,225.9981
TXN0001761,INVTZ0YN,Investor_0075,Corporate,Ahmedabad,Gujarat,Aggressive,122639,SBI Small Cap Fund - Direct Growth,SBI,Redemption,2023-05-25,24566.98,64.5709,380.4651
TXN0001762,INVTHV3A,Investor_0004,HUF,Pune,Maharashtra,Moderate,119551,Axis Bluechip Fund - Direct Growth,AXIS,SIP,2024-09-20,1000.3,5.1974,192.4625
TXN0001763,INVNHJ7X,Investor_0011,Corporate,Delhi,Delhi,Conservative,122639,SBI Small Cap Fund - Direct Growth,SBI,Redemption,2023-05-22,9048.49,23.5753,383.8121
TXN0001764,INVZBIKC,Investor_0009,HUF,Delhi,Delhi,Conservative,118989,ICICI Prudential Technology Fund - Direct Growth,ICICI,SIP,2022-09-26,51552.76,206.4939,249.6576
TXN0001765,INVE8F84,Investor_0190,Corporate,Mumbai,Maharashtra,Aggressive,118989,ICICI Prudential Technology Fund - Direct Growth,ICICI,SIP,2024-04-30,914.78,4.4875,203.8514
TXN0001766,INVMDD4V,Investor_0006,Corporate,Kolkata,West Bengal,Aggressive,119551,Axis Bluechip Fund - Direct Growth,AXIS,Switch-Out,2024-03-12,1838.22,12.6936,144.8143
TXN0001767,INVZIOYK,Investor_0050,Individual,Kolkata,West Bengal,Conservative,135781,Parag Parikh Flexi Cap Fund - Direct Growth,PPFAS,Redemption,2022-02-17,24625.76,120.8336,203.799
TXN0001768,INVKEP7Y,Investor_0078,Corporate,Pune,Maharashtra,Conservative,118989,ICICI Prudential Technology Fund - Direct Growth,ICICI,Switch-In,2024-08-23,4599.68,19.5291,235.5293
TXN0001769,INVNAM14,Investor_0097,Corporate,Delhi,Delhi,Aggressive,118989,ICICI Prudential Technology Fund - Direct Growth,ICICI,Switch-In,2024-04-12,944.45,3.6957,255.5526
TXN0001770,INVCBPLJ,Investor_0144,HUF,Ahmedabad,Gujarat,Moderate,118989,ICICI Prudential Technology Fund - Direct Growth,ICICI,Switch-In,2024-12-28,10815.33,32.8637,329.0962
TXN0001771,INVR5UQP,Investor_0130,Corporate,Delhi,Delhi,Moderate,125497,HDFC Mid-Cap Opportunities Fund - Direct Growth,HDFC,Switch-In,2024-03-17,549.32,2.0733,264.9547
TXN0001772,INV6VZ41,Investor_0096,Corporate,Delhi,Delhi,Conservative,120716,Canara Robeco Bluechip Equity Fund - Direct Growth,CANARA,SIP,2022-02-20,94481.22,467.2107,202.224
TXN0001773,INVXEQBN,Investor_0102,HUF,Hyderabad,Telangana,Aggressive,125497,HDFC Mid-Cap Opportunities Fund - Direct Growth,HDFC,Switch-In,2022-08-12,24884.03,93.0033,267.5607
TXN0001774,INV3NX39,Investor_0165,HUF,Chennai,Tamil Nadu,Aggressive,118989,ICICI Prudential Technology Fund - Direct Growth,ICICI,Redemption,2022-06-21,2123.87,6.3362,335.1976
TXN0001775,INV1T2TA,Investor_0025,Individual,Hyderabad,Telangana,Moderate,120716,Canara Robeco Bluechip Equity Fund - Direct Growth,CANARA,Lumpsum,2024-09-30,5364.83,25.0161,214.4548
TXN0001776,INVXTOGN,Investor_0152,Individual,Lucknow,Uttar Pradesh,Moderate,125497,HDFC Mid-Cap Opportunities Fund - Direct Growth,HDFC,SIP,2024-08-27,1961.28,12.7311,154.0537
TXN0001777,INVV2ISQ,Investor_0134,Individual,Mumbai,Maharashtra,Aggressive,135781,Parag Parikh Flexi Cap Fund - Direct Growth,PPFAS,Lumpsum,2023-06-01,526.74,2.2242,236.8266
TXN0001778,INV18HAF,Investor_0106,Corporate,Kolkata,West Bengal,Conservative,118989,ICICI Prudential Technology Fund - Direct Growth,ICICI,Redemption,2024-04-12,1814.6,6.911,262.5652
TXN0001779,INVY6DPB,Investor_0002,HUF,Pune,Maharashtra,Conservative,118989,ICICI Prudential Technology Fund - Direct Growth,ICICI,Lumpsum,2023-10-04,100911.77,508.7166,198.3654
TXN0001780,INV5PSQ0,Investor_0167,HUF,Pune,Maharashtra,Conservative,125497,HDFC Mid-Cap Opportunities Fund - Direct Growth,HDFC,Redemption,2024-11-19,104177.36,423.5792,245.9454
TXN0001781,INVYZ7SR,Investor_0143,Corporate,Bengaluru,Karnataka,Conservative,120503,Mirae Asset Large Cap Fund - Direct Growth,MIRAE,SIP,2024-02-09,51992.56,330.8838,157.1324
TXN0001782,INVCWI64,Investor_0033,Individual,Bengaluru,Karnataka,Moderate,119551,Axis Bluechip Fund - Direct Growth,AXIS,Lumpsum,2024-06-15,933.24,6.1336,152.1516
TXN0001783,INVHT0HL,Investor_0030,Corporate,Mumbai,Maharashtra,Aggressive,119551,Axis Bluechip Fund - Direct Growth,AXIS,Switch-In,2024-12-10,93414.44,773.2593,120.8061
TXN0001784,INVJEGET,Investor_0125,Individual,Mumbai,Maharashtra,Conservative,122639,SBI Small Cap Fund - Direct Growth,SBI,Switch-Out,2023-08-31,48994.06,143.66,341.0418
TXN0001785,INV9XPSE,Investor_0031,HUF,Chennai,Tamil Nadu,Moderate,120465,Nippon India Large Cap Fund - Direct Growth,NIPPON,Redemption,2024-02-01,10044.96,35.272,284.786
TXN0001786,INVD84U8,Investor_0145,Individual,Hyderabad,Telangana,Moderate,122639,SBI Small Cap Fund - Direct Growth,SBI,Lumpsum,2023-02-23,10046.5,26.1551,384.1123
TXN0001787,INV49ITN,Investor_0158,Individual,Jaipur,Rajasthan,Conservative,119598,Kotak Bluechip Fund - Direct Growth,KOTAK,Switch-Out,2023-03-08,9944.22,152.9904,64.999
TXN0001788,INVOWGZR,Investor_0085,HUF,Lucknow,Uttar Pradesh,Aggressive,122639,SBI Small Cap Fund - Direct Growth,SBI,Lumpsum,2024-05-02,90196.42,254.4126,354.5281
TXN0001789,INVVS4F8,Investor_0046,Individual,Bengaluru,Karnataka,Aggressive,122639,SBI Small Cap Fund - Direct Growth,SBI,Switch-In,2022-01-12,1098.66,2.8618,383.9017
TXN0001790,INVKPUXQ,Investor_0080,Corporate,Bengaluru,Karnataka,Conservative,125497,HDFC Mid-Cap Opportunities Fund - Direct Growth,HDFC,Lumpsum,2023-11-09,1007.55,4.1968,240.073
TXN0001791,INV1T2TA,Investor_0025,Individual,Hyderabad,Telangana,Moderate,119551,Axis Bluechip Fund - Direct Growth,AXIS,Switch-Out,2022-05-17,101889.09,707.5243,144.0079
TXN0001792,INVWZS3T,Investor_0090,HUF,Jaipur,Rajasthan,Aggressive,120716,Canara Robeco Bluechip Equity Fund - Direct Growth,CANARA,Lumpsum,2023-01-30,25644.11,200.3352,128.006
TXN0001793,INV9T7E8,Investor_0071,Individual,Kolkata,West Bengal,Conservative,118989,ICICI Prudential Technology Fund - Direct Growth,ICICI,Switch-In,2024-04-05,9734.55,52.6682,184.8279
TXN0001794,INV0L725,Investor_0066,HUF,Chennai,Tamil Nadu,Moderate,120716,Canara Robeco Bluechip Equity Fund - Direct Growth,CANARA,Switch-Out,2022-11-09,4577.48,22.6538,202.0624
TXN0001795,INVLC58D,Investor_0027,Individual,Pune,Maharashtra,Moderate,125497,HDFC Mid-Cap Opportunities Fund - Direct Growth,HDFC,Redemption,2022-07-29,1905.18,9.8914,192.6107
TXN0001796,INVCWI64,Investor_0033,Individual,Bengaluru,Karnataka,Moderate,120716,Canara Robeco Bluechip Equity Fund - Direct Growth,CANARA,Switch-Out,2023-07-22,48301.6,357.7629,135.0101
TXN0001797,INV3R30M,Investor_0189,Individual,Delhi,Delhi,Moderate,135781,Parag Parikh Flexi Cap Fund - Direct Growth,PPFAS,Switch-In,2023-04-20,4668.1,23.2981,200.3637
TXN0001798,INVEDTJV,Investor_0056,Corporate,Pune,Maharashtra,Moderate,120503,Mirae Asset Large Cap Fund - Direct Growth,MIRAE,Switch-Out,2024-08-31,1857.33,7.9969,232.2551
TXN0001799,INVXAJI0,Investor_0001,HUF,Delhi,Delhi,Moderate,119598,Kotak Bluechip Fund - Direct Growth,KOTAK,SIP,2024-06-19,463.7,6.0713,76.3753
TXN0001800,INV38DAL,Investor_0109,Corporate,Pune,Maharashtra,Moderate,120594,DSP Top 100 Equity Fund - Direct Growth,DSP,Redemption,2022-08-29,10000.75,94.1518,106.2194
TXN0001801,INVEL624,Investor_0062,Corporate,Hyderabad,Telangana,Moderate,120716,Canara Robeco Bluechip Equity Fund - Direct Growth,CANARA,Switch-In,2024-08-29,52739.2,282.4442,186.7243
TXN0001802,INV60RJI,Investor_0091,Corporate,Chennai,Tamil Nadu,Aggressive,118989,ICICI Prudential Technology Fund - Direct Growth,ICICI,Switch-Out,2023-03-15,25153.43,125.4747,200.4661
TXN0001803,INVJ2QP8,Investor_0043,Individual,Lucknow,Uttar Pradesh,Moderate,118989,ICICI Prudential Technology Fund - Direct Growth,ICICI,Lumpsum,2024-09-30,50604.86,221.0877,228.8904
TXN0001804,INVYFPMV,Investor_0178,Individual,Hyderabad,Telangana,Conservative,118989,ICICI Prudential Technology Fund - Direct Growth,ICICI,SIP,2022-12-31,51520.92,216.9255,237.5051
TXN0001805,INV30T9N,Investor_0007,Corporate,Chennai,Tamil Nadu,Moderate,119598,Kotak Bluechip Fund - Direct Growth,KOTAK,Switch-In,2023-03-14,26142.46,409.0877,63.9043
TXN0001806,INV49ITN,Investor_0158,Individual,Jaipur,Rajasthan,Conservative,120716,Canara Robeco Bluechip Equity Fund - Direct Growth,CANARA,Lumpsum,2022-01-22,48742.06,229.6434,212.2511
TXN0001807,INVL1CQ9,Investor_0051,Individual,Jaipur,Rajasthan,Conservative,120594,DSP Top 100 Equity Fund - Direct Growth,DSP,Redemption,2023-09-28,4505.61,40.4495,111.3886
TXN0001808,INVOWGZR,Investor_0085,HUF,Lucknow,Uttar Pradesh,Aggressive,120503,Mirae Asset Large Cap Fund - Direct Growth,MIRAE,Redemption,2022-01-27,10005.59,43.9276,227.7744
TXN0001809,INVD96QE,Investor_0156,Corporate,Lucknow,Uttar Pradesh,Aggressive,118989,ICICI Prudential Technology Fund - Direct Growth,ICICI,SIP,2024-03-26,10283.35,47.6083,215.999
TXN0001810,INVVG0FN,Investor_0012,Individual,Hyderabad,Telangana,Conservative,118989,ICICI Prudential Technology Fund - Direct Growth,ICICI,Redemption,2022-03-04,547.11,2.4837,220.284
TXN0001811,INVMWWYZ,Investor_0184,Individual,Pune,Maharashtra,Moderate,120594,DSP Top 100 Equity Fund - Direct Growth,DSP,Switch-Out,2024-08-27,99806.01,1129.2125,88.3855
TXN0001812,INV2ATQY,Investor_0192,Corporate,Bengaluru,Karnataka,Aggressive,120716,Canara Robeco Bluechip Equity Fund - Direct Growth,CANARA,SIP,2022-11-10,486.95,2.5153,193.5945
TXN0001813,INV9K9XJ,Investor_0181,Corporate,Ahmedabad,Gujarat,Aggressive,122639,SBI Small Cap Fund - Direct Growth,SBI,Lumpsum,2022-09-02,983.91,3.2245,305.1363
TXN0001814,INVH75LX,Investor_0015,HUF,Mumbai,Maharashtra,Moderate,120594,DSP Top 100 Equity Fund - Direct Growth,DSP,SIP,2023-07-23,22987.38,229.8802,99.9972
TXN0001815,INVZIOYK,Investor_0050,Individual,Kolkata,West Bengal,Conservative,135781,Parag Parikh Flexi Cap Fund - Direct Growth,PPFAS,SIP,2023-10-11,26686.37,95.4594,279.5573
TXN0001816,INVUY0BV,Investor_0182,Corporate,Pune,Maharashtra,Moderate,122639,SBI Small Cap Fund - Direct Growth,SBI,Switch-Out,2024-04-05,25081.7,57.9913,432.5083
TXN0001817,INVEYUHZ,Investor_0107,HUF,Kolkata,West Bengal,Moderate,119551,Axis Bluechip Fund - Direct Growth,AXIS,SIP,2024-10-24,5325.05,40.9386,130.074
TXN0001818,INVM5IGQ,Investor_0038,Individual,Mumbai,Maharashtra,Moderate,118989,ICICI Prudential Technology Fund - Direct Growth,ICICI,SIP,2023-07-19,1977.36,10.476,188.751
TXN0001819,INVD96QE,Investor_0156,Corporate,Lucknow,Uttar Pradesh,Aggressive,125497,HDFC Mid-Cap Opportunities Fund - Direct Growth,HDFC,Switch-Out,2022-01-07,46729.68,277.1789,168.5903
TXN0001820,INVKPUXQ,Investor_0080,Corporate,Bengaluru,Karnataka,Conservative,118989,ICICI Prudential Technology Fund - Direct Growth,ICICI,Switch-Out,2024-08-12,23088.57,78.5296,294.011
TXN0001821,INV9YJB1,Investor_0146,Corporate,Delhi,Delhi,Aggressive,120503,Mirae Asset Large Cap Fund - Direct Growth,MIRAE,Switch-Out,2022-07-05,91763.24,563.9265,162.722
TXN0001822,INVCGVYI,Investor_0047,Corporate,Chennai,Tamil Nadu,Conservative,120503,Mirae Asset Large Cap Fund - Direct Growth,MIRAE,Lumpsum,2022-02-11,25455.74,121.1388,210.137
TXN0001823,INVD5EQY,Investor_0197,Individual,Ahmedabad,Gujarat,Aggressive,122639,SBI Small Cap Fund - Direct Growth,SBI,SIP,2024-07-31,5137.95,14.4942,354.4842
TXN0001824,INVAZYTJ,Investor_0021,Individual,Delhi,Delhi,Aggressive,125497,HDFC Mid-Cap Opportunities Fund - Direct Growth,HDFC,Redemption,2022-09-29,5247.41,28.9688,181.14
TXN0001825,INVKPUXQ,Investor_0080,Corporate,Bengaluru,Karnataka,Conservative,119551,Axis Bluechip Fund - Direct Growth,AXIS,Switch-In,2022-10-15,9356.01,77.4584,120.7876
TXN0001826,INVD84U8,Investor_0145,Individual,Hyderabad,Telangana,Moderate,119598,Kotak Bluechip Fund - Direct Growth,KOTAK,Switch-In,2023-07-13,5335.28,78.9027,67.6185
TXN0001827,INV9CHJ7,Investor_0052,HUF,Delhi,Delhi,Conservative,122639,SBI Small Cap Fund - Direct Growth,SBI,Redemption,2023-06-26,10395.12,38.2243,271.9504
TXN0001828,INV5KXVF,Investor_0024,HUF,Lucknow,Uttar Pradesh,Aggressive,120594,DSP Top 100 Equity Fund - Direct Growth,DSP,Redemption,2024-12-07,24244.3,282.7465,85.7457
TXN0001829,INV3TRP0,Investor_0116,Corporate,Delhi,Delhi,Aggressive,122639,SBI Small Cap Fund - Direct Growth,SBI,SIP,2023-03-08,46557.04,136.6784,340.6319
TXN0001830,INVNRIUU,Investor_0180,Individual,Kolkata,West Bengal,Aggressive,120465,Nippon India Large Cap Fund - Direct Growth,NIPPON,Redemption,2024-10-28,9414.89,31.6745,297.2387
TXN0001831,INVL0UKE,Investor_0142,HUF,Hyderabad,Telangana,Conservative,118989,ICICI Prudential Technology Fund - Direct Growth,ICICI,SIP,2024-08-15,4758.21,24.9453,190.7455
TXN0001832,INV3J2D5,Investor_0067,Corporate,Ahmedabad,Gujarat,Conservative,119551,Axis Bluechip Fund - Direct Growth,AXIS,SIP,2024-08-14,1990.08,11.5978,171.5912
TXN0001833,INVL8OS9,Investor_0151,Individual,Chennai,Tamil Nadu,Aggressive,119598,Kotak Bluechip Fund - Direct Growth,KOTAK,Redemption,2022-03-11,51583.05,846.8788,60.9096
TXN0001834,INV31YIH,Investor_0083,Individual,Chennai,Tamil Nadu,Conservative,120503,Mirae Asset Large Cap Fund - Direct Growth,MIRAE,Redemption,2024-08-31,465.88,2.1085,220.9584
TXN0001835,INVIXA11,Investor_0086,Individual,Jaipur,Rajasthan,Aggressive,119598,Kotak Bluechip Fund - Direct Growth,KOTAK,SIP,2023-09-20,2165.26,25.2829,85.6414
TXN0001836,INVHOCN9,Investor_0042,Corporate,Hyderabad,Telangana,Moderate,120594,DSP Top 100 Equity Fund - Direct Growth,DSP,Switch-Out,2024-06-18,2100.82,16.6782,125.9619
TXN0001837,INV49ITN,Investor_0158,Individual,Jaipur,Rajasthan,Conservative,120594,DSP Top 100 Equity Fund - Direct Growth,DSP,Switch-Out,2024-08-27,52309.55,535.2905,97.7218
TXN0001838,INV6HID2,Investor_0063,Individual,Lucknow,Uttar Pradesh,Moderate,118989,ICICI Prudential Technology Fund - Direct Growth,ICICI,Redemption,2024-04-01,24912.79,93.0431,267.7555
TXN0001839,INVZKLOO,Investor_0077,Corporate,Delhi,Delhi,Aggressive,119551,Axis Bluechip Fund - Direct Growth,AXIS,Lumpsum,2023-07-06,984.2,5.0978,193.0626
TXN0001840,INVWRDML,Investor_0148,HUF,Jaipur,Rajasthan,Moderate,120465,Nippon India Large Cap Fund - Direct Growth,NIPPON,Switch-Out,2022-12-07,466.4,2.3673,197.0159
TXN0001841,INVZKLOO,Investor_0077,Corporate,Delhi,Delhi,Aggressive,135781,Parag Parikh Flexi Cap Fund - Direct Growth,PPFAS,Switch-Out,2022-10-13,5451.49,20.6547,263.9343
TXN0001842,INVCIYHE,Investor_0034,Individual,Jaipur,Rajasthan,Aggressive,119598,Kotak Bluechip Fund - Direct Growth,KOTAK,SIP,2022-10-17,961.85,11.0819,86.7949
TXN0001843,INVY9V86,Investor_0089,Corporate,Lucknow,Uttar Pradesh,Moderate,120594,DSP Top 100 Equity Fund - Direct Growth,DSP,Switch-In,2022-10-30,1984.24,20.2715,97.883
TXN0001844,INV9CHJ7,Investor_0052,HUF,Delhi,Delhi,Conservative,122639,SBI Small Cap Fund - Direct Growth,SBI,Redemption,2023-04-29,9160.75,28.0238,326.8915
TXN0001845,INV55NF4,Investor_0053,Individual,Delhi,Delhi,Aggressive,120465,Nippon India Large Cap Fund - Direct Growth,NIPPON,SIP,2024-02-06,4654.14,15.4402,301.4301
TXN0001846,INVY6DPB,Investor_0002,HUF,Pune,Maharashtra,Conservative,120594,DSP Top 100 Equity Fund - Direct Growth,DSP,Lumpsum,2024-03-18,22999.57,294.0591,78.2141
TXN0001847,INVXPJ4H,Investor_0179,HUF,Kolkata,West Bengal,Conservative,125497,HDFC Mid-Cap Opportunities Fund - Direct Growth,HDFC,Switch-In,2023-05-13,53313.47,276.7583,192.6355
TXN0001848,INVOF8KR,Investor_0196,Corporate,Chennai,Tamil Nadu,Moderate,120503,Mirae Asset Large Cap Fund - Direct Growth,MIRAE,Switch-In,2022-10-01,1927.34,11.0121,175.0201
TXN0001849,INVHL1N1,Investor_0103,Corporate,Kolkata,West Bengal,Aggressive,119598,Kotak Bluechip Fund - Direct Growth,KOTAK,Redemption,2024-12-29,50969.39,1002.1705,50.859
TXN0001850,INVDW2PC,Investor_0019,Individual,Lucknow,Uttar Pradesh,Moderate,119598,Kotak Bluechip Fund - Direct Growth,KOTAK,Switch-In,2022-12-31,472.17,8.0428,58.7071
TXN0001851,INVD5EQY,Investor_0197,Individual,Ahmedabad,Gujarat,Aggressive,125497,HDFC Mid-Cap Opportunities Fund - Direct Growth,HDFC,Redemption,2022-01-04,24199.25,124.7854,193.927
TXN0001852,INV3RZSJ,Investor_0157,Individual,Lucknow,Uttar Pradesh,Moderate,135781,Parag Parikh Flexi Cap Fund - Direct Growth,PPFAS,Switch-In,2022-10-10,1029.12,5.0867,202.3169
TXN0001853,INVIGATJ,Investor_0128,Corporate,Jaipur,Rajasthan,Aggressive,125497,HDFC Mid-Cap Opportunities Fund - Direct Growth,HDFC,SIP,2022-07-10,4801.94,21.8316,219.954
TXN0001854,INVDPG8S,Investor_0087,Corporate,Pune,Maharashtra,Conservative,120465,Nippon India Large Cap Fund - Direct Growth,NIPPON,Lumpsum,2023-09-30,46507.48,178.5331,260.4978
TXN0001855,INVYOFQE,Investor_0100,Corporate,Kolkata,West Bengal,Aggressive,120594,DSP Top 100 Equity Fund - Direct Growth,DSP,SIP,2024-05-13,10917.03,142.932,76.3792
TXN0001856,INVVS4F8,Investor_0046,Individual,Bengaluru,Karnataka,Aggressive,122639,SBI Small Cap Fund - Direct Growth,SBI,Switch-In,2022-06-19,992.98,3.4241,290.0011
TXN0001857,INVY9V86,Investor_0089,Corporate,Lucknow,Uttar Pradesh,Moderate,120503,Mirae Asset Large Cap Fund - Direct Growth,MIRAE,Switch-In,2022-09-21,466.09,3.296,141.4127
TXN0001858,INVWRDML,Investor_0148,HUF,Jaipur,Rajasthan,Moderate,120716,Canara Robeco Bluechip Equity Fund - Direct Growth,CANARA,Switch-In,2024-04-02,90231.77,568.5091,158.7165
TXN0001859,INV38DAL,Investor_0109,Corporate,Pune,Maharashtra,Moderate,119551,Axis Bluechip Fund - Direct Growth,AXIS,Redemption,2022-08-26,47586.49,340.4684,139.7677
TXN0001860,INVVIFTT,Investor_0155,Corporate,Jaipur,Rajasthan,Conservative,120594,DSP Top 100 Equity Fund - Direct Growth,DSP,Switch-Out,2023-11-18,26405.02,223.2309,118.2857
TXN0001861,INVXFGCA,Investor_0137,Individual,Chennai,Tamil Nadu,Moderate,119598,Kotak Bluechip Fund - Direct Growth,KOTAK,SIP,2024-12-24,2192.29,34.4735,63.5934
TXN0001862,INVHC36K,Investor_0195,HUF,Delhi,Delhi,Conservative,120465,Nippon India Large Cap Fund - Direct Growth,NIPPON,SIP,2023-06-13,1802.78,7.2556,248.4683
TXN0001863,INVL1CQ9,Investor_0051,Individual,Jaipur,Rajasthan,Conservative,120716,Canara Robeco Bluechip Equity Fund - Direct Growth,CANARA,Switch-Out,2024-08-09,98697.76,499.6232,197.5444
TXN0001864,INV0LVSN,Investor_0073,Individual,Delhi,Delhi,Aggressive,119551,Axis Bluechip Fund - Direct Growth,AXIS,SIP,2022-04-13,99205.01,612.8283,161.8806
TXN0001865,INV7PZE9,Investor_0154,HUF,Kolkata,West Bengal,Moderate,119598,Kotak Bluechip Fund - Direct Growth,KOTAK,Redemption,2023-08-30,48374.62,649.2018,74.514
TXN0001866,INVD5EQY,Investor_0197,Individual,Ahmedabad,Gujarat,Aggressive,119551,Axis Bluechip Fund - Direct Growth,AXIS,Switch-Out,2024-01-01,9357.46,47.3045,197.8132
TXN0001867,INVEYUHZ,Investor_0107,HUF,Kolkata,West Bengal,Moderate,119551,Axis Bluechip Fund - Direct Growth,AXIS,Switch-In,2022-03-14,23988.42,178.2711,134.5615
TXN0001868,INV1W1HT,Investor_0153,Individual,Hyderabad,Telangana,Aggressive,120503,Mirae Asset Large Cap Fund - Direct Growth,MIRAE,Redemption,2024-03-22,503.13,1.9397,259.3901
TXN0001869,INV5OWF7,Investor_0064,Individual,Mumbai,Maharashtra,Moderate,122639,SBI Small Cap Fund - Direct Growth,SBI,SIP,2022-10-24,925.21,2.2142,417.8449
TXN0001870,INVQLGZU,Investor_0163,HUF,Bengaluru,Karnataka,Conservative,120594,DSP Top 100 Equity Fund - Direct Growth,DSP,Switch-In,2024-07-27,9690.77,104.9465,92.3401
TXN0001871,INVJJA26,Investor_0177,Corporate,Jaipur,Rajasthan,Conservative,135781,Parag Parikh Flexi Cap Fund - Direct Growth,PPFAS,Lumpsum,2023-10-31,90812.82,295.5141,307.3045
TXN0001872,INV6VZ41,Investor_0096,Corporate,Delhi,Delhi,Conservative,119551,Axis Bluechip Fund - Direct Growth,AXIS,Lumpsum,2022-06-11,976.38,5.1633,189.1009
TXN0001873,INVDPG8S,Investor_0087,Corporate,Pune,Maharashtra,Conservative,118989,ICICI Prudential Technology Fund - Direct Growth,ICICI,Switch-In,2023-06-11,45223.83,139.2931,324.6668
TXN0001874,INVX4W6X,Investor_0185,Individual,Chennai,Tamil Nadu,Conservative,120503,Mirae Asset Large Cap Fund - Direct Growth,MIRAE,Switch-In,2023-06-19,1058.73,4.7449,223.1285
TXN0001875,INVKEP7Y,Investor_0078,Corporate,Pune,Maharashtra,Conservative,135781,Parag Parikh Flexi Cap Fund - Direct Growth,PPFAS,Switch-Out,2022-04-11,5194.26,18.9345,274.3277
TXN0001876,INV6VZ41,Investor_0096,Corporate,Delhi,Delhi,Conservative,135781,Parag Parikh Flexi Cap Fund - Direct Growth,PPFAS,Switch-In,2024-06-13,5260.72,30.4021,173.0379
TXN0001877,INV9T7E8,Investor_0071,Individual,Kolkata,West Bengal,Conservative,122639,SBI Small Cap Fund - Direct Growth,SBI,Redemption,2023-01-07,510.46,1.543,330.8192
TXN0001878,INV2KNFT,Investor_0174,HUF,Bengaluru,Karnataka,Aggressive,118989,ICICI Prudential Technology Fund - Direct Growth,ICICI,Redemption,2022-02-08,490.72,2.3335,210.2939
TXN0001879,INVEYUHZ,Investor_0107,HUF,Kolkata,West Bengal,Moderate,122639,SBI Small Cap Fund - Direct Growth,SBI,Redemption,2023-10-14,9924.88,33.0795,300.0314
TXN0001880,INV1T2TA,Investor_0025,Individual,Hyderabad,Telangana,Moderate,125497,HDFC Mid-Cap Opportunities Fund - Direct Growth,HDFC,Lumpsum,2023-03-29,520.9,1.9481,267.3937
TXN0001881,INVUJV6O,Investor_0017,HUF,Hyderabad,Telangana,Aggressive,135781,Parag Parikh Flexi Cap Fund - Direct Growth,PPFAS,Redemption,2023-11-05,101758.28,548.7944,185.4215
TXN0001882,INVZQY72,Investor_0139,Corporate,Delhi,Delhi,Conservative,120465,Nippon India Large Cap Fund - Direct Growth,NIPPON,Switch-In,2023-10-17,484.3,1.5862,305.3188
TXN0001883,INVY9V86,Investor_0089,Corporate,Lucknow,Uttar Pradesh,Moderate,120594,DSP Top 100 Equity Fund - Direct Growth,DSP,Lumpsum,2024-10-18,107087.12,1259.8336,85.001
TXN0001884,INVZW9XA,Investor_0054,Individual,Ahmedabad,Gujarat,Aggressive,120716,Canara Robeco Bluechip Equity Fund - Direct Growth,CANARA,Lumpsum,2022-03-08,47556.93,390.9983,121.6295
TXN0001885,INV4NLZ1,Investor_0170,Individual,Bengaluru,Karnataka,Aggressive,135781,Parag Parikh Flexi Cap Fund - Direct Growth,PPFAS,SIP,2023-12-09,101226.51,407.8353,248.2044
TXN0001886,INVXEPQ8,Investor_0022,Corporate,Jaipur,Rajasthan,Aggressive,125497,HDFC Mid-Cap Opportunities Fund - Direct Growth,HDFC,Switch-Out,2023-10-08,24020.16,146.1509,164.3518
TXN0001887,INV3TRP0,Investor_0116,Corporate,Delhi,Delhi,Aggressive,120594,DSP Top 100 Equity Fund - Direct Growth,DSP,SIP,2022-12-08,2049.95,15.0512,136.198
TXN0001888,INV2O7S3,Investor_0160,Corporate,Lucknow,Uttar Pradesh,Conservative,119598,Kotak Bluechip Fund - Direct Growth,KOTAK,Switch-Out,2022-02-17,49153.93,832.4712,59.0458
TXN0001889,INVYV37D,Investor_0193,Individual,Lucknow,Uttar Pradesh,Aggressive,118989,ICICI Prudential Technology Fund - Direct Growth,ICICI,Switch-Out,2024-02-08,109793.6,525.3162,209.0048
TXN0001890,INVQVKIZ,Investor_0138,HUF,Pune,Maharashtra,Aggressive,122639,SBI Small Cap Fund - Direct Growth,SBI,Switch-In,2023-03-24,919.4,3.8256,240.3264
TXN0001891,INV3KX7E,Investor_0055,Individual,Ahmedabad,Gujarat,Conservative,120503,Mirae Asset Large Cap Fund - Direct Growth,MIRAE,Switch-Out,2022-11-22,9357.24,52.2255,179.1699
TXN0001892,INVD5EQY,Investor_0197,Individual,Ahmedabad,Gujarat,Aggressive,120465,Nippon India Large Cap Fund - Direct Growth,NIPPON,Switch-Out,2023-03-22,48520.25,254.0206,191.0091
TXN0001893,INV1GV0E,Investor_0108,Corporate,Delhi,Delhi,Aggressive,135781,Parag Parikh Flexi Cap Fund - Direct Growth,PPFAS,Redemption,2022-08-05,26352.5,106.3363,247.8222
TXN0001894,INV5BCW7,Investor_0171,Corporate,Lucknow,Uttar Pradesh,Moderate,119598,Kotak Bluechip Fund - Direct Growth,KOTAK,Switch-Out,2024-04-07,47250.99,653.6799,72.2846
TXN0001895,INV9SKDG,Investor_0127,Individual,Jaipur,Rajasthan,Aggressive,120594,DSP Top 100 Equity Fund - Direct Growth,DSP,Redemption,2022-12-30,93139.36,1205.4035,77.2682
TXN0001896,INVHL1N1,Investor_0103,Corporate,Kolkata,West Bengal,Aggressive,118989,ICICI Prudential Technology Fund - Direct Growth,ICICI,SIP,2022-12-19,26314.67,121.5321,216.5244
TXN0001897,INVU2GC5,Investor_0175,Individual,Mumbai,Maharashtra,Aggressive,120503,Mirae Asset Large Cap Fund - Direct Growth,MIRAE,Switch-In,2024-04-20,54742.47,227.8283,240.2795
TXN0001898,INVPVS7H,Investor_0049,Corporate,Bengaluru,Karnataka,Aggressive,119551,Axis Bluechip Fund - Direct Growth,AXIS,Switch-Out,2024-10-27,4638.57,28.9822,160.0489
TXN0001899,INVAZYTJ,Investor_0021,Individual,Delhi,Delhi,Aggressive,135781,Parag Parikh Flexi Cap Fund - Direct Growth,PPFAS,Switch-Out,2023-10-28,54454.89,228.6871,238.1196
TXN0001900,INV3RZSJ,Investor_0157,Individual,Lucknow,Uttar Pradesh,Moderate,125497,HDFC Mid-Cap Opportunities Fund - Direct Growth,HDFC,Lumpsum,2024-01-29,103687.26,446.7341,232.1006
TXN0001901,INVMDD4V,Investor_0006,Corporate,Kolkata,West Bengal,Aggressive,135781,Parag Parikh Flexi Cap Fund - Direct Growth,PPFAS,Switch-In,2022-11-27,5350.31,19.0792,280.4268
TXN0001903,INV31YIH,Investor_0083,Individual,Chennai,Tamil Nadu,Conservative,122639,SBI Small Cap Fund - Direct Growth,SBI,Redemption,2023-02-28,1078.89,2.6731,403.605
TXN0001904,INVWRDML,Investor_0148,HUF,Jaipur,Rajasthan,Moderate,120594,DSP Top 100 Equity Fund - Direct Growth,DSP,Switch-In,2024-06-27,5183.67,58.3536,88.8321
TXN0001905,INVEL624,Investor_0062,Corporate,Hyderabad,Telangana,Moderate,122639,SBI Small Cap Fund - Direct Growth,SBI,Switch-In,2023-11-10,1060.74,4.2889,247.3241
TXN0001906,INV874FR,Investor_0041,HUF,Pune,Maharashtra,Moderate,125497,HDFC Mid-Cap Opportunities Fund - Direct Growth,HDFC,Switch-In,2022-03-08,901.38,4.6957,191.9586
TXN0001907,INVU2GC5,Investor_0175,Individual,Mumbai,Maharashtra,Aggressive,120465,Nippon India Large Cap Fund - Direct Growth,NIPPON,Switch-Out,2022-05-25,107243.38,327.9367,327.0246
TXN0001908,INVEYUHZ,Investor_0107,HUF,Kolkata,West Bengal,Moderate,118989,ICICI Prudential Technology Fund - Direct Growth,ICICI,Switch-Out,2024-12-29,1043.16,5.4571,191.1548
TXN0001909,INVR6K2V,Investor_0183,Individual,Bengaluru,Karnataka,Moderate,119551,Axis Bluechip Fund - Direct Growth,AXIS,Switch-In,2022-05-03,106555.08,621.8378,171.3551
TXN0001910,INVTZ0YN,Investor_0075,Corporate,Ahmedabad,Gujarat,Aggressive,120465,Nippon India Large Cap Fund - Direct Growth,NIPPON,SIP,2024-11-13,24497.15,81.166,301.8155
TXN0001911,INVFTMTT,Investor_0162,Individual,Mumbai,Maharashtra,Moderate,120594,DSP Top 100 Equity Fund - Direct Growth,DSP,Switch-In,2023-06-22,920.72,8.7748,104.9277
TXN0001912,INVHC36K,Investor_0195,HUF,Delhi,Delhi,Conservative,135781,Parag Parikh Flexi Cap Fund - Direct Growth,PPFAS,SIP,2023-11-27,1946.59,9.2241,211.0338
TXN0001913,INV0Y9DO,Investor_0037,HUF,Delhi,Delhi,Conservative,125497,HDFC Mid-Cap Opportunities Fund - Direct Growth,HDFC,Switch-In,2023-11-07,4764.51,25.732,185.1586
TXN0001914,INV3NX39,Investor_0165,HUF,Chennai,Tamil Nadu,Aggressive,120503,Mirae Asset Large Cap Fund - Direct Growth,MIRAE,Switch-In,2023-06-17,105050.05,710.9481,147.7605
TXN0001915,INVBI4Q2,Investor_0088,Individual,Kolkata,West Bengal,Conservative,118989,ICICI Prudential Technology Fund - Direct Growth,ICICI,Switch-In,2023-06-13,26436.87,117.6291,224.7477
TXN0001916,INV9YJB1,Investor_0146,Corporate,Delhi,Delhi,Aggressive,118989,ICICI Prudential Technology Fund - Direct Growth,ICICI,Switch-Out,2022-10-31,526.13,2.8304,185.886
TXN0001917,INVV2ISQ,Investor_0134,Individual,Mumbai,Maharashtra,Aggressive,118989,ICICI Prudential Technology Fund - Direct Growth,ICICI,SIP,2024-01-13,5380.17,18.3838,292.6589
TXN0001918,INVR6K2V,Investor_0183,Individual,Bengaluru,Karnataka,Moderate,118989,ICICI Prudential Technology Fund - Direct Growth,ICICI,Redemption,2023-09-17,2027.06,6.3437,319.5374
TXN0001919,INVXR2DH,Investor_0122,Individual,Pune,Maharashtra,Conservative,120594,DSP Top 100 Equity Fund - Direct Growth,DSP,Redemption,2022-09-21,2097.49,18.2782,114.7538
TXN0001920,INVM5IGQ,Investor_0038,Individual,Mumbai,Maharashtra,Moderate,135781,Parag Parikh Flexi Cap Fund - Direct Growth,PPFAS,Redemption,2023-04-12,47573.06,175.1297,271.6447
TXN0001921,INVT3W5U,Investor_0008,Corporate,Hyderabad,Telangana,Aggressive,125497,HDFC Mid-Cap Opportunities Fund - Direct Growth,HDFC,Switch-Out,2022-01-25,9296.73,45.6757,203.5379
TXN0001922,INV3J2D5,Investor_0067,Corporate,Ahmedabad,Gujarat,Conservative,119598,Kotak Bluechip Fund - Direct Growth,KOTAK,Switch-Out,2022-12-15,49769.74,873.8294,56.9559
TXN0001923,INVY9V86,Investor_0089,Corporate,Lucknow,Uttar Pradesh,Moderate,122639,SBI Small Cap Fund - Direct Growth,SBI,Switch-Out,2024-02-14,25116.69,106.7308,235.3274
TXN0001924,INVJEGET,Investor_0125,Individual,Mumbai,Maharashtra,Conservative,122639,SBI Small Cap Fund - Direct Growth,SBI,Switch-Out,2024-02-17,93507.75,307.4897,304.1004
TXN0001925,INVTHV3A,Investor_0004,HUF,Pune,Maharashtra,Moderate,120503,Mirae Asset Large Cap Fund - Direct Growth,MIRAE,Redemption,2023-04-05,4809.31,20.8673,230.4713
TXN0001926,INVPKI7P,Investor_0039,Corporate,Bengaluru,Karnataka,Moderate,118989,ICICI Prudential Technology Fund - Direct Growth,ICICI,Switch-Out,2024-01-01,1030.0,3.1277,329.3131
TXN0001927,INVIGATJ,Investor_0128,Corporate,Jaipur,Rajasthan,Aggressive,120594,DSP Top 100 Equity Fund - Direct Growth,DSP,Switch-Out,2024-12-09,534.0,5.2519,101.6769
TXN0001928,INVA1WJ0,Investor_0059,Corporate,Delhi,Delhi,Aggressive,125497,HDFC Mid-Cap Opportunities Fund - Direct Growth,HDFC,Redemption,2022-07-22,489.85,2.577,190.084
TXN0001929,INVOWGZR,Investor_0085,HUF,Lucknow,Uttar Pradesh,Aggressive,120716,Canara Robeco Bluechip Equity Fund - Direct Growth,CANARA,SIP,2024-12-31,10106.57,60.1571,168.003
TXN0001930,INVE8F84,Investor_0190,Corporate,Mumbai,Maharashtra,Aggressive,120716,Canara Robeco Bluechip Equity Fund - Direct Growth,CANARA,SIP,2024-12-06,494.66,2.9784,166.0802
TXN0001931,INV5OWF7,Investor_0064,Individual,Mumbai,Maharashtra,Moderate,125497,HDFC Mid-Cap Opportunities Fund - Direct Growth,HDFC,Redemption,2023-05-17,2075.88,9.3125,222.9134
TXN0001932,INVA1WJ0,Investor_0059,Corporate,Delhi,Delhi,Aggressive,120594,DSP Top 100 Equity Fund - Direct Growth,DSP,Lumpsum,2023-06-29,547.94,4.5189,121.2547
TXN0001933,INVL0UKE,Investor_0142,HUF,Hyderabad,Telangana,Conservative,118989,ICICI Prudential Technology Fund - Direct Growth,ICICI,SIP,2022-05-11,5233.34,17.3382,301.8391
TXN0001934,INVCIYHE,Investor_0034,Individual,Jaipur,Rajasthan,Aggressive,120716,Canara Robeco Bluechip Equity Fund - Direct Growth,CANARA,Redemption,2023-05-15,470.77,2.4838,189.5368
TXN0001935,INV83TQL,Investor_0150,HUF,Delhi,Delhi,Conservative,135781,Parag Parikh Flexi Cap Fund - Direct Growth,PPFAS,Switch-In,2022-04-15,91965.4,385.4544,238.5896
TXN0001936,INVGDSWM,Investor_0082,HUF,Bengaluru,Karnataka,Aggressive,120503,Mirae Asset Large Cap Fund - Direct Growth,MIRAE,Lumpsum,2022-06-20,92328.13,362.5897,254.6353
TXN0001937,INVXR2DH,Investor_0122,Individual,Pune,Maharashtra,Conservative,125497,HDFC Mid-Cap Opportunities Fund - Direct Growth,HDFC,SIP,2023-09-07,5098.29,21.8208,233.6435
TXN0001938,INV9YJB1,Investor_0146,Corporate,Delhi,Delhi,Aggressive,119551,Axis Bluechip Fund - Direct Growth,AXIS,Switch-Out,2022-08-17,53611.39,342.6278,156.4712
TXN0001939,INVX4W6X,Investor_0185,Individual,Chennai,Tamil Nadu,Conservative,120594,DSP Top 100 Equity Fund - Direct Growth,DSP,Lumpsum,2023-05-31,109844.75,1069.7983,102.678
TXN0001940,INVIA5U6,Investor_0194,Individual,Mumbai,Maharashtra,Moderate,120465,Nippon India Large Cap Fund - Direct Growth,NIPPON,Switch-Out,2022-12-28,9985.21,31.1115,320.9493
TXN0001942,INV4I3QK,Investor_0068,HUF,Mumbai,Maharashtra,Aggressive,120716,Canara Robeco Bluechip Equity Fund - Direct Growth,CANARA,Lumpsum,2024-10-27,23876.44,136.096,175.4382
TXN0001943,INVKPUXQ,Investor_0080,Corporate,Bengaluru,Karnataka,Conservative,120594,DSP Top 100 Equity Fund - Direct Growth,DSP,SIP,2023-10-16,1995.03,21.53,92.663
TXN0001944,INVGB7R3,Investor_0131,Corporate,Kolkata,West Bengal,Conservative,120594,DSP Top 100 Equity Fund - Direct Growth,DSP,Switch-In,2024-06-03,1871.52,14.6187,128.0227
TXN0001945,INV5PY6B,Investor_0173,Individual,Delhi,Delhi,Moderate,118989,ICICI Prudential Technology Fund - Direct Growth,ICICI,SIP,2023-01-10,96848.63,371.477,260.7123
TXN0001946,INVZIOYK,Investor_0050,Individual,Kolkata,West Bengal,Conservative,120503,Mirae Asset Large Cap Fund - Direct Growth,MIRAE,Lumpsum,2023-09-18,4807.2,23.3058,206.2662
TXN0001947,INVGDSWM,Investor_0082,HUF,Bengaluru,Karnataka,Aggressive,120716,Canara Robeco Bluechip Equity Fund - Direct Growth,CANARA,Switch-In,2023-03-07,1036.95,4.8462,213.9704
TXN0001948,INVQX6GV,Investor_0147,HUF,Pune,Maharashtra,Moderate,122639,SBI Small Cap Fund - Direct Growth,SBI,Redemption,2024-03-22,1876.76,4.4471,422.0198
TXN0001949,INV9UZFK,Investor_0044,Individual,Pune,Maharashtra,Conservative,122639,SBI Small Cap Fund - Direct Growth,SBI,Switch-Out,2024-11-23,1930.27,4.7979,402.3188
TXN0001950,INVXR2DH,Investor_0122,Individual,Pune,Maharashtra,Conservative,135781,Parag Parikh Flexi Cap Fund - Direct Growth,PPFAS,Switch-In,2023-06-23,9457.45,51.855,182.3827
TXN0001951,INVDZR1Y,Investor_0121,HUF,Delhi,Delhi,Moderate,118989,ICICI Prudential Technology Fund - Direct Growth,ICICI,Redemption,2023-12-26,1922.49,7.7402,248.3782
TXN0001952,INV0982N,Investor_0191,Individual,Bengaluru,Karnataka,Aggressive,119598,Kotak Bluechip Fund - Direct Growth,KOTAK,Switch-In,2024-03-16,9850.6,151.1554,65.1687
TXN0001953,INVOF8KR,Investor_0196,Corporate,Chennai,Tamil Nadu,Moderate,120465,Nippon India Large Cap Fund - Direct Growth,NIPPON,SIP,2024-04-17,45553.07,205.1843,222.0105
TXN0001954,INV60RJI,Investor_0091,Corporate,Chennai,Tamil Nadu,Aggressive,122639,SBI Small Cap Fund - Direct Growth,SBI,Switch-In,2023-02-19,9038.96,21.539,419.6547
TXN0001955,INVZW9XA,Investor_0054,Individual,Ahmedabad,Gujarat,Aggressive,118989,ICICI Prudential Technology Fund - Direct Growth,ICICI,Redemption,2024-05-25,22618.39,71.0608,318.2963
TXN0001956,INV8P0TV,Investor_0098,HUF,Jaipur,Rajasthan,Conservative,119598,Kotak Bluechip Fund - Direct Growth,KOTAK,Switch-Out,2024-10-27,5297.47,75.1234,70.5169
TXN0001957,INVPNSM4,Investor_0113,HUF,Pune,Maharashtra,Aggressive,118989,ICICI Prudential Technology Fund - Direct Growth,ICICI,SIP,2023-10-29,948.63,4.743,200.006
TXN0001958,INVLPU0D,Investor_0186,Individual,Pune,Maharashtra,Moderate,120594,DSP Top 100 Equity Fund - Direct Growth,DSP,Switch-Out,2022-04-05,109040.91,1459.8721,74.6921
TXN0001959,INVBNP84,Investor_0200,Individual,Lucknow,Uttar Pradesh,Aggressive,120465,Nippon India Large Cap Fund - Direct Growth,NIPPON,Switch-In,2024-02-08,4780.14,18.4682,258.8306
TXN0001960,INVO6QJI,Investor_0016,Individual,Pune,Maharashtra,Conservative,120503,Mirae Asset Large Cap Fund - Direct Growth,MIRAE,SIP,2024-01-27,23880.23,165.9453,143.9042
TXN0001961,INVPNSM4,Investor_0113,HUF,Pune,Maharashtra,Aggressive,118989,ICICI Prudential Technology Fund - Direct Growth,ICICI,SIP,2022-06-01,92685.69,337.805,274.3763
TXN0001962,INVAIR4C,Investor_0084,HUF,Lucknow,Uttar Pradesh,Conservative,120465,Nippon India Large Cap Fund - Direct Growth,NIPPON,Lumpsum,2023-02-14,2035.92,7.1025,286.6466
TXN0001963,INVCBPLJ,Investor_0144,HUF,Ahmedabad,Gujarat,Moderate,120503,Mirae Asset Large Cap Fund - Direct Growth,MIRAE,Switch-In,2023-06-18,4827.84,19.4349,248.4105
TXN0001964,INVYZ7SR,Investor_0143,Corporate,Bengaluru,Karnataka,Conservative,120716,Canara Robeco Bluechip Equity Fund - Direct Growth,CANARA,Redemption,2022-05-20,464.05,3.2925,140.9429
TXN0001965,INVNRIUU,Investor_0180,Individual,Kolkata,West Bengal,Aggressive,119598,Kotak Bluechip Fund - Direct Growth,KOTAK,Redemption,2023-03-16,104945.46,1580.523,66.3992
TXN0001966,INVE6IVW,Investor_0048,HUF,Mumbai,Maharashtra,Moderate,119598,Kotak Bluechip Fund - Direct Growth,KOTAK,Switch-In,2023-11-14,4960.8,56.4983,87.8044
TXN0001967,INVL1CQ9,Investor_0051,Individual,Jaipur,Rajasthan,Conservative,118989,ICICI Prudential Technology Fund - Direct Growth,ICICI,Redemption,2024-04-21,464.03,1.8327,253.1986
TXN0001968,INVY8OZC,Investor_0110,Individual,Kolkata,West Bengal,Aggressive,120465,Nippon India Large Cap Fund - Direct Growth,NIPPON,Switch-In,2022-05-04,533.17,2.7087,196.838
TXN0001969,INVOCWBF,Investor_0132,Corporate,Pune,Maharashtra,Moderate,119598,Kotak Bluechip Fund - Direct Growth,KOTAK,SIP,2024-10-29,54956.54,999.726,54.9716
TXN0001970,INVAIR4C,Investor_0084,HUF,Lucknow,Uttar Pradesh,Conservative,120716,Canara Robeco Bluechip Equity Fund - Direct Growth,CANARA,Switch-In,2022-05-18,10149.63,49.0646,206.8624
TXN0001971,INV3R30M,Investor_0189,Individual,Delhi,Delhi,Moderate,120503,Mirae Asset Large Cap Fund - Direct Growth,MIRAE,Switch-Out,2022-08-19,1094.85,4.7701,229.5234
TXN0001972,INVXFGCA,Investor_0137,Individual,Chennai,Tamil Nadu,Moderate,122639,SBI Small Cap Fund - Direct Growth,SBI,Switch-Out,2024-08-17,1014.79,2.4578,412.8905
TXN0001973,INV3RZSJ,Investor_0157,Individual,Lucknow,Uttar Pradesh,Moderate,125497,HDFC Mid-Cap Opportunities Fund - Direct Growth,HDFC,SIP,2024-08-11,53177.56,334.4206,159.014
TXN0001974,INV3TRP0,Investor_0116,Corporate,Delhi,Delhi,Aggressive,122639,SBI Small Cap Fund - Direct Growth,SBI,Redemption,2023-11-27,936.33,2.4053,389.2746
TXN0001975,INVJ43D5,Investor_0117,Corporate,Delhi,Delhi,Conservative,120716,Canara Robeco Bluechip Equity Fund - Direct Growth,CANARA,Switch-In,2023-08-25,490.15,2.5781,190.1183
TXN0001976,INVY6DPB,Investor_0002,HUF,Pune,Maharashtra,Conservative,135781,Parag Parikh Flexi Cap Fund - Direct Growth,PPFAS,Switch-In,2023-10-23,450.85,2.1719,207.5798
TXN0001977,INVY8OZC,Investor_0110,Individual,Kolkata,West Bengal,Aggressive,122639,SBI Small Cap Fund - Direct Growth,SBI,Redemption,2023-10-31,5084.38,11.7439,432.939
TXN0001978,INVXFGCA,Investor_0137,Individual,Chennai,Tamil Nadu,Moderate,120594,DSP Top 100 Equity Fund - Direct Growth,DSP,Lumpsum,2022-11-09,26966.22,243.6552,110.6737
TXN0001979,INVPVS7H,Investor_0049,Corporate,Bengaluru,Karnataka,Aggressive,122639,SBI Small Cap Fund - Direct Growth,SBI,Lumpsum,2022-02-23,9363.17,22.3342,419.2302
TXN0001980,INVXFGCA,Investor_0137,Individual,Chennai,Tamil Nadu,Moderate,135781,Parag Parikh Flexi Cap Fund - Direct Growth,PPFAS,SIP,2022-05-22,2016.03,6.6713,302.1956
TXN0001981,INVAIR4C,Investor_0084,HUF,Lucknow,Uttar Pradesh,Conservative,119598,Kotak Bluechip Fund - Direct Growth,KOTAK,Lumpsum,2022-12-01,4701.7,72.6454,64.7212
TXN0001982,INV38DAL,Investor_0109,Corporate,Pune,Maharashtra,Moderate,118989,ICICI Prudential Technology Fund - Direct Growth,ICICI,Lumpsum,2022-02-25,5272.35,20.0582,262.8528
TXN0001983,INVGDPPQ,Investor_0036,HUF,Bengaluru,Karnataka,Conservative,120594,DSP Top 100 Equity Fund - Direct Growth,DSP,SIP,2023-03-04,45254.24,444.9988,101.6952
TXN0001984,INV8P0TV,Investor_0098,HUF,Jaipur,Rajasthan,Conservative,119551,Axis Bluechip Fund - Direct Growth,AXIS,Switch-In,2023-02-26,97983.56,530.7115,184.6268
TXN0001985,INV08P0F,Investor_0198,HUF,Kolkata,West Bengal,Conservative,120465,Nippon India Large Cap Fund - Direct Growth,NIPPON,Switch-Out,2022-12-25,918.57,3.2422,283.313
TXN0001986,INVR5UQP,Investor_0130,Corporate,Delhi,Delhi,Moderate,135781,Parag Parikh Flexi Cap Fund - Direct Growth,PPFAS,Switch-Out,2023-03-06,932.58,3.2049,290.9891
TXN0001987,INV9XPSE,Investor_0031,HUF,Chennai,Tamil Nadu,Moderate,120594,DSP Top 100 Equity Fund - Direct Growth,DSP,Switch-Out,2023-10-11,26248.41,351.9124,74.5879
TXN0001988,INVEYUHZ,Investor_0107,HUF,Kolkata,West Bengal,Moderate,125497,HDFC Mid-Cap Opportunities Fund - Direct Growth,HDFC,Lumpsum,2024-01-07,1059.96,4.5942,230.7163
TXN0001989,INVYLURT,Investor_0123,HUF,Bengaluru,Karnataka,Moderate,118989,ICICI Prudential Technology Fund - Direct Growth,ICICI,Switch-Out,2022-02-03,1088.98,4.7576,228.894
TXN0001990,INVY6DPB,Investor_0002,HUF,Pune,Maharashtra,Conservative,120465,Nippon India Large Cap Fund - Direct Growth,NIPPON,Switch-In,2022-07-24,54615.69,244.0782,223.7631
TXN0001991,INV60RJI,Investor_0091,Corporate,Chennai,Tamil Nadu,Aggressive,119598,Kotak Bluechip Fund - Direct Growth,KOTAK,Redemption,2023-09-08,986.83,11.576,85.2478
TXN0001992,INVA1WJ0,Investor_0059,Corporate,Delhi,Delhi,Aggressive,120503,Mirae Asset Large Cap Fund - Direct Growth,MIRAE,Switch-In,2023-07-17,90317.0,602.523,149.898
TXN0001993,INVK0GET,Investor_0187,Corporate,Lucknow,Uttar Pradesh,Aggressive,119598,Kotak Bluechip Fund - Direct Growth,KOTAK,SIP,2022-12-30,2138.97,35.5715,60.1316
TXN0001994,INVD84U8,Investor_0145,Individual,Hyderabad,Telangana,Moderate,119551,Axis Bluechip Fund - Direct Growth,AXIS,Lumpsum,2024-08-20,1856.09,13.8259,134.2471
TXN0001995,INVOF8KR,Investor_0196,Corporate,Chennai,Tamil Nadu,Moderate,119551,Axis Bluechip Fund - Direct Growth,AXIS,SIP,2023-08-24,5366.35,34.446,155.7901
TXN0001996,INV6VZ41,Investor_0096,Corporate,Delhi,Delhi,Conservative,135781,Parag Parikh Flexi Cap Fund - Direct Growth,PPFAS,Switch-In,2022-12-24,1967.7,8.8967,221.1719
TXN0001997,INVUK9E1,Investor_0133,Individual,Kolkata,West Bengal,Conservative,122639,SBI Small Cap Fund - Direct Growth,SBI,Lumpsum,2022-08-13,26895.39,70.5723,381.104
TXN0001998,INVHOCN9,Investor_0042,Corporate,Hyderabad,Telangana,Moderate,119551,Axis Bluechip Fund - Direct Growth,AXIS,Switch-In,2024-02-04,4806.06,26.1684,183.659
TXN0001999,INV4I3QK,Investor_0068,HUF,Mumbai,Maharashtra,Aggressive,135781,Parag Parikh Flexi Cap Fund - Direct Growth,PPFAS,Redemption,2023-11-11,528.33,2.3837,221.645
TXN0002000,INVT3W5U,Investor_0008,Corporate,Hyderabad,Telangana,Aggressive,120594,DSP Top 100 Equity Fund - Direct Growth,DSP,SIP,2022-04-06,2165.43,21.2177,102.0577
