scheme_code,scheme_name,nav_date,nav,repurchase_price,sale_price,amc_code,category,sub_category
119551,Axis Bluechip Fund - Direct Growth,2022-01-03,144.3152,144.0987,144.3152,AXIS,Equity,Large Cap
119551,Axis Bluechip Fund - Direct Growth,2022-01-04,147.0105,146.79,147.0105,AXIS,Equity,Large Cap
119551,Axis Bluechip Fund - Direct Growth,2022-01-05,146.6562,146.4362,146.6562,AXIS,Equity,Large Cap
119551,Axis Bluechip Fund - Direct Growth,2022-01-06,146.3028,146.0833,146.3028,AXIS,Equity,Large Cap
119551,Axis Bluechip Fund - Direct Growth,2022-01-07,149.1338,148.9101,149.1338,AXIS,Equity,Large Cap
119551,Axis Bluechip Fund - Direct Growth,2022-01-10,150.814,150.5878,150.814,AXIS,Equity,Large Cap
119551,Axis Bluechip Fund - Direct Growth,2022-01-11,150.0356,149.8105,150.0356,AXIS,Equity,Large Cap
119551,Axis Bluechip Fund - Direct Growth,2022-01-12,149.2571,149.0332,149.2571,AXIS,Equity,Large Cap
119551,Axis Bluechip Fund - Direct Growth,2022-01-13,149.7502,149.5256,149.7502,AXIS,Equity,Large Cap
119551,Axis Bluechip Fund - Direct Growth,2022-01-14,146.3719,146.1523,146.3719,AXIS,Equity,Large Cap
119551,Axis Bluechip Fund - Direct Growth,2022-01-17,140.8157,140.6045,140.8157,AXIS,Equity,Large Cap
119551,Axis Bluechip Fund - Direct Growth,2022-01-18,141.403,141.1909,141.403,AXIS,Equity,Large Cap
119551,Axis Bluechip Fund - Direct Growth,2022-01-19,139.9188,139.7089,139.9188,AXIS,Equity,Large Cap
119551,Axis Bluechip Fund - Direct Growth,2022-01-20,137.6035,137.3971,137.6035,AXIS,Equity,Large Cap
119551,Axis Bluechip Fund - Direct Growth,2022-01-21,140.0787,139.8686,140.0787,AXIS,Equity,Large Cap
119551,Axis Bluechip Fund - Direct Growth,2022-01-24,137.5881,137.3817,137.5881,AXIS,Equity,Large Cap
119551,Axis Bluechip Fund - Direct Growth,2022-01-25,136.7443,136.5392,136.7443,AXIS,Equity,Large Cap
119551,Axis Bluechip Fund - Direct Growth,2022-01-26,136.981,136.7755,136.981,AXIS,Equity,Large Cap
119551,Axis Bluechip Fund - Direct Growth,2022-01-27,135.1438,134.9411,135.1438,AXIS,Equity,Large Cap
119551,Axis Bluechip Fund - Direct Growth,2022-01-28,135.8071,135.6034,135.8071,AXIS,Equity,Large Cap
119551,Axis Bluechip Fund - Direct Growth,2022-01-31,133.5473,133.347,133.5473,AXIS,Equity,Large Cap
119551,Axis Bluechip Fund - Direct Growth,2022-02-01,136.5691,136.3642,136.5691,AXIS,Equity,Large Cap
119551,Axis Bluechip Fund - Direct Growth,2022-02-02,136.6016,136.3967,136.6016,AXIS,Equity,Large Cap
119551,Axis Bluechip Fund - Direct Growth,2022-02-03,134.9224,134.72,134.9224,AXIS,Equity,Large Cap
119551,Axis Bluechip Fund - Direct Growth,2022-02-04,136.3081,136.1036,136.3081,AXIS,Equity,Large Cap
119551,Axis Bluechip Fund - Direct Growth,2022-02-07,131.6412,131.4437,131.6412,AXIS,Equity,Large Cap
119551,Axis Bluechip Fund - Direct Growth,2022-02-08,129.5957,129.4013,129.5957,AXIS,Equity,Large Cap
119551,Axis Bluechip Fund - Direct Growth,2022-02-09,129.9537,129.7588,129.9537,AXIS,Equity,Large Cap
119551,Axis Bluechip Fund - Direct Growth,2022-02-10,131.1573,130.9606,131.1573,AXIS,Equity,Large Cap
119551,Axis Bluechip Fund - Direct Growth,2022-02-11,131.4795,131.2823,131.4795,AXIS,Equity,Large Cap
119551,Axis Bluechip Fund - Direct Growth,2022-02-14,128.6569,128.4639,128.6569,AXIS,Equity,Large Cap
119551,Axis Bluechip Fund - Direct Growth,2022-02-15,127.597,127.4056,127.597,AXIS,Equity,Large Cap
119551,Axis Bluechip Fund - Direct Growth,2022-02-16,126.9427,126.7523,126.9427,AXIS,Equity,Large Cap
119551,Axis Bluechip Fund - Direct Growth,2022-02-17,128.6038,128.4109,128.6038,AXIS,Equity,Large Cap
119551,Axis Bluechip Fund - Direct Growth,2022-02-18,129.1855,128.9917,129.1855,AXIS,Equity,Large Cap
119551,Axis Bluechip Fund - Direct Growth,2022-02-21,126.5104,126.3206,126.5104,AXIS,Equity,Large Cap
119551,Axis Bluechip Fund - Direct Growth,2022-02-22,125.5334,125.3451,125.5334,AXIS,Equity,Large Cap
119551,Axis Bluechip Fund - Direct Growth,2022-02-23,126.505,126.3152,126.505,AXIS,Equity,Large Cap
119551,Axis Bluechip Fund - Direct Growth,2022-02-24,128.1207,127.9285,128.1207,AXIS,Equity,Large Cap
119551,Axis Bluechip Fund - Direct Growth,2022-02-25,129.6037,129.4093,129.6037,AXIS,Equity,Large Cap
119551,Axis Bluechip Fund - Direct Growth,2022-02-28,128.4852,128.2925,128.4852,AXIS,Equity,Large Cap
119551,Axis Bluechip Fund - Direct Growth,2022-03-01,130.0407,129.8456,130.0407,AXIS,Equity,Large Cap
119551,Axis Bluechip Fund - Direct Growth,2022-03-02,129.345,129.151,129.345,AXIS,Equity,Large Cap
119551,Axis Bluechip Fund - Direct Growth,2022-03-03,129.1086,128.9149,129.1086,AXIS,Equity,Large Cap
119551,Axis Bluechip Fund - Direct Growth,2022-03-04,127.4462,127.255,127.4462,AXIS,Equity,Large Cap
119551,Axis Bluechip Fund - Direct Growth,2022-03-07,129.0602,128.8666,129.0602,AXIS,Equity,Large Cap
119551,Axis Bluechip Fund - Direct Growth,2022-03-08,129.0003,128.8068,129.0003,AXIS,Equity,Large Cap
119551,Axis Bluechip Fund - Direct Growth,2022-03-09,130.6054,130.4095,130.6054,AXIS,Equity,Large Cap
119551,Axis Bluechip Fund - Direct Growth,2022-03-10,131.2244,131.0276,131.2244,AXIS,Equity,Large Cap
119551,Axis Bluechip Fund - Direct Growth,2022-03-11,130.261,130.0656,130.261,AXIS,Equity,Large Cap
119551,Axis Bluechip Fund - Direct Growth,2022-03-14,133.3419,133.1419,133.3419,AXIS,Equity,Large Cap
119551,Axis Bluechip Fund - Direct Growth,2022-03-15,135.8988,135.695,135.8988,AXIS,Equity,Large Cap
119551,Axis Bluechip Fund - Direct Growth,2022-03-16,131.6809,131.4834,131.6809,AXIS,Equity,Large Cap
119551,Axis Bluechip Fund - Direct Growth,2022-03-17,133.0323,132.8328,133.0323,AXIS,Equity,Large Cap
119551,Axis Bluechip Fund - Direct Growth,2022-03-18,133.2245,133.0247,133.2245,AXIS,Equity,Large Cap
119551,Axis Bluechip Fund - Direct Growth,2022-03-21,129.8802,129.6854,129.8802,AXIS,Equity,Large Cap
119551,Axis Bluechip Fund - Direct Growth,2022-03-22,129.5898,129.3954,129.5898,AXIS,Equity,Large Cap
119551,Axis Bluechip Fund - Direct Growth,2022-03-23,130.197,130.0017,130.197,AXIS,Equity,Large Cap
119551,Axis Bluechip Fund - Direct Growth,2022-03-24,132.5581,132.3593,132.5581,AXIS,Equity,Large Cap
119551,Axis Bluechip Fund - Direct Growth,2022-03-25,131.7867,131.589,131.7867,AXIS,Equity,Large Cap
119551,Axis Bluechip Fund - Direct Growth,2022-03-28,131.305,131.108,131.305,AXIS,Equity,Large Cap
119551,Axis Bluechip Fund - Direct Growth,2022-03-29,131.8755,131.6777,131.8755,AXIS,Equity,Large Cap
119551,Axis Bluechip Fund - Direct Growth,2022-03-30,131.0899,130.8933,131.0899,AXIS,Equity,Large Cap
119551,Axis Bluechip Fund - Direct Growth,2022-03-31,131.9497,131.7518,131.9497,AXIS,Equity,Large Cap
119551,Axis Bluechip Fund - Direct Growth,2022-04-01,132.1562,131.958,132.1562,AXIS,Equity,Large Cap
119551,Axis Bluechip Fund - Direct Growth,2022-04-04,132.2033,132.005,132.2033,AXIS,Equity,Large Cap
119551,Axis Bluechip Fund - Direct Growth,2022-04-05,131.6341,131.4366,131.6341,AXIS,Equity,Large Cap
119551,Axis Bluechip Fund - Direct Growth,2022-04-06,129.375,129.1809,129.375,AXIS,Equity,Large Cap
119551,Axis Bluechip Fund - Direct Growth,2022-04-08,130.3453,130.1498,130.3453,AXIS,Equity,Large Cap
119551,Axis Bluechip Fund - Direct Growth,2022-04-11,127.933,127.7411,127.933,AXIS,Equity,Large Cap
119551,Axis Bluechip Fund - Direct Growth,2022-04-12,127.3384,127.1474,127.3384,AXIS,Equity,Large Cap
119551,Axis Bluechip Fund - Direct Growth,2022-04-13,126.8656,126.6753,126.8656,AXIS,Equity,Large Cap
119551,Axis Bluechip Fund - Direct Growth,2022-04-14,125.695,125.5065,125.695,AXIS,Equity,Large Cap
119551,Axis Bluechip Fund - Direct Growth,2022-04-15,125.502,125.3137,125.502,AXIS,Equity,Large Cap
119551,Axis Bluechip Fund - Direct Growth,2022-04-18,129.3887,129.1946,129.3887,AXIS,Equity,Large Cap
119551,Axis Bluechip Fund - Direct Growth,2022-04-19,129.8403,129.6455,129.8403,AXIS,Equity,Large Cap
119551,Axis Bluechip Fund - Direct Growth,2022-04-20,129.7762,129.5815,129.7762,AXIS,Equity,Large Cap
119551,Axis Bluechip Fund - Direct Growth,2022-04-21,126.84,126.6497,126.84,AXIS,Equity,Large Cap
119551,Axis Bluechip Fund - Direct Growth,2022-04-22,126.8504,126.6601,126.8504,AXIS,Equity,Large Cap
119551,Axis Bluechip Fund - Direct Growth,2022-04-25,130.5478,130.352,130.5478,AXIS,Equity,Large Cap
119551,Axis Bluechip Fund - Direct Growth,2022-04-26,131.0724,130.8758,131.0724,AXIS,Equity,Large Cap
119551,Axis Bluechip Fund - Direct Growth,2022-04-27,131.0702,130.8736,131.0702,AXIS,Equity,Large Cap
119551,Axis Bluechip Fund - Direct Growth,2022-04-28,129.2845,129.0906,129.2845,AXIS,Equity,Large Cap
119551,Axis Bluechip Fund - Direct Growth,2022-04-29,131.1092,130.9125,131.1092,AXIS,Equity,Large Cap
119551,Axis Bluechip Fund - Direct Growth,2022-05-02,132.2488,132.0504,132.2488,AXIS,Equity,Large Cap
119551,Axis Bluechip Fund - Direct Growth,2022-05-03,134.5279,134.3261,134.5279,AXIS,Equity,Large Cap
119551,Axis Bluechip Fund - Direct Growth,2022-05-04,132.3187,132.1202,132.3187,AXIS,Equity,Large Cap
119551,Axis Bluechip Fund - Direct Growth,2022-05-05,133.3035,133.1035,133.3035,AXIS,Equity,Large Cap
119551,Axis Bluechip Fund - Direct Growth,2022-05-06,136.8608,136.6555,136.8608,AXIS,Equity,Large Cap
119551,Axis Bluechip Fund - Direct Growth,2022-05-09,134.6381,134.4361,134.6381,AXIS,Equity,Large Cap
119551,Axis Bluechip Fund - Direct Growth,2022-05-10,133.8785,133.6777,133.8785,AXIS,Equity,Large Cap
119551,Axis Bluechip Fund - Direct Growth,2022-05-11,131.4408,131.2436,131.4408,AXIS,Equity,Large Cap
119551,Axis Bluechip Fund - Direct Growth,2022-05-12,131.6015,131.4041,131.6015,AXIS,Equity,Large Cap
119551,Axis Bluechip Fund - Direct Growth,2022-05-13,129.9765,129.7815,129.9765,AXIS,Equity,Large Cap
119551,Axis Bluechip Fund - Direct Growth,2022-05-16,131.8348,131.637,131.8348,AXIS,Equity,Large Cap
119551,Axis Bluechip Fund - Direct Growth,2022-05-17,130.6484,130.4524,130.6484,AXIS,Equity,Large Cap
119551,Axis Bluechip Fund - Direct Growth,2022-05-18,130.1957,130.0004,130.1957,AXIS,Equity,Large Cap
119551,Axis Bluechip Fund - Direct Growth,2022-05-19,131.5188,131.3215,131.5188,AXIS,Equity,Large Cap
119551,Axis Bluechip Fund - Direct Growth,2022-05-20,129.6288,129.4344,129.6288,AXIS,Equity,Large Cap
119551,Axis Bluechip Fund - Direct Growth,2022-05-23,129.6304,129.436,129.6304,AXIS,Equity,Large Cap
119551,Axis Bluechip Fund - Direct Growth,2022-05-24,129.9695,129.7745,129.9695,AXIS,Equity,Large Cap
119551,Axis Bluechip Fund - Direct Growth,2022-05-25,130.4268,130.2312,130.4268,AXIS,Equity,Large Cap
119551,Axis Bluechip Fund - Direct Growth,2022-05-26,131.7026,131.505,131.7026,AXIS,Equity,Large Cap
119551,Axis Bluechip Fund - Direct Growth,2022-05-27,129.8004,129.6057,129.8004,AXIS,Equity,Large Cap
119551,Axis Bluechip Fund - Direct Growth,2022-05-30,129.157,128.9633,129.157,AXIS,Equity,Large Cap
119551,Axis Bluechip Fund - Direct Growth,2022-05-31,129.5969,129.4025,129.5969,AXIS,Equity,Large Cap
119551,Axis Bluechip Fund - Direct Growth,2022-06-01,130.1875,129.9922,130.1875,AXIS,Equity,Large Cap
119551,Axis Bluechip Fund - Direct Growth,2022-06-02,129.1772,128.9834,129.1772,AXIS,Equity,Large Cap
119551,Axis Bluechip Fund - Direct Growth,2022-06-03,129.5889,129.3945,129.5889,AXIS,Equity,Large Cap
119551,Axis Bluechip Fund - Direct Growth,2022-06-06,131.9739,131.7759,131.9739,AXIS,Equity,Large Cap
119551,Axis Bluechip Fund - Direct Growth,2022-06-07,132.7771,132.5779,132.7771,AXIS,Equity,Large Cap
119551,Axis Bluechip Fund - Direct Growth,2022-06-08,130.9321,130.7357,130.9321,AXIS,Equity,Large Cap
119551,Axis Bluechip Fund - Direct Growth,2022-06-09,132.016,131.818,132.016,AXIS,Equity,Large Cap
119551,Axis Bluechip Fund - Direct Growth,2022-06-10,130.5247,130.3289,130.5247,AXIS,Equity,Large Cap
119551,Axis Bluechip Fund - Direct Growth,2022-06-13,132.4318,132.2332,132.4318,AXIS,Equity,Large Cap
119551,Axis Bluechip Fund - Direct Growth,2022-06-14,134.0158,133.8148,134.0158,AXIS,Equity,Large Cap
119551,Axis Bluechip Fund - Direct Growth,2022-06-15,134.7332,134.5311,134.7332,AXIS,Equity,Large Cap
119551,Axis Bluechip Fund - Direct Growth,2022-06-16,136.1162,135.912,136.1162,AXIS,Equity,Large Cap
119551,Axis Bluechip Fund - Direct Growth,2022-06-17,139.2689,139.06,139.2689,AXIS,Equity,Large Cap
119551,Axis Bluechip Fund - Direct Growth,2022-06-20,136.2987,136.0943,136.2987,AXIS,Equity,Large Cap
119551,Axis Bluechip Fund - Direct Growth,2022-06-21,135.0189,134.8164,135.0189,AXIS,Equity,Large Cap
119551,Axis Bluechip Fund - Direct Growth,2022-06-22,134.948,134.7456,134.948,AXIS,Equity,Large Cap
119551,Axis Bluechip Fund - Direct Growth,2022-06-23,135.5544,135.3511,135.5544,AXIS,Equity,Large Cap
119551,Axis Bluechip Fund - Direct Growth,2022-06-24,136.0587,135.8546,136.0587,AXIS,Equity,Large Cap
119551,Axis Bluechip Fund - Direct Growth,2022-06-27,139.9941,139.7841,139.9941,AXIS,Equity,Large Cap
119551,Axis Bluechip Fund - Direct Growth,2022-06-28,139.6055,139.3961,139.6055,AXIS,Equity,Large Cap
119551,Axis Bluechip Fund - Direct Growth,2022-06-29,144.2183,144.002,144.2183,AXIS,Equity,Large Cap
119551,Axis Bluechip Fund - Direct Growth,2022-06-30,145.3588,145.1408,145.3588,AXIS,Equity,Large Cap
119551,Axis Bluechip Fund - Direct Growth,2022-07-01,143.9218,143.7059,143.9218,AXIS,Equity,Large Cap
119551,Axis Bluechip Fund - Direct Growth,2022-07-04,142.6833,142.4693,142.6833,AXIS,Equity,Large Cap
119551,Axis Bluechip Fund - Direct Growth,2022-07-05,143.9629,143.747,143.9629,AXIS,Equity,Large Cap
119551,Axis Bluechip Fund - Direct Growth,2022-07-06,144.838,144.6207,144.838,AXIS,Equity,Large Cap
119551,Axis Bluechip Fund - Direct Growth,2022-07-07,144.7694,144.5522,144.7694,AXIS,Equity,Large Cap
119551,Axis Bluechip Fund - Direct Growth,2022-07-08,143.3562,143.1412,143.3562,AXIS,Equity,Large Cap
119551,Axis Bluechip Fund - Direct Growth,2022-07-11,141.6054,141.393,141.6054,AXIS,Equity,Large Cap
119551,Axis Bluechip Fund - Direct Growth,2022-07-12,142.0258,141.8128,142.0258,AXIS,Equity,Large Cap
119551,Axis Bluechip Fund - Direct Growth,2022-07-13,139.9595,139.7496,139.9595,AXIS,Equity,Large Cap
119551,Axis Bluechip Fund - Direct Growth,2022-07-14,140.3063,140.0958,140.3063,AXIS,Equity,Large Cap
119551,Axis Bluechip Fund - Direct Growth,2022-07-15,141.0112,140.7997,141.0112,AXIS,Equity,Large Cap
119551,Axis Bluechip Fund - Direct Growth,2022-07-18,140.039,139.8289,140.039,AXIS,Equity,Large Cap
119551,Axis Bluechip Fund - Direct Growth,2022-07-19,138.1743,137.967,138.1743,AXIS,Equity,Large Cap
119551,Axis Bluechip Fund - Direct Growth,2022-07-20,138.8228,138.6146,138.8228,AXIS,Equity,Large Cap
119551,Axis Bluechip Fund - Direct Growth,2022-07-21,139.8125,139.6028,139.8125,AXIS,Equity,Large Cap
119551,Axis Bluechip Fund - Direct Growth,2022-07-22,141.6855,141.473,141.6855,AXIS,Equity,Large Cap
119551,Axis Bluechip Fund - Direct Growth,2022-07-25,139.6856,139.4761,139.6856,AXIS,Equity,Large Cap
119551,Axis Bluechip Fund - Direct Growth,2022-07-26,140.6048,140.3939,140.6048,AXIS,Equity,Large Cap
119551,Axis Bluechip Fund - Direct Growth,2022-07-27,141.5279,141.3156,141.5279,AXIS,Equity,Large Cap
119551,Axis Bluechip Fund - Direct Growth,2022-07-28,142.4592,142.2455,142.4592,AXIS,Equity,Large Cap
119551,Axis Bluechip Fund - Direct Growth,2022-07-29,149.1025,148.8788,149.1025,AXIS,Equity,Large Cap
119551,Axis Bluechip Fund - Direct Growth,2022-08-01,154.0945,153.8634,154.0945,AXIS,Equity,Large Cap
119551,Axis Bluechip Fund - Direct Growth,2022-08-02,155.3606,155.1276,155.3606,AXIS,Equity,Large Cap
119551,Axis Bluechip Fund - Direct Growth,2022-08-03,154.835,154.6027,154.835,AXIS,Equity,Large Cap
119551,Axis Bluechip Fund - Direct Growth,2022-08-04,156.3071,156.0726,156.3071,AXIS,Equity,Large Cap
119551,Axis Bluechip Fund - Direct Growth,2022-08-05,154.92,154.6876,154.92,AXIS,Equity,Large Cap
119551,Axis Bluechip Fund - Direct Growth,2022-08-08,153.9159,153.685,153.9159,AXIS,Equity,Large Cap
119551,Axis Bluechip Fund - Direct Growth,2022-08-09,158.2526,158.0152,158.2526,AXIS,Equity,Large Cap
119551,Axis Bluechip Fund - Direct Growth,2022-08-10,154.7699,154.5377,154.7699,AXIS,Equity,Large Cap
119551,Axis Bluechip Fund - Direct Growth,2022-08-11,156.1064,155.8722,156.1064,AXIS,Equity,Large Cap
119551,Axis Bluechip Fund - Direct Growth,2022-08-12,153.1478,152.9181,153.1478,AXIS,Equity,Large Cap
119551,Axis Bluechip Fund - Direct Growth,2022-08-15,154.5743,154.3424,154.5743,AXIS,Equity,Large Cap
119551,Axis Bluechip Fund - Direct Growth,2022-08-16,152.637,152.408,152.637,AXIS,Equity,Large Cap
119551,Axis Bluechip Fund - Direct Growth,2022-08-17,151.3879,151.1608,151.3879,AXIS,Equity,Large Cap
119551,Axis Bluechip Fund - Direct Growth,2022-08-18,152.683,152.454,152.683,AXIS,Equity,Large Cap
119551,Axis Bluechip Fund - Direct Growth,2022-08-19,151.4059,151.1788,151.4059,AXIS,Equity,Large Cap
119551,Axis Bluechip Fund - Direct Growth,2022-08-22,150.8758,150.6495,150.8758,AXIS,Equity,Large Cap
119551,Axis Bluechip Fund - Direct Growth,2022-08-23,154.8178,154.5856,154.8178,AXIS,Equity,Large Cap
119551,Axis Bluechip Fund - Direct Growth,2022-08-24,156.0574,155.8233,156.0574,AXIS,Equity,Large Cap
119551,Axis Bluechip Fund - Direct Growth,2022-08-25,152.3274,152.0989,152.3274,AXIS,Equity,Large Cap
119551,Axis Bluechip Fund - Direct Growth,2022-08-26,152.7292,152.5001,152.7292,AXIS,Equity,Large Cap
119551,Axis Bluechip Fund - Direct Growth,2022-08-29,151.7929,151.5652,151.7929,AXIS,Equity,Large Cap
119551,Axis Bluechip Fund - Direct Growth,2022-08-30,151.6446,151.4171,151.6446,AXIS,Equity,Large Cap
119551,Axis Bluechip Fund - Direct Growth,2022-08-31,152.6242,152.3953,152.6242,AXIS,Equity,Large Cap
119551,Axis Bluechip Fund - Direct Growth,2022-09-01,154.2709,154.0395,154.2709,AXIS,Equity,Large Cap
119551,Axis Bluechip Fund - Direct Growth,2022-09-02,152.1106,151.8824,152.1106,AXIS,Equity,Large Cap
119551,Axis Bluechip Fund - Direct Growth,2022-09-05,149.6361,149.4116,149.6361,AXIS,Equity,Large Cap
119551,Axis Bluechip Fund - Direct Growth,2022-09-06,152.8661,152.6368,152.8661,AXIS,Equity,Large Cap
119551,Axis Bluechip Fund - Direct Growth,2022-09-07,153.6701,153.4396,153.6701,AXIS,Equity,Large Cap
119551,Axis Bluechip Fund - Direct Growth,2022-09-08,151.4064,151.1793,151.4064,AXIS,Equity,Large Cap
119551,Axis Bluechip Fund - Direct Growth,2022-09-09,153.1346,152.9049,153.1346,AXIS,Equity,Large Cap
119551,Axis Bluechip Fund - Direct Growth,2022-09-12,156.2676,156.0332,156.2676,AXIS,Equity,Large Cap
119551,Axis Bluechip Fund - Direct Growth,2022-09-13,155.4221,155.189,155.4221,AXIS,Equity,Large Cap
119551,Axis Bluechip Fund - Direct Growth,2022-09-14,157.8471,157.6103,157.8471,AXIS,Equity,Large Cap
119551,Axis Bluechip Fund - Direct Growth,2022-09-15,156.5698,156.3349,156.5698,AXIS,Equity,Large Cap
119551,Axis Bluechip Fund - Direct Growth,2022-09-16,157.4663,157.2301,157.4663,AXIS,Equity,Large Cap
119551,Axis Bluechip Fund - Direct Growth,2022-09-19,157.2387,157.0028,157.2387,AXIS,Equity,Large Cap
119551,Axis Bluechip Fund - Direct Growth,2022-09-20,151.1858,150.959,151.1858,AXIS,Equity,Large Cap
119551,Axis Bluechip Fund - Direct Growth,2022-09-21,149.3878,149.1637,149.3878,AXIS,Equity,Large Cap
119551,Axis Bluechip Fund - Direct Growth,2022-09-22,148.9948,148.7713,148.9948,AXIS,Equity,Large Cap
119551,Axis Bluechip Fund - Direct Growth,2022-09-23,146.8234,146.6032,146.8234,AXIS,Equity,Large Cap
119551,Axis Bluechip Fund - Direct Growth,2022-09-26,146.5294,146.3096,146.5294,AXIS,Equity,Large Cap
119551,Axis Bluechip Fund - Direct Growth,2022-09-27,146.8179,146.5977,146.8179,AXIS,Equity,Large Cap
119551,Axis Bluechip Fund - Direct Growth,2022-09-28,149.4159,149.1918,149.4159,AXIS,Equity,Large Cap
119551,Axis Bluechip Fund - Direct Growth,2022-09-29,146.9012,146.6808,146.9012,AXIS,Equity,Large Cap
119551,Axis Bluechip Fund - Direct Growth,2022-09-30,149.0104,148.7869,149.0104,AXIS,Equity,Large Cap
119551,Axis Bluechip Fund - Direct Growth,2022-10-03,148.2683,148.0459,148.2683,AXIS,Equity,Large Cap
119551,Axis Bluechip Fund - Direct Growth,2022-10-04,148.6818,148.4588,148.6818,AXIS,Equity,Large Cap
119551,Axis Bluechip Fund - Direct Growth,2022-10-05,147.6704,147.4489,147.6704,AXIS,Equity,Large Cap
119551,Axis Bluechip Fund - Direct Growth,2022-10-06,147.8532,147.6314,147.8532,AXIS,Equity,Large Cap
119551,Axis Bluechip Fund - Direct Growth,2022-10-07,147.2287,147.0079,147.2287,AXIS,Equity,Large Cap
119551,Axis Bluechip Fund - Direct Growth,2022-10-10,151.6089,151.3815,151.6089,AXIS,Equity,Large Cap
119551,Axis Bluechip Fund - Direct Growth,2022-10-11,149.4176,149.1935,149.4176,AXIS,Equity,Large Cap
119551,Axis Bluechip Fund - Direct Growth,2022-10-12,153.3019,153.0719,153.3019,AXIS,Equity,Large Cap
119551,Axis Bluechip Fund - Direct Growth,2022-10-13,149.7721,149.5474,149.7721,AXIS,Equity,Large Cap
119551,Axis Bluechip Fund - Direct Growth,2022-10-14,149.5592,149.3349,149.5592,AXIS,Equity,Large Cap
119551,Axis Bluechip Fund - Direct Growth,2022-10-17,150.1735,149.9482,150.1735,AXIS,Equity,Large Cap
119551,Axis Bluechip Fund - Direct Growth,2022-10-18,149.8585,149.6337,149.8585,AXIS,Equity,Large Cap
119551,Axis Bluechip Fund - Direct Growth,2022-10-19,149.0319,148.8084,149.0319,AXIS,Equity,Large Cap
119551,Axis Bluechip Fund - Direct Growth,2022-10-20,148.0375,147.8154,148.0375,AXIS,Equity,Large Cap
119551,Axis Bluechip Fund - Direct Growth,2022-10-21,149.606,149.3816,149.606,AXIS,Equity,Large Cap
119551,Axis Bluechip Fund - Direct Growth,2022-10-24,150.7865,150.5603,150.7865,AXIS,Equity,Large Cap
119551,Axis Bluechip Fund - Direct Growth,2022-10-25,151.4029,151.1758,151.4029,AXIS,Equity,Large Cap
119551,Axis Bluechip Fund - Direct Growth,2022-10-26,152.9403,152.7109,152.9403,AXIS,Equity,Large Cap
119551,Axis Bluechip Fund - Direct Growth,2022-10-27,154.157,153.9258,154.157,AXIS,Equity,Large Cap
119551,Axis Bluechip Fund - Direct Growth,2022-10-28,152.6851,152.4561,152.6851,AXIS,Equity,Large Cap
119551,Axis Bluechip Fund - Direct Growth,2022-10-31,154.3239,154.0924,154.3239,AXIS,Equity,Large Cap
119551,Axis Bluechip Fund - Direct Growth,2022-11-01,154.3469,154.1154,154.3469,AXIS,Equity,Large Cap
119551,Axis Bluechip Fund - Direct Growth,2022-11-02,154.6259,154.394,154.6259,AXIS,Equity,Large Cap
119551,Axis Bluechip Fund - Direct Growth,2022-11-03,157.0585,156.8229,157.0585,AXIS,Equity,Large Cap
119551,Axis Bluechip Fund - Direct Growth,2022-11-04,156.0064,155.7724,156.0064,AXIS,Equity,Large Cap
119551,Axis Bluechip Fund - Direct Growth,2022-11-07,156.4279,156.1933,156.4279,AXIS,Equity,Large Cap
119551,Axis Bluechip Fund - Direct Growth,2022-11-08,158.553,158.3152,158.553,AXIS,Equity,Large Cap
119551,Axis Bluechip Fund - Direct Growth,2022-11-09,160.1869,159.9466,160.1869,AXIS,Equity,Large Cap
119551,Axis Bluechip Fund - Direct Growth,2022-11-10,161.8147,161.572,161.8147,AXIS,Equity,Large Cap
119551,Axis Bluechip Fund - Direct Growth,2022-11-11,164.4144,164.1678,164.4144,AXIS,Equity,Large Cap
119551,Axis Bluechip Fund - Direct Growth,2022-11-14,165.3824,165.1343,165.3824,AXIS,Equity,Large Cap
119551,Axis Bluechip Fund - Direct Growth,2022-11-15,166.0919,165.8428,166.0919,AXIS,Equity,Large Cap
119551,Axis Bluechip Fund - Direct Growth,2022-11-16,165.8989,165.6501,165.8989,AXIS,Equity,Large Cap
119551,Axis Bluechip Fund - Direct Growth,2022-11-17,166.1584,165.9092,166.1584,AXIS,Equity,Large Cap
119551,Axis Bluechip Fund - Direct Growth,2022-11-18,167.4115,167.1604,167.4115,AXIS,Equity,Large Cap
119551,Axis Bluechip Fund - Direct Growth,2022-11-21,168.0799,167.8278,168.0799,AXIS,Equity,Large Cap
119551,Axis Bluechip Fund - Direct Growth,2022-11-22,165.6982,165.4497,165.6982,AXIS,Equity,Large Cap
119551,Axis Bluechip Fund - Direct Growth,2022-11-23,168.0672,167.8151,168.0672,AXIS,Equity,Large Cap
119551,Axis Bluechip Fund - Direct Growth,2022-11-24,169.7311,169.4765,169.7311,AXIS,Equity,Large Cap
119551,Axis Bluechip Fund - Direct Growth,2022-11-25,171.0702,170.8136,171.0702,AXIS,Equity,Large Cap
119551,Axis Bluechip Fund - Direct Growth,2022-11-28,170.6841,170.4281,170.6841,AXIS,Equity,Large Cap
119551,Axis Bluechip Fund - Direct Growth,2022-11-29,170.9076,170.6512,170.9076,AXIS,Equity,Large Cap
119551,Axis Bluechip Fund - Direct Growth,2022-11-30,169.5872,169.3328,169.5872,AXIS,Equity,Large Cap
119551,Axis Bluechip Fund - Direct Growth,2022-12-01,171.6394,171.3819,171.6394,AXIS,Equity,Large Cap
119551,Axis Bluechip Fund - Direct Growth,2022-12-02,171.4052,171.1481,171.4052,AXIS,Equity,Large Cap
119551,Axis Bluechip Fund - Direct Growth,2022-12-05,170.0949,169.8398,170.0949,AXIS,Equity,Large Cap
119551,Axis Bluechip Fund - Direct Growth,2022-12-06,169.0123,168.7588,169.0123,AXIS,Equity,Large Cap
119551,Axis Bluechip Fund - Direct Growth,2022-12-07,167.4123,167.1612,167.4123,AXIS,Equity,Large Cap
119551,Axis Bluechip Fund - Direct Growth,2022-12-08,167.9688,167.7168,167.9688,AXIS,Equity,Large Cap
119551,Axis Bluechip Fund - Direct Growth,2022-12-09,168.5297,168.2769,168.5297,AXIS,Equity,Large Cap
119551,Axis Bluechip Fund - Direct Growth,2022-12-12,167.2225,166.9717,167.2225,AXIS,Equity,Large Cap
119551,Axis Bluechip Fund - Direct Growth,2022-12-13,164.3836,164.137,164.3836,AXIS,Equity,Large Cap
119551,Axis Bluechip Fund - Direct Growth,2022-12-14,161.673,161.4305,161.673,AXIS,Equity,Large Cap
119551,Axis Bluechip Fund - Direct Growth,2022-12-15,160.3438,160.1033,160.3438,AXIS,Equity,Large Cap
119551,Axis Bluechip Fund - Direct Growth,2022-12-16,159.9972,159.7572,159.9972,AXIS,Equity,Large Cap
119551,Axis Bluechip Fund - Direct Growth,2022-12-19,165.3155,165.0675,165.3155,AXIS,Equity,Large Cap
119551,Axis Bluechip Fund - Direct Growth,2022-12-20,165.0643,164.8167,165.0643,AXIS,Equity,Large Cap
119551,Axis Bluechip Fund - Direct Growth,2022-12-21,165.0927,164.8451,165.0927,AXIS,Equity,Large Cap
119551,Axis Bluechip Fund - Direct Growth,2022-12-22,163.1726,162.9278,163.1726,AXIS,Equity,Large Cap
119551,Axis Bluechip Fund - Direct Growth,2022-12-23,163.2016,162.9568,163.2016,AXIS,Equity,Large Cap
119551,Axis Bluechip Fund - Direct Growth,2022-12-26,161.8402,161.5974,161.8402,AXIS,Equity,Large Cap
119551,Axis Bluechip Fund - Direct Growth,2022-12-27,162.9135,162.6691,162.9135,AXIS,Equity,Large Cap
119551,Axis Bluechip Fund - Direct Growth,2022-12-28,165.9751,165.7261,165.9751,AXIS,Equity,Large Cap
119551,Axis Bluechip Fund - Direct Growth,2022-12-29,165.8249,165.5762,165.8249,AXIS,Equity,Large Cap
119551,Axis Bluechip Fund - Direct Growth,2022-12-30,166.6906,166.4406,166.6906,AXIS,Equity,Large Cap
119551,Axis Bluechip Fund - Direct Growth,2023-01-02,167.9126,167.6607,167.9126,AXIS,Equity,Large Cap
119551,Axis Bluechip Fund - Direct Growth,2023-01-03,168.0051,167.7531,168.0051,AXIS,Equity,Large Cap
119551,Axis Bluechip Fund - Direct Growth,2023-01-04,168.2692,168.0168,168.2692,AXIS,Equity,Large Cap
119551,Axis Bluechip Fund - Direct Growth,2023-01-05,166.7756,166.5254,166.7756,AXIS,Equity,Large Cap
119551,Axis Bluechip Fund - Direct Growth,2023-01-06,166.8914,166.6411,166.8914,AXIS,Equity,Large Cap
119551,Axis Bluechip Fund - Direct Growth,2023-01-09,172.9836,172.7241,172.9836,AXIS,Equity,Large Cap
119551,Axis Bluechip Fund - Direct Growth,2023-01-10,177.5224,177.2561,177.5224,AXIS,Equity,Large Cap
119551,Axis Bluechip Fund - Direct Growth,2023-01-11,175.9588,175.6949,175.9588,AXIS,Equity,Large Cap
119551,Axis Bluechip Fund - Direct Growth,2023-01-12,177.8711,177.6043,177.8711,AXIS,Equity,Large Cap
119551,Axis Bluechip Fund - Direct Growth,2023-01-13,178.3336,178.0661,178.3336,AXIS,Equity,Large Cap
119551,Axis Bluechip Fund - Direct Growth,2023-01-16,179.6332,179.3638,179.6332,AXIS,Equity,Large Cap
119551,Axis Bluechip Fund - Direct Growth,2023-01-17,178.413,178.1454,178.413,AXIS,Equity,Large Cap
119551,Axis Bluechip Fund - Direct Growth,2023-01-18,173.9372,173.6763,173.9372,AXIS,Equity,Large Cap
119551,Axis Bluechip Fund - Direct Growth,2023-01-19,172.9094,172.65,172.9094,AXIS,Equity,Large Cap
119551,Axis Bluechip Fund - Direct Growth,2023-01-20,171.4034,171.1463,171.4034,AXIS,Equity,Large Cap
119551,Axis Bluechip Fund - Direct Growth,2023-01-23,176.5084,176.2436,176.5084,AXIS,Equity,Large Cap
119551,Axis Bluechip Fund - Direct Growth,2023-01-24,178.5921,178.3242,178.5921,AXIS,Equity,Large Cap
119551,Axis Bluechip Fund - Direct Growth,2023-01-25,177.4272,177.1611,177.4272,AXIS,Equity,Large Cap
119551,Axis Bluechip Fund - Direct Growth,2023-01-26,175.5853,175.3219,175.5853,AXIS,Equity,Large Cap
119551,Axis Bluechip Fund - Direct Growth,2023-01-27,176.692,176.427,176.692,AXIS,Equity,Large Cap
119551,Axis Bluechip Fund - Direct Growth,2023-01-30,180.4447,180.174,180.4447,AXIS,Equity,Large Cap
119551,Axis Bluechip Fund - Direct Growth,2023-01-31,179.501,179.2317,179.501,AXIS,Equity,Large Cap
119551,Axis Bluechip Fund - Direct Growth,2023-02-01,175.8827,175.6189,175.8827,AXIS,Equity,Large Cap
119551,Axis Bluechip Fund - Direct Growth,2023-02-02,178.8105,178.5423,178.8105,AXIS,Equity,Large Cap
119551,Axis Bluechip Fund - Direct Growth,2023-02-03,178.6363,178.3683,178.6363,AXIS,Equity,Large Cap
119551,Axis Bluechip Fund - Direct Growth,2023-02-06,176.7549,176.4898,176.7549,AXIS,Equity,Large Cap
119551,Axis Bluechip Fund - Direct Growth,2023-02-07,176.8367,176.5714,176.8367,AXIS,Equity,Large Cap
119551,Axis Bluechip Fund - Direct Growth,2023-02-08,177.0071,176.7416,177.0071,AXIS,Equity,Large Cap
119551,Axis Bluechip Fund - Direct Growth,2023-02-09,176.1219,175.8577,176.1219,AXIS,Equity,Large Cap
119551,Axis Bluechip Fund - Direct Growth,2023-02-10,177.5087,177.2424,177.5087,AXIS,Equity,Large Cap
119551,Axis Bluechip Fund - Direct Growth,2023-02-13,175.399,175.1359,175.399,AXIS,Equity,Large Cap
119551,Axis Bluechip Fund - Direct Growth,2023-02-14,176.5519,176.2871,176.5519,AXIS,Equity,Large Cap
119551,Axis Bluechip Fund - Direct Growth,2023-02-15,178.1302,177.863,178.1302,AXIS,Equity,Large Cap
119551,Axis Bluechip Fund - Direct Growth,2023-02-16,175.7975,175.5338,175.7975,AXIS,Equity,Large Cap
119551,Axis Bluechip Fund - Direct Growth,2023-02-17,172.6315,172.3726,172.6315,AXIS,Equity,Large Cap
119551,Axis Bluechip Fund - Direct Growth,2023-02-20,174.6054,174.3435,174.6054,AXIS,Equity,Large Cap
119551,Axis Bluechip Fund - Direct Growth,2023-02-21,177.9253,177.6584,177.9253,AXIS,Equity,Large Cap
119551,Axis Bluechip Fund - Direct Growth,2023-02-22,178.2434,177.976,178.2434,AXIS,Equity,Large Cap
119551,Axis Bluechip Fund - Direct Growth,2023-02-23,180.8371,180.5658,180.8371,AXIS,Equity,Large Cap
119551,Axis Bluechip Fund - Direct Growth,2023-02-24,181.056,180.7844,181.056,AXIS,Equity,Large Cap
119551,Axis Bluechip Fund - Direct Growth,2023-02-27,189.0991,188.8155,189.0991,AXIS,Equity,Large Cap
119551,Axis Bluechip Fund - Direct Growth,2023-02-28,191.3794,191.0923,191.3794,AXIS,Equity,Large Cap
119551,Axis Bluechip Fund - Direct Growth,2023-03-01,192.9381,192.6487,192.9381,AXIS,Equity,Large Cap
119551,Axis Bluechip Fund - Direct Growth,2023-03-02,196.184,195.8897,196.184,AXIS,Equity,Large Cap
119551,Axis Bluechip Fund - Direct Growth,2023-03-03,193.9908,193.6998,193.9908,AXIS,Equity,Large Cap
119551,Axis Bluechip Fund - Direct Growth,2023-03-06,194.1245,193.8333,194.1245,AXIS,Equity,Large Cap
119551,Axis Bluechip Fund - Direct Growth,2023-03-07,191.4458,191.1586,191.4458,AXIS,Equity,Large Cap
119551,Axis Bluechip Fund - Direct Growth,2023-03-08,186.8375,186.5572,186.8375,AXIS,Equity,Large Cap
119551,Axis Bluechip Fund - Direct Growth,2023-03-09,186.3082,186.0287,186.3082,AXIS,Equity,Large Cap
119551,Axis Bluechip Fund - Direct Growth,2023-03-10,187.9869,187.7049,187.9869,AXIS,Equity,Large Cap
119551,Axis Bluechip Fund - Direct Growth,2023-03-13,195.5211,195.2278,195.5211,AXIS,Equity,Large Cap
119551,Axis Bluechip Fund - Direct Growth,2023-03-14,192.3612,192.0727,192.3612,AXIS,Equity,Large Cap
119551,Axis Bluechip Fund - Direct Growth,2023-03-15,188.5062,188.2234,188.5062,AXIS,Equity,Large Cap
119551,Axis Bluechip Fund - Direct Growth,2023-03-16,188.4559,188.1732,188.4559,AXIS,Equity,Large Cap
119551,Axis Bluechip Fund - Direct Growth,2023-03-17,189.3998,189.1157,189.3998,AXIS,Equity,Large Cap
119551,Axis Bluechip Fund - Direct Growth,2023-03-20,184.6544,184.3774,184.6544,AXIS,Equity,Large Cap
119551,Axis Bluechip Fund - Direct Growth,2023-03-21,181.8377,181.5649,181.8377,AXIS,Equity,Large Cap
119551,Axis Bluechip Fund - Direct Growth,2023-03-22,183.3717,183.0966,183.3717,AXIS,Equity,Large Cap
119551,Axis Bluechip Fund - Direct Growth,2023-03-23,184.2517,183.9753,184.2517,AXIS,Equity,Large Cap
119551,Axis Bluechip Fund - Direct Growth,2023-03-24,182.2473,181.9739,182.2473,AXIS,Equity,Large Cap
119551,Axis Bluechip Fund - Direct Growth,2023-03-27,178.9028,178.6344,178.9028,AXIS,Equity,Large Cap
119551,Axis Bluechip Fund - Direct Growth,2023-03-28,181.0249,180.7534,181.0249,AXIS,Equity,Large Cap
119551,Axis Bluechip Fund - Direct Growth,2023-03-29,178.956,178.6876,178.956,AXIS,Equity,Large Cap
119551,Axis Bluechip Fund - Direct Growth,2023-03-30,180.11,179.8398,180.11,AXIS,Equity,Large Cap
119551,Axis Bluechip Fund - Direct Growth,2023-03-31,179.036,178.7674,179.036,AXIS,Equity,Large Cap
119551,Axis Bluechip Fund - Direct Growth,2023-04-03,175.1163,174.8536,175.1163,AXIS,Equity,Large Cap
119551,Axis Bluechip Fund - Direct Growth,2023-04-04,174.0229,173.7619,174.0229,AXIS,Equity,Large Cap
119551,Axis Bluechip Fund - Direct Growth,2023-04-05,171.591,171.3336,171.591,AXIS,Equity,Large Cap
119551,Axis Bluechip Fund - Direct Growth,2023-04-06,175.7052,175.4416,175.7052,AXIS,Equity,Large Cap
119551,Axis Bluechip Fund - Direct Growth,2023-04-07,175.8498,175.586,175.8498,AXIS,Equity,Large Cap
119551,Axis Bluechip Fund - Direct Growth,2023-04-10,174.7954,174.5332,174.7954,AXIS,Equity,Large Cap
119551,Axis Bluechip Fund - Direct Growth,2023-04-11,174.4018,174.1402,174.4018,AXIS,Equity,Large Cap
119551,Axis Bluechip Fund - Direct Growth,2023-04-12,175.7569,175.4933,175.7569,AXIS,Equity,Large Cap
119551,Axis Bluechip Fund - Direct Growth,2023-04-13,177.4248,177.1587,177.4248,AXIS,Equity,Large Cap
119551,Axis Bluechip Fund - Direct Growth,2023-04-14,176.3663,176.1018,176.3663,AXIS,Equity,Large Cap
119551,Axis Bluechip Fund - Direct Growth,2023-04-17,169.9539,169.699,169.9539,AXIS,Equity,Large Cap
119551,Axis Bluechip Fund - Direct Growth,2023-04-18,166.9317,166.6813,166.9317,AXIS,Equity,Large Cap
119551,Axis Bluechip Fund - Direct Growth,2023-04-19,169.7366,169.482,169.7366,AXIS,Equity,Large Cap
119551,Axis Bluechip Fund - Direct Growth,2023-04-20,173.155,172.8953,173.155,AXIS,Equity,Large Cap
119551,Axis Bluechip Fund - Direct Growth,2023-04-21,172.7068,172.4477,172.7068,AXIS,Equity,Large Cap
119551,Axis Bluechip Fund - Direct Growth,2023-04-24,181.2143,180.9425,181.2143,AXIS,Equity,Large Cap
119551,Axis Bluechip Fund - Direct Growth,2023-04-25,183.7214,183.4458,183.7214,AXIS,Equity,Large Cap
119551,Axis Bluechip Fund - Direct Growth,2023-04-26,183.5129,183.2376,183.5129,AXIS,Equity,Large Cap
119551,Axis Bluechip Fund - Direct Growth,2023-04-27,181.4821,181.2099,181.4821,AXIS,Equity,Large Cap
119551,Axis Bluechip Fund - Direct Growth,2023-04-28,178.0562,177.7891,178.0562,AXIS,Equity,Large Cap
119551,Axis Bluechip Fund - Direct Growth,2023-05-01,174.0627,173.8016,174.0627,AXIS,Equity,Large Cap
119551,Axis Bluechip Fund - Direct Growth,2023-05-02,172.7818,172.5226,172.7818,AXIS,Equity,Large Cap
119551,Axis Bluechip Fund - Direct Growth,2023-05-03,170.6085,170.3526,170.6085,AXIS,Equity,Large Cap
119551,Axis Bluechip Fund - Direct Growth,2023-05-04,174.1308,173.8696,174.1308,AXIS,Equity,Large Cap
119551,Axis Bluechip Fund - Direct Growth,2023-05-05,176.0427,175.7786,176.0427,AXIS,Equity,Large Cap
119551,Axis Bluechip Fund - Direct Growth,2023-05-08,179.5323,179.263,179.5323,AXIS,Equity,Large Cap
119551,Axis Bluechip Fund - Direct Growth,2023-05-09,177.7486,177.482,177.7486,AXIS,Equity,Large Cap
119551,Axis Bluechip Fund - Direct Growth,2023-05-10,181.0685,180.7969,181.0685,AXIS,Equity,Large Cap
119551,Axis Bluechip Fund - Direct Growth,2023-05-11,182.3119,182.0384,182.3119,AXIS,Equity,Large Cap
119551,Axis Bluechip Fund - Direct Growth,2023-05-12,180.1156,179.8454,180.1156,AXIS,Equity,Large Cap
119551,Axis Bluechip Fund - Direct Growth,2023-05-16,177.0933,176.8277,177.0933,AXIS,Equity,Large Cap
119551,Axis Bluechip Fund - Direct Growth,2023-05-17,181.2219,180.9501,181.2219,AXIS,Equity,Large Cap
119551,Axis Bluechip Fund - Direct Growth,2023-05-18,178.253,177.9856,178.253,AXIS,Equity,Large Cap
119551,Axis Bluechip Fund - Direct Growth,2023-05-19,179.5285,179.2592,179.5285,AXIS,Equity,Large Cap
119551,Axis Bluechip Fund - Direct Growth,2023-05-22,176.0392,175.7751,176.0392,AXIS,Equity,Large Cap
119551,Axis Bluechip Fund - Direct Growth,2023-05-23,174.2845,174.0231,174.2845,AXIS,Equity,Large Cap
119551,Axis Bluechip Fund - Direct Growth,2023-05-24,174.4557,174.194,174.4557,AXIS,Equity,Large Cap
119551,Axis Bluechip Fund - Direct Growth,2023-05-25,172.7859,172.5267,172.7859,AXIS,Equity,Large Cap
119551,Axis Bluechip Fund - Direct Growth,2023-05-26,173.4158,173.1557,173.4158,AXIS,Equity,Large Cap
119551,Axis Bluechip Fund - Direct Growth,2023-05-29,171.1384,170.8817,171.1384,AXIS,Equity,Large Cap
119551,Axis Bluechip Fund - Direct Growth,2023-05-30,170.0224,169.7674,170.0224,AXIS,Equity,Large Cap
119551,Axis Bluechip Fund - Direct Growth,2023-05-31,171.6316,171.3742,171.6316,AXIS,Equity,Large Cap
119551,Axis Bluechip Fund - Direct Growth,2023-06-01,172.7319,172.4728,172.7319,AXIS,Equity,Large Cap
119551,Axis Bluechip Fund - Direct Growth,2023-06-02,170.7747,170.5185,170.7747,AXIS,Equity,Large Cap
119551,Axis Bluechip Fund - Direct Growth,2023-06-05,169.2675,169.0136,169.2675,AXIS,Equity,Large Cap
119551,Axis Bluechip Fund - Direct Growth,2023-06-06,170.4389,170.1832,170.4389,AXIS,Equity,Large Cap
119551,Axis Bluechip Fund - Direct Growth,2023-06-07,169.1518,168.8981,169.1518,AXIS,Equity,Large Cap
119551,Axis Bluechip Fund - Direct Growth,2023-06-08,170.3777,170.1221,170.3777,AXIS,Equity,Large Cap
119551,Axis Bluechip Fund - Direct Growth,2023-06-09,168.8853,168.632,168.8853,AXIS,Equity,Large Cap
119551,Axis Bluechip Fund - Direct Growth,2023-06-12,162.2912,162.0478,162.2912,AXIS,Equity,Large Cap
119551,Axis Bluechip Fund - Direct Growth,2023-06-13,162.8619,162.6176,162.8619,AXIS,Equity,Large Cap
119551,Axis Bluechip Fund - Direct Growth,2023-06-14,161.1597,160.918,161.1597,AXIS,Equity,Large Cap
119551,Axis Bluechip Fund - Direct Growth,2023-06-15,162.4591,162.2154,162.4591,AXIS,Equity,Large Cap
119551,Axis Bluechip Fund - Direct Growth,2023-06-16,159.2849,159.046,159.2849,AXIS,Equity,Large Cap
119551,Axis Bluechip Fund - Direct Growth,2023-06-19,155.807,155.5733,155.807,AXIS,Equity,Large Cap
119551,Axis Bluechip Fund - Direct Growth,2023-06-20,155.9579,155.724,155.9579,AXIS,Equity,Large Cap
119551,Axis Bluechip Fund - Direct Growth,2023-06-21,154.41,154.1784,154.41,AXIS,Equity,Large Cap
119551,Axis Bluechip Fund - Direct Growth,2023-06-22,153.7592,153.5286,153.7592,AXIS,Equity,Large Cap
119551,Axis Bluechip Fund - Direct Growth,2023-06-23,155.6774,155.4439,155.6774,AXIS,Equity,Large Cap
119551,Axis Bluechip Fund - Direct Growth,2023-06-26,154.2189,153.9876,154.2189,AXIS,Equity,Large Cap
119551,Axis Bluechip Fund - Direct Growth,2023-06-27,155.2611,155.0282,155.2611,AXIS,Equity,Large Cap
119551,Axis Bluechip Fund - Direct Growth,2023-06-28,158.009,157.772,158.009,AXIS,Equity,Large Cap
119551,Axis Bluechip Fund - Direct Growth,2023-06-29,153.3857,153.1556,153.3857,AXIS,Equity,Large Cap
119551,Axis Bluechip Fund - Direct Growth,2023-06-30,151.9803,151.7523,151.9803,AXIS,Equity,Large Cap
119551,Axis Bluechip Fund - Direct Growth,2023-07-03,153.5233,153.293,153.5233,AXIS,Equity,Large Cap
119551,Axis Bluechip Fund - Direct Growth,2023-07-04,152.472,152.2433,152.472,AXIS,Equity,Large Cap
119551,Axis Bluechip Fund - Direct Growth,2023-07-05,152.6914,152.4624,152.6914,AXIS,Equity,Large Cap
119551,Axis Bluechip Fund - Direct Growth,2023-07-06,152.4672,152.2385,152.4672,AXIS,Equity,Large Cap
119551,Axis Bluechip Fund - Direct Growth,2023-07-07,154.6648,154.4328,154.6648,AXIS,Equity,Large Cap
119551,Axis Bluechip Fund - Direct Growth,2023-07-10,155.1816,154.9488,155.1816,AXIS,Equity,Large Cap
119551,Axis Bluechip Fund - Direct Growth,2023-07-11,154.3357,154.1042,154.3357,AXIS,Equity,Large Cap
119551,Axis Bluechip Fund - Direct Growth,2023-07-12,153.5963,153.3659,153.5963,AXIS,Equity,Large Cap
119551,Axis Bluechip Fund - Direct Growth,2023-07-13,154.3848,154.1532,154.3848,AXIS,Equity,Large Cap
119551,Axis Bluechip Fund - Direct Growth,2023-07-14,153.6666,153.4361,153.6666,AXIS,Equity,Large Cap
119551,Axis Bluechip Fund - Direct Growth,2023-07-17,159.8827,159.6429,159.8827,AXIS,Equity,Large Cap
119551,Axis Bluechip Fund - Direct Growth,2023-07-18,159.3211,159.0821,159.3211,AXIS,Equity,Large Cap
119551,Axis Bluechip Fund - Direct Growth,2023-07-19,161.6814,161.4389,161.6814,AXIS,Equity,Large Cap
119551,Axis Bluechip Fund - Direct Growth,2023-07-20,160.9543,160.7129,160.9543,AXIS,Equity,Large Cap
119551,Axis Bluechip Fund - Direct Growth,2023-07-21,157.0821,156.8465,157.0821,AXIS,Equity,Large Cap
119551,Axis Bluechip Fund - Direct Growth,2023-07-24,151.2419,151.015,151.2419,AXIS,Equity,Large Cap
119551,Axis Bluechip Fund - Direct Growth,2023-07-25,151.3358,151.1088,151.3358,AXIS,Equity,Large Cap
119551,Axis Bluechip Fund - Direct Growth,2023-07-26,154.4408,154.2091,154.4408,AXIS,Equity,Large Cap
119551,Axis Bluechip Fund - Direct Growth,2023-07-27,155.1085,154.8758,155.1085,AXIS,Equity,Large Cap
119551,Axis Bluechip Fund - Direct Growth,2023-07-28,154.7627,154.5306,154.7627,AXIS,Equity,Large Cap
119551,Axis Bluechip Fund - Direct Growth,2023-07-31,152.77,152.5408,152.77,AXIS,Equity,Large Cap
119551,Axis Bluechip Fund - Direct Growth,2023-08-01,154.2443,154.0129,154.2443,AXIS,Equity,Large Cap
119551,Axis Bluechip Fund - Direct Growth,2023-08-02,151.5692,151.3418,151.5692,AXIS,Equity,Large Cap
119551,Axis Bluechip Fund - Direct Growth,2023-08-03,153.7101,153.4795,153.7101,AXIS,Equity,Large Cap
119551,Axis Bluechip Fund - Direct Growth,2023-08-04,154.3959,154.1643,154.3959,AXIS,Equity,Large Cap
119551,Axis Bluechip Fund - Direct Growth,2023-08-07,159.1999,158.9611,159.1999,AXIS,Equity,Large Cap
119551,Axis Bluechip Fund - Direct Growth,2023-08-08,159.611,159.3716,159.611,AXIS,Equity,Large Cap
119551,Axis Bluechip Fund - Direct Growth,2023-08-09,160.1503,159.9101,160.1503,AXIS,Equity,Large Cap
119551,Axis Bluechip Fund - Direct Growth,2023-08-10,159.3316,159.0926,159.3316,AXIS,Equity,Large Cap
119551,Axis Bluechip Fund - Direct Growth,2023-08-11,157.7704,157.5337,157.7704,AXIS,Equity,Large Cap
119551,Axis Bluechip Fund - Direct Growth,2023-08-14,158.0304,157.7934,158.0304,AXIS,Equity,Large Cap
119551,Axis Bluechip Fund - Direct Growth,2023-08-15,157.1878,156.952,157.1878,AXIS,Equity,Large Cap
119551,Axis Bluechip Fund - Direct Growth,2023-08-16,158.1542,157.917,158.1542,AXIS,Equity,Large Cap
119551,Axis Bluechip Fund - Direct Growth,2023-08-17,158.8507,158.6124,158.8507,AXIS,Equity,Large Cap
119551,Axis Bluechip Fund - Direct Growth,2023-08-18,160.892,160.6507,160.892,AXIS,Equity,Large Cap
119551,Axis Bluechip Fund - Direct Growth,2023-08-21,157.7078,157.4712,157.7078,AXIS,Equity,Large Cap
119551,Axis Bluechip Fund - Direct Growth,2023-08-22,156.9301,156.6947,156.9301,AXIS,Equity,Large Cap
119551,Axis Bluechip Fund - Direct Growth,2023-08-23,157.7034,157.4668,157.7034,AXIS,Equity,Large Cap
119551,Axis Bluechip Fund - Direct Growth,2023-08-24,159.199,158.9602,159.199,AXIS,Equity,Large Cap
119551,Axis Bluechip Fund - Direct Growth,2023-08-25,157.501,157.2647,157.501,AXIS,Equity,Large Cap
119551,Axis Bluechip Fund - Direct Growth,2023-08-28,162.729,162.4849,162.729,AXIS,Equity,Large Cap
119551,Axis Bluechip Fund - Direct Growth,2023-08-29,166.459,166.2093,166.459,AXIS,Equity,Large Cap
119551,Axis Bluechip Fund - Direct Growth,2023-08-30,164.9799,164.7324,164.9799,AXIS,Equity,Large Cap
119551,Axis Bluechip Fund - Direct Growth,2023-08-31,162.5818,162.3379,162.5818,AXIS,Equity,Large Cap
119551,Axis Bluechip Fund - Direct Growth,2023-09-01,159.1766,158.9378,159.1766,AXIS,Equity,Large Cap
119551,Axis Bluechip Fund - Direct Growth,2023-09-04,163.392,163.1469,163.392,AXIS,Equity,Large Cap
119551,Axis Bluechip Fund - Direct Growth,2023-09-05,164.0063,163.7603,164.0063,AXIS,Equity,Large Cap
119551,Axis Bluechip Fund - Direct Growth,2023-09-06,161.8569,161.6141,161.8569,AXIS,Equity,Large Cap
119551,Axis Bluechip Fund - Direct Growth,2023-09-07,166.672,166.422,166.672,AXIS,Equity,Large Cap
119551,Axis Bluechip Fund - Direct Growth,2023-09-08,166.9971,166.7466,166.9971,AXIS,Equity,Large Cap
119551,Axis Bluechip Fund - Direct Growth,2023-09-11,169.8488,169.594,169.8488,AXIS,Equity,Large Cap
119551,Axis Bluechip Fund - Direct Growth,2023-09-12,170.3731,170.1175,170.3731,AXIS,Equity,Large Cap
119551,Axis Bluechip Fund - Direct Growth,2023-09-13,168.8251,168.5719,168.8251,AXIS,Equity,Large Cap
119551,Axis Bluechip Fund - Direct Growth,2023-09-14,169.8478,169.593,169.8478,AXIS,Equity,Large Cap
119551,Axis Bluechip Fund - Direct Growth,2023-09-15,173.7516,173.491,173.7516,AXIS,Equity,Large Cap
119551,Axis Bluechip Fund - Direct Growth,2023-09-18,179.0411,178.7725,179.0411,AXIS,Equity,Large Cap
119551,Axis Bluechip Fund - Direct Growth,2023-09-19,176.9866,176.7211,176.9866,AXIS,Equity,Large Cap
119551,Axis Bluechip Fund - Direct Growth,2023-09-20,176.7902,176.525,176.7902,AXIS,Equity,Large Cap
119551,Axis Bluechip Fund - Direct Growth,2023-09-21,176.9791,176.7136,176.9791,AXIS,Equity,Large Cap
119551,Axis Bluechip Fund - Direct Growth,2023-09-22,179.3737,179.1046,179.3737,AXIS,Equity,Large Cap
119551,Axis Bluechip Fund - Direct Growth,2023-09-25,178.8316,178.5634,178.8316,AXIS,Equity,Large Cap
119551,Axis Bluechip Fund - Direct Growth,2023-09-26,177.9871,177.7201,177.9871,AXIS,Equity,Large Cap
119551,Axis Bluechip Fund - Direct Growth,2023-09-27,175.8966,175.6328,175.8966,AXIS,Equity,Large Cap
119551,Axis Bluechip Fund - Direct Growth,2023-09-28,172.474,172.2153,172.474,AXIS,Equity,Large Cap
119551,Axis Bluechip Fund - Direct Growth,2023-09-29,174.2467,173.9853,174.2467,AXIS,Equity,Large Cap
119551,Axis Bluechip Fund - Direct Growth,2023-10-02,169.237,168.9831,169.237,AXIS,Equity,Large Cap
119551,Axis Bluechip Fund - Direct Growth,2023-10-03,168.6228,168.3699,168.6228,AXIS,Equity,Large Cap
119551,Axis Bluechip Fund - Direct Growth,2023-10-04,172.0675,171.8094,172.0675,AXIS,Equity,Large Cap
119551,Axis Bluechip Fund - Direct Growth,2023-10-05,171.6003,171.3429,171.6003,AXIS,Equity,Large Cap
119551,Axis Bluechip Fund - Direct Growth,2023-10-06,168.5737,168.3208,168.5737,AXIS,Equity,Large Cap
119551,Axis Bluechip Fund - Direct Growth,2023-10-09,162.3021,162.0586,162.3021,AXIS,Equity,Large Cap
119551,Axis Bluechip Fund - Direct Growth,2023-10-10,162.2613,162.0179,162.2613,AXIS,Equity,Large Cap
119551,Axis Bluechip Fund - Direct Growth,2023-10-11,161.8765,161.6337,161.8765,AXIS,Equity,Large Cap
119551,Axis Bluechip Fund - Direct Growth,2023-10-12,163.2936,163.0487,163.2936,AXIS,Equity,Large Cap
119551,Axis Bluechip Fund - Direct Growth,2023-10-13,166.982,166.7315,166.982,AXIS,Equity,Large Cap
119551,Axis Bluechip Fund - Direct Growth,2023-10-16,166.6534,166.4034,166.6534,AXIS,Equity,Large Cap
119551,Axis Bluechip Fund - Direct Growth,2023-10-17,171.8664,171.6086,171.8664,AXIS,Equity,Large Cap
119551,Axis Bluechip Fund - Direct Growth,2023-10-18,172.0573,171.7992,172.0573,AXIS,Equity,Large Cap
119551,Axis Bluechip Fund - Direct Growth,2023-10-19,172.1549,171.8967,172.1549,AXIS,Equity,Large Cap
119551,Axis Bluechip Fund - Direct Growth,2023-10-20,172.1739,171.9156,172.1739,AXIS,Equity,Large Cap
119551,Axis Bluechip Fund - Direct Growth,2023-10-23,171.304,171.047,171.304,AXIS,Equity,Large Cap
119551,Axis Bluechip Fund - Direct Growth,2023-10-24,170.2484,169.993,170.2484,AXIS,Equity,Large Cap
119551,Axis Bluechip Fund - Direct Growth,2023-10-25,170.2496,169.9942,170.2496,AXIS,Equity,Large Cap
119551,Axis Bluechip Fund - Direct Growth,2023-10-26,169.2075,168.9537,169.2075,AXIS,Equity,Large Cap
119551,Axis Bluechip Fund - Direct Growth,2023-10-27,167.8278,167.5761,167.8278,AXIS,Equity,Large Cap
119551,Axis Bluechip Fund - Direct Growth,2023-10-30,170.7552,170.4991,170.7552,AXIS,Equity,Large Cap
119551,Axis Bluechip Fund - Direct Growth,2023-10-31,165.3915,165.1434,165.3915,AXIS,Equity,Large Cap
119551,Axis Bluechip Fund - Direct Growth,2023-11-01,167.624,167.3726,167.624,AXIS,Equity,Large Cap
119551,Axis Bluechip Fund - Direct Growth,2023-11-02,170.1975,169.9422,170.1975,AXIS,Equity,Large Cap
119551,Axis Bluechip Fund - Direct Growth,2023-11-03,166.0309,165.7819,166.0309,AXIS,Equity,Large Cap
119551,Axis Bluechip Fund - Direct Growth,2023-11-06,162.0269,161.7839,162.0269,AXIS,Equity,Large Cap
119551,Axis Bluechip Fund - Direct Growth,2023-11-07,160.5794,160.3385,160.5794,AXIS,Equity,Large Cap
119551,Axis Bluechip Fund - Direct Growth,2023-11-08,158.5036,158.2658,158.5036,AXIS,Equity,Large Cap
119551,Axis Bluechip Fund - Direct Growth,2023-11-09,161.8999,161.6571,161.8999,AXIS,Equity,Large Cap
119551,Axis Bluechip Fund - Direct Growth,2023-11-10,163.7825,163.5368,163.7825,AXIS,Equity,Large Cap
119551,Axis Bluechip Fund - Direct Growth,2023-11-13,165.6471,165.3986,165.6471,AXIS,Equity,Large Cap
119551,Axis Bluechip Fund - Direct Growth,2023-11-14,164.6707,164.4237,164.6707,AXIS,Equity,Large Cap
119551,Axis Bluechip Fund - Direct Growth,2023-11-15,165.7036,165.455,165.7036,AXIS,Equity,Large Cap
119551,Axis Bluechip Fund - Direct Growth,2023-11-16,163.3397,163.0947,163.3397,AXIS,Equity,Large Cap
119551,Axis Bluechip Fund - Direct Growth,2023-11-17,164.8026,164.5554,164.8026,AXIS,Equity,Large Cap
119551,Axis Bluechip Fund - Direct Growth,2023-11-20,165.1818,164.934,165.1818,AXIS,Equity,Large Cap
119551,Axis Bluechip Fund - Direct Growth,2023-11-21,166.1285,165.8793,166.1285,AXIS,Equity,Large Cap
119551,Axis Bluechip Fund - Direct Growth,2023-11-22,165.4754,165.2272,165.4754,AXIS,Equity,Large Cap
119551,Axis Bluechip Fund - Direct Growth,2023-11-23,167.8437,167.5919,167.8437,AXIS,Equity,Large Cap
119551,Axis Bluechip Fund - Direct Growth,2023-11-24,165.7334,165.4848,165.7334,AXIS,Equity,Large Cap
119551,Axis Bluechip Fund - Direct Growth,2023-11-27,167.7225,167.4709,167.7225,AXIS,Equity,Large Cap
119551,Axis Bluechip Fund - Direct Growth,2023-11-28,168.446,168.1933,168.446,AXIS,Equity,Large Cap
119551,Axis Bluechip Fund - Direct Growth,2023-11-29,165.9844,165.7354,165.9844,AXIS,Equity,Large Cap
119551,Axis Bluechip Fund - Direct Growth,2023-11-30,167.8913,167.6395,167.8913,AXIS,Equity,Large Cap
119551,Axis Bluechip Fund - Direct Growth,2023-12-01,167.5859,167.3345,167.5859,AXIS,Equity,Large Cap
119551,Axis Bluechip Fund - Direct Growth,2023-12-04,167.4066,167.1555,167.4066,AXIS,Equity,Large Cap
119551,Axis Bluechip Fund - Direct Growth,2023-12-05,164.6441,164.3971,164.6441,AXIS,Equity,Large Cap
119551,Axis Bluechip Fund - Direct Growth,2023-12-06,161.6345,161.392,161.6345,AXIS,Equity,Large Cap
119551,Axis Bluechip Fund - Direct Growth,2023-12-07,162.8746,162.6303,162.8746,AXIS,Equity,Large Cap
119551,Axis Bluechip Fund - Direct Growth,2023-12-08,160.4372,160.1965,160.4372,AXIS,Equity,Large Cap
119551,Axis Bluechip Fund - Direct Growth,2023-12-11,163.1692,162.9244,163.1692,AXIS,Equity,Large Cap
119551,Axis Bluechip Fund - Direct Growth,2023-12-12,163.6476,163.4021,163.6476,AXIS,Equity,Large Cap
119551,Axis Bluechip Fund - Direct Growth,2023-12-13,163.5231,163.2778,163.5231,AXIS,Equity,Large Cap
119551,Axis Bluechip Fund - Direct Growth,2023-12-14,162.5192,162.2754,162.5192,AXIS,Equity,Large Cap
119551,Axis Bluechip Fund - Direct Growth,2023-12-15,163.3626,163.1176,163.3626,AXIS,Equity,Large Cap
119551,Axis Bluechip Fund - Direct Growth,2023-12-18,165.8755,165.6267,165.8755,AXIS,Equity,Large Cap
119551,Axis Bluechip Fund - Direct Growth,2023-12-19,166.241,165.9916,166.241,AXIS,Equity,Large Cap
119551,Axis Bluechip Fund - Direct Growth,2023-12-20,165.5821,165.3337,165.5821,AXIS,Equity,Large Cap
119551,Axis Bluechip Fund - Direct Growth,2023-12-21,165.5352,165.2869,165.5352,AXIS,Equity,Large Cap
119551,Axis Bluechip Fund - Direct Growth,2023-12-22,166.2128,165.9635,166.2128,AXIS,Equity,Large Cap
119551,Axis Bluechip Fund - Direct Growth,2023-12-25,161.7923,161.5496,161.7923,AXIS,Equity,Large Cap
119551,Axis Bluechip Fund - Direct Growth,2023-12-26,162.1888,161.9455,162.1888,AXIS,Equity,Large Cap
119551,Axis Bluechip Fund - Direct Growth,2023-12-27,161.8956,161.6528,161.8956,AXIS,Equity,Large Cap
119551,Axis Bluechip Fund - Direct Growth,2023-12-28,161.9962,161.7532,161.9962,AXIS,Equity,Large Cap
119551,Axis Bluechip Fund - Direct Growth,2023-12-29,162.7367,162.4926,162.7367,AXIS,Equity,Large Cap
119551,Axis Bluechip Fund - Direct Growth,2024-01-01,160.7426,160.5015,160.7426,AXIS,Equity,Large Cap
119551,Axis Bluechip Fund - Direct Growth,2024-01-02,158.9197,158.6813,158.9197,AXIS,Equity,Large Cap
119551,Axis Bluechip Fund - Direct Growth,2024-01-03,159.7618,159.5222,159.7618,AXIS,Equity,Large Cap
119551,Axis Bluechip Fund - Direct Growth,2024-01-04,156.5616,156.3268,156.5616,AXIS,Equity,Large Cap
119551,Axis Bluechip Fund - Direct Growth,2024-01-05,158.5577,158.3199,158.5577,AXIS,Equity,Large Cap
119551,Axis Bluechip Fund - Direct Growth,2024-01-08,162.0259,161.7829,162.0259,AXIS,Equity,Large Cap
119551,Axis Bluechip Fund - Direct Growth,2024-01-09,165.3289,165.0809,165.3289,AXIS,Equity,Large Cap
119551,Axis Bluechip Fund - Direct Growth,2024-01-10,167.4075,167.1564,167.4075,AXIS,Equity,Large Cap
119551,Axis Bluechip Fund - Direct Growth,2024-01-11,163.7763,163.5306,163.7763,AXIS,Equity,Large Cap
119551,Axis Bluechip Fund - Direct Growth,2024-01-12,161.327,161.085,161.327,AXIS,Equity,Large Cap
119551,Axis Bluechip Fund - Direct Growth,2024-01-15,161.356,161.114,161.356,AXIS,Equity,Large Cap
119551,Axis Bluechip Fund - Direct Growth,2024-01-16,160.0153,159.7753,160.0153,AXIS,Equity,Large Cap
119551,Axis Bluechip Fund - Direct Growth,2024-01-17,160.4379,160.1972,160.4379,AXIS,Equity,Large Cap
119551,Axis Bluechip Fund - Direct Growth,2024-01-18,159.0478,158.8092,159.0478,AXIS,Equity,Large Cap
119551,Axis Bluechip Fund - Direct Growth,2024-01-19,157.9443,157.7074,157.9443,AXIS,Equity,Large Cap
119551,Axis Bluechip Fund - Direct Growth,2024-01-22,151.2512,151.0243,151.2512,AXIS,Equity,Large Cap
119551,Axis Bluechip Fund - Direct Growth,2024-01-23,149.5405,149.3162,149.5405,AXIS,Equity,Large Cap
119551,Axis Bluechip Fund - Direct Growth,2024-01-24,151.4911,151.2639,151.4911,AXIS,Equity,Large Cap
119551,Axis Bluechip Fund - Direct Growth,2024-01-25,149.8258,149.6011,149.8258,AXIS,Equity,Large Cap
119551,Axis Bluechip Fund - Direct Growth,2024-01-26,154.6185,154.3866,154.6185,AXIS,Equity,Large Cap
119551,Axis Bluechip Fund - Direct Growth,2024-01-29,154.4586,154.2269,154.4586,AXIS,Equity,Large Cap
119551,Axis Bluechip Fund - Direct Growth,2024-01-30,155.8184,155.5847,155.8184,AXIS,Equity,Large Cap
119551,Axis Bluechip Fund - Direct Growth,2024-01-31,154.8044,154.5722,154.8044,AXIS,Equity,Large Cap
119551,Axis Bluechip Fund - Direct Growth,2024-02-01,155.093,154.8604,155.093,AXIS,Equity,Large Cap
119551,Axis Bluechip Fund - Direct Growth,2024-02-02,159.9197,159.6798,159.9197,AXIS,Equity,Large Cap
119551,Axis Bluechip Fund - Direct Growth,2024-02-05,160.7644,160.5233,160.7644,AXIS,Equity,Large Cap
119551,Axis Bluechip Fund - Direct Growth,2024-02-06,160.7612,160.5201,160.7612,AXIS,Equity,Large Cap
119551,Axis Bluechip Fund - Direct Growth,2024-02-07,164.2416,163.9952,164.2416,AXIS,Equity,Large Cap
119551,Axis Bluechip Fund - Direct Growth,2024-02-08,163.0716,162.827,163.0716,AXIS,Equity,Large Cap
119551,Axis Bluechip Fund - Direct Growth,2024-02-09,166.6835,166.4335,166.6835,AXIS,Equity,Large Cap
119551,Axis Bluechip Fund - Direct Growth,2024-02-12,168.4329,168.1803,168.4329,AXIS,Equity,Large Cap
119551,Axis Bluechip Fund - Direct Growth,2024-02-13,170.466,170.2103,170.466,AXIS,Equity,Large Cap
119551,Axis Bluechip Fund - Direct Growth,2024-02-14,171.8062,171.5485,171.8062,AXIS,Equity,Large Cap
119551,Axis Bluechip Fund - Direct Growth,2024-02-15,168.6376,168.3846,168.6376,AXIS,Equity,Large Cap
119551,Axis Bluechip Fund - Direct Growth,2024-02-16,167.2336,166.9827,167.2336,AXIS,Equity,Large Cap
119551,Axis Bluechip Fund - Direct Growth,2024-02-19,168.0299,167.7779,168.0299,AXIS,Equity,Large Cap
119551,Axis Bluechip Fund - Direct Growth,2024-02-20,168.4554,168.2027,168.4554,AXIS,Equity,Large Cap
119551,Axis Bluechip Fund - Direct Growth,2024-02-21,165.8234,165.5747,165.8234,AXIS,Equity,Large Cap
119551,Axis Bluechip Fund - Direct Growth,2024-02-22,166.6463,166.3963,166.6463,AXIS,Equity,Large Cap
119551,Axis Bluechip Fund - Direct Growth,2024-02-23,167.934,167.6821,167.934,AXIS,Equity,Large Cap
119551,Axis Bluechip Fund - Direct Growth,2024-02-26,173.1742,172.9144,173.1742,AXIS,Equity,Large Cap
119551,Axis Bluechip Fund - Direct Growth,2024-02-27,174.1977,173.9364,174.1977,AXIS,Equity,Large Cap
119551,Axis Bluechip Fund - Direct Growth,2024-02-28,174.1207,173.8595,174.1207,AXIS,Equity,Large Cap
119551,Axis Bluechip Fund - Direct Growth,2024-02-29,170.7199,170.4638,170.7199,AXIS,Equity,Large Cap
119551,Axis Bluechip Fund - Direct Growth,2024-03-01,171.6683,171.4108,171.6683,AXIS,Equity,Large Cap
119551,Axis Bluechip Fund - Direct Growth,2024-03-04,170.2164,169.9611,170.2164,AXIS,Equity,Large Cap
119551,Axis Bluechip Fund - Direct Growth,2024-03-05,168.0763,167.8242,168.0763,AXIS,Equity,Large Cap
119551,Axis Bluechip Fund - Direct Growth,2024-03-06,170.2677,170.0123,170.2677,AXIS,Equity,Large Cap
119551,Axis Bluechip Fund - Direct Growth,2024-03-07,170.255,169.9996,170.255,AXIS,Equity,Large Cap
119551,Axis Bluechip Fund - Direct Growth,2024-03-08,171.7154,171.4578,171.7154,AXIS,Equity,Large Cap
119551,Axis Bluechip Fund - Direct Growth,2024-03-11,173.9776,173.7166,173.9776,AXIS,Equity,Large Cap
119551,Axis Bluechip Fund - Direct Growth,2024-03-12,172.9698,172.7103,172.9698,AXIS,Equity,Large Cap
119551,Axis Bluechip Fund - Direct Growth,2024-03-13,173.2385,172.9786,173.2385,AXIS,Equity,Large Cap
119551,Axis Bluechip Fund - Direct Growth,2024-03-14,172.3468,172.0883,172.3468,AXIS,Equity,Large Cap
119551,Axis Bluechip Fund - Direct Growth,2024-03-15,171.5171,171.2598,171.5171,AXIS,Equity,Large Cap
119551,Axis Bluechip Fund - Direct Growth,2024-03-18,170.557,170.3012,170.557,AXIS,Equity,Large Cap
119551,Axis Bluechip Fund - Direct Growth,2024-03-19,173.1954,172.9356,173.1954,AXIS,Equity,Large Cap
119551,Axis Bluechip Fund - Direct Growth,2024-03-20,171.4054,171.1483,171.4054,AXIS,Equity,Large Cap
119551,Axis Bluechip Fund - Direct Growth,2024-03-21,171.0896,170.833,171.0896,AXIS,Equity,Large Cap
119551,Axis Bluechip Fund - Direct Growth,2024-03-22,170.2552,169.9998,170.2552,AXIS,Equity,Large Cap
119551,Axis Bluechip Fund - Direct Growth,2024-03-25,175.9786,175.7146,175.9786,AXIS,Equity,Large Cap
119551,Axis Bluechip Fund - Direct Growth,2024-03-26,172.9119,172.6525,172.9119,AXIS,Equity,Large Cap
119551,Axis Bluechip Fund - Direct Growth,2024-03-27,173.5352,173.2749,173.5352,AXIS,Equity,Large Cap
119551,Axis Bluechip Fund - Direct Growth,2024-03-28,175.4572,175.194,175.4572,AXIS,Equity,Large Cap
119551,Axis Bluechip Fund - Direct Growth,2024-03-29,175.7006,175.437,175.7006,AXIS,Equity,Large Cap
119551,Axis Bluechip Fund - Direct Growth,2024-04-01,180.0475,179.7774,180.0475,AXIS,Equity,Large Cap
119551,Axis Bluechip Fund - Direct Growth,2024-04-02,185.0864,184.8088,185.0864,AXIS,Equity,Large Cap
119551,Axis Bluechip Fund - Direct Growth,2024-04-03,184.3546,184.0781,184.3546,AXIS,Equity,Large Cap
119551,Axis Bluechip Fund - Direct Growth,2024-04-04,183.4428,183.1676,183.4428,AXIS,Equity,Large Cap
119551,Axis Bluechip Fund - Direct Growth,2024-04-05,186.7155,186.4354,186.7155,AXIS,Equity,Large Cap
119551,Axis Bluechip Fund - Direct Growth,2024-04-08,188.3329,188.0504,188.3329,AXIS,Equity,Large Cap
119551,Axis Bluechip Fund - Direct Growth,2024-04-09,187.7714,187.4897,187.7714,AXIS,Equity,Large Cap
119551,Axis Bluechip Fund - Direct Growth,2024-04-10,184.8171,184.5399,184.8171,AXIS,Equity,Large Cap
119551,Axis Bluechip Fund - Direct Growth,2024-04-11,182.8536,182.5793,182.8536,AXIS,Equity,Large Cap
119551,Axis Bluechip Fund - Direct Growth,2024-04-12,180.7234,180.4523,180.7234,AXIS,Equity,Large Cap
119551,Axis Bluechip Fund - Direct Growth,2024-04-15,179.7028,179.4332,179.7028,AXIS,Equity,Large Cap
119551,Axis Bluechip Fund - Direct Growth,2024-04-16,183.1182,182.8435,183.1182,AXIS,Equity,Large Cap
119551,Axis Bluechip Fund - Direct Growth,2024-04-17,180.9976,180.7261,180.9976,AXIS,Equity,Large Cap
119551,Axis Bluechip Fund - Direct Growth,2024-04-18,183.2079,182.9331,183.2079,AXIS,Equity,Large Cap
119551,Axis Bluechip Fund - Direct Growth,2024-04-19,182.8107,182.5365,182.8107,AXIS,Equity,Large Cap
119551,Axis Bluechip Fund - Direct Growth,2024-04-22,181.9188,181.6459,181.9188,AXIS,Equity,Large Cap
119551,Axis Bluechip Fund - Direct Growth,2024-04-23,182.8264,182.5522,182.8264,AXIS,Equity,Large Cap
119551,Axis Bluechip Fund - Direct Growth,2024-04-24,183.2647,182.9898,183.2647,AXIS,Equity,Large Cap
119551,Axis Bluechip Fund - Direct Growth,2024-04-25,184.421,184.1444,184.421,AXIS,Equity,Large Cap
119551,Axis Bluechip Fund - Direct Growth,2024-04-26,185.1347,184.857,185.1347,AXIS,Equity,Large Cap
119551,Axis Bluechip Fund - Direct Growth,2024-04-29,188.1502,187.868,188.1502,AXIS,Equity,Large Cap
119551,Axis Bluechip Fund - Direct Growth,2024-04-30,186.8185,186.5383,186.8185,AXIS,Equity,Large Cap
119551,Axis Bluechip Fund - Direct Growth,2024-05-01,185.6479,185.3694,185.6479,AXIS,Equity,Large Cap
119551,Axis Bluechip Fund - Direct Growth,2024-05-02,184.3022,184.0257,184.3022,AXIS,Equity,Large Cap
119551,Axis Bluechip Fund - Direct Growth,2024-05-03,187.0056,186.7251,187.0056,AXIS,Equity,Large Cap
119551,Axis Bluechip Fund - Direct Growth,2024-05-06,187.2285,186.9477,187.2285,AXIS,Equity,Large Cap
119551,Axis Bluechip Fund - Direct Growth,2024-05-07,188.3625,188.08,188.3625,AXIS,Equity,Large Cap
119551,Axis Bluechip Fund - Direct Growth,2024-05-08,187.1896,186.9088,187.1896,AXIS,Equity,Large Cap
119551,Axis Bluechip Fund - Direct Growth,2024-05-09,188.6862,188.4032,188.6862,AXIS,Equity,Large Cap
119551,Axis Bluechip Fund - Direct Growth,2024-05-10,189.2211,188.9373,189.2211,AXIS,Equity,Large Cap
119551,Axis Bluechip Fund - Direct Growth,2024-05-13,193.5378,193.2475,193.5378,AXIS,Equity,Large Cap
119551,Axis Bluechip Fund - Direct Growth,2024-05-14,192.192,191.9037,192.192,AXIS,Equity,Large Cap
119551,Axis Bluechip Fund - Direct Growth,2024-05-15,191.3747,191.0876,191.3747,AXIS,Equity,Large Cap
119551,Axis Bluechip Fund - Direct Growth,2024-05-16,192.1077,191.8195,192.1077,AXIS,Equity,Large Cap
119551,Axis Bluechip Fund - Direct Growth,2024-05-17,192.9556,192.6662,192.9556,AXIS,Equity,Large Cap
119551,Axis Bluechip Fund - Direct Growth,2024-05-20,198.9851,198.6866,198.9851,AXIS,Equity,Large Cap
119551,Axis Bluechip Fund - Direct Growth,2024-05-21,197.1585,196.8628,197.1585,AXIS,Equity,Large Cap
119551,Axis Bluechip Fund - Direct Growth,2024-05-22,193.974,193.683,193.974,AXIS,Equity,Large Cap
119551,Axis Bluechip Fund - Direct Growth,2024-05-23,192.3502,192.0617,192.3502,AXIS,Equity,Large Cap
119551,Axis Bluechip Fund - Direct Growth,2024-05-24,192.3507,192.0622,192.3507,AXIS,Equity,Large Cap
119551,Axis Bluechip Fund - Direct Growth,2024-05-27,196.0306,195.7366,196.0306,AXIS,Equity,Large Cap
119551,Axis Bluechip Fund - Direct Growth,2024-05-28,196.0704,195.7763,196.0704,AXIS,Equity,Large Cap
119551,Axis Bluechip Fund - Direct Growth,2024-05-29,198.9449,198.6465,198.9449,AXIS,Equity,Large Cap
119551,Axis Bluechip Fund - Direct Growth,2024-05-30,205.0571,204.7495,205.0571,AXIS,Equity,Large Cap
119551,Axis Bluechip Fund - Direct Growth,2024-05-31,203.8328,203.5271,203.8328,AXIS,Equity,Large Cap
119551,Axis Bluechip Fund - Direct Growth,2024-06-03,207.1007,206.79,207.1007,AXIS,Equity,Large Cap
119551,Axis Bluechip Fund - Direct Growth,2024-06-04,211.773,211.4553,211.773,AXIS,Equity,Large Cap
119551,Axis Bluechip Fund - Direct Growth,2024-06-05,213.3416,213.0216,213.3416,AXIS,Equity,Large Cap
119551,Axis Bluechip Fund - Direct Growth,2024-06-06,212.5071,212.1883,212.5071,AXIS,Equity,Large Cap
119551,Axis Bluechip Fund - Direct Growth,2024-06-07,214.0983,213.7772,214.0983,AXIS,Equity,Large Cap
119551,Axis Bluechip Fund - Direct Growth,2024-06-10,220.6785,220.3475,220.6785,AXIS,Equity,Large Cap
119551,Axis Bluechip Fund - Direct Growth,2024-06-11,223.5915,223.2561,223.5915,AXIS,Equity,Large Cap
119551,Axis Bluechip Fund - Direct Growth,2024-06-12,226.8183,226.4781,226.8183,AXIS,Equity,Large Cap
119551,Axis Bluechip Fund - Direct Growth,2024-06-13,230.671,230.325,230.671,AXIS,Equity,Large Cap
119551,Axis Bluechip Fund - Direct Growth,2024-06-14,232.5589,232.2101,232.5589,AXIS,Equity,Large Cap
119551,Axis Bluechip Fund - Direct Growth,2024-06-17,236.1491,235.7949,236.1491,AXIS,Equity,Large Cap
119551,Axis Bluechip Fund - Direct Growth,2024-06-18,233.9285,233.5776,233.9285,AXIS,Equity,Large Cap
119551,Axis Bluechip Fund - Direct Growth,2024-06-19,235.057,234.7044,235.057,AXIS,Equity,Large Cap
119551,Axis Bluechip Fund - Direct Growth,2024-06-20,234.0415,233.6904,234.0415,AXIS,Equity,Large Cap
119551,Axis Bluechip Fund - Direct Growth,2024-06-21,234.2158,233.8645,234.2158,AXIS,Equity,Large Cap
119551,Axis Bluechip Fund - Direct Growth,2024-06-24,238.7717,238.4135,238.7717,AXIS,Equity,Large Cap
119551,Axis Bluechip Fund - Direct Growth,2024-06-25,234.9709,234.6184,234.9709,AXIS,Equity,Large Cap
119551,Axis Bluechip Fund - Direct Growth,2024-06-26,237.1691,236.8133,237.1691,AXIS,Equity,Large Cap
119551,Axis Bluechip Fund - Direct Growth,2024-06-27,239.101,238.7423,239.101,AXIS,Equity,Large Cap
119551,Axis Bluechip Fund - Direct Growth,2024-06-28,245.4035,245.0354,245.4035,AXIS,Equity,Large Cap
119551,Axis Bluechip Fund - Direct Growth,2024-07-01,246.1687,245.7994,246.1687,AXIS,Equity,Large Cap
119551,Axis Bluechip Fund - Direct Growth,2024-07-02,250.927,250.5506,250.927,AXIS,Equity,Large Cap
119551,Axis Bluechip Fund - Direct Growth,2024-07-03,250.7404,250.3643,250.7404,AXIS,Equity,Large Cap
119551,Axis Bluechip Fund - Direct Growth,2024-07-04,251.6802,251.3027,251.6802,AXIS,Equity,Large Cap
119551,Axis Bluechip Fund - Direct Growth,2024-07-05,253.6168,253.2364,253.6168,AXIS,Equity,Large Cap
119551,Axis Bluechip Fund - Direct Growth,2024-07-08,253.7162,253.3356,253.7162,AXIS,Equity,Large Cap
119551,Axis Bluechip Fund - Direct Growth,2024-07-09,257.0865,256.7009,257.0865,AXIS,Equity,Large Cap
119551,Axis Bluechip Fund - Direct Growth,2024-07-10,254.0225,253.6415,254.0225,AXIS,Equity,Large Cap
119551,Axis Bluechip Fund - Direct Growth,2024-07-11,254.5294,254.1476,254.5294,AXIS,Equity,Large Cap
119551,Axis Bluechip Fund - Direct Growth,2024-07-12,252.4928,252.1141,252.4928,AXIS,Equity,Large Cap
119551,Axis Bluechip Fund - Direct Growth,2024-07-15,250.0469,249.6718,250.0469,AXIS,Equity,Large Cap
119551,Axis Bluechip Fund - Direct Growth,2024-07-16,251.2788,250.9019,251.2788,AXIS,Equity,Large Cap
119551,Axis Bluechip Fund - Direct Growth,2024-07-17,256.0999,255.7158,256.0999,AXIS,Equity,Large Cap
119551,Axis Bluechip Fund - Direct Growth,2024-07-18,256.0003,255.6163,256.0003,AXIS,Equity,Large Cap
119551,Axis Bluechip Fund - Direct Growth,2024-07-19,254.3971,254.0155,254.3971,AXIS,Equity,Large Cap
119551,Axis Bluechip Fund - Direct Growth,2024-07-22,249.1759,248.8021,249.1759,AXIS,Equity,Large Cap
119551,Axis Bluechip Fund - Direct Growth,2024-07-23,250.5913,250.2154,250.5913,AXIS,Equity,Large Cap
119551,Axis Bluechip Fund - Direct Growth,2024-07-24,249.1818,248.808,249.1818,AXIS,Equity,Large Cap
119551,Axis Bluechip Fund - Direct Growth,2024-07-25,246.2278,245.8585,246.2278,AXIS,Equity,Large Cap
119551,Axis Bluechip Fund - Direct Growth,2024-07-26,248.4193,248.0467,248.4193,AXIS,Equity,Large Cap
119551,Axis Bluechip Fund - Direct Growth,2024-07-29,243.9521,243.5862,243.9521,AXIS,Equity,Large Cap
119551,Axis Bluechip Fund - Direct Growth,2024-07-30,246.6037,246.2338,246.6037,AXIS,Equity,Large Cap
119551,Axis Bluechip Fund - Direct Growth,2024-07-31,248.6264,248.2535,248.6264,AXIS,Equity,Large Cap
119551,Axis Bluechip Fund - Direct Growth,2024-08-01,248.43,248.0574,248.43,AXIS,Equity,Large Cap
119551,Axis Bluechip Fund - Direct Growth,2024-08-02,254.0345,253.6534,254.0345,AXIS,Equity,Large Cap
119551,Axis Bluechip Fund - Direct Growth,2024-08-05,244.4348,244.0681,244.4348,AXIS,Equity,Large Cap
119551,Axis Bluechip Fund - Direct Growth,2024-08-06,244.3989,244.0323,244.3989,AXIS,Equity,Large Cap
119551,Axis Bluechip Fund - Direct Growth,2024-08-07,245.2103,244.8425,245.2103,AXIS,Equity,Large Cap
119551,Axis Bluechip Fund - Direct Growth,2024-08-08,244.5985,244.2316,244.5985,AXIS,Equity,Large Cap
119551,Axis Bluechip Fund - Direct Growth,2024-08-09,245.7297,245.3611,245.7297,AXIS,Equity,Large Cap
119551,Axis Bluechip Fund - Direct Growth,2024-08-12,246.285,245.9156,246.285,AXIS,Equity,Large Cap
119551,Axis Bluechip Fund - Direct Growth,2024-08-13,249.6856,249.3111,249.6856,AXIS,Equity,Large Cap
119551,Axis Bluechip Fund - Direct Growth,2024-08-14,250.8124,250.4362,250.8124,AXIS,Equity,Large Cap
119551,Axis Bluechip Fund - Direct Growth,2024-08-15,252.2874,251.909,252.2874,AXIS,Equity,Large Cap
119551,Axis Bluechip Fund - Direct Growth,2024-08-16,254.1133,253.7321,254.1133,AXIS,Equity,Large Cap
119551,Axis Bluechip Fund - Direct Growth,2024-08-19,261.8662,261.4734,261.8662,AXIS,Equity,Large Cap
119551,Axis Bluechip Fund - Direct Growth,2024-08-20,262.5885,262.1946,262.5885,AXIS,Equity,Large Cap
119551,Axis Bluechip Fund - Direct Growth,2024-08-21,264.9277,264.5303,264.9277,AXIS,Equity,Large Cap
119551,Axis Bluechip Fund - Direct Growth,2024-08-22,264.7484,264.3513,264.7484,AXIS,Equity,Large Cap
119551,Axis Bluechip Fund - Direct Growth,2024-08-23,269.4295,269.0254,269.4295,AXIS,Equity,Large Cap
119551,Axis Bluechip Fund - Direct Growth,2024-08-26,273.2127,272.8029,273.2127,AXIS,Equity,Large Cap
119551,Axis Bluechip Fund - Direct Growth,2024-08-27,268.6311,268.2282,268.6311,AXIS,Equity,Large Cap
119551,Axis Bluechip Fund - Direct Growth,2024-08-28,269.1515,268.7478,269.1515,AXIS,Equity,Large Cap
119551,Axis Bluechip Fund - Direct Growth,2024-08-29,267.0595,266.6589,267.0595,AXIS,Equity,Large Cap
119551,Axis Bluechip Fund - Direct Growth,2024-08-30,269.8603,269.4555,269.8603,AXIS,Equity,Large Cap
119551,Axis Bluechip Fund - Direct Growth,2024-09-02,260.591,260.2001,260.591,AXIS,Equity,Large Cap
119551,Axis Bluechip Fund - Direct Growth,2024-09-03,259.2808,258.8919,259.2808,AXIS,Equity,Large Cap
119551,Axis Bluechip Fund - Direct Growth,2024-09-04,251.8429,251.4651,251.8429,AXIS,Equity,Large Cap
119551,Axis Bluechip Fund - Direct Growth,2024-09-05,247.1569,246.7862,247.1569,AXIS,Equity,Large Cap
119551,Axis Bluechip Fund - Direct Growth,2024-09-06,249.5111,249.1368,249.5111,AXIS,Equity,Large Cap
119551,Axis Bluechip Fund - Direct Growth,2024-09-09,250.5124,250.1366,250.5124,AXIS,Equity,Large Cap
119551,Axis Bluechip Fund - Direct Growth,2024-09-10,250.4692,250.0935,250.4692,AXIS,Equity,Large Cap
119551,Axis Bluechip Fund - Direct Growth,2024-09-11,250.5586,250.1828,250.5586,AXIS,Equity,Large Cap
119551,Axis Bluechip Fund - Direct Growth,2024-09-12,247.176,246.8052,247.176,AXIS,Equity,Large Cap
119551,Axis Bluechip Fund - Direct Growth,2024-09-13,251.7341,251.3565,251.7341,AXIS,Equity,Large Cap
119551,Axis Bluechip Fund - Direct Growth,2024-09-16,254.0956,253.7145,254.0956,AXIS,Equity,Large Cap
119551,Axis Bluechip Fund - Direct Growth,2024-09-17,254.8326,254.4504,254.8326,AXIS,Equity,Large Cap
119551,Axis Bluechip Fund - Direct Growth,2024-09-18,248.6909,248.3179,248.6909,AXIS,Equity,Large Cap
119551,Axis Bluechip Fund - Direct Growth,2024-09-19,248.0527,247.6806,248.0527,AXIS,Equity,Large Cap
119551,Axis Bluechip Fund - Direct Growth,2024-09-20,246.1219,245.7527,246.1219,AXIS,Equity,Large Cap
119551,Axis Bluechip Fund - Direct Growth,2024-09-23,247.8679,247.4961,247.8679,AXIS,Equity,Large Cap
119551,Axis Bluechip Fund - Direct Growth,2024-09-24,249.8732,249.4984,249.8732,AXIS,Equity,Large Cap
119551,Axis Bluechip Fund - Direct Growth,2024-09-25,248.2605,247.8881,248.2605,AXIS,Equity,Large Cap
119551,Axis Bluechip Fund - Direct Growth,2024-09-26,250.0656,249.6905,250.0656,AXIS,Equity,Large Cap
119551,Axis Bluechip Fund - Direct Growth,2024-09-27,254.3648,253.9833,254.3648,AXIS,Equity,Large Cap
119551,Axis Bluechip Fund - Direct Growth,2024-09-30,255.6793,255.2958,255.6793,AXIS,Equity,Large Cap
119551,Axis Bluechip Fund - Direct Growth,2024-10-01,257.9238,257.5369,257.9238,AXIS,Equity,Large Cap
119551,Axis Bluechip Fund - Direct Growth,2024-10-02,259.2448,258.8559,259.2448,AXIS,Equity,Large Cap
119551,Axis Bluechip Fund - Direct Growth,2024-10-03,262.1334,261.7402,262.1334,AXIS,Equity,Large Cap
119551,Axis Bluechip Fund - Direct Growth,2024-10-04,264.2363,263.8399,264.2363,AXIS,Equity,Large Cap
119551,Axis Bluechip Fund - Direct Growth,2024-10-07,270.3704,269.9648,270.3704,AXIS,Equity,Large Cap
119551,Axis Bluechip Fund - Direct Growth,2024-10-08,271.1196,270.7129,271.1196,AXIS,Equity,Large Cap
119551,Axis Bluechip Fund - Direct Growth,2024-10-09,277.9798,277.5628,277.9798,AXIS,Equity,Large Cap
119551,Axis Bluechip Fund - Direct Growth,2024-10-10,275.792,275.3783,275.792,AXIS,Equity,Large Cap
119551,Axis Bluechip Fund - Direct Growth,2024-10-11,281.6475,281.225,281.6475,AXIS,Equity,Large Cap
119551,Axis Bluechip Fund - Direct Growth,2024-10-14,278.8186,278.4004,278.8186,AXIS,Equity,Large Cap
119551,Axis Bluechip Fund - Direct Growth,2024-10-15,277.8583,277.4415,277.8583,AXIS,Equity,Large Cap
119551,Axis Bluechip Fund - Direct Growth,2024-10-16,279.3837,278.9646,279.3837,AXIS,Equity,Large Cap
119551,Axis Bluechip Fund - Direct Growth,2024-10-17,281.2483,280.8264,281.2483,AXIS,Equity,Large Cap
119551,Axis Bluechip Fund - Direct Growth,2024-10-18,279.4246,279.0055,279.4246,AXIS,Equity,Large Cap
119551,Axis Bluechip Fund - Direct Growth,2024-10-21,292.8097,292.3705,292.8097,AXIS,Equity,Large Cap
119551,Axis Bluechip Fund - Direct Growth,2024-10-22,294.4599,294.0182,294.4599,AXIS,Equity,Large Cap
119551,Axis Bluechip Fund - Direct Growth,2024-10-23,294.712,294.2699,294.712,AXIS,Equity,Large Cap
119551,Axis Bluechip Fund - Direct Growth,2024-10-24,295.2544,294.8115,295.2544,AXIS,Equity,Large Cap
119551,Axis Bluechip Fund - Direct Growth,2024-10-25,297.5462,297.0999,297.5462,AXIS,Equity,Large Cap
119551,Axis Bluechip Fund - Direct Growth,2024-10-28,287.4689,287.0377,287.4689,AXIS,Equity,Large Cap
119551,Axis Bluechip Fund - Direct Growth,2024-10-29,288.9611,288.5277,288.9611,AXIS,Equity,Large Cap
119551,Axis Bluechip Fund - Direct Growth,2024-10-30,291.3209,290.8839,291.3209,AXIS,Equity,Large Cap
119551,Axis Bluechip Fund - Direct Growth,2024-10-31,289.7483,289.3137,289.7483,AXIS,Equity,Large Cap
119551,Axis Bluechip Fund - Direct Growth,2024-11-01,295.3369,294.8939,295.3369,AXIS,Equity,Large Cap
119551,Axis Bluechip Fund - Direct Growth,2024-11-04,286.9969,286.5664,286.9969,AXIS,Equity,Large Cap
119551,Axis Bluechip Fund - Direct Growth,2024-11-05,290.7179,290.2818,290.7179,AXIS,Equity,Large Cap
119551,Axis Bluechip Fund - Direct Growth,2024-11-06,296.7088,296.2637,296.7088,AXIS,Equity,Large Cap
119551,Axis Bluechip Fund - Direct Growth,2024-11-07,295.1936,294.7508,295.1936,AXIS,Equity,Large Cap
119551,Axis Bluechip Fund - Direct Growth,2024-11-08,299.1327,298.684,299.1327,AXIS,Equity,Large Cap
119551,Axis Bluechip Fund - Direct Growth,2024-11-11,301.9,301.4472,301.9,AXIS,Equity,Large Cap
119551,Axis Bluechip Fund - Direct Growth,2024-11-12,304.384,303.9274,304.384,AXIS,Equity,Large Cap
119551,Axis Bluechip Fund - Direct Growth,2024-11-13,298.7478,298.2997,298.7478,AXIS,Equity,Large Cap
119551,Axis Bluechip Fund - Direct Growth,2024-11-14,304.1607,303.7045,304.1607,AXIS,Equity,Large Cap
119551,Axis Bluechip Fund - Direct Growth,2024-11-15,309.3196,308.8556,309.3196,AXIS,Equity,Large Cap
119551,Axis Bluechip Fund - Direct Growth,2024-11-18,310.6565,310.1905,310.6565,AXIS,Equity,Large Cap
119551,Axis Bluechip Fund - Direct Growth,2024-11-19,311.7525,311.2849,311.7525,AXIS,Equity,Large Cap
119551,Axis Bluechip Fund - Direct Growth,2024-11-20,309.8185,309.3538,309.8185,AXIS,Equity,Large Cap
119551,Axis Bluechip Fund - Direct Growth,2024-11-21,307.4455,306.9843,307.4455,AXIS,Equity,Large Cap
119551,Axis Bluechip Fund - Direct Growth,2024-11-22,307.4742,307.013,307.4742,AXIS,Equity,Large Cap
119551,Axis Bluechip Fund - Direct Growth,2024-11-25,312.8125,312.3433,312.8125,AXIS,Equity,Large Cap
119551,Axis Bluechip Fund - Direct Growth,2024-11-26,315.8344,315.3606,315.8344,AXIS,Equity,Large Cap
119551,Axis Bluechip Fund - Direct Growth,2024-11-27,305.1647,304.707,305.1647,AXIS,Equity,Large Cap
119551,Axis Bluechip Fund - Direct Growth,2024-11-28,309.4935,309.0293,309.4935,AXIS,Equity,Large Cap
119551,Axis Bluechip Fund - Direct Growth,2024-11-29,303.1561,302.7014,303.1561,AXIS,Equity,Large Cap
119551,Axis Bluechip Fund - Direct Growth,2024-12-02,293.5116,293.0713,293.5116,AXIS,Equity,Large Cap
119551,Axis Bluechip Fund - Direct Growth,2024-12-03,297.7176,297.271,297.7176,AXIS,Equity,Large Cap
119551,Axis Bluechip Fund - Direct Growth,2024-12-04,296.1658,295.7216,296.1658,AXIS,Equity,Large Cap
119551,Axis Bluechip Fund - Direct Growth,2024-12-05,297.5157,297.0694,297.5157,AXIS,Equity,Large Cap
119551,Axis Bluechip Fund - Direct Growth,2024-12-06,297.4672,297.021,297.4672,AXIS,Equity,Large Cap
119551,Axis Bluechip Fund - Direct Growth,2024-12-09,295.1906,294.7478,295.1906,AXIS,Equity,Large Cap
119551,Axis Bluechip Fund - Direct Growth,2024-12-10,298.8377,298.3894,298.8377,AXIS,Equity,Large Cap
119551,Axis Bluechip Fund - Direct Growth,2024-12-11,297.1866,296.7408,297.1866,AXIS,Equity,Large Cap
119551,Axis Bluechip Fund - Direct Growth,2024-12-12,291.7543,291.3167,291.7543,AXIS,Equity,Large Cap
119551,Axis Bluechip Fund - Direct Growth,2024-12-13,290.3721,289.9365,290.3721,AXIS,Equity,Large Cap
119551,Axis Bluechip Fund - Direct Growth,2024-12-16,297.7222,297.2756,297.7222,AXIS,Equity,Large Cap
119551,Axis Bluechip Fund - Direct Growth,2024-12-17,296.5935,296.1486,296.5935,AXIS,Equity,Large Cap
119551,Axis Bluechip Fund - Direct Growth,2024-12-18,295.5674,295.124,295.5674,AXIS,Equity,Large Cap
119551,Axis Bluechip Fund - Direct Growth,2024-12-19,303.0515,302.5969,303.0515,AXIS,Equity,Large Cap
119551,Axis Bluechip Fund - Direct Growth,2024-12-20,304.5617,304.1049,304.5617,AXIS,Equity,Large Cap
119551,Axis Bluechip Fund - Direct Growth,2024-12-23,311.1769,310.7101,311.1769,AXIS,Equity,Large Cap
119551,Axis Bluechip Fund - Direct Growth,2024-12-24,310.3341,309.8686,310.3341,AXIS,Equity,Large Cap
119551,Axis Bluechip Fund - Direct Growth,2024-12-26,309.5848,309.1204,309.5848,AXIS,Equity,Large Cap
119551,Axis Bluechip Fund - Direct Growth,2024-12-27,309.5704,309.106,309.5704,AXIS,Equity,Large Cap
119551,Axis Bluechip Fund - Direct Growth,2024-12-30,315.5914,315.118,315.5914,AXIS,Equity,Large Cap
119551,Axis Bluechip Fund - Direct Growth,2024-12-31,315.412,314.9389,315.412,AXIS,Equity,Large Cap
120503,Mirae Asset Large Cap Fund - Direct Growth,2022-01-03,171.8705,171.6127,171.8705,MIRAE,Equity,Large Cap
120503,Mirae Asset Large Cap Fund - Direct Growth,2022-01-04,172.6539,172.3949,172.6539,MIRAE,Equity,Large Cap
120503,Mirae Asset Large Cap Fund - Direct Growth,2022-01-05,174.7907,174.5285,174.7907,MIRAE,Equity,Large Cap
120503,Mirae Asset Large Cap Fund - Direct Growth,2022-01-06,168.7858,168.5326,168.7858,MIRAE,Equity,Large Cap
120503,Mirae Asset Large Cap Fund - Direct Growth,2022-01-07,173.0832,172.8236,173.0832,MIRAE,Equity,Large Cap
120503,Mirae Asset Large Cap Fund - Direct Growth,2022-01-10,173.1138,172.8541,173.1138,MIRAE,Equity,Large Cap
120503,Mirae Asset Large Cap Fund - Direct Growth,2022-01-11,174.456,174.1943,174.456,MIRAE,Equity,Large Cap
120503,Mirae Asset Large Cap Fund - Direct Growth,2022-01-12,172.3205,172.062,172.3205,MIRAE,Equity,Large Cap
120503,Mirae Asset Large Cap Fund - Direct Growth,2022-01-13,171.0996,170.843,171.0996,MIRAE,Equity,Large Cap
120503,Mirae Asset Large Cap Fund - Direct Growth,2022-01-14,175.0979,174.8353,175.0979,MIRAE,Equity,Large Cap
120503,Mirae Asset Large Cap Fund - Direct Growth,2022-01-17,177.1935,176.9277,177.1935,MIRAE,Equity,Large Cap
120503,Mirae Asset Large Cap Fund - Direct Growth,2022-01-18,178.3184,178.0509,178.3184,MIRAE,Equity,Large Cap
120503,Mirae Asset Large Cap Fund - Direct Growth,2022-01-19,178.7116,178.4435,178.7116,MIRAE,Equity,Large Cap
120503,Mirae Asset Large Cap Fund - Direct Growth,2022-01-20,179.5658,179.2965,179.5658,MIRAE,Equity,Large Cap
120503,Mirae Asset Large Cap Fund - Direct Growth,2022-01-21,184.8165,184.5393,184.8165,MIRAE,Equity,Large Cap
120503,Mirae Asset Large Cap Fund - Direct Growth,2022-01-24,187.6925,187.411,187.6925,MIRAE,Equity,Large Cap
120503,Mirae Asset Large Cap Fund - Direct Growth,2022-01-25,190.2576,189.9722,190.2576,MIRAE,Equity,Large Cap
120503,Mirae Asset Large Cap Fund - Direct Growth,2022-01-26,193.0438,192.7542,193.0438,MIRAE,Equity,Large Cap
120503,Mirae Asset Large Cap Fund - Direct Growth,2022-01-27,194.6007,194.3088,194.6007,MIRAE,Equity,Large Cap
120503,Mirae Asset Large Cap Fund - Direct Growth,2022-01-28,192.0094,191.7214,192.0094,MIRAE,Equity,Large Cap
120503,Mirae Asset Large Cap Fund - Direct Growth,2022-01-31,194.013,193.722,194.013,MIRAE,Equity,Large Cap
120503,Mirae Asset Large Cap Fund - Direct Growth,2022-02-01,192.3345,192.046,192.3345,MIRAE,Equity,Large Cap
120503,Mirae Asset Large Cap Fund - Direct Growth,2022-02-02,192.2634,191.975,192.2634,MIRAE,Equity,Large Cap
120503,Mirae Asset Large Cap Fund - Direct Growth,2022-02-03,193.0988,192.8092,193.0988,MIRAE,Equity,Large Cap
120503,Mirae Asset Large Cap Fund - Direct Growth,2022-02-04,193.9207,193.6298,193.9207,MIRAE,Equity,Large Cap
120503,Mirae Asset Large Cap Fund - Direct Growth,2022-02-07,199.9955,199.6955,199.9955,MIRAE,Equity,Large Cap
120503,Mirae Asset Large Cap Fund - Direct Growth,2022-02-08,199.4895,199.1903,199.4895,MIRAE,Equity,Large Cap
120503,Mirae Asset Large Cap Fund - Direct Growth,2022-02-09,201.8772,201.5744,201.8772,MIRAE,Equity,Large Cap
120503,Mirae Asset Large Cap Fund - Direct Growth,2022-02-10,204.8395,204.5322,204.8395,MIRAE,Equity,Large Cap
120503,Mirae Asset Large Cap Fund - Direct Growth,2022-02-11,201.9039,201.601,201.9039,MIRAE,Equity,Large Cap
120503,Mirae Asset Large Cap Fund - Direct Growth,2022-02-14,204.5745,204.2676,204.5745,MIRAE,Equity,Large Cap
120503,Mirae Asset Large Cap Fund - Direct Growth,2022-02-15,208.0335,207.7214,208.0335,MIRAE,Equity,Large Cap
120503,Mirae Asset Large Cap Fund - Direct Growth,2022-02-16,207.7421,207.4305,207.7421,MIRAE,Equity,Large Cap
120503,Mirae Asset Large Cap Fund - Direct Growth,2022-02-17,208.1382,207.826,208.1382,MIRAE,Equity,Large Cap
120503,Mirae Asset Large Cap Fund - Direct Growth,2022-02-18,207.7892,207.4775,207.7892,MIRAE,Equity,Large Cap
120503,Mirae Asset Large Cap Fund - Direct Growth,2022-02-21,201.7943,201.4916,201.7943,MIRAE,Equity,Large Cap
120503,Mirae Asset Large Cap Fund - Direct Growth,2022-02-22,205.7362,205.4276,205.7362,MIRAE,Equity,Large Cap
120503,Mirae Asset Large Cap Fund - Direct Growth,2022-02-23,203.7275,203.4219,203.7275,MIRAE,Equity,Large Cap
120503,Mirae Asset Large Cap Fund - Direct Growth,2022-02-24,201.3853,201.0832,201.3853,MIRAE,Equity,Large Cap
120503,Mirae Asset Large Cap Fund - Direct Growth,2022-02-25,196.2619,195.9675,196.2619,MIRAE,Equity,Large Cap
120503,Mirae Asset Large Cap Fund - Direct Growth,2022-02-28,195.6765,195.383,195.6765,MIRAE,Equity,Large Cap
120503,Mirae Asset Large Cap Fund - Direct Growth,2022-03-01,198.1259,197.8287,198.1259,MIRAE,Equity,Large Cap
120503,Mirae Asset Large Cap Fund - Direct Growth,2022-03-02,196.5691,196.2742,196.5691,MIRAE,Equity,Large Cap
120503,Mirae Asset Large Cap Fund - Direct Growth,2022-03-03,201.9608,201.6579,201.9608,MIRAE,Equity,Large Cap
120503,Mirae Asset Large Cap Fund - Direct Growth,2022-03-04,204.4209,204.1143,204.4209,MIRAE,Equity,Large Cap
120503,Mirae Asset Large Cap Fund - Direct Growth,2022-03-07,203.1911,202.8863,203.1911,MIRAE,Equity,Large Cap
120503,Mirae Asset Large Cap Fund - Direct Growth,2022-03-08,199.8842,199.5844,199.8842,MIRAE,Equity,Large Cap
120503,Mirae Asset Large Cap Fund - Direct Growth,2022-03-09,196.0175,195.7235,196.0175,MIRAE,Equity,Large Cap
120503,Mirae Asset Large Cap Fund - Direct Growth,2022-03-10,198.5012,198.2034,198.5012,MIRAE,Equity,Large Cap
120503,Mirae Asset Large Cap Fund - Direct Growth,2022-03-11,204.3921,204.0855,204.3921,MIRAE,Equity,Large Cap
120503,Mirae Asset Large Cap Fund - Direct Growth,2022-03-14,210.9368,210.6204,210.9368,MIRAE,Equity,Large Cap
120503,Mirae Asset Large Cap Fund - Direct Growth,2022-03-15,213.1814,212.8616,213.1814,MIRAE,Equity,Large Cap
120503,Mirae Asset Large Cap Fund - Direct Growth,2022-03-16,215.2081,214.8853,215.2081,MIRAE,Equity,Large Cap
120503,Mirae Asset Large Cap Fund - Direct Growth,2022-03-17,216.0204,215.6964,216.0204,MIRAE,Equity,Large Cap
120503,Mirae Asset Large Cap Fund - Direct Growth,2022-03-18,216.3769,216.0523,216.3769,MIRAE,Equity,Large Cap
120503,Mirae Asset Large Cap Fund - Direct Growth,2022-03-21,213.7939,213.4732,213.7939,MIRAE,Equity,Large Cap
120503,Mirae Asset Large Cap Fund - Direct Growth,2022-03-22,209.5361,209.2218,209.5361,MIRAE,Equity,Large Cap
120503,Mirae Asset Large Cap Fund - Direct Growth,2022-03-23,209.3726,209.0585,209.3726,MIRAE,Equity,Large Cap
120503,Mirae Asset Large Cap Fund - Direct Growth,2022-03-24,206.9725,206.662,206.9725,MIRAE,Equity,Large Cap
120503,Mirae Asset Large Cap Fund - Direct Growth,2022-03-25,204.3143,204.0078,204.3143,MIRAE,Equity,Large Cap
120503,Mirae Asset Large Cap Fund - Direct Growth,2022-03-28,210.7198,210.4037,210.7198,MIRAE,Equity,Large Cap
120503,Mirae Asset Large Cap Fund - Direct Growth,2022-03-29,206.8329,206.5227,206.8329,MIRAE,Equity,Large Cap
120503,Mirae Asset Large Cap Fund - Direct Growth,2022-03-30,204.4594,204.1527,204.4594,MIRAE,Equity,Large Cap
120503,Mirae Asset Large Cap Fund - Direct Growth,2022-03-31,206.8494,206.5391,206.8494,MIRAE,Equity,Large Cap
120503,Mirae Asset Large Cap Fund - Direct Growth,2022-04-01,204.4934,204.1867,204.4934,MIRAE,Equity,Large Cap
120503,Mirae Asset Large Cap Fund - Direct Growth,2022-04-04,203.1471,202.8424,203.1471,MIRAE,Equity,Large Cap
120503,Mirae Asset Large Cap Fund - Direct Growth,2022-04-05,203.4852,203.18,203.4852,MIRAE,Equity,Large Cap
120503,Mirae Asset Large Cap Fund - Direct Growth,2022-04-06,200.3091,200.0086,200.3091,MIRAE,Equity,Large Cap
120503,Mirae Asset Large Cap Fund - Direct Growth,2022-04-07,198.9437,198.6453,198.9437,MIRAE,Equity,Large Cap
120503,Mirae Asset Large Cap Fund - Direct Growth,2022-04-08,199.7867,199.487,199.7867,MIRAE,Equity,Large Cap
120503,Mirae Asset Large Cap Fund - Direct Growth,2022-04-11,197.1946,196.8988,197.1946,MIRAE,Equity,Large Cap
120503,Mirae Asset Large Cap Fund - Direct Growth,2022-04-12,198.5809,198.283,198.5809,MIRAE,Equity,Large Cap
120503,Mirae Asset Large Cap Fund - Direct Growth,2022-04-13,199.1939,198.8951,199.1939,MIRAE,Equity,Large Cap
120503,Mirae Asset Large Cap Fund - Direct Growth,2022-04-14,202.5343,202.2305,202.5343,MIRAE,Equity,Large Cap
120503,Mirae Asset Large Cap Fund - Direct Growth,2022-04-15,202.9197,202.6153,202.9197,MIRAE,Equity,Large Cap
120503,Mirae Asset Large Cap Fund - Direct Growth,2022-04-18,203.7325,203.4269,203.7325,MIRAE,Equity,Large Cap
120503,Mirae Asset Large Cap Fund - Direct Growth,2022-04-19,203.9334,203.6275,203.9334,MIRAE,Equity,Large Cap
120503,Mirae Asset Large Cap Fund - Direct Growth,2022-04-20,204.1143,203.8081,204.1143,MIRAE,Equity,Large Cap
120503,Mirae Asset Large Cap Fund - Direct Growth,2022-04-21,202.4765,202.1728,202.4765,MIRAE,Equity,Large Cap
120503,Mirae Asset Large Cap Fund - Direct Growth,2022-04-22,200.9468,200.6454,200.9468,MIRAE,Equity,Large Cap
120503,Mirae Asset Large Cap Fund - Direct Growth,2022-04-25,198.9411,198.6427,198.9411,MIRAE,Equity,Large Cap
120503,Mirae Asset Large Cap Fund - Direct Growth,2022-04-26,197.3665,197.0705,197.3665,MIRAE,Equity,Large Cap
120503,Mirae Asset Large Cap Fund - Direct Growth,2022-04-27,195.744,195.4504,195.744,MIRAE,Equity,Large Cap
120503,Mirae Asset Large Cap Fund - Direct Growth,2022-04-28,197.9244,197.6275,197.9244,MIRAE,Equity,Large Cap
120503,Mirae Asset Large Cap Fund - Direct Growth,2022-04-29,197.303,197.007,197.303,MIRAE,Equity,Large Cap
120503,Mirae Asset Large Cap Fund - Direct Growth,2022-05-02,199.5422,199.2429,199.5422,MIRAE,Equity,Large Cap
120503,Mirae Asset Large Cap Fund - Direct Growth,2022-05-03,197.6218,197.3254,197.6218,MIRAE,Equity,Large Cap
120503,Mirae Asset Large Cap Fund - Direct Growth,2022-05-04,202.788,202.4838,202.788,MIRAE,Equity,Large Cap
120503,Mirae Asset Large Cap Fund - Direct Growth,2022-05-05,199.9791,199.6791,199.9791,MIRAE,Equity,Large Cap
120503,Mirae Asset Large Cap Fund - Direct Growth,2022-05-06,200.8026,200.5014,200.8026,MIRAE,Equity,Large Cap
120503,Mirae Asset Large Cap Fund - Direct Growth,2022-05-09,203.125,202.8203,203.125,MIRAE,Equity,Large Cap
120503,Mirae Asset Large Cap Fund - Direct Growth,2022-05-10,202.8898,202.5855,202.8898,MIRAE,Equity,Large Cap
120503,Mirae Asset Large Cap Fund - Direct Growth,2022-05-11,203.0776,202.773,203.0776,MIRAE,Equity,Large Cap
120503,Mirae Asset Large Cap Fund - Direct Growth,2022-05-12,202.8006,202.4964,202.8006,MIRAE,Equity,Large Cap
120503,Mirae Asset Large Cap Fund - Direct Growth,2022-05-13,205.2274,204.9196,205.2274,MIRAE,Equity,Large Cap
120503,Mirae Asset Large Cap Fund - Direct Growth,2022-05-16,206.0691,205.76,206.0691,MIRAE,Equity,Large Cap
120503,Mirae Asset Large Cap Fund - Direct Growth,2022-05-17,205.9332,205.6243,205.9332,MIRAE,Equity,Large Cap
120503,Mirae Asset Large Cap Fund - Direct Growth,2022-05-18,212.3905,212.0719,212.3905,MIRAE,Equity,Large Cap
120503,Mirae Asset Large Cap Fund - Direct Growth,2022-05-19,210.4271,210.1115,210.4271,MIRAE,Equity,Large Cap
120503,Mirae Asset Large Cap Fund - Direct Growth,2022-05-20,214.6502,214.3282,214.6502,MIRAE,Equity,Large Cap
120503,Mirae Asset Large Cap Fund - Direct Growth,2022-05-23,219.2633,218.9344,219.2633,MIRAE,Equity,Large Cap
120503,Mirae Asset Large Cap Fund - Direct Growth,2022-05-24,223.6356,223.3001,223.6356,MIRAE,Equity,Large Cap
120503,Mirae Asset Large Cap Fund - Direct Growth,2022-05-25,222.7076,222.3735,222.7076,MIRAE,Equity,Large Cap
120503,Mirae Asset Large Cap Fund - Direct Growth,2022-05-26,222.2526,221.9192,222.2526,MIRAE,Equity,Large Cap
120503,Mirae Asset Large Cap Fund - Direct Growth,2022-05-27,220.7901,220.4589,220.7901,MIRAE,Equity,Large Cap
120503,Mirae Asset Large Cap Fund - Direct Growth,2022-05-30,213.4828,213.1626,213.4828,MIRAE,Equity,Large Cap
120503,Mirae Asset Large Cap Fund - Direct Growth,2022-05-31,213.6555,213.335,213.6555,MIRAE,Equity,Large Cap
120503,Mirae Asset Large Cap Fund - Direct Growth,2022-06-01,211.7669,211.4492,211.7669,MIRAE,Equity,Large Cap
120503,Mirae Asset Large Cap Fund - Direct Growth,2022-06-02,212.4457,212.127,212.4457,MIRAE,Equity,Large Cap
120503,Mirae Asset Large Cap Fund - Direct Growth,2022-06-03,208.5642,208.2514,208.5642,MIRAE,Equity,Large Cap
120503,Mirae Asset Large Cap Fund - Direct Growth,2022-06-06,206.6756,206.3656,206.6756,MIRAE,Equity,Large Cap
120503,Mirae Asset Large Cap Fund - Direct Growth,2022-06-07,207.686,207.3745,207.686,MIRAE,Equity,Large Cap
120503,Mirae Asset Large Cap Fund - Direct Growth,2022-06-08,210.8287,210.5125,210.8287,MIRAE,Equity,Large Cap
120503,Mirae Asset Large Cap Fund - Direct Growth,2022-06-09,207.8527,207.5409,207.8527,MIRAE,Equity,Large Cap
120503,Mirae Asset Large Cap Fund - Direct Growth,2022-06-10,212.1076,211.7894,212.1076,MIRAE,Equity,Large Cap
120503,Mirae Asset Large Cap Fund - Direct Growth,2022-06-13,211.4831,211.1659,211.4831,MIRAE,Equity,Large Cap
120503,Mirae Asset Large Cap Fund - Direct Growth,2022-06-14,212.9846,212.6651,212.9846,MIRAE,Equity,Large Cap
120503,Mirae Asset Large Cap Fund - Direct Growth,2022-06-15,213.264,212.9441,213.264,MIRAE,Equity,Large Cap
120503,Mirae Asset Large Cap Fund - Direct Growth,2022-06-16,214.7281,214.406,214.7281,MIRAE,Equity,Large Cap
120503,Mirae Asset Large Cap Fund - Direct Growth,2022-06-17,212.4417,212.123,212.4417,MIRAE,Equity,Large Cap
120503,Mirae Asset Large Cap Fund - Direct Growth,2022-06-20,209.235,208.9211,209.235,MIRAE,Equity,Large Cap
120503,Mirae Asset Large Cap Fund - Direct Growth,2022-06-21,207.0491,206.7385,207.0491,MIRAE,Equity,Large Cap
120503,Mirae Asset Large Cap Fund - Direct Growth,2022-06-22,205.3044,204.9964,205.3044,MIRAE,Equity,Large Cap
120503,Mirae Asset Large Cap Fund - Direct Growth,2022-06-23,208.4318,208.1192,208.4318,MIRAE,Equity,Large Cap
120503,Mirae Asset Large Cap Fund - Direct Growth,2022-06-24,211.2447,210.9278,211.2447,MIRAE,Equity,Large Cap
120503,Mirae Asset Large Cap Fund - Direct Growth,2022-06-27,209.4543,209.1401,209.4543,MIRAE,Equity,Large Cap
120503,Mirae Asset Large Cap Fund - Direct Growth,2022-06-28,212.5871,212.2682,212.5871,MIRAE,Equity,Large Cap
120503,Mirae Asset Large Cap Fund - Direct Growth,2022-06-29,213.0337,212.7141,213.0337,MIRAE,Equity,Large Cap
120503,Mirae Asset Large Cap Fund - Direct Growth,2022-06-30,219.0481,218.7195,219.0481,MIRAE,Equity,Large Cap
120503,Mirae Asset Large Cap Fund - Direct Growth,2022-07-04,220.4751,220.1444,220.4751,MIRAE,Equity,Large Cap
120503,Mirae Asset Large Cap Fund - Direct Growth,2022-07-05,220.1599,219.8297,220.1599,MIRAE,Equity,Large Cap
120503,Mirae Asset Large Cap Fund - Direct Growth,2022-07-06,222.1187,221.7855,222.1187,MIRAE,Equity,Large Cap
120503,Mirae Asset Large Cap Fund - Direct Growth,2022-07-07,224.7576,224.4205,224.7576,MIRAE,Equity,Large Cap
120503,Mirae Asset Large Cap Fund - Direct Growth,2022-07-08,222.7276,222.3935,222.7276,MIRAE,Equity,Large Cap
120503,Mirae Asset Large Cap Fund - Direct Growth,2022-07-11,215.9087,215.5848,215.9087,MIRAE,Equity,Large Cap
120503,Mirae Asset Large Cap Fund - Direct Growth,2022-07-12,213.1363,212.8166,213.1363,MIRAE,Equity,Large Cap
120503,Mirae Asset Large Cap Fund - Direct Growth,2022-07-13,207.7152,207.4036,207.7152,MIRAE,Equity,Large Cap
120503,Mirae Asset Large Cap Fund - Direct Growth,2022-07-14,208.7669,208.4537,208.7669,MIRAE,Equity,Large Cap
120503,Mirae Asset Large Cap Fund - Direct Growth,2022-07-15,215.0959,214.7733,215.0959,MIRAE,Equity,Large Cap
120503,Mirae Asset Large Cap Fund - Direct Growth,2022-07-18,217.7178,217.3912,217.7178,MIRAE,Equity,Large Cap
120503,Mirae Asset Large Cap Fund - Direct Growth,2022-07-19,217.5465,217.2202,217.5465,MIRAE,Equity,Large Cap
120503,Mirae Asset Large Cap Fund - Direct Growth,2022-07-20,220.0328,219.7028,220.0328,MIRAE,Equity,Large Cap
120503,Mirae Asset Large Cap Fund - Direct Growth,2022-07-21,219.3544,219.0254,219.3544,MIRAE,Equity,Large Cap
120503,Mirae Asset Large Cap Fund - Direct Growth,2022-07-22,220.146,219.8158,220.146,MIRAE,Equity,Large Cap
120503,Mirae Asset Large Cap Fund - Direct Growth,2022-07-25,222.0995,221.7664,222.0995,MIRAE,Equity,Large Cap
120503,Mirae Asset Large Cap Fund - Direct Growth,2022-07-26,221.722,221.3894,221.722,MIRAE,Equity,Large Cap
120503,Mirae Asset Large Cap Fund - Direct Growth,2022-07-27,219.7999,219.4702,219.7999,MIRAE,Equity,Large Cap
120503,Mirae Asset Large Cap Fund - Direct Growth,2022-07-28,221.3029,220.9709,221.3029,MIRAE,Equity,Large Cap
120503,Mirae Asset Large Cap Fund - Direct Growth,2022-07-29,219.0054,218.6769,219.0054,MIRAE,Equity,Large Cap
120503,Mirae Asset Large Cap Fund - Direct Growth,2022-08-01,222.1752,221.8419,222.1752,MIRAE,Equity,Large Cap
120503,Mirae Asset Large Cap Fund - Direct Growth,2022-08-02,223.5297,223.1944,223.5297,MIRAE,Equity,Large Cap
120503,Mirae Asset Large Cap Fund - Direct Growth,2022-08-03,223.552,223.2167,223.552,MIRAE,Equity,Large Cap
120503,Mirae Asset Large Cap Fund - Direct Growth,2022-08-04,225.8352,225.4964,225.8352,MIRAE,Equity,Large Cap
120503,Mirae Asset Large Cap Fund - Direct Growth,2022-08-05,229.693,229.3485,229.693,MIRAE,Equity,Large Cap
120503,Mirae Asset Large Cap Fund - Direct Growth,2022-08-08,227.8929,227.5511,227.8929,MIRAE,Equity,Large Cap
120503,Mirae Asset Large Cap Fund - Direct Growth,2022-08-09,225.0713,224.7337,225.0713,MIRAE,Equity,Large Cap
120503,Mirae Asset Large Cap Fund - Direct Growth,2022-08-10,224.337,224.0005,224.337,MIRAE,Equity,Large Cap
120503,Mirae Asset Large Cap Fund - Direct Growth,2022-08-11,222.7859,222.4517,222.7859,MIRAE,Equity,Large Cap
120503,Mirae Asset Large Cap Fund - Direct Growth,2022-08-12,222.3752,222.0416,222.3752,MIRAE,Equity,Large Cap
120503,Mirae Asset Large Cap Fund - Direct Growth,2022-08-15,224.0194,223.6834,224.0194,MIRAE,Equity,Large Cap
120503,Mirae Asset Large Cap Fund - Direct Growth,2022-08-16,225.4168,225.0787,225.4168,MIRAE,Equity,Large Cap
120503,Mirae Asset Large Cap Fund - Direct Growth,2022-08-17,225.6814,225.3429,225.6814,MIRAE,Equity,Large Cap
120503,Mirae Asset Large Cap Fund - Direct Growth,2022-08-18,220.4218,220.0912,220.4218,MIRAE,Equity,Large Cap
120503,Mirae Asset Large Cap Fund - Direct Growth,2022-08-19,218.0254,217.6984,218.0254,MIRAE,Equity,Large Cap
120503,Mirae Asset Large Cap Fund - Direct Growth,2022-08-22,216.2932,215.9688,216.2932,MIRAE,Equity,Large Cap
120503,Mirae Asset Large Cap Fund - Direct Growth,2022-08-23,220.3528,220.0223,220.3528,MIRAE,Equity,Large Cap
120503,Mirae Asset Large Cap Fund - Direct Growth,2022-08-24,223.6636,223.3281,223.6636,MIRAE,Equity,Large Cap
120503,Mirae Asset Large Cap Fund - Direct Growth,2022-08-25,223.1802,222.8454,223.1802,MIRAE,Equity,Large Cap
120503,Mirae Asset Large Cap Fund - Direct Growth,2022-08-26,227.2619,226.921,227.2619,MIRAE,Equity,Large Cap
120503,Mirae Asset Large Cap Fund - Direct Growth,2022-08-29,225.3484,225.0104,225.3484,MIRAE,Equity,Large Cap
120503,Mirae Asset Large Cap Fund - Direct Growth,2022-08-30,224.6206,224.2837,224.6206,MIRAE,Equity,Large Cap
120503,Mirae Asset Large Cap Fund - Direct Growth,2022-08-31,223.6641,223.3286,223.6641,MIRAE,Equity,Large Cap
120503,Mirae Asset Large Cap Fund - Direct Growth,2022-09-01,224.211,223.8747,224.211,MIRAE,Equity,Large Cap
120503,Mirae Asset Large Cap Fund - Direct Growth,2022-09-02,224.7327,224.3956,224.7327,MIRAE,Equity,Large Cap
120503,Mirae Asset Large Cap Fund - Direct Growth,2022-09-05,229.4205,229.0764,229.4205,MIRAE,Equity,Large Cap
120503,Mirae Asset Large Cap Fund - Direct Growth,2022-09-06,232.1264,231.7782,232.1264,MIRAE,Equity,Large Cap
120503,Mirae Asset Large Cap Fund - Direct Growth,2022-09-07,228.083,227.7409,228.083,MIRAE,Equity,Large Cap
120503,Mirae Asset Large Cap Fund - Direct Growth,2022-09-08,221.1842,220.8524,221.1842,MIRAE,Equity,Large Cap
120503,Mirae Asset Large Cap Fund - Direct Growth,2022-09-09,223.7526,223.417,223.7526,MIRAE,Equity,Large Cap
120503,Mirae Asset Large Cap Fund - Direct Growth,2022-09-12,216.6697,216.3447,216.6697,MIRAE,Equity,Large Cap
120503,Mirae Asset Large Cap Fund - Direct Growth,2022-09-13,212.0712,211.7531,212.0712,MIRAE,Equity,Large Cap
120503,Mirae Asset Large Cap Fund - Direct Growth,2022-09-14,213.534,213.2137,213.534,MIRAE,Equity,Large Cap
120503,Mirae Asset Large Cap Fund - Direct Growth,2022-09-15,215.5647,215.2414,215.5647,MIRAE,Equity,Large Cap
120503,Mirae Asset Large Cap Fund - Direct Growth,2022-09-16,214.1596,213.8384,214.1596,MIRAE,Equity,Large Cap
120503,Mirae Asset Large Cap Fund - Direct Growth,2022-09-19,207.3613,207.0503,207.3613,MIRAE,Equity,Large Cap
120503,Mirae Asset Large Cap Fund - Direct Growth,2022-09-20,203.7642,203.4586,203.7642,MIRAE,Equity,Large Cap
120503,Mirae Asset Large Cap Fund - Direct Growth,2022-09-21,204.2941,203.9877,204.2941,MIRAE,Equity,Large Cap
120503,Mirae Asset Large Cap Fund - Direct Growth,2022-09-22,204.3383,204.0318,204.3383,MIRAE,Equity,Large Cap
120503,Mirae Asset Large Cap Fund - Direct Growth,2022-09-23,205.8405,205.5317,205.8405,MIRAE,Equity,Large Cap
120503,Mirae Asset Large Cap Fund - Direct Growth,2022-09-26,206.9019,206.5915,206.9019,MIRAE,Equity,Large Cap
120503,Mirae Asset Large Cap Fund - Direct Growth,2022-09-27,206.5911,206.2812,206.5911,MIRAE,Equity,Large Cap
120503,Mirae Asset Large Cap Fund - Direct Growth,2022-09-28,206.606,206.2961,206.606,MIRAE,Equity,Large Cap
120503,Mirae Asset Large Cap Fund - Direct Growth,2022-09-29,204.3748,204.0682,204.3748,MIRAE,Equity,Large Cap
120503,Mirae Asset Large Cap Fund - Direct Growth,2022-09-30,203.3694,203.0643,203.3694,MIRAE,Equity,Large Cap
120503,Mirae Asset Large Cap Fund - Direct Growth,2022-10-03,205.1623,204.8546,205.1623,MIRAE,Equity,Large Cap
120503,Mirae Asset Large Cap Fund - Direct Growth,2022-10-04,201.8668,201.564,201.8668,MIRAE,Equity,Large Cap
120503,Mirae Asset Large Cap Fund - Direct Growth,2022-10-05,198.0389,197.7418,198.0389,MIRAE,Equity,Large Cap
120503,Mirae Asset Large Cap Fund - Direct Growth,2022-10-06,201.6143,201.3119,201.6143,MIRAE,Equity,Large Cap
120503,Mirae Asset Large Cap Fund - Direct Growth,2022-10-07,201.1885,200.8867,201.1885,MIRAE,Equity,Large Cap
120503,Mirae Asset Large Cap Fund - Direct Growth,2022-10-10,200.8362,200.5349,200.8362,MIRAE,Equity,Large Cap
120503,Mirae Asset Large Cap Fund - Direct Growth,2022-10-11,205.3173,205.0093,205.3173,MIRAE,Equity,Large Cap
120503,Mirae Asset Large Cap Fund - Direct Growth,2022-10-12,207.0697,206.7591,207.0697,MIRAE,Equity,Large Cap
120503,Mirae Asset Large Cap Fund - Direct Growth,2022-10-13,205.9401,205.6312,205.9401,MIRAE,Equity,Large Cap
120503,Mirae Asset Large Cap Fund - Direct Growth,2022-10-14,211.3538,211.0368,211.3538,MIRAE,Equity,Large Cap
120503,Mirae Asset Large Cap Fund - Direct Growth,2022-10-17,212.7009,212.3818,212.7009,MIRAE,Equity,Large Cap
120503,Mirae Asset Large Cap Fund - Direct Growth,2022-10-18,216.1086,215.7844,216.1086,MIRAE,Equity,Large Cap
120503,Mirae Asset Large Cap Fund - Direct Growth,2022-10-19,220.2445,219.9141,220.2445,MIRAE,Equity,Large Cap
120503,Mirae Asset Large Cap Fund - Direct Growth,2022-10-20,220.4172,220.0866,220.4172,MIRAE,Equity,Large Cap
120503,Mirae Asset Large Cap Fund - Direct Growth,2022-10-21,218.5126,218.1848,218.5126,MIRAE,Equity,Large Cap
120503,Mirae Asset Large Cap Fund - Direct Growth,2022-10-24,223.4632,223.128,223.4632,MIRAE,Equity,Large Cap
120503,Mirae Asset Large Cap Fund - Direct Growth,2022-10-25,223.9187,223.5828,223.9187,MIRAE,Equity,Large Cap
120503,Mirae Asset Large Cap Fund - Direct Growth,2022-10-26,223.0266,222.6921,223.0266,MIRAE,Equity,Large Cap
120503,Mirae Asset Large Cap Fund - Direct Growth,2022-10-27,223.6101,223.2747,223.6101,MIRAE,Equity,Large Cap
120503,Mirae Asset Large Cap Fund - Direct Growth,2022-10-28,220.0848,219.7547,220.0848,MIRAE,Equity,Large Cap
120503,Mirae Asset Large Cap Fund - Direct Growth,2022-10-31,219.1761,218.8473,219.1761,MIRAE,Equity,Large Cap
120503,Mirae Asset Large Cap Fund - Direct Growth,2022-11-01,216.5103,216.1855,216.5103,MIRAE,Equity,Large Cap
120503,Mirae Asset Large Cap Fund - Direct Growth,2022-11-02,217.9912,217.6642,217.9912,MIRAE,Equity,Large Cap
120503,Mirae Asset Large Cap Fund - Direct Growth,2022-11-03,221.1801,220.8483,221.1801,MIRAE,Equity,Large Cap
120503,Mirae Asset Large Cap Fund - Direct Growth,2022-11-04,223.1768,222.842,223.1768,MIRAE,Equity,Large Cap
120503,Mirae Asset Large Cap Fund - Direct Growth,2022-11-07,220.2403,219.9099,220.2403,MIRAE,Equity,Large Cap
120503,Mirae Asset Large Cap Fund - Direct Growth,2022-11-08,224.2962,223.9598,224.2962,MIRAE,Equity,Large Cap
120503,Mirae Asset Large Cap Fund - Direct Growth,2022-11-09,223.5174,223.1821,223.5174,MIRAE,Equity,Large Cap
120503,Mirae Asset Large Cap Fund - Direct Growth,2022-11-10,222.934,222.5996,222.934,MIRAE,Equity,Large Cap
120503,Mirae Asset Large Cap Fund - Direct Growth,2022-11-11,226.5764,226.2365,226.5764,MIRAE,Equity,Large Cap
120503,Mirae Asset Large Cap Fund - Direct Growth,2022-11-14,235.5737,235.2203,235.5737,MIRAE,Equity,Large Cap
120503,Mirae Asset Large Cap Fund - Direct Growth,2022-11-15,233.8488,233.498,233.8488,MIRAE,Equity,Large Cap
120503,Mirae Asset Large Cap Fund - Direct Growth,2022-11-16,236.546,236.1912,236.546,MIRAE,Equity,Large Cap
120503,Mirae Asset Large Cap Fund - Direct Growth,2022-11-17,236.8025,236.4473,236.8025,MIRAE,Equity,Large Cap
120503,Mirae Asset Large Cap Fund - Direct Growth,2022-11-18,237.6605,237.304,237.6605,MIRAE,Equity,Large Cap
120503,Mirae Asset Large Cap Fund - Direct Growth,2022-11-21,245.3585,244.9905,245.3585,MIRAE,Equity,Large Cap
120503,Mirae Asset Large Cap Fund - Direct Growth,2022-11-22,248.6144,248.2415,248.6144,MIRAE,Equity,Large Cap
120503,Mirae Asset Large Cap Fund - Direct Growth,2022-11-23,247.6251,247.2537,247.6251,MIRAE,Equity,Large Cap
120503,Mirae Asset Large Cap Fund - Direct Growth,2022-11-24,245.2304,244.8626,245.2304,MIRAE,Equity,Large Cap
120503,Mirae Asset Large Cap Fund - Direct Growth,2022-11-25,242.2539,241.8905,242.2539,MIRAE,Equity,Large Cap
120503,Mirae Asset Large Cap Fund - Direct Growth,2022-11-28,239.4538,239.0946,239.4538,MIRAE,Equity,Large Cap
120503,Mirae Asset Large Cap Fund - Direct Growth,2022-11-29,238.9138,238.5554,238.9138,MIRAE,Equity,Large Cap
120503,Mirae Asset Large Cap Fund - Direct Growth,2022-11-30,238.2158,237.8585,238.2158,MIRAE,Equity,Large Cap
120503,Mirae Asset Large Cap Fund - Direct Growth,2022-12-01,239.1898,238.831,239.1898,MIRAE,Equity,Large Cap
120503,Mirae Asset Large Cap Fund - Direct Growth,2022-12-02,241.6269,241.2645,241.6269,MIRAE,Equity,Large Cap
120503,Mirae Asset Large Cap Fund - Direct Growth,2022-12-05,242.2179,241.8546,242.2179,MIRAE,Equity,Large Cap
120503,Mirae Asset Large Cap Fund - Direct Growth,2022-12-06,243.1361,242.7714,243.1361,MIRAE,Equity,Large Cap
120503,Mirae Asset Large Cap Fund - Direct Growth,2022-12-07,242.5078,242.144,242.5078,MIRAE,Equity,Large Cap
120503,Mirae Asset Large Cap Fund - Direct Growth,2022-12-08,247.2823,246.9114,247.2823,MIRAE,Equity,Large Cap
120503,Mirae Asset Large Cap Fund - Direct Growth,2022-12-09,248.8381,248.4648,248.8381,MIRAE,Equity,Large Cap
120503,Mirae Asset Large Cap Fund - Direct Growth,2022-12-12,256.8973,256.512,256.8973,MIRAE,Equity,Large Cap
120503,Mirae Asset Large Cap Fund - Direct Growth,2022-12-13,257.5581,257.1718,257.5581,MIRAE,Equity,Large Cap
120503,Mirae Asset Large Cap Fund - Direct Growth,2022-12-14,253.653,253.2725,253.653,MIRAE,Equity,Large Cap
120503,Mirae Asset Large Cap Fund - Direct Growth,2022-12-15,254.971,254.5885,254.971,MIRAE,Equity,Large Cap
120503,Mirae Asset Large Cap Fund - Direct Growth,2022-12-16,253.0801,252.7005,253.0801,MIRAE,Equity,Large Cap
120503,Mirae Asset Large Cap Fund - Direct Growth,2022-12-19,257.3141,256.9281,257.3141,MIRAE,Equity,Large Cap
120503,Mirae Asset Large Cap Fund - Direct Growth,2022-12-20,257.4827,257.0965,257.4827,MIRAE,Equity,Large Cap
120503,Mirae Asset Large Cap Fund - Direct Growth,2022-12-21,258.5399,258.1521,258.5399,MIRAE,Equity,Large Cap
120503,Mirae Asset Large Cap Fund - Direct Growth,2022-12-22,263.9244,263.5285,263.9244,MIRAE,Equity,Large Cap
120503,Mirae Asset Large Cap Fund - Direct Growth,2022-12-23,264.7925,264.3953,264.7925,MIRAE,Equity,Large Cap
120503,Mirae Asset Large Cap Fund - Direct Growth,2022-12-26,269.4251,269.021,269.4251,MIRAE,Equity,Large Cap
120503,Mirae Asset Large Cap Fund - Direct Growth,2022-12-27,271.9685,271.5605,271.9685,MIRAE,Equity,Large Cap
120503,Mirae Asset Large Cap Fund - Direct Growth,2022-12-28,273.3212,272.9112,273.3212,MIRAE,Equity,Large Cap
120503,Mirae Asset Large Cap Fund - Direct Growth,2022-12-29,277.6607,277.2442,277.6607,MIRAE,Equity,Large Cap
120503,Mirae Asset Large Cap Fund - Direct Growth,2022-12-30,280.0148,279.5948,280.0148,MIRAE,Equity,Large Cap
120503,Mirae Asset Large Cap Fund - Direct Growth,2023-01-02,275.0836,274.671,275.0836,MIRAE,Equity,Large Cap
120503,Mirae Asset Large Cap Fund - Direct Growth,2023-01-03,272.3861,271.9775,272.3861,MIRAE,Equity,Large Cap
120503,Mirae Asset Large Cap Fund - Direct Growth,2023-01-04,270.5975,270.1916,270.5975,MIRAE,Equity,Large Cap
120503,Mirae Asset Large Cap Fund - Direct Growth,2023-01-05,272.617,272.2081,272.617,MIRAE,Equity,Large Cap
120503,Mirae Asset Large Cap Fund - Direct Growth,2023-01-06,278.189,277.7717,278.189,MIRAE,Equity,Large Cap
120503,Mirae Asset Large Cap Fund - Direct Growth,2023-01-10,281.3911,280.969,281.3911,MIRAE,Equity,Large Cap
120503,Mirae Asset Large Cap Fund - Direct Growth,2023-01-11,279.4446,279.0254,279.4446,MIRAE,Equity,Large Cap
120503,Mirae Asset Large Cap Fund - Direct Growth,2023-01-12,279.107,278.6883,279.107,MIRAE,Equity,Large Cap
120503,Mirae Asset Large Cap Fund - Direct Growth,2023-01-13,279.2678,278.8489,279.2678,MIRAE,Equity,Large Cap
120503,Mirae Asset Large Cap Fund - Direct Growth,2023-01-16,278.7194,278.3013,278.7194,MIRAE,Equity,Large Cap
120503,Mirae Asset Large Cap Fund - Direct Growth,2023-01-17,280.2341,279.8137,280.2341,MIRAE,Equity,Large Cap
120503,Mirae Asset Large Cap Fund - Direct Growth,2023-01-18,277.3617,276.9457,277.3617,MIRAE,Equity,Large Cap
120503,Mirae Asset Large Cap Fund - Direct Growth,2023-01-19,276.0166,275.6026,276.0166,MIRAE,Equity,Large Cap
120503,Mirae Asset Large Cap Fund - Direct Growth,2023-01-20,278.5197,278.1019,278.5197,MIRAE,Equity,Large Cap
120503,Mirae Asset Large Cap Fund - Direct Growth,2023-01-23,281.9994,281.5764,281.9994,MIRAE,Equity,Large Cap
120503,Mirae Asset Large Cap Fund - Direct Growth,2023-01-24,282.8725,282.4482,282.8725,MIRAE,Equity,Large Cap
120503,Mirae Asset Large Cap Fund - Direct Growth,2023-01-25,286.1513,285.7221,286.1513,MIRAE,Equity,Large Cap
120503,Mirae Asset Large Cap Fund - Direct Growth,2023-01-26,281.3954,280.9733,281.3954,MIRAE,Equity,Large Cap
120503,Mirae Asset Large Cap Fund - Direct Growth,2023-01-27,275.5622,275.1489,275.5622,MIRAE,Equity,Large Cap
120503,Mirae Asset Large Cap Fund - Direct Growth,2023-01-30,273.1259,272.7162,273.1259,MIRAE,Equity,Large Cap
120503,Mirae Asset Large Cap Fund - Direct Growth,2023-01-31,281.6197,281.1973,281.6197,MIRAE,Equity,Large Cap
120503,Mirae Asset Large Cap Fund - Direct Growth,2023-02-01,279.8255,279.4058,279.8255,MIRAE,Equity,Large Cap
120503,Mirae Asset Large Cap Fund - Direct Growth,2023-02-02,280.5571,280.1363,280.5571,MIRAE,Equity,Large Cap
120503,Mirae Asset Large Cap Fund - Direct Growth,2023-02-03,285.8611,285.4323,285.8611,MIRAE,Equity,Large Cap
120503,Mirae Asset Large Cap Fund - Direct Growth,2023-02-06,304.6923,304.2353,304.6923,MIRAE,Equity,Large Cap
120503,Mirae Asset Large Cap Fund - Direct Growth,2023-02-07,308.5585,308.0957,308.5585,MIRAE,Equity,Large Cap
120503,Mirae Asset Large Cap Fund - Direct Growth,2023-02-08,310.8759,310.4096,310.8759,MIRAE,Equity,Large Cap
120503,Mirae Asset Large Cap Fund - Direct Growth,2023-02-09,313.9039,313.433,313.9039,MIRAE,Equity,Large Cap
120503,Mirae Asset Large Cap Fund - Direct Growth,2023-02-10,311.9532,311.4853,311.9532,MIRAE,Equity,Large Cap
120503,Mirae Asset Large Cap Fund - Direct Growth,2023-02-13,308.6185,308.1556,308.6185,MIRAE,Equity,Large Cap
120503,Mirae Asset Large Cap Fund - Direct Growth,2023-02-14,307.0635,306.6029,307.0635,MIRAE,Equity,Large Cap
120503,Mirae Asset Large Cap Fund - Direct Growth,2023-02-15,309.7523,309.2877,309.7523,MIRAE,Equity,Large Cap
120503,Mirae Asset Large Cap Fund - Direct Growth,2023-02-16,313.4271,312.957,313.4271,MIRAE,Equity,Large Cap
120503,Mirae Asset Large Cap Fund - Direct Growth,2023-02-17,313.885,313.4142,313.885,MIRAE,Equity,Large Cap
120503,Mirae Asset Large Cap Fund - Direct Growth,2023-02-20,314.7187,314.2466,314.7187,MIRAE,Equity,Large Cap
120503,Mirae Asset Large Cap Fund - Direct Growth,2023-02-21,312.1374,311.6692,312.1374,MIRAE,Equity,Large Cap
120503,Mirae Asset Large Cap Fund - Direct Growth,2023-02-22,305.2709,304.813,305.2709,MIRAE,Equity,Large Cap
120503,Mirae Asset Large Cap Fund - Direct Growth,2023-02-23,305.0901,304.6325,305.0901,MIRAE,Equity,Large Cap
120503,Mirae Asset Large Cap Fund - Direct Growth,2023-02-24,304.7664,304.3093,304.7664,MIRAE,Equity,Large Cap
120503,Mirae Asset Large Cap Fund - Direct Growth,2023-02-27,309.1769,308.7131,309.1769,MIRAE,Equity,Large Cap
120503,Mirae Asset Large Cap Fund - Direct Growth,2023-02-28,316.1795,315.7052,316.1795,MIRAE,Equity,Large Cap
120503,Mirae Asset Large Cap Fund - Direct Growth,2023-03-01,320.9388,320.4574,320.9388,MIRAE,Equity,Large Cap
120503,Mirae Asset Large Cap Fund - Direct Growth,2023-03-02,323.309,322.824,323.309,MIRAE,Equity,Large Cap
120503,Mirae Asset Large Cap Fund - Direct Growth,2023-03-03,322.5596,322.0758,322.5596,MIRAE,Equity,Large Cap
120503,Mirae Asset Large Cap Fund - Direct Growth,2023-03-06,321.9553,321.4724,321.9553,MIRAE,Equity,Large Cap
120503,Mirae Asset Large Cap Fund - Direct Growth,2023-03-07,329.3651,328.8711,329.3651,MIRAE,Equity,Large Cap
120503,Mirae Asset Large Cap Fund - Direct Growth,2023-03-08,335.5963,335.0929,335.5963,MIRAE,Equity,Large Cap
120503,Mirae Asset Large Cap Fund - Direct Growth,2023-03-09,333.7619,333.2613,333.7619,MIRAE,Equity,Large Cap
120503,Mirae Asset Large Cap Fund - Direct Growth,2023-03-10,329.4112,328.9171,329.4112,MIRAE,Equity,Large Cap
120503,Mirae Asset Large Cap Fund - Direct Growth,2023-03-13,324.6096,324.1227,324.6096,MIRAE,Equity,Large Cap
120503,Mirae Asset Large Cap Fund - Direct Growth,2023-03-14,324.1645,323.6783,324.1645,MIRAE,Equity,Large Cap
120503,Mirae Asset Large Cap Fund - Direct Growth,2023-03-15,322.4813,321.9976,322.4813,MIRAE,Equity,Large Cap
120503,Mirae Asset Large Cap Fund - Direct Growth,2023-03-16,316.4391,315.9644,316.4391,MIRAE,Equity,Large Cap
120503,Mirae Asset Large Cap Fund - Direct Growth,2023-03-17,318.516,318.0382,318.516,MIRAE,Equity,Large Cap
120503,Mirae Asset Large Cap Fund - Direct Growth,2023-03-20,301.6503,301.1978,301.6503,MIRAE,Equity,Large Cap
120503,Mirae Asset Large Cap Fund - Direct Growth,2023-03-21,301.6714,301.2189,301.6714,MIRAE,Equity,Large Cap
120503,Mirae Asset Large Cap Fund - Direct Growth,2023-03-22,308.2077,307.7454,308.2077,MIRAE,Equity,Large Cap
120503,Mirae Asset Large Cap Fund - Direct Growth,2023-03-23,314.4751,314.0034,314.4751,MIRAE,Equity,Large Cap
120503,Mirae Asset Large Cap Fund - Direct Growth,2023-03-24,312.8759,312.4066,312.8759,MIRAE,Equity,Large Cap
120503,Mirae Asset Large Cap Fund - Direct Growth,2023-03-27,308.9921,308.5286,308.9921,MIRAE,Equity,Large Cap
120503,Mirae Asset Large Cap Fund - Direct Growth,2023-03-28,310.2347,309.7693,310.2347,MIRAE,Equity,Large Cap
120503,Mirae Asset Large Cap Fund - Direct Growth,2023-03-29,313.2108,312.741,313.2108,MIRAE,Equity,Large Cap
120503,Mirae Asset Large Cap Fund - Direct Growth,2023-03-30,317.9475,317.4706,317.9475,MIRAE,Equity,Large Cap
120503,Mirae Asset Large Cap Fund - Direct Growth,2023-03-31,317.6926,317.2161,317.6926,MIRAE,Equity,Large Cap
120503,Mirae Asset Large Cap Fund - Direct Growth,2023-04-03,310.8412,310.3749,310.8412,MIRAE,Equity,Large Cap
120503,Mirae Asset Large Cap Fund - Direct Growth,2023-04-04,310.1207,309.6555,310.1207,MIRAE,Equity,Large Cap
120503,Mirae Asset Large Cap Fund - Direct Growth,2023-04-05,311.6119,311.1445,311.6119,MIRAE,Equity,Large Cap
120503,Mirae Asset Large Cap Fund - Direct Growth,2023-04-06,315.1528,314.6801,315.1528,MIRAE,Equity,Large Cap
120503,Mirae Asset Large Cap Fund - Direct Growth,2023-04-07,312.2414,311.773,312.2414,MIRAE,Equity,Large Cap
120503,Mirae Asset Large Cap Fund - Direct Growth,2023-04-10,317.0974,316.6218,317.0974,MIRAE,Equity,Large Cap
120503,Mirae Asset Large Cap Fund - Direct Growth,2023-04-11,314.381,313.9094,314.381,MIRAE,Equity,Large Cap
120503,Mirae Asset Large Cap Fund - Direct Growth,2023-04-12,305.3611,304.9031,305.3611,MIRAE,Equity,Large Cap
120503,Mirae Asset Large Cap Fund - Direct Growth,2023-04-13,308.7227,308.2596,308.7227,MIRAE,Equity,Large Cap
120503,Mirae Asset Large Cap Fund - Direct Growth,2023-04-14,311.576,311.1086,311.576,MIRAE,Equity,Large Cap
120503,Mirae Asset Large Cap Fund - Direct Growth,2023-04-17,313.0728,312.6032,313.0728,MIRAE,Equity,Large Cap
120503,Mirae Asset Large Cap Fund - Direct Growth,2023-04-18,307.3277,306.8667,307.3277,MIRAE,Equity,Large Cap
120503,Mirae Asset Large Cap Fund - Direct Growth,2023-04-19,305.4995,305.0413,305.4995,MIRAE,Equity,Large Cap
120503,Mirae Asset Large Cap Fund - Direct Growth,2023-04-20,308.5335,308.0707,308.5335,MIRAE,Equity,Large Cap
120503,Mirae Asset Large Cap Fund - Direct Growth,2023-04-21,304.013,303.557,304.013,MIRAE,Equity,Large Cap
120503,Mirae Asset Large Cap Fund - Direct Growth,2023-04-24,302.1605,301.7073,302.1605,MIRAE,Equity,Large Cap
120503,Mirae Asset Large Cap Fund - Direct Growth,2023-04-25,302.1521,301.6989,302.1521,MIRAE,Equity,Large Cap
120503,Mirae Asset Large Cap Fund - Direct Growth,2023-04-26,296.4168,295.9722,296.4168,MIRAE,Equity,Large Cap
120503,Mirae Asset Large Cap Fund - Direct Growth,2023-04-27,300.6783,300.2273,300.6783,MIRAE,Equity,Large Cap
120503,Mirae Asset Large Cap Fund - Direct Growth,2023-04-28,298.1481,297.7009,298.1481,MIRAE,Equity,Large Cap
120503,Mirae Asset Large Cap Fund - Direct Growth,2023-05-01,300.3987,299.9481,300.3987,MIRAE,Equity,Large Cap
120503,Mirae Asset Large Cap Fund - Direct Growth,2023-05-02,296.857,296.4117,296.857,MIRAE,Equity,Large Cap
120503,Mirae Asset Large Cap Fund - Direct Growth,2023-05-03,297.1955,296.7497,297.1955,MIRAE,Equity,Large Cap
120503,Mirae Asset Large Cap Fund - Direct Growth,2023-05-04,298.8437,298.3954,298.8437,MIRAE,Equity,Large Cap
120503,Mirae Asset Large Cap Fund - Direct Growth,2023-05-05,301.4488,300.9966,301.4488,MIRAE,Equity,Large Cap
120503,Mirae Asset Large Cap Fund - Direct Growth,2023-05-08,298.1287,297.6815,298.1287,MIRAE,Equity,Large Cap
120503,Mirae Asset Large Cap Fund - Direct Growth,2023-05-09,298.5561,298.1083,298.5561,MIRAE,Equity,Large Cap
120503,Mirae Asset Large Cap Fund - Direct Growth,2023-05-10,294.8344,294.3921,294.8344,MIRAE,Equity,Large Cap
120503,Mirae Asset Large Cap Fund - Direct Growth,2023-05-11,284.6166,284.1897,284.6166,MIRAE,Equity,Large Cap
120503,Mirae Asset Large Cap Fund - Direct Growth,2023-05-12,286.2215,285.7922,286.2215,MIRAE,Equity,Large Cap
120503,Mirae Asset Large Cap Fund - Direct Growth,2023-05-15,278.0528,277.6357,278.0528,MIRAE,Equity,Large Cap
120503,Mirae Asset Large Cap Fund - Direct Growth,2023-05-16,280.2299,279.8096,280.2299,MIRAE,Equity,Large Cap
120503,Mirae Asset Large Cap Fund - Direct Growth,2023-05-17,287.2609,286.83,287.2609,MIRAE,Equity,Large Cap
120503,Mirae Asset Large Cap Fund - Direct Growth,2023-05-18,287.4475,287.0163,287.4475,MIRAE,Equity,Large Cap
120503,Mirae Asset Large Cap Fund - Direct Growth,2023-05-19,285.0513,284.6237,285.0513,MIRAE,Equity,Large Cap
120503,Mirae Asset Large Cap Fund - Direct Growth,2023-05-22,287.2208,286.79,287.2208,MIRAE,Equity,Large Cap
120503,Mirae Asset Large Cap Fund - Direct Growth,2023-05-23,284.5812,284.1543,284.5812,MIRAE,Equity,Large Cap
120503,Mirae Asset Large Cap Fund - Direct Growth,2023-05-24,283.0465,282.6219,283.0465,MIRAE,Equity,Large Cap
120503,Mirae Asset Large Cap Fund - Direct Growth,2023-05-25,279.9217,279.5018,279.9217,MIRAE,Equity,Large Cap
120503,Mirae Asset Large Cap Fund - Direct Growth,2023-05-26,280.4457,280.025,280.4457,MIRAE,Equity,Large Cap
120503,Mirae Asset Large Cap Fund - Direct Growth,2023-05-29,286.4938,286.0641,286.4938,MIRAE,Equity,Large Cap
120503,Mirae Asset Large Cap Fund - Direct Growth,2023-05-30,285.6052,285.1768,285.6052,MIRAE,Equity,Large Cap
120503,Mirae Asset Large Cap Fund - Direct Growth,2023-05-31,280.362,279.9415,280.362,MIRAE,Equity,Large Cap
120503,Mirae Asset Large Cap Fund - Direct Growth,2023-06-01,283.4452,283.02,283.4452,MIRAE,Equity,Large Cap
120503,Mirae Asset Large Cap Fund - Direct Growth,2023-06-02,283.2938,282.8689,283.2938,MIRAE,Equity,Large Cap
120503,Mirae Asset Large Cap Fund - Direct Growth,2023-06-05,294.9132,294.4708,294.9132,MIRAE,Equity,Large Cap
120503,Mirae Asset Large Cap Fund - Direct Growth,2023-06-06,292.3706,291.932,292.3706,MIRAE,Equity,Large Cap
120503,Mirae Asset Large Cap Fund - Direct Growth,2023-06-07,290.9917,290.5552,290.9917,MIRAE,Equity,Large Cap
120503,Mirae Asset Large Cap Fund - Direct Growth,2023-06-08,295.1184,294.6757,295.1184,MIRAE,Equity,Large Cap
120503,Mirae Asset Large Cap Fund - Direct Growth,2023-06-09,295.6376,295.1941,295.6376,MIRAE,Equity,Large Cap
120503,Mirae Asset Large Cap Fund - Direct Growth,2023-06-12,291.7363,291.2987,291.7363,MIRAE,Equity,Large Cap
120503,Mirae Asset Large Cap Fund - Direct Growth,2023-06-13,298.4111,297.9635,298.4111,MIRAE,Equity,Large Cap
120503,Mirae Asset Large Cap Fund - Direct Growth,2023-06-14,302.398,301.9444,302.398,MIRAE,Equity,Large Cap
120503,Mirae Asset Large Cap Fund - Direct Growth,2023-06-15,300.8957,300.4444,300.8957,MIRAE,Equity,Large Cap
120503,Mirae Asset Large Cap Fund - Direct Growth,2023-06-16,305.6415,305.183,305.6415,MIRAE,Equity,Large Cap
120503,Mirae Asset Large Cap Fund - Direct Growth,2023-06-19,311.1891,310.7223,311.1891,MIRAE,Equity,Large Cap
120503,Mirae Asset Large Cap Fund - Direct Growth,2023-06-20,308.1531,307.6909,308.1531,MIRAE,Equity,Large Cap
120503,Mirae Asset Large Cap Fund - Direct Growth,2023-06-21,305.8966,305.4378,305.8966,MIRAE,Equity,Large Cap
120503,Mirae Asset Large Cap Fund - Direct Growth,2023-06-22,309.7997,309.335,309.7997,MIRAE,Equity,Large Cap
120503,Mirae Asset Large Cap Fund - Direct Growth,2023-06-23,308.6791,308.2161,308.6791,MIRAE,Equity,Large Cap
120503,Mirae Asset Large Cap Fund - Direct Growth,2023-06-26,305.5745,305.1161,305.5745,MIRAE,Equity,Large Cap
120503,Mirae Asset Large Cap Fund - Direct Growth,2023-06-27,313.2598,312.7899,313.2598,MIRAE,Equity,Large Cap
120503,Mirae Asset Large Cap Fund - Direct Growth,2023-06-28,309.3721,308.908,309.3721,MIRAE,Equity,Large Cap
120503,Mirae Asset Large Cap Fund - Direct Growth,2023-06-29,309.5858,309.1214,309.5858,MIRAE,Equity,Large Cap
120503,Mirae Asset Large Cap Fund - Direct Growth,2023-06-30,314.9561,314.4837,314.9561,MIRAE,Equity,Large Cap
120503,Mirae Asset Large Cap Fund - Direct Growth,2023-07-03,312.706,312.2369,312.706,MIRAE,Equity,Large Cap
120503,Mirae Asset Large Cap Fund - Direct Growth,2023-07-04,314.4383,313.9666,314.4383,MIRAE,Equity,Large Cap
120503,Mirae Asset Large Cap Fund - Direct Growth,2023-07-05,313.8579,313.3871,313.8579,MIRAE,Equity,Large Cap
120503,Mirae Asset Large Cap Fund - Direct Growth,2023-07-06,317.696,317.2195,317.696,MIRAE,Equity,Large Cap
120503,Mirae Asset Large Cap Fund - Direct Growth,2023-07-07,322.3498,321.8663,322.3498,MIRAE,Equity,Large Cap
120503,Mirae Asset Large Cap Fund - Direct Growth,2023-07-10,336.3848,335.8802,336.3848,MIRAE,Equity,Large Cap
120503,Mirae Asset Large Cap Fund - Direct Growth,2023-07-11,337.304,336.798,337.304,MIRAE,Equity,Large Cap
120503,Mirae Asset Large Cap Fund - Direct Growth,2023-07-12,336.0094,335.5054,336.0094,MIRAE,Equity,Large Cap
120503,Mirae Asset Large Cap Fund - Direct Growth,2023-07-13,337.5086,337.0023,337.5086,MIRAE,Equity,Large Cap
120503,Mirae Asset Large Cap Fund - Direct Growth,2023-07-14,336.4472,335.9425,336.4472,MIRAE,Equity,Large Cap
120503,Mirae Asset Large Cap Fund - Direct Growth,2023-07-17,338.7267,338.2186,338.7267,MIRAE,Equity,Large Cap
120503,Mirae Asset Large Cap Fund - Direct Growth,2023-07-18,343.4955,342.9803,343.4955,MIRAE,Equity,Large Cap
120503,Mirae Asset Large Cap Fund - Direct Growth,2023-07-19,349.062,348.5384,349.062,MIRAE,Equity,Large Cap
120503,Mirae Asset Large Cap Fund - Direct Growth,2023-07-20,348.7071,348.184,348.7071,MIRAE,Equity,Large Cap
120503,Mirae Asset Large Cap Fund - Direct Growth,2023-07-21,339.9677,339.4577,339.9677,MIRAE,Equity,Large Cap
120503,Mirae Asset Large Cap Fund - Direct Growth,2023-07-24,343.0569,342.5423,343.0569,MIRAE,Equity,Large Cap
120503,Mirae Asset Large Cap Fund - Direct Growth,2023-07-25,339.0803,338.5717,339.0803,MIRAE,Equity,Large Cap
120503,Mirae Asset Large Cap Fund - Direct Growth,2023-07-26,337.162,336.6563,337.162,MIRAE,Equity,Large Cap
120503,Mirae Asset Large Cap Fund - Direct Growth,2023-07-27,340.698,340.187,340.698,MIRAE,Equity,Large Cap
120503,Mirae Asset Large Cap Fund - Direct Growth,2023-07-28,343.0695,342.5549,343.0695,MIRAE,Equity,Large Cap
120503,Mirae Asset Large Cap Fund - Direct Growth,2023-07-31,339.3876,338.8785,339.3876,MIRAE,Equity,Large Cap
120503,Mirae Asset Large Cap Fund - Direct Growth,2023-08-01,335.7667,335.263,335.7667,MIRAE,Equity,Large Cap
120503,Mirae Asset Large Cap Fund - Direct Growth,2023-08-02,342.4097,341.8961,342.4097,MIRAE,Equity,Large Cap
120503,Mirae Asset Large Cap Fund - Direct Growth,2023-08-03,341.2223,340.7105,341.2223,MIRAE,Equity,Large Cap
120503,Mirae Asset Large Cap Fund - Direct Growth,2023-08-04,346.3426,345.8231,346.3426,MIRAE,Equity,Large Cap
120503,Mirae Asset Large Cap Fund - Direct Growth,2023-08-07,355.4644,354.9312,355.4644,MIRAE,Equity,Large Cap
120503,Mirae Asset Large Cap Fund - Direct Growth,2023-08-08,357.3287,356.7927,357.3287,MIRAE,Equity,Large Cap
120503,Mirae Asset Large Cap Fund - Direct Growth,2023-08-09,357.3679,356.8318,357.3679,MIRAE,Equity,Large Cap
120503,Mirae Asset Large Cap Fund - Direct Growth,2023-08-10,353.6354,353.1049,353.6354,MIRAE,Equity,Large Cap
120503,Mirae Asset Large Cap Fund - Direct Growth,2023-08-11,355.1533,354.6206,355.1533,MIRAE,Equity,Large Cap
120503,Mirae Asset Large Cap Fund - Direct Growth,2023-08-14,353.5633,353.033,353.5633,MIRAE,Equity,Large Cap
120503,Mirae Asset Large Cap Fund - Direct Growth,2023-08-15,354.5582,354.0264,354.5582,MIRAE,Equity,Large Cap
120503,Mirae Asset Large Cap Fund - Direct Growth,2023-08-16,355.9053,355.3714,355.9053,MIRAE,Equity,Large Cap
120503,Mirae Asset Large Cap Fund - Direct Growth,2023-08-17,354.9419,354.4095,354.9419,MIRAE,Equity,Large Cap
120503,Mirae Asset Large Cap Fund - Direct Growth,2023-08-18,357.5828,357.0464,357.5828,MIRAE,Equity,Large Cap
120503,Mirae Asset Large Cap Fund - Direct Growth,2023-08-21,353.8857,353.3549,353.8857,MIRAE,Equity,Large Cap
120503,Mirae Asset Large Cap Fund - Direct Growth,2023-08-22,354.5639,354.0321,354.5639,MIRAE,Equity,Large Cap
120503,Mirae Asset Large Cap Fund - Direct Growth,2023-08-23,362.9554,362.411,362.9554,MIRAE,Equity,Large Cap
120503,Mirae Asset Large Cap Fund - Direct Growth,2023-08-24,358.7437,358.2056,358.7437,MIRAE,Equity,Large Cap
120503,Mirae Asset Large Cap Fund - Direct Growth,2023-08-25,355.9696,355.4356,355.9696,MIRAE,Equity,Large Cap
120503,Mirae Asset Large Cap Fund - Direct Growth,2023-08-28,360.8778,360.3365,360.8778,MIRAE,Equity,Large Cap
120503,Mirae Asset Large Cap Fund - Direct Growth,2023-08-29,363.1406,362.5959,363.1406,MIRAE,Equity,Large Cap
120503,Mirae Asset Large Cap Fund - Direct Growth,2023-08-30,366.0518,365.5027,366.0518,MIRAE,Equity,Large Cap
120503,Mirae Asset Large Cap Fund - Direct Growth,2023-08-31,371.0727,370.5161,371.0727,MIRAE,Equity,Large Cap
120503,Mirae Asset Large Cap Fund - Direct Growth,2023-09-01,373.046,372.4864,373.046,MIRAE,Equity,Large Cap
120503,Mirae Asset Large Cap Fund - Direct Growth,2023-09-04,383.973,383.397,383.973,MIRAE,Equity,Large Cap
120503,Mirae Asset Large Cap Fund - Direct Growth,2023-09-05,383.5155,382.9402,383.5155,MIRAE,Equity,Large Cap
120503,Mirae Asset Large Cap Fund - Direct Growth,2023-09-06,379.1839,378.6151,379.1839,MIRAE,Equity,Large Cap
120503,Mirae Asset Large Cap Fund - Direct Growth,2023-09-07,384.373,383.7964,384.373,MIRAE,Equity,Large Cap
120503,Mirae Asset Large Cap Fund - Direct Growth,2023-09-08,383.9715,383.3955,383.9715,MIRAE,Equity,Large Cap
120503,Mirae Asset Large Cap Fund - Direct Growth,2023-09-11,375.7907,375.227,375.7907,MIRAE,Equity,Large Cap
120503,Mirae Asset Large Cap Fund - Direct Growth,2023-09-12,375.5328,374.9695,375.5328,MIRAE,Equity,Large Cap
120503,Mirae Asset Large Cap Fund - Direct Growth,2023-09-13,377.179,376.6132,377.179,MIRAE,Equity,Large Cap
120503,Mirae Asset Large Cap Fund - Direct Growth,2023-09-14,378.1921,377.6248,378.1921,MIRAE,Equity,Large Cap
120503,Mirae Asset Large Cap Fund - Direct Growth,2023-09-15,381.5631,380.9908,381.5631,MIRAE,Equity,Large Cap
120503,Mirae Asset Large Cap Fund - Direct Growth,2023-09-18,381.1741,380.6023,381.1741,MIRAE,Equity,Large Cap
120503,Mirae Asset Large Cap Fund - Direct Growth,2023-09-19,384.706,384.1289,384.706,MIRAE,Equity,Large Cap
120503,Mirae Asset Large Cap Fund - Direct Growth,2023-09-21,383.5037,382.9284,383.5037,MIRAE,Equity,Large Cap
120503,Mirae Asset Large Cap Fund - Direct Growth,2023-09-22,388.6548,388.0718,388.6548,MIRAE,Equity,Large Cap
120503,Mirae Asset Large Cap Fund - Direct Growth,2023-09-25,392.087,391.4989,392.087,MIRAE,Equity,Large Cap
120503,Mirae Asset Large Cap Fund - Direct Growth,2023-09-26,400.8926,400.2913,400.8926,MIRAE,Equity,Large Cap
120503,Mirae Asset Large Cap Fund - Direct Growth,2023-09-27,399.9779,399.3779,399.9779,MIRAE,Equity,Large Cap
120503,Mirae Asset Large Cap Fund - Direct Growth,2023-09-28,398.4613,397.8636,398.4613,MIRAE,Equity,Large Cap
120503,Mirae Asset Large Cap Fund - Direct Growth,2023-09-29,398.5278,397.93,398.5278,MIRAE,Equity,Large Cap
120503,Mirae Asset Large Cap Fund - Direct Growth,2023-10-02,393.5881,392.9977,393.5881,MIRAE,Equity,Large Cap
120503,Mirae Asset Large Cap Fund - Direct Growth,2023-10-03,388.7689,388.1857,388.7689,MIRAE,Equity,Large Cap
120503,Mirae Asset Large Cap Fund - Direct Growth,2023-10-04,383.9429,383.367,383.9429,MIRAE,Equity,Large Cap
120503,Mirae Asset Large Cap Fund - Direct Growth,2023-10-05,388.4748,387.8921,388.4748,MIRAE,Equity,Large Cap
120503,Mirae Asset Large Cap Fund - Direct Growth,2023-10-06,396.6046,396.0097,396.6046,MIRAE,Equity,Large Cap
120503,Mirae Asset Large Cap Fund - Direct Growth,2023-10-09,396.1126,395.5184,396.1126,MIRAE,Equity,Large Cap
120503,Mirae Asset Large Cap Fund - Direct Growth,2023-10-10,401.7939,401.1912,401.7939,MIRAE,Equity,Large Cap
120503,Mirae Asset Large Cap Fund - Direct Growth,2023-10-11,397.4834,396.8872,397.4834,MIRAE,Equity,Large Cap
120503,Mirae Asset Large Cap Fund - Direct Growth,2023-10-12,398.7794,398.1812,398.7794,MIRAE,Equity,Large Cap
120503,Mirae Asset Large Cap Fund - Direct Growth,2023-10-13,403.6056,403.0002,403.6056,MIRAE,Equity,Large Cap
120503,Mirae Asset Large Cap Fund - Direct Growth,2023-10-16,412.336,411.7175,412.336,MIRAE,Equity,Large Cap
120503,Mirae Asset Large Cap Fund - Direct Growth,2023-10-17,399.1253,398.5266,399.1253,MIRAE,Equity,Large Cap
120503,Mirae Asset Large Cap Fund - Direct Growth,2023-10-18,402.5316,401.9278,402.5316,MIRAE,Equity,Large Cap
120503,Mirae Asset Large Cap Fund - Direct Growth,2023-10-19,399.5332,398.9339,399.5332,MIRAE,Equity,Large Cap
120503,Mirae Asset Large Cap Fund - Direct Growth,2023-10-20,390.9162,390.3298,390.9162,MIRAE,Equity,Large Cap
120503,Mirae Asset Large Cap Fund - Direct Growth,2023-10-23,399.614,399.0146,399.614,MIRAE,Equity,Large Cap
120503,Mirae Asset Large Cap Fund - Direct Growth,2023-10-24,404.3432,403.7367,404.3432,MIRAE,Equity,Large Cap
120503,Mirae Asset Large Cap Fund - Direct Growth,2023-10-25,412.3279,411.7094,412.3279,MIRAE,Equity,Large Cap
120503,Mirae Asset Large Cap Fund - Direct Growth,2023-10-26,418.9989,418.3704,418.9989,MIRAE,Equity,Large Cap
120503,Mirae Asset Large Cap Fund - Direct Growth,2023-10-27,427.4122,426.7711,427.4122,MIRAE,Equity,Large Cap
120503,Mirae Asset Large Cap Fund - Direct Growth,2023-10-30,423.8217,423.186,423.8217,MIRAE,Equity,Large Cap
120503,Mirae Asset Large Cap Fund - Direct Growth,2023-10-31,422.7398,422.1057,422.7398,MIRAE,Equity,Large Cap
120503,Mirae Asset Large Cap Fund - Direct Growth,2023-11-01,418.6312,418.0033,418.6312,MIRAE,Equity,Large Cap
120503,Mirae Asset Large Cap Fund - Direct Growth,2023-11-02,429.7045,429.0599,429.7045,MIRAE,Equity,Large Cap
120503,Mirae Asset Large Cap Fund - Direct Growth,2023-11-03,428.9694,428.3259,428.9694,MIRAE,Equity,Large Cap
120503,Mirae Asset Large Cap Fund - Direct Growth,2023-11-06,433.1909,432.5411,433.1909,MIRAE,Equity,Large Cap
120503,Mirae Asset Large Cap Fund - Direct Growth,2023-11-07,442.1755,441.5122,442.1755,MIRAE,Equity,Large Cap
120503,Mirae Asset Large Cap Fund - Direct Growth,2023-11-08,439.0485,438.3899,439.0485,MIRAE,Equity,Large Cap
120503,Mirae Asset Large Cap Fund - Direct Growth,2023-11-09,440.2494,439.589,440.2494,MIRAE,Equity,Large Cap
120503,Mirae Asset Large Cap Fund - Direct Growth,2023-11-10,436.503,435.8482,436.503,MIRAE,Equity,Large Cap
120503,Mirae Asset Large Cap Fund - Direct Growth,2023-11-13,426.7612,426.1211,426.7612,MIRAE,Equity,Large Cap
120503,Mirae Asset Large Cap Fund - Direct Growth,2023-11-14,424.7334,424.0963,424.7334,MIRAE,Equity,Large Cap
120503,Mirae Asset Large Cap Fund - Direct Growth,2023-11-15,421.3742,420.7421,421.3742,MIRAE,Equity,Large Cap
120503,Mirae Asset Large Cap Fund - Direct Growth,2023-11-16,414.4317,413.8101,414.4317,MIRAE,Equity,Large Cap
120503,Mirae Asset Large Cap Fund - Direct Growth,2023-11-17,414.1842,413.5629,414.1842,MIRAE,Equity,Large Cap
120503,Mirae Asset Large Cap Fund - Direct Growth,2023-11-20,411.3154,410.6984,411.3154,MIRAE,Equity,Large Cap
120503,Mirae Asset Large Cap Fund - Direct Growth,2023-11-21,404.2858,403.6794,404.2858,MIRAE,Equity,Large Cap
120503,Mirae Asset Large Cap Fund - Direct Growth,2023-11-22,402.9474,402.343,402.9474,MIRAE,Equity,Large Cap
120503,Mirae Asset Large Cap Fund - Direct Growth,2023-11-23,399.4716,398.8724,399.4716,MIRAE,Equity,Large Cap
120503,Mirae Asset Large Cap Fund - Direct Growth,2023-11-24,401.1614,400.5597,401.1614,MIRAE,Equity,Large Cap
120503,Mirae Asset Large Cap Fund - Direct Growth,2023-11-27,399.4719,398.8727,399.4719,MIRAE,Equity,Large Cap
120503,Mirae Asset Large Cap Fund - Direct Growth,2023-11-28,398.8641,398.2658,398.8641,MIRAE,Equity,Large Cap
120503,Mirae Asset Large Cap Fund - Direct Growth,2023-11-29,402.2369,401.6335,402.2369,MIRAE,Equity,Large Cap
120503,Mirae Asset Large Cap Fund - Direct Growth,2023-11-30,403.4269,402.8218,403.4269,MIRAE,Equity,Large Cap
120503,Mirae Asset Large Cap Fund - Direct Growth,2023-12-01,399.9479,399.348,399.9479,MIRAE,Equity,Large Cap
120503,Mirae Asset Large Cap Fund - Direct Growth,2023-12-04,400.186,399.5857,400.186,MIRAE,Equity,Large Cap
120503,Mirae Asset Large Cap Fund - Direct Growth,2023-12-05,400.4484,399.8477,400.4484,MIRAE,Equity,Large Cap
120503,Mirae Asset Large Cap Fund - Direct Growth,2023-12-06,409.7445,409.1299,409.7445,MIRAE,Equity,Large Cap
120503,Mirae Asset Large Cap Fund - Direct Growth,2023-12-07,409.6101,408.9957,409.6101,MIRAE,Equity,Large Cap
120503,Mirae Asset Large Cap Fund - Direct Growth,2023-12-08,406.2919,405.6825,406.2919,MIRAE,Equity,Large Cap
120503,Mirae Asset Large Cap Fund - Direct Growth,2023-12-11,383.33,382.755,383.33,MIRAE,Equity,Large Cap
120503,Mirae Asset Large Cap Fund - Direct Growth,2023-12-12,384.7121,384.135,384.7121,MIRAE,Equity,Large Cap
120503,Mirae Asset Large Cap Fund - Direct Growth,2023-12-13,387.2145,386.6337,387.2145,MIRAE,Equity,Large Cap
120503,Mirae Asset Large Cap Fund - Direct Growth,2023-12-14,380.0223,379.4523,380.0223,MIRAE,Equity,Large Cap
120503,Mirae Asset Large Cap Fund - Direct Growth,2023-12-15,384.2559,383.6795,384.2559,MIRAE,Equity,Large Cap
120503,Mirae Asset Large Cap Fund - Direct Growth,2023-12-18,390.5714,389.9855,390.5714,MIRAE,Equity,Large Cap
120503,Mirae Asset Large Cap Fund - Direct Growth,2023-12-19,394.931,394.3386,394.931,MIRAE,Equity,Large Cap
120503,Mirae Asset Large Cap Fund - Direct Growth,2023-12-20,393.8164,393.2257,393.8164,MIRAE,Equity,Large Cap
120503,Mirae Asset Large Cap Fund - Direct Growth,2023-12-21,389.7623,389.1777,389.7623,MIRAE,Equity,Large Cap
120503,Mirae Asset Large Cap Fund - Direct Growth,2023-12-22,379.8538,379.284,379.8538,MIRAE,Equity,Large Cap
120503,Mirae Asset Large Cap Fund - Direct Growth,2023-12-25,371.621,371.0636,371.621,MIRAE,Equity,Large Cap
120503,Mirae Asset Large Cap Fund - Direct Growth,2023-12-26,371.1843,370.6275,371.1843,MIRAE,Equity,Large Cap
120503,Mirae Asset Large Cap Fund - Direct Growth,2023-12-27,371.6751,371.1176,371.6751,MIRAE,Equity,Large Cap
120503,Mirae Asset Large Cap Fund - Direct Growth,2023-12-28,370.8209,370.2647,370.8209,MIRAE,Equity,Large Cap
120503,Mirae Asset Large Cap Fund - Direct Growth,2023-12-29,368.0768,367.5247,368.0768,MIRAE,Equity,Large Cap
120503,Mirae Asset Large Cap Fund - Direct Growth,2024-01-01,366.3663,365.8168,366.3663,MIRAE,Equity,Large Cap
120503,Mirae Asset Large Cap Fund - Direct Growth,2024-01-02,372.7159,372.1568,372.7159,MIRAE,Equity,Large Cap
120503,Mirae Asset Large Cap Fund - Direct Growth,2024-01-03,372.424,371.8654,372.424,MIRAE,Equity,Large Cap
120503,Mirae Asset Large Cap Fund - Direct Growth,2024-01-04,372.6572,372.0982,372.6572,MIRAE,Equity,Large Cap
120503,Mirae Asset Large Cap Fund - Direct Growth,2024-01-05,375.9733,375.4093,375.9733,MIRAE,Equity,Large Cap
120503,Mirae Asset Large Cap Fund - Direct Growth,2024-01-08,383.1084,382.5337,383.1084,MIRAE,Equity,Large Cap
120503,Mirae Asset Large Cap Fund - Direct Growth,2024-01-09,380.4461,379.8754,380.4461,MIRAE,Equity,Large Cap
120503,Mirae Asset Large Cap Fund - Direct Growth,2024-01-10,382.2487,381.6753,382.2487,MIRAE,Equity,Large Cap
120503,Mirae Asset Large Cap Fund - Direct Growth,2024-01-11,377.1553,376.5896,377.1553,MIRAE,Equity,Large Cap
120503,Mirae Asset Large Cap Fund - Direct Growth,2024-01-12,377.7975,377.2308,377.7975,MIRAE,Equity,Large Cap
120503,Mirae Asset Large Cap Fund - Direct Growth,2024-01-15,376.5749,376.01,376.5749,MIRAE,Equity,Large Cap
120503,Mirae Asset Large Cap Fund - Direct Growth,2024-01-16,368.2216,367.6693,368.2216,MIRAE,Equity,Large Cap
120503,Mirae Asset Large Cap Fund - Direct Growth,2024-01-17,365.9443,365.3954,365.9443,MIRAE,Equity,Large Cap
120503,Mirae Asset Large Cap Fund - Direct Growth,2024-01-18,366.4984,365.9487,366.4984,MIRAE,Equity,Large Cap
120503,Mirae Asset Large Cap Fund - Direct Growth,2024-01-19,367.348,366.797,367.348,MIRAE,Equity,Large Cap
120503,Mirae Asset Large Cap Fund - Direct Growth,2024-01-22,364.9388,364.3914,364.9388,MIRAE,Equity,Large Cap
120503,Mirae Asset Large Cap Fund - Direct Growth,2024-01-23,369.3303,368.7763,369.3303,MIRAE,Equity,Large Cap
120503,Mirae Asset Large Cap Fund - Direct Growth,2024-01-24,371.3713,370.8142,371.3713,MIRAE,Equity,Large Cap
120503,Mirae Asset Large Cap Fund - Direct Growth,2024-01-25,368.64,368.087,368.64,MIRAE,Equity,Large Cap
120503,Mirae Asset Large Cap Fund - Direct Growth,2024-01-26,376.6409,376.0759,376.6409,MIRAE,Equity,Large Cap
120503,Mirae Asset Large Cap Fund - Direct Growth,2024-01-29,380.3023,379.7318,380.3023,MIRAE,Equity,Large Cap
120503,Mirae Asset Large Cap Fund - Direct Growth,2024-01-30,377.394,376.8279,377.394,MIRAE,Equity,Large Cap
120503,Mirae Asset Large Cap Fund - Direct Growth,2024-01-31,383.8511,383.2753,383.8511,MIRAE,Equity,Large Cap
120503,Mirae Asset Large Cap Fund - Direct Growth,2024-02-01,382.8529,382.2786,382.8529,MIRAE,Equity,Large Cap
120503,Mirae Asset Large Cap Fund - Direct Growth,2024-02-02,384.3324,383.7559,384.3324,MIRAE,Equity,Large Cap
120503,Mirae Asset Large Cap Fund - Direct Growth,2024-02-05,389.1216,388.5379,389.1216,MIRAE,Equity,Large Cap
120503,Mirae Asset Large Cap Fund - Direct Growth,2024-02-06,392.9824,392.3929,392.9824,MIRAE,Equity,Large Cap
120503,Mirae Asset Large Cap Fund - Direct Growth,2024-02-07,384.8939,384.3166,384.8939,MIRAE,Equity,Large Cap
120503,Mirae Asset Large Cap Fund - Direct Growth,2024-02-08,391.0722,390.4856,391.0722,MIRAE,Equity,Large Cap
120503,Mirae Asset Large Cap Fund - Direct Growth,2024-02-09,383.4268,382.8517,383.4268,MIRAE,Equity,Large Cap
120503,Mirae Asset Large Cap Fund - Direct Growth,2024-02-12,388.7396,388.1565,388.7396,MIRAE,Equity,Large Cap
120503,Mirae Asset Large Cap Fund - Direct Growth,2024-02-13,386.9787,386.3982,386.9787,MIRAE,Equity,Large Cap
120503,Mirae Asset Large Cap Fund - Direct Growth,2024-02-14,381.9989,381.4259,381.9989,MIRAE,Equity,Large Cap
120503,Mirae Asset Large Cap Fund - Direct Growth,2024-02-15,381.1665,380.5948,381.1665,MIRAE,Equity,Large Cap
120503,Mirae Asset Large Cap Fund - Direct Growth,2024-02-16,379.91,379.3401,379.91,MIRAE,Equity,Large Cap
120503,Mirae Asset Large Cap Fund - Direct Growth,2024-02-19,396.4861,395.8914,396.4861,MIRAE,Equity,Large Cap
120503,Mirae Asset Large Cap Fund - Direct Growth,2024-02-20,393.97,393.379,393.97,MIRAE,Equity,Large Cap
120503,Mirae Asset Large Cap Fund - Direct Growth,2024-02-21,393.1385,392.5488,393.1385,MIRAE,Equity,Large Cap
120503,Mirae Asset Large Cap Fund - Direct Growth,2024-02-22,385.3539,384.7759,385.3539,MIRAE,Equity,Large Cap
120503,Mirae Asset Large Cap Fund - Direct Growth,2024-02-23,381.7815,381.2088,381.7815,MIRAE,Equity,Large Cap
120503,Mirae Asset Large Cap Fund - Direct Growth,2024-02-26,388.321,387.7385,388.321,MIRAE,Equity,Large Cap
120503,Mirae Asset Large Cap Fund - Direct Growth,2024-02-27,385.7155,385.1369,385.7155,MIRAE,Equity,Large Cap
120503,Mirae Asset Large Cap Fund - Direct Growth,2024-02-28,385.7476,385.169,385.7476,MIRAE,Equity,Large Cap
120503,Mirae Asset Large Cap Fund - Direct Growth,2024-02-29,387.1988,386.618,387.1988,MIRAE,Equity,Large Cap
120503,Mirae Asset Large Cap Fund - Direct Growth,2024-03-01,383.5919,383.0165,383.5919,MIRAE,Equity,Large Cap
120503,Mirae Asset Large Cap Fund - Direct Growth,2024-03-04,383.7454,383.1698,383.7454,MIRAE,Equity,Large Cap
120503,Mirae Asset Large Cap Fund - Direct Growth,2024-03-05,386.4145,385.8349,386.4145,MIRAE,Equity,Large Cap
120503,Mirae Asset Large Cap Fund - Direct Growth,2024-03-06,386.5988,386.0189,386.5988,MIRAE,Equity,Large Cap
120503,Mirae Asset Large Cap Fund - Direct Growth,2024-03-07,384.729,384.1519,384.729,MIRAE,Equity,Large Cap
120503,Mirae Asset Large Cap Fund - Direct Growth,2024-03-08,384.3769,383.8003,384.3769,MIRAE,Equity,Large Cap
120503,Mirae Asset Large Cap Fund - Direct Growth,2024-03-11,381.5361,380.9638,381.5361,MIRAE,Equity,Large Cap
120503,Mirae Asset Large Cap Fund - Direct Growth,2024-03-12,389.008,388.4245,389.008,MIRAE,Equity,Large Cap
120503,Mirae Asset Large Cap Fund - Direct Growth,2024-03-13,391.782,391.1943,391.782,MIRAE,Equity,Large Cap
120503,Mirae Asset Large Cap Fund - Direct Growth,2024-03-14,390.5495,389.9637,390.5495,MIRAE,Equity,Large Cap
120503,Mirae Asset Large Cap Fund - Direct Growth,2024-03-15,393.9721,393.3811,393.9721,MIRAE,Equity,Large Cap
120503,Mirae Asset Large Cap Fund - Direct Growth,2024-03-18,400.1604,399.5602,400.1604,MIRAE,Equity,Large Cap
120503,Mirae Asset Large Cap Fund - Direct Growth,2024-03-19,399.8052,399.2055,399.8052,MIRAE,Equity,Large Cap
120503,Mirae Asset Large Cap Fund - Direct Growth,2024-03-20,402.1131,401.5099,402.1131,MIRAE,Equity,Large Cap
120503,Mirae Asset Large Cap Fund - Direct Growth,2024-03-21,394.6939,394.1019,394.6939,MIRAE,Equity,Large Cap
120503,Mirae Asset Large Cap Fund - Direct Growth,2024-03-22,389.515,388.9307,389.515,MIRAE,Equity,Large Cap
120503,Mirae Asset Large Cap Fund - Direct Growth,2024-03-25,393.0589,392.4693,393.0589,MIRAE,Equity,Large Cap
120503,Mirae Asset Large Cap Fund - Direct Growth,2024-03-26,403.7405,403.1349,403.7405,MIRAE,Equity,Large Cap
120503,Mirae Asset Large Cap Fund - Direct Growth,2024-03-27,406.9933,406.3828,406.9933,MIRAE,Equity,Large Cap
120503,Mirae Asset Large Cap Fund - Direct Growth,2024-03-28,409.6022,408.9878,409.6022,MIRAE,Equity,Large Cap
120503,Mirae Asset Large Cap Fund - Direct Growth,2024-03-29,400.9134,400.312,400.9134,MIRAE,Equity,Large Cap
120503,Mirae Asset Large Cap Fund - Direct Growth,2024-04-01,392.0718,391.4837,392.0718,MIRAE,Equity,Large Cap
120503,Mirae Asset Large Cap Fund - Direct Growth,2024-04-02,391.4375,390.8503,391.4375,MIRAE,Equity,Large Cap
120503,Mirae Asset Large Cap Fund - Direct Growth,2024-04-03,389.3765,388.7924,389.3765,MIRAE,Equity,Large Cap
120503,Mirae Asset Large Cap Fund - Direct Growth,2024-04-04,380.2839,379.7135,380.2839,MIRAE,Equity,Large Cap
120503,Mirae Asset Large Cap Fund - Direct Growth,2024-04-05,383.849,383.2732,383.849,MIRAE,Equity,Large Cap
120503,Mirae Asset Large Cap Fund - Direct Growth,2024-04-08,389.9186,389.3337,389.9186,MIRAE,Equity,Large Cap
120503,Mirae Asset Large Cap Fund - Direct Growth,2024-04-09,385.7727,385.194,385.7727,MIRAE,Equity,Large Cap
120503,Mirae Asset Large Cap Fund - Direct Growth,2024-04-10,374.2136,373.6523,374.2136,MIRAE,Equity,Large Cap
120503,Mirae Asset Large Cap Fund - Direct Growth,2024-04-11,373.079,372.5194,373.079,MIRAE,Equity,Large Cap
120503,Mirae Asset Large Cap Fund - Direct Growth,2024-04-12,378.1572,377.59,378.1572,MIRAE,Equity,Large Cap
120503,Mirae Asset Large Cap Fund - Direct Growth,2024-04-15,384.0646,383.4885,384.0646,MIRAE,Equity,Large Cap
120503,Mirae Asset Large Cap Fund - Direct Growth,2024-04-16,382.0737,381.5006,382.0737,MIRAE,Equity,Large Cap
120503,Mirae Asset Large Cap Fund - Direct Growth,2024-04-17,381.7408,381.1682,381.7408,MIRAE,Equity,Large Cap
120503,Mirae Asset Large Cap Fund - Direct Growth,2024-04-18,394.0069,393.4159,394.0069,MIRAE,Equity,Large Cap
120503,Mirae Asset Large Cap Fund - Direct Growth,2024-04-19,387.0583,386.4777,387.0583,MIRAE,Equity,Large Cap
120503,Mirae Asset Large Cap Fund - Direct Growth,2024-04-22,395.974,395.38,395.974,MIRAE,Equity,Large Cap
120503,Mirae Asset Large Cap Fund - Direct Growth,2024-04-23,396.598,396.0031,396.598,MIRAE,Equity,Large Cap
120503,Mirae Asset Large Cap Fund - Direct Growth,2024-04-24,398.2227,397.6254,398.2227,MIRAE,Equity,Large Cap
120503,Mirae Asset Large Cap Fund - Direct Growth,2024-04-25,396.5104,395.9156,396.5104,MIRAE,Equity,Large Cap
120503,Mirae Asset Large Cap Fund - Direct Growth,2024-04-26,397.9495,397.3526,397.9495,MIRAE,Equity,Large Cap
120503,Mirae Asset Large Cap Fund - Direct Growth,2024-04-29,397.9731,397.3761,397.9731,MIRAE,Equity,Large Cap
120503,Mirae Asset Large Cap Fund - Direct Growth,2024-04-30,399.9332,399.3333,399.9332,MIRAE,Equity,Large Cap
120503,Mirae Asset Large Cap Fund - Direct Growth,2024-05-01,399.9527,399.3528,399.9527,MIRAE,Equity,Large Cap
120503,Mirae Asset Large Cap Fund - Direct Growth,2024-05-02,405.5171,404.9088,405.5171,MIRAE,Equity,Large Cap
120503,Mirae Asset Large Cap Fund - Direct Growth,2024-05-03,405.4292,404.8211,405.4292,MIRAE,Equity,Large Cap
120503,Mirae Asset Large Cap Fund - Direct Growth,2024-05-06,398.9151,398.3167,398.9151,MIRAE,Equity,Large Cap
120503,Mirae Asset Large Cap Fund - Direct Growth,2024-05-07,395.9451,395.3512,395.9451,MIRAE,Equity,Large Cap
120503,Mirae Asset Large Cap Fund - Direct Growth,2024-05-08,393.2733,392.6834,393.2733,MIRAE,Equity,Large Cap
120503,Mirae Asset Large Cap Fund - Direct Growth,2024-05-09,399.917,399.3171,399.917,MIRAE,Equity,Large Cap
120503,Mirae Asset Large Cap Fund - Direct Growth,2024-05-10,389.8279,389.2432,389.8279,MIRAE,Equity,Large Cap
120503,Mirae Asset Large Cap Fund - Direct Growth,2024-05-13,411.2142,410.5974,411.2142,MIRAE,Equity,Large Cap
120503,Mirae Asset Large Cap Fund - Direct Growth,2024-05-14,411.1078,410.4911,411.1078,MIRAE,Equity,Large Cap
120503,Mirae Asset Large Cap Fund - Direct Growth,2024-05-15,412.681,412.062,412.681,MIRAE,Equity,Large Cap
120503,Mirae Asset Large Cap Fund - Direct Growth,2024-05-16,415.4268,414.8037,415.4268,MIRAE,Equity,Large Cap
120503,Mirae Asset Large Cap Fund - Direct Growth,2024-05-17,418.8094,418.1812,418.8094,MIRAE,Equity,Large Cap
120503,Mirae Asset Large Cap Fund - Direct Growth,2024-05-20,421.56,420.9277,421.56,MIRAE,Equity,Large Cap
120503,Mirae Asset Large Cap Fund - Direct Growth,2024-05-21,420.9634,420.332,420.9634,MIRAE,Equity,Large Cap
120503,Mirae Asset Large Cap Fund - Direct Growth,2024-05-22,420.1472,419.517,420.1472,MIRAE,Equity,Large Cap
120503,Mirae Asset Large Cap Fund - Direct Growth,2024-05-23,426.0315,425.3925,426.0315,MIRAE,Equity,Large Cap
120503,Mirae Asset Large Cap Fund - Direct Growth,2024-05-24,429.2364,428.5925,429.2364,MIRAE,Equity,Large Cap
120503,Mirae Asset Large Cap Fund - Direct Growth,2024-05-27,418.832,418.2038,418.832,MIRAE,Equity,Large Cap
120503,Mirae Asset Large Cap Fund - Direct Growth,2024-05-28,418.9055,418.2771,418.9055,MIRAE,Equity,Large Cap
120503,Mirae Asset Large Cap Fund - Direct Growth,2024-05-29,417.12,416.4943,417.12,MIRAE,Equity,Large Cap
120503,Mirae Asset Large Cap Fund - Direct Growth,2024-05-30,422.9135,422.2791,422.9135,MIRAE,Equity,Large Cap
120503,Mirae Asset Large Cap Fund - Direct Growth,2024-05-31,427.8913,427.2495,427.8913,MIRAE,Equity,Large Cap
120503,Mirae Asset Large Cap Fund - Direct Growth,2024-06-03,421.5347,420.9024,421.5347,MIRAE,Equity,Large Cap
120503,Mirae Asset Large Cap Fund - Direct Growth,2024-06-04,414.7246,414.1025,414.7246,MIRAE,Equity,Large Cap
120503,Mirae Asset Large Cap Fund - Direct Growth,2024-06-05,411.7715,411.1538,411.7715,MIRAE,Equity,Large Cap
120503,Mirae Asset Large Cap Fund - Direct Growth,2024-06-06,416.1975,415.5732,416.1975,MIRAE,Equity,Large Cap
120503,Mirae Asset Large Cap Fund - Direct Growth,2024-06-07,421.1242,420.4925,421.1242,MIRAE,Equity,Large Cap
120503,Mirae Asset Large Cap Fund - Direct Growth,2024-06-10,430.5639,429.9181,430.5639,MIRAE,Equity,Large Cap
120503,Mirae Asset Large Cap Fund - Direct Growth,2024-06-11,427.4217,426.7806,427.4217,MIRAE,Equity,Large Cap
120503,Mirae Asset Large Cap Fund - Direct Growth,2024-06-12,429.808,429.1633,429.808,MIRAE,Equity,Large Cap
120503,Mirae Asset Large Cap Fund - Direct Growth,2024-06-13,434.1082,433.457,434.1082,MIRAE,Equity,Large Cap
120503,Mirae Asset Large Cap Fund - Direct Growth,2024-06-14,438.2112,437.5539,438.2112,MIRAE,Equity,Large Cap
120503,Mirae Asset Large Cap Fund - Direct Growth,2024-06-17,450.6668,449.9908,450.6668,MIRAE,Equity,Large Cap
120503,Mirae Asset Large Cap Fund - Direct Growth,2024-06-18,456.6344,455.9494,456.6344,MIRAE,Equity,Large Cap
120503,Mirae Asset Large Cap Fund - Direct Growth,2024-06-19,456.6717,455.9867,456.6717,MIRAE,Equity,Large Cap
120503,Mirae Asset Large Cap Fund - Direct Growth,2024-06-20,452.0216,451.3436,452.0216,MIRAE,Equity,Large Cap
120503,Mirae Asset Large Cap Fund - Direct Growth,2024-06-21,451.3179,450.6409,451.3179,MIRAE,Equity,Large Cap
120503,Mirae Asset Large Cap Fund - Direct Growth,2024-06-24,443.4254,442.7603,443.4254,MIRAE,Equity,Large Cap
120503,Mirae Asset Large Cap Fund - Direct Growth,2024-06-25,439.3862,438.7271,439.3862,MIRAE,Equity,Large Cap
120503,Mirae Asset Large Cap Fund - Direct Growth,2024-06-26,437.9382,437.2813,437.9382,MIRAE,Equity,Large Cap
120503,Mirae Asset Large Cap Fund - Direct Growth,2024-06-27,428.1619,427.5197,428.1619,MIRAE,Equity,Large Cap
120503,Mirae Asset Large Cap Fund - Direct Growth,2024-06-28,429.4291,428.785,429.4291,MIRAE,Equity,Large Cap
120503,Mirae Asset Large Cap Fund - Direct Growth,2024-07-01,429.1035,428.4598,429.1035,MIRAE,Equity,Large Cap
120503,Mirae Asset Large Cap Fund - Direct Growth,2024-07-02,434.1029,433.4517,434.1029,MIRAE,Equity,Large Cap
120503,Mirae Asset Large Cap Fund - Direct Growth,2024-07-03,425.9024,425.2635,425.9024,MIRAE,Equity,Large Cap
120503,Mirae Asset Large Cap Fund - Direct Growth,2024-07-04,422.1746,421.5413,422.1746,MIRAE,Equity,Large Cap
120503,Mirae Asset Large Cap Fund - Direct Growth,2024-07-05,418.4469,417.8192,418.4469,MIRAE,Equity,Large Cap
120503,Mirae Asset Large Cap Fund - Direct Growth,2024-07-08,417.3746,416.7485,417.3746,MIRAE,Equity,Large Cap
120503,Mirae Asset Large Cap Fund - Direct Growth,2024-07-09,416.2167,415.5924,416.2167,MIRAE,Equity,Large Cap
120503,Mirae Asset Large Cap Fund - Direct Growth,2024-07-10,406.3747,405.7651,406.3747,MIRAE,Equity,Large Cap
120503,Mirae Asset Large Cap Fund - Direct Growth,2024-07-11,409.6359,409.0214,409.6359,MIRAE,Equity,Large Cap
120503,Mirae Asset Large Cap Fund - Direct Growth,2024-07-12,403.708,403.1024,403.708,MIRAE,Equity,Large Cap
120503,Mirae Asset Large Cap Fund - Direct Growth,2024-07-15,412.4527,411.834,412.4527,MIRAE,Equity,Large Cap
120503,Mirae Asset Large Cap Fund - Direct Growth,2024-07-16,406.1398,405.5306,406.1398,MIRAE,Equity,Large Cap
120503,Mirae Asset Large Cap Fund - Direct Growth,2024-07-17,391.5861,390.9987,391.5861,MIRAE,Equity,Large Cap
120503,Mirae Asset Large Cap Fund - Direct Growth,2024-07-18,392.6066,392.0177,392.6066,MIRAE,Equity,Large Cap
120503,Mirae Asset Large Cap Fund - Direct Growth,2024-07-19,401.2464,400.6445,401.2464,MIRAE,Equity,Large Cap
120503,Mirae Asset Large Cap Fund - Direct Growth,2024-07-22,406.3134,405.7039,406.3134,MIRAE,Equity,Large Cap
120503,Mirae Asset Large Cap Fund - Direct Growth,2024-07-23,410.4113,409.7957,410.4113,MIRAE,Equity,Large Cap
120503,Mirae Asset Large Cap Fund - Direct Growth,2024-07-24,405.7808,405.1721,405.7808,MIRAE,Equity,Large Cap
120503,Mirae Asset Large Cap Fund - Direct Growth,2024-07-25,408.2627,407.6503,408.2627,MIRAE,Equity,Large Cap
120503,Mirae Asset Large Cap Fund - Direct Growth,2024-07-26,410.9024,410.286,410.9024,MIRAE,Equity,Large Cap
120503,Mirae Asset Large Cap Fund - Direct Growth,2024-07-29,432.4451,431.7964,432.4451,MIRAE,Equity,Large Cap
120503,Mirae Asset Large Cap Fund - Direct Growth,2024-07-30,429.9769,429.3319,429.9769,MIRAE,Equity,Large Cap
120503,Mirae Asset Large Cap Fund - Direct Growth,2024-07-31,430.0169,429.3719,430.0169,MIRAE,Equity,Large Cap
120503,Mirae Asset Large Cap Fund - Direct Growth,2024-08-01,421.0601,420.4285,421.0601,MIRAE,Equity,Large Cap
120503,Mirae Asset Large Cap Fund - Direct Growth,2024-08-02,417.7183,417.0917,417.7183,MIRAE,Equity,Large Cap
120503,Mirae Asset Large Cap Fund - Direct Growth,2024-08-05,414.306,413.6845,414.306,MIRAE,Equity,Large Cap
120503,Mirae Asset Large Cap Fund - Direct Growth,2024-08-06,410.3829,409.7673,410.3829,MIRAE,Equity,Large Cap
120503,Mirae Asset Large Cap Fund - Direct Growth,2024-08-07,416.0677,415.4436,416.0677,MIRAE,Equity,Large Cap
120503,Mirae Asset Large Cap Fund - Direct Growth,2024-08-08,416.2352,415.6108,416.2352,MIRAE,Equity,Large Cap
120503,Mirae Asset Large Cap Fund - Direct Growth,2024-08-09,416.3552,415.7307,416.3552,MIRAE,Equity,Large Cap
120503,Mirae Asset Large Cap Fund - Direct Growth,2024-08-12,420.1056,419.4754,420.1056,MIRAE,Equity,Large Cap
120503,Mirae Asset Large Cap Fund - Direct Growth,2024-08-13,415.9022,415.2783,415.9022,MIRAE,Equity,Large Cap
120503,Mirae Asset Large Cap Fund - Direct Growth,2024-08-14,412.784,412.1648,412.784,MIRAE,Equity,Large Cap
120503,Mirae Asset Large Cap Fund - Direct Growth,2024-08-15,411.4446,410.8274,411.4446,MIRAE,Equity,Large Cap
120503,Mirae Asset Large Cap Fund - Direct Growth,2024-08-16,404.9642,404.3568,404.9642,MIRAE,Equity,Large Cap
120503,Mirae Asset Large Cap Fund - Direct Growth,2024-08-19,403.3593,402.7543,403.3593,MIRAE,Equity,Large Cap
120503,Mirae Asset Large Cap Fund - Direct Growth,2024-08-20,404.7915,404.1843,404.7915,MIRAE,Equity,Large Cap
120503,Mirae Asset Large Cap Fund - Direct Growth,2024-08-21,405.8938,405.285,405.8938,MIRAE,Equity,Large Cap
120503,Mirae Asset Large Cap Fund - Direct Growth,2024-08-22,410.2006,409.5853,410.2006,MIRAE,Equity,Large Cap
120503,Mirae Asset Large Cap Fund - Direct Growth,2024-08-23,409.6885,409.074,409.6885,MIRAE,Equity,Large Cap
120503,Mirae Asset Large Cap Fund - Direct Growth,2024-08-26,412.9014,412.282,412.9014,MIRAE,Equity,Large Cap
120503,Mirae Asset Large Cap Fund - Direct Growth,2024-08-27,410.1791,409.5638,410.1791,MIRAE,Equity,Large Cap
120503,Mirae Asset Large Cap Fund - Direct Growth,2024-08-28,398.3389,397.7414,398.3389,MIRAE,Equity,Large Cap
120503,Mirae Asset Large Cap Fund - Direct Growth,2024-08-29,397.8564,397.2596,397.8564,MIRAE,Equity,Large Cap
120503,Mirae Asset Large Cap Fund - Direct Growth,2024-08-30,404.8081,404.2009,404.8081,MIRAE,Equity,Large Cap
120503,Mirae Asset Large Cap Fund - Direct Growth,2024-09-02,420.6891,420.0581,420.6891,MIRAE,Equity,Large Cap
120503,Mirae Asset Large Cap Fund - Direct Growth,2024-09-03,421.3049,420.6729,421.3049,MIRAE,Equity,Large Cap
120503,Mirae Asset Large Cap Fund - Direct Growth,2024-09-04,422.471,421.8373,422.471,MIRAE,Equity,Large Cap
120503,Mirae Asset Large Cap Fund - Direct Growth,2024-09-05,419.5087,418.8794,419.5087,MIRAE,Equity,Large Cap
120503,Mirae Asset Large Cap Fund - Direct Growth,2024-09-06,418.0854,417.4583,418.0854,MIRAE,Equity,Large Cap
120503,Mirae Asset Large Cap Fund - Direct Growth,2024-09-09,427.053,426.4124,427.053,MIRAE,Equity,Large Cap
120503,Mirae Asset Large Cap Fund - Direct Growth,2024-09-10,424.9168,424.2794,424.9168,MIRAE,Equity,Large Cap
120503,Mirae Asset Large Cap Fund - Direct Growth,2024-09-11,425.0895,424.4519,425.0895,MIRAE,Equity,Large Cap
120503,Mirae Asset Large Cap Fund - Direct Growth,2024-09-12,428.3263,427.6838,428.3263,MIRAE,Equity,Large Cap
120503,Mirae Asset Large Cap Fund - Direct Growth,2024-09-13,421.0763,420.4447,421.0763,MIRAE,Equity,Large Cap
120503,Mirae Asset Large Cap Fund - Direct Growth,2024-09-16,401.2993,400.6974,401.2993,MIRAE,Equity,Large Cap
120503,Mirae Asset Large Cap Fund - Direct Growth,2024-09-17,399.0128,398.4143,399.0128,MIRAE,Equity,Large Cap
120503,Mirae Asset Large Cap Fund - Direct Growth,2024-09-18,398.4648,397.8671,398.4648,MIRAE,Equity,Large Cap
120503,Mirae Asset Large Cap Fund - Direct Growth,2024-09-19,396.4569,395.8622,396.4569,MIRAE,Equity,Large Cap
120503,Mirae Asset Large Cap Fund - Direct Growth,2024-09-20,403.5256,402.9203,403.5256,MIRAE,Equity,Large Cap
120503,Mirae Asset Large Cap Fund - Direct Growth,2024-09-23,410.0934,409.4783,410.0934,MIRAE,Equity,Large Cap
120503,Mirae Asset Large Cap Fund - Direct Growth,2024-09-24,404.6531,404.0461,404.6531,MIRAE,Equity,Large Cap
120503,Mirae Asset Large Cap Fund - Direct Growth,2024-09-25,409.8607,409.2459,409.8607,MIRAE,Equity,Large Cap
120503,Mirae Asset Large Cap Fund - Direct Growth,2024-09-26,409.652,409.0375,409.652,MIRAE,Equity,Large Cap
120503,Mirae Asset Large Cap Fund - Direct Growth,2024-09-27,413.1118,412.4921,413.1118,MIRAE,Equity,Large Cap
120503,Mirae Asset Large Cap Fund - Direct Growth,2024-09-30,404.6114,404.0045,404.6114,MIRAE,Equity,Large Cap
120503,Mirae Asset Large Cap Fund - Direct Growth,2024-10-01,406.6008,405.9909,406.6008,MIRAE,Equity,Large Cap
120503,Mirae Asset Large Cap Fund - Direct Growth,2024-10-02,402.3621,401.7586,402.3621,MIRAE,Equity,Large Cap
120503,Mirae Asset Large Cap Fund - Direct Growth,2024-10-03,398.324,397.7265,398.324,MIRAE,Equity,Large Cap
120503,Mirae Asset Large Cap Fund - Direct Growth,2024-10-04,403.8628,403.257,403.8628,MIRAE,Equity,Large Cap
120503,Mirae Asset Large Cap Fund - Direct Growth,2024-10-07,402.0416,401.4385,402.0416,MIRAE,Equity,Large Cap
120503,Mirae Asset Large Cap Fund - Direct Growth,2024-10-09,403.8462,403.2404,403.8462,MIRAE,Equity,Large Cap
120503,Mirae Asset Large Cap Fund - Direct Growth,2024-10-10,406.9309,406.3205,406.9309,MIRAE,Equity,Large Cap
120503,Mirae Asset Large Cap Fund - Direct Growth,2024-10-11,404.4367,403.83,404.4367,MIRAE,Equity,Large Cap
120503,Mirae Asset Large Cap Fund - Direct Growth,2024-10-14,399.4692,398.87,399.4692,MIRAE,Equity,Large Cap
120503,Mirae Asset Large Cap Fund - Direct Growth,2024-10-15,403.1802,402.5754,403.1802,MIRAE,Equity,Large Cap
120503,Mirae Asset Large Cap Fund - Direct Growth,2024-10-16,400.8585,400.2572,400.8585,MIRAE,Equity,Large Cap
120503,Mirae Asset Large Cap Fund - Direct Growth,2024-10-17,399.9192,399.3193,399.9192,MIRAE,Equity,Large Cap
120503,Mirae Asset Large Cap Fund - Direct Growth,2024-10-18,395.3073,394.7143,395.3073,MIRAE,Equity,Large Cap
120503,Mirae Asset Large Cap Fund - Direct Growth,2024-10-21,393.8145,393.2238,393.8145,MIRAE,Equity,Large Cap
120503,Mirae Asset Large Cap Fund - Direct Growth,2024-10-22,397.6799,397.0834,397.6799,MIRAE,Equity,Large Cap
120503,Mirae Asset Large Cap Fund - Direct Growth,2024-10-23,397.7471,397.1505,397.7471,MIRAE,Equity,Large Cap
120503,Mirae Asset Large Cap Fund - Direct Growth,2024-10-24,396.6514,396.0564,396.6514,MIRAE,Equity,Large Cap
120503,Mirae Asset Large Cap Fund - Direct Growth,2024-10-25,396.917,396.3216,396.917,MIRAE,Equity,Large Cap
120503,Mirae Asset Large Cap Fund - Direct Growth,2024-10-28,399.6068,399.0074,399.6068,MIRAE,Equity,Large Cap
120503,Mirae Asset Large Cap Fund - Direct Growth,2024-10-29,403.1971,402.5923,403.1971,MIRAE,Equity,Large Cap
120503,Mirae Asset Large Cap Fund - Direct Growth,2024-10-30,406.8332,406.223,406.8332,MIRAE,Equity,Large Cap
120503,Mirae Asset Large Cap Fund - Direct Growth,2024-10-31,409.1366,408.5229,409.1366,MIRAE,Equity,Large Cap
120503,Mirae Asset Large Cap Fund - Direct Growth,2024-11-01,409.3966,408.7825,409.3966,MIRAE,Equity,Large Cap
120503,Mirae Asset Large Cap Fund - Direct Growth,2024-11-04,414.3624,413.7409,414.3624,MIRAE,Equity,Large Cap
120503,Mirae Asset Large Cap Fund - Direct Growth,2024-11-05,411.676,411.0585,411.676,MIRAE,Equity,Large Cap
120503,Mirae Asset Large Cap Fund - Direct Growth,2024-11-06,412.3439,411.7254,412.3439,MIRAE,Equity,Large Cap
120503,Mirae Asset Large Cap Fund - Direct Growth,2024-11-07,420.1736,419.5433,420.1736,MIRAE,Equity,Large Cap
120503,Mirae Asset Large Cap Fund - Direct Growth,2024-11-08,414.094,413.4729,414.094,MIRAE,Equity,Large Cap
120503,Mirae Asset Large Cap Fund - Direct Growth,2024-11-11,408.347,407.7345,408.347,MIRAE,Equity,Large Cap
120503,Mirae Asset Large Cap Fund - Direct Growth,2024-11-12,409.3597,408.7457,409.3597,MIRAE,Equity,Large Cap
120503,Mirae Asset Large Cap Fund - Direct Growth,2024-11-13,410.7218,410.1057,410.7218,MIRAE,Equity,Large Cap
120503,Mirae Asset Large Cap Fund - Direct Growth,2024-11-14,409.786,409.1713,409.786,MIRAE,Equity,Large Cap
120503,Mirae Asset Large Cap Fund - Direct Growth,2024-11-15,417.2762,416.6503,417.2762,MIRAE,Equity,Large Cap
120503,Mirae Asset Large Cap Fund - Direct Growth,2024-11-18,405.1799,404.5721,405.1799,MIRAE,Equity,Large Cap
120503,Mirae Asset Large Cap Fund - Direct Growth,2024-11-19,397.3525,396.7565,397.3525,MIRAE,Equity,Large Cap
120503,Mirae Asset Large Cap Fund - Direct Growth,2024-11-20,396.6729,396.0779,396.6729,MIRAE,Equity,Large Cap
120503,Mirae Asset Large Cap Fund - Direct Growth,2024-11-21,404.7403,404.1332,404.7403,MIRAE,Equity,Large Cap
120503,Mirae Asset Large Cap Fund - Direct Growth,2024-11-22,405.0036,404.3961,405.0036,MIRAE,Equity,Large Cap
120503,Mirae Asset Large Cap Fund - Direct Growth,2024-11-25,397.5048,396.9085,397.5048,MIRAE,Equity,Large Cap
120503,Mirae Asset Large Cap Fund - Direct Growth,2024-11-26,395.8741,395.2803,395.8741,MIRAE,Equity,Large Cap
120503,Mirae Asset Large Cap Fund - Direct Growth,2024-11-27,394.5231,393.9313,394.5231,MIRAE,Equity,Large Cap
120503,Mirae Asset Large Cap Fund - Direct Growth,2024-11-28,400.7486,400.1475,400.7486,MIRAE,Equity,Large Cap
120503,Mirae Asset Large Cap Fund - Direct Growth,2024-11-29,403.5908,402.9854,403.5908,MIRAE,Equity,Large Cap
120503,Mirae Asset Large Cap Fund - Direct Growth,2024-12-02,402.2566,401.6532,402.2566,MIRAE,Equity,Large Cap
120503,Mirae Asset Large Cap Fund - Direct Growth,2024-12-03,407.9211,407.3092,407.9211,MIRAE,Equity,Large Cap
120503,Mirae Asset Large Cap Fund - Direct Growth,2024-12-04,415.8211,415.1974,415.8211,MIRAE,Equity,Large Cap
120503,Mirae Asset Large Cap Fund - Direct Growth,2024-12-05,410.9223,410.3059,410.9223,MIRAE,Equity,Large Cap
120503,Mirae Asset Large Cap Fund - Direct Growth,2024-12-06,407.0883,406.4777,407.0883,MIRAE,Equity,Large Cap
120503,Mirae Asset Large Cap Fund - Direct Growth,2024-12-09,402.5412,401.9374,402.5412,MIRAE,Equity,Large Cap
120503,Mirae Asset Large Cap Fund - Direct Growth,2024-12-10,407.4715,406.8603,407.4715,MIRAE,Equity,Large Cap
120503,Mirae Asset Large Cap Fund - Direct Growth,2024-12-11,407.2631,406.6522,407.2631,MIRAE,Equity,Large Cap
120503,Mirae Asset Large Cap Fund - Direct Growth,2024-12-12,405.8629,405.2541,405.8629,MIRAE,Equity,Large Cap
120503,Mirae Asset Large Cap Fund - Direct Growth,2024-12-13,406.7644,406.1543,406.7644,MIRAE,Equity,Large Cap
120503,Mirae Asset Large Cap Fund - Direct Growth,2024-12-16,405.3085,404.7005,405.3085,MIRAE,Equity,Large Cap
120503,Mirae Asset Large Cap Fund - Direct Growth,2024-12-17,406.3691,405.7595,406.3691,MIRAE,Equity,Large Cap
120503,Mirae Asset Large Cap Fund - Direct Growth,2024-12-18,416.3996,415.775,416.3996,MIRAE,Equity,Large Cap
120503,Mirae Asset Large Cap Fund - Direct Growth,2024-12-19,416.6001,415.9752,416.6001,MIRAE,Equity,Large Cap
120503,Mirae Asset Large Cap Fund - Direct Growth,2024-12-20,415.8167,415.193,415.8167,MIRAE,Equity,Large Cap
120503,Mirae Asset Large Cap Fund - Direct Growth,2024-12-23,420.4454,419.8147,420.4454,MIRAE,Equity,Large Cap
120503,Mirae Asset Large Cap Fund - Direct Growth,2024-12-24,409.454,408.8398,409.454,MIRAE,Equity,Large Cap
120503,Mirae Asset Large Cap Fund - Direct Growth,2024-12-25,417.1522,416.5265,417.1522,MIRAE,Equity,Large Cap
120503,Mirae Asset Large Cap Fund - Direct Growth,2024-12-26,410.191,409.5757,410.191,MIRAE,Equity,Large Cap
120503,Mirae Asset Large Cap Fund - Direct Growth,2024-12-27,409.0425,408.4289,409.0425,MIRAE,Equity,Large Cap
120503,Mirae Asset Large Cap Fund - Direct Growth,2024-12-30,402.4359,401.8322,402.4359,MIRAE,Equity,Large Cap
120503,Mirae Asset Large Cap Fund - Direct Growth,2024-12-31,404.8288,404.2216,404.8288,MIRAE,Equity,Large Cap
122639,SBI Small Cap Fund - Direct Growth,2022-01-03,295.4094,294.9663,295.4094,SBI,Equity,Small Cap
122639,SBI Small Cap Fund - Direct Growth,2022-01-04,293.1809,292.7411,293.1809,SBI,Equity,Small Cap
122639,SBI Small Cap Fund - Direct Growth,2022-01-05,294.7965,294.3543,294.7965,SBI,Equity,Small Cap
122639,SBI Small Cap Fund - Direct Growth,2022-01-06,294.9822,294.5397,294.9822,SBI,Equity,Small Cap
122639,SBI Small Cap Fund - Direct Growth,2022-01-10,300.5895,300.1386,300.5895,SBI,Equity,Small Cap
122639,SBI Small Cap Fund - Direct Growth,2022-01-11,303.306,302.851,303.306,SBI,Equity,Small Cap
122639,SBI Small Cap Fund - Direct Growth,2022-01-12,298.7202,298.2721,298.7202,SBI,Equity,Small Cap
122639,SBI Small Cap Fund - Direct Growth,2022-01-13,295.4112,294.9681,295.4112,SBI,Equity,Small Cap
122639,SBI Small Cap Fund - Direct Growth,2022-01-14,297.204,296.7582,297.204,SBI,Equity,Small Cap
122639,SBI Small Cap Fund - Direct Growth,2022-01-17,303.0078,302.5533,303.0078,SBI,Equity,Small Cap
122639,SBI Small Cap Fund - Direct Growth,2022-01-18,303.1264,302.6717,303.1264,SBI,Equity,Small Cap
122639,SBI Small Cap Fund - Direct Growth,2022-01-19,298.6993,298.2513,298.6993,SBI,Equity,Small Cap
122639,SBI Small Cap Fund - Direct Growth,2022-01-20,300.9856,300.5341,300.9856,SBI,Equity,Small Cap
122639,SBI Small Cap Fund - Direct Growth,2022-01-21,304.2928,303.8364,304.2928,SBI,Equity,Small Cap
122639,SBI Small Cap Fund - Direct Growth,2022-01-24,302.2585,301.8051,302.2585,SBI,Equity,Small Cap
122639,SBI Small Cap Fund - Direct Growth,2022-01-25,300.7954,300.3442,300.7954,SBI,Equity,Small Cap
122639,SBI Small Cap Fund - Direct Growth,2022-01-26,300.677,300.226,300.677,SBI,Equity,Small Cap
122639,SBI Small Cap Fund - Direct Growth,2022-01-27,308.3733,307.9107,308.3733,SBI,Equity,Small Cap
122639,SBI Small Cap Fund - Direct Growth,2022-01-28,307.5825,307.1211,307.5825,SBI,Equity,Small Cap
122639,SBI Small Cap Fund - Direct Growth,2022-01-31,306.9623,306.5019,306.9623,SBI,Equity,Small Cap
122639,SBI Small Cap Fund - Direct Growth,2022-02-01,306.4175,305.9579,306.4175,SBI,Equity,Small Cap
122639,SBI Small Cap Fund - Direct Growth,2022-02-02,304.1523,303.6961,304.1523,SBI,Equity,Small Cap
122639,SBI Small Cap Fund - Direct Growth,2022-02-03,309.0965,308.6329,309.0965,SBI,Equity,Small Cap
122639,SBI Small Cap Fund - Direct Growth,2022-02-04,314.4857,314.014,314.4857,SBI,Equity,Small Cap
122639,SBI Small Cap Fund - Direct Growth,2022-02-07,309.2899,308.826,309.2899,SBI,Equity,Small Cap
122639,SBI Small Cap Fund - Direct Growth,2022-02-08,306.8726,306.4123,306.8726,SBI,Equity,Small Cap
122639,SBI Small Cap Fund - Direct Growth,2022-02-09,309.9068,309.4419,309.9068,SBI,Equity,Small Cap
122639,SBI Small Cap Fund - Direct Growth,2022-02-10,302.7042,302.2501,302.7042,SBI,Equity,Small Cap
122639,SBI Small Cap Fund - Direct Growth,2022-02-11,306.0676,305.6085,306.0676,SBI,Equity,Small Cap
122639,SBI Small Cap Fund - Direct Growth,2022-02-14,304.6823,304.2253,304.6823,SBI,Equity,Small Cap
122639,SBI Small Cap Fund - Direct Growth,2022-02-15,301.3164,300.8644,301.3164,SBI,Equity,Small Cap
122639,SBI Small Cap Fund - Direct Growth,2022-02-16,299.9652,299.5153,299.9652,SBI,Equity,Small Cap
122639,SBI Small Cap Fund - Direct Growth,2022-02-17,302.5556,302.1018,302.5556,SBI,Equity,Small Cap
122639,SBI Small Cap Fund - Direct Growth,2022-02-18,303.0611,302.6065,303.0611,SBI,Equity,Small Cap
122639,SBI Small Cap Fund - Direct Growth,2022-02-21,306.9269,306.4665,306.9269,SBI,Equity,Small Cap
122639,SBI Small Cap Fund - Direct Growth,2022-02-22,313.0061,312.5366,313.0061,SBI,Equity,Small Cap
122639,SBI Small Cap Fund - Direct Growth,2022-02-23,313.5233,313.053,313.5233,SBI,Equity,Small Cap
122639,SBI Small Cap Fund - Direct Growth,2022-02-24,310.2672,309.8018,310.2672,SBI,Equity,Small Cap
122639,SBI Small Cap Fund - Direct Growth,2022-02-25,305.4383,304.9801,305.4383,SBI,Equity,Small Cap
122639,SBI Small Cap Fund - Direct Growth,2022-02-28,308.0124,307.5504,308.0124,SBI,Equity,Small Cap
122639,SBI Small Cap Fund - Direct Growth,2022-03-01,313.7211,313.2505,313.7211,SBI,Equity,Small Cap
122639,SBI Small Cap Fund - Direct Growth,2022-03-02,308.3834,307.9208,308.3834,SBI,Equity,Small Cap
122639,SBI Small Cap Fund - Direct Growth,2022-03-03,308.462,307.9993,308.462,SBI,Equity,Small Cap
122639,SBI Small Cap Fund - Direct Growth,2022-03-04,303.9496,303.4937,303.9496,SBI,Equity,Small Cap
122639,SBI Small Cap Fund - Direct Growth,2022-03-07,307.3344,306.8734,307.3344,SBI,Equity,Small Cap
122639,SBI Small Cap Fund - Direct Growth,2022-03-08,297.853,297.4062,297.853,SBI,Equity,Small Cap
122639,SBI Small Cap Fund - Direct Growth,2022-03-09,298.6832,298.2352,298.6832,SBI,Equity,Small Cap
122639,SBI Small Cap Fund - Direct Growth,2022-03-10,300.368,299.9174,300.368,SBI,Equity,Small Cap
122639,SBI Small Cap Fund - Direct Growth,2022-03-11,301.9454,301.4925,301.9454,SBI,Equity,Small Cap
122639,SBI Small Cap Fund - Direct Growth,2022-03-14,305.3186,304.8606,305.3186,SBI,Equity,Small Cap
122639,SBI Small Cap Fund - Direct Growth,2022-03-15,309.8099,309.3452,309.8099,SBI,Equity,Small Cap
122639,SBI Small Cap Fund - Direct Growth,2022-03-16,303.3215,302.8665,303.3215,SBI,Equity,Small Cap
122639,SBI Small Cap Fund - Direct Growth,2022-03-17,304.6063,304.1494,304.6063,SBI,Equity,Small Cap
122639,SBI Small Cap Fund - Direct Growth,2022-03-18,302.8852,302.4309,302.8852,SBI,Equity,Small Cap
122639,SBI Small Cap Fund - Direct Growth,2022-03-21,302.4377,301.984,302.4377,SBI,Equity,Small Cap
122639,SBI Small Cap Fund - Direct Growth,2022-03-22,300.1064,299.6562,300.1064,SBI,Equity,Small Cap
122639,SBI Small Cap Fund - Direct Growth,2022-03-23,300.3494,299.8989,300.3494,SBI,Equity,Small Cap
122639,SBI Small Cap Fund - Direct Growth,2022-03-24,296.5509,296.1061,296.5509,SBI,Equity,Small Cap
122639,SBI Small Cap Fund - Direct Growth,2022-03-25,292.8055,292.3663,292.8055,SBI,Equity,Small Cap
122639,SBI Small Cap Fund - Direct Growth,2022-03-28,293.803,293.3623,293.803,SBI,Equity,Small Cap
122639,SBI Small Cap Fund - Direct Growth,2022-03-29,295.5514,295.1081,295.5514,SBI,Equity,Small Cap
122639,SBI Small Cap Fund - Direct Growth,2022-03-30,289.5488,289.1145,289.5488,SBI,Equity,Small Cap
122639,SBI Small Cap Fund - Direct Growth,2022-03-31,287.3104,286.8794,287.3104,SBI,Equity,Small Cap
122639,SBI Small Cap Fund - Direct Growth,2022-04-01,291.5423,291.105,291.5423,SBI,Equity,Small Cap
122639,SBI Small Cap Fund - Direct Growth,2022-04-04,288.4399,288.0072,288.4399,SBI,Equity,Small Cap
122639,SBI Small Cap Fund - Direct Growth,2022-04-05,291.2668,290.8299,291.2668,SBI,Equity,Small Cap
122639,SBI Small Cap Fund - Direct Growth,2022-04-06,290.5041,290.0683,290.5041,SBI,Equity,Small Cap
122639,SBI Small Cap Fund - Direct Growth,2022-04-07,288.5374,288.1046,288.5374,SBI,Equity,Small Cap
122639,SBI Small Cap Fund - Direct Growth,2022-04-08,293.5777,293.1373,293.5777,SBI,Equity,Small Cap
122639,SBI Small Cap Fund - Direct Growth,2022-04-11,303.895,303.4392,303.895,SBI,Equity,Small Cap
122639,SBI Small Cap Fund - Direct Growth,2022-04-12,301.069,300.6174,301.069,SBI,Equity,Small Cap
122639,SBI Small Cap Fund - Direct Growth,2022-04-13,298.1892,297.7419,298.1892,SBI,Equity,Small Cap
122639,SBI Small Cap Fund - Direct Growth,2022-04-14,300.1782,299.7279,300.1782,SBI,Equity,Small Cap
122639,SBI Small Cap Fund - Direct Growth,2022-04-15,301.8054,301.3527,301.8054,SBI,Equity,Small Cap
122639,SBI Small Cap Fund - Direct Growth,2022-04-18,304.0623,303.6062,304.0623,SBI,Equity,Small Cap
122639,SBI Small Cap Fund - Direct Growth,2022-04-19,308.0222,307.5602,308.0222,SBI,Equity,Small Cap
122639,SBI Small Cap Fund - Direct Growth,2022-04-20,304.4563,303.9996,304.4563,SBI,Equity,Small Cap
122639,SBI Small Cap Fund - Direct Growth,2022-04-21,303.1753,302.7205,303.1753,SBI,Equity,Small Cap
122639,SBI Small Cap Fund - Direct Growth,2022-04-22,304.2068,303.7505,304.2068,SBI,Equity,Small Cap
122639,SBI Small Cap Fund - Direct Growth,2022-04-25,325.8511,325.3623,325.8511,SBI,Equity,Small Cap
122639,SBI Small Cap Fund - Direct Growth,2022-04-26,325.2651,324.7772,325.2651,SBI,Equity,Small Cap
122639,SBI Small Cap Fund - Direct Growth,2022-04-27,327.4815,326.9903,327.4815,SBI,Equity,Small Cap
122639,SBI Small Cap Fund - Direct Growth,2022-04-28,331.1008,330.6041,331.1008,SBI,Equity,Small Cap
122639,SBI Small Cap Fund - Direct Growth,2022-04-29,329.9592,329.4643,329.9592,SBI,Equity,Small Cap
122639,SBI Small Cap Fund - Direct Growth,2022-05-02,340.4208,339.9102,340.4208,SBI,Equity,Small Cap
122639,SBI Small Cap Fund - Direct Growth,2022-05-03,343.2773,342.7624,343.2773,SBI,Equity,Small Cap
122639,SBI Small Cap Fund - Direct Growth,2022-05-04,345.1513,344.6336,345.1513,SBI,Equity,Small Cap
122639,SBI Small Cap Fund - Direct Growth,2022-05-05,348.7641,348.241,348.7641,SBI,Equity,Small Cap
122639,SBI Small Cap Fund - Direct Growth,2022-05-06,346.3203,345.8008,346.3203,SBI,Equity,Small Cap
122639,SBI Small Cap Fund - Direct Growth,2022-05-09,341.6607,341.1482,341.6607,SBI,Equity,Small Cap
122639,SBI Small Cap Fund - Direct Growth,2022-05-10,344.9909,344.4734,344.9909,SBI,Equity,Small Cap
122639,SBI Small Cap Fund - Direct Growth,2022-05-11,347.024,346.5035,347.024,SBI,Equity,Small Cap
122639,SBI Small Cap Fund - Direct Growth,2022-05-12,354.1359,353.6047,354.1359,SBI,Equity,Small Cap
122639,SBI Small Cap Fund - Direct Growth,2022-05-13,354.2538,353.7224,354.2538,SBI,Equity,Small Cap
122639,SBI Small Cap Fund - Direct Growth,2022-05-16,351.204,350.6772,351.204,SBI,Equity,Small Cap
122639,SBI Small Cap Fund - Direct Growth,2022-05-17,354.2758,353.7444,354.2758,SBI,Equity,Small Cap
122639,SBI Small Cap Fund - Direct Growth,2022-05-18,358.0273,357.4903,358.0273,SBI,Equity,Small Cap
122639,SBI Small Cap Fund - Direct Growth,2022-05-19,356.9075,356.3721,356.9075,SBI,Equity,Small Cap
122639,SBI Small Cap Fund - Direct Growth,2022-05-20,356.7436,356.2085,356.7436,SBI,Equity,Small Cap
122639,SBI Small Cap Fund - Direct Growth,2022-05-23,352.8962,352.3669,352.8962,SBI,Equity,Small Cap
122639,SBI Small Cap Fund - Direct Growth,2022-05-24,355.4732,354.94,355.4732,SBI,Equity,Small Cap
122639,SBI Small Cap Fund - Direct Growth,2022-05-25,357.7511,357.2145,357.7511,SBI,Equity,Small Cap
122639,SBI Small Cap Fund - Direct Growth,2022-05-26,358.1079,357.5707,358.1079,SBI,Equity,Small Cap
122639,SBI Small Cap Fund - Direct Growth,2022-05-27,358.2815,357.7441,358.2815,SBI,Equity,Small Cap
122639,SBI Small Cap Fund - Direct Growth,2022-05-30,360.6656,360.1246,360.6656,SBI,Equity,Small Cap
122639,SBI Small Cap Fund - Direct Growth,2022-05-31,362.9393,362.3949,362.9393,SBI,Equity,Small Cap
122639,SBI Small Cap Fund - Direct Growth,2022-06-01,360.7935,360.2523,360.7935,SBI,Equity,Small Cap
122639,SBI Small Cap Fund - Direct Growth,2022-06-02,351.6149,351.0875,351.6149,SBI,Equity,Small Cap
122639,SBI Small Cap Fund - Direct Growth,2022-06-03,356.3848,355.8502,356.3848,SBI,Equity,Small Cap
122639,SBI Small Cap Fund - Direct Growth,2022-06-06,354.0122,353.4812,354.0122,SBI,Equity,Small Cap
122639,SBI Small Cap Fund - Direct Growth,2022-06-07,352.4885,351.9598,352.4885,SBI,Equity,Small Cap
122639,SBI Small Cap Fund - Direct Growth,2022-06-08,357.1129,356.5772,357.1129,SBI,Equity,Small Cap
122639,SBI Small Cap Fund - Direct Growth,2022-06-09,359.8998,359.36,359.8998,SBI,Equity,Small Cap
122639,SBI Small Cap Fund - Direct Growth,2022-06-10,362.996,362.4515,362.996,SBI,Equity,Small Cap
122639,SBI Small Cap Fund - Direct Growth,2022-06-13,363.8103,363.2646,363.8103,SBI,Equity,Small Cap
122639,SBI Small Cap Fund - Direct Growth,2022-06-14,362.3437,361.8002,362.3437,SBI,Equity,Small Cap
122639,SBI Small Cap Fund - Direct Growth,2022-06-15,363.1121,362.5674,363.1121,SBI,Equity,Small Cap
122639,SBI Small Cap Fund - Direct Growth,2022-06-16,355.5177,354.9844,355.5177,SBI,Equity,Small Cap
122639,SBI Small Cap Fund - Direct Growth,2022-06-17,357.4033,356.8672,357.4033,SBI,Equity,Small Cap
122639,SBI Small Cap Fund - Direct Growth,2022-06-20,341.3307,340.8187,341.3307,SBI,Equity,Small Cap
122639,SBI Small Cap Fund - Direct Growth,2022-06-21,346.0248,345.5058,346.0248,SBI,Equity,Small Cap
122639,SBI Small Cap Fund - Direct Growth,2022-06-22,343.5503,343.035,343.5503,SBI,Equity,Small Cap
122639,SBI Small Cap Fund - Direct Growth,2022-06-23,350.0107,349.4857,350.0107,SBI,Equity,Small Cap
122639,SBI Small Cap Fund - Direct Growth,2022-06-24,347.9003,347.3784,347.9003,SBI,Equity,Small Cap
122639,SBI Small Cap Fund - Direct Growth,2022-06-27,341.6048,341.0924,341.6048,SBI,Equity,Small Cap
122639,SBI Small Cap Fund - Direct Growth,2022-06-28,341.1024,340.5907,341.1024,SBI,Equity,Small Cap
122639,SBI Small Cap Fund - Direct Growth,2022-06-29,338.9946,338.4861,338.9946,SBI,Equity,Small Cap
122639,SBI Small Cap Fund - Direct Growth,2022-06-30,339.7811,339.2714,339.7811,SBI,Equity,Small Cap
122639,SBI Small Cap Fund - Direct Growth,2022-07-01,341.963,341.4501,341.963,SBI,Equity,Small Cap
122639,SBI Small Cap Fund - Direct Growth,2022-07-04,351.4677,350.9405,351.4677,SBI,Equity,Small Cap
122639,SBI Small Cap Fund - Direct Growth,2022-07-05,346.0155,345.4965,346.0155,SBI,Equity,Small Cap
122639,SBI Small Cap Fund - Direct Growth,2022-07-06,344.4371,343.9204,344.4371,SBI,Equity,Small Cap
122639,SBI Small Cap Fund - Direct Growth,2022-07-07,345.6507,345.1322,345.6507,SBI,Equity,Small Cap
122639,SBI Small Cap Fund - Direct Growth,2022-07-08,341.7915,341.2788,341.7915,SBI,Equity,Small Cap
122639,SBI Small Cap Fund - Direct Growth,2022-07-11,339.4697,338.9605,339.4697,SBI,Equity,Small Cap
122639,SBI Small Cap Fund - Direct Growth,2022-07-12,339.7391,339.2295,339.7391,SBI,Equity,Small Cap
122639,SBI Small Cap Fund - Direct Growth,2022-07-13,336.7827,336.2775,336.7827,SBI,Equity,Small Cap
122639,SBI Small Cap Fund - Direct Growth,2022-07-14,335.9863,335.4823,335.9863,SBI,Equity,Small Cap
122639,SBI Small Cap Fund - Direct Growth,2022-07-15,332.3943,331.8957,332.3943,SBI,Equity,Small Cap
122639,SBI Small Cap Fund - Direct Growth,2022-07-18,332.9826,332.4831,332.9826,SBI,Equity,Small Cap
122639,SBI Small Cap Fund - Direct Growth,2022-07-19,329.4017,328.9076,329.4017,SBI,Equity,Small Cap
122639,SBI Small Cap Fund - Direct Growth,2022-07-20,323.6179,323.1325,323.6179,SBI,Equity,Small Cap
122639,SBI Small Cap Fund - Direct Growth,2022-07-21,321.223,320.7412,321.223,SBI,Equity,Small Cap
122639,SBI Small Cap Fund - Direct Growth,2022-07-22,321.0299,320.5484,321.0299,SBI,Equity,Small Cap
122639,SBI Small Cap Fund - Direct Growth,2022-07-25,308.5726,308.1097,308.5726,SBI,Equity,Small Cap
122639,SBI Small Cap Fund - Direct Growth,2022-07-26,309.4635,308.9993,309.4635,SBI,Equity,Small Cap
122639,SBI Small Cap Fund - Direct Growth,2022-07-27,309.8448,309.38,309.8448,SBI,Equity,Small Cap
122639,SBI Small Cap Fund - Direct Growth,2022-07-28,307.2852,306.8243,307.2852,SBI,Equity,Small Cap
122639,SBI Small Cap Fund - Direct Growth,2022-07-29,308.0601,307.598,308.0601,SBI,Equity,Small Cap
122639,SBI Small Cap Fund - Direct Growth,2022-08-01,311.5395,311.0722,311.5395,SBI,Equity,Small Cap
122639,SBI Small Cap Fund - Direct Growth,2022-08-02,316.6754,316.2004,316.6754,SBI,Equity,Small Cap
122639,SBI Small Cap Fund - Direct Growth,2022-08-03,311.8635,311.3957,311.8635,SBI,Equity,Small Cap
122639,SBI Small Cap Fund - Direct Growth,2022-08-04,315.0934,314.6208,315.0934,SBI,Equity,Small Cap
122639,SBI Small Cap Fund - Direct Growth,2022-08-05,318.2874,317.81,318.2874,SBI,Equity,Small Cap
122639,SBI Small Cap Fund - Direct Growth,2022-08-08,323.2217,322.7369,323.2217,SBI,Equity,Small Cap
122639,SBI Small Cap Fund - Direct Growth,2022-08-09,318.997,318.5185,318.997,SBI,Equity,Small Cap
122639,SBI Small Cap Fund - Direct Growth,2022-08-10,315.6124,315.139,315.6124,SBI,Equity,Small Cap
122639,SBI Small Cap Fund - Direct Growth,2022-08-11,319.5929,319.1135,319.5929,SBI,Equity,Small Cap
122639,SBI Small Cap Fund - Direct Growth,2022-08-12,320.762,320.2809,320.762,SBI,Equity,Small Cap
122639,SBI Small Cap Fund - Direct Growth,2022-08-15,326.1134,325.6242,326.1134,SBI,Equity,Small Cap
122639,SBI Small Cap Fund - Direct Growth,2022-08-16,321.0529,320.5713,321.0529,SBI,Equity,Small Cap
122639,SBI Small Cap Fund - Direct Growth,2022-08-17,325.2163,324.7285,325.2163,SBI,Equity,Small Cap
122639,SBI Small Cap Fund - Direct Growth,2022-08-18,329.9108,329.4159,329.9108,SBI,Equity,Small Cap
122639,SBI Small Cap Fund - Direct Growth,2022-08-19,329.1346,328.6409,329.1346,SBI,Equity,Small Cap
122639,SBI Small Cap Fund - Direct Growth,2022-08-22,325.3032,324.8152,325.3032,SBI,Equity,Small Cap
122639,SBI Small Cap Fund - Direct Growth,2022-08-23,327.6664,327.1749,327.6664,SBI,Equity,Small Cap
122639,SBI Small Cap Fund - Direct Growth,2022-08-24,327.5529,327.0616,327.5529,SBI,Equity,Small Cap
122639,SBI Small Cap Fund - Direct Growth,2022-08-25,332.1033,331.6051,332.1033,SBI,Equity,Small Cap
122639,SBI Small Cap Fund - Direct Growth,2022-08-26,330.9048,330.4084,330.9048,SBI,Equity,Small Cap
122639,SBI Small Cap Fund - Direct Growth,2022-08-29,329.3731,328.879,329.3731,SBI,Equity,Small Cap
122639,SBI Small Cap Fund - Direct Growth,2022-08-30,328.8157,328.3225,328.8157,SBI,Equity,Small Cap
122639,SBI Small Cap Fund - Direct Growth,2022-08-31,329.8362,329.3414,329.8362,SBI,Equity,Small Cap
122639,SBI Small Cap Fund - Direct Growth,2022-09-01,328.5055,328.0127,328.5055,SBI,Equity,Small Cap
122639,SBI Small Cap Fund - Direct Growth,2022-09-02,328.1186,327.6264,328.1186,SBI,Equity,Small Cap
122639,SBI Small Cap Fund - Direct Growth,2022-09-05,323.6693,323.1838,323.6693,SBI,Equity,Small Cap
122639,SBI Small Cap Fund - Direct Growth,2022-09-06,330.5942,330.0983,330.5942,SBI,Equity,Small Cap
122639,SBI Small Cap Fund - Direct Growth,2022-09-07,336.2068,335.7025,336.2068,SBI,Equity,Small Cap
122639,SBI Small Cap Fund - Direct Growth,2022-09-08,331.1277,330.631,331.1277,SBI,Equity,Small Cap
122639,SBI Small Cap Fund - Direct Growth,2022-09-09,334.0007,333.4997,334.0007,SBI,Equity,Small Cap
122639,SBI Small Cap Fund - Direct Growth,2022-09-12,334.6115,334.1096,334.6115,SBI,Equity,Small Cap
122639,SBI Small Cap Fund - Direct Growth,2022-09-13,333.8041,333.3034,333.8041,SBI,Equity,Small Cap
122639,SBI Small Cap Fund - Direct Growth,2022-09-14,330.7981,330.3019,330.7981,SBI,Equity,Small Cap
122639,SBI Small Cap Fund - Direct Growth,2022-09-15,328.1893,327.697,328.1893,SBI,Equity,Small Cap
122639,SBI Small Cap Fund - Direct Growth,2022-09-16,324.7124,324.2253,324.7124,SBI,Equity,Small Cap
122639,SBI Small Cap Fund - Direct Growth,2022-09-19,318.8378,318.3595,318.8378,SBI,Equity,Small Cap
122639,SBI Small Cap Fund - Direct Growth,2022-09-20,321.5749,321.0925,321.5749,SBI,Equity,Small Cap
122639,SBI Small Cap Fund - Direct Growth,2022-09-21,327.4427,326.9515,327.4427,SBI,Equity,Small Cap
122639,SBI Small Cap Fund - Direct Growth,2022-09-22,325.2945,324.8066,325.2945,SBI,Equity,Small Cap
122639,SBI Small Cap Fund - Direct Growth,2022-09-23,326.3591,325.8696,326.3591,SBI,Equity,Small Cap
122639,SBI Small Cap Fund - Direct Growth,2022-09-26,330.8717,330.3754,330.8717,SBI,Equity,Small Cap
122639,SBI Small Cap Fund - Direct Growth,2022-09-27,333.9528,333.4519,333.9528,SBI,Equity,Small Cap
122639,SBI Small Cap Fund - Direct Growth,2022-09-28,336.019,335.515,336.019,SBI,Equity,Small Cap
122639,SBI Small Cap Fund - Direct Growth,2022-09-29,331.1629,330.6662,331.1629,SBI,Equity,Small Cap
122639,SBI Small Cap Fund - Direct Growth,2022-09-30,334.7494,334.2473,334.7494,SBI,Equity,Small Cap
122639,SBI Small Cap Fund - Direct Growth,2022-10-03,335.7698,335.2661,335.7698,SBI,Equity,Small Cap
122639,SBI Small Cap Fund - Direct Growth,2022-10-04,338.6574,338.1494,338.6574,SBI,Equity,Small Cap
122639,SBI Small Cap Fund - Direct Growth,2022-10-05,337.9422,337.4353,337.9422,SBI,Equity,Small Cap
122639,SBI Small Cap Fund - Direct Growth,2022-10-06,342.4286,341.915,342.4286,SBI,Equity,Small Cap
122639,SBI Small Cap Fund - Direct Growth,2022-10-07,352.2791,351.7507,352.2791,SBI,Equity,Small Cap
122639,SBI Small Cap Fund - Direct Growth,2022-10-10,344.8411,344.3238,344.8411,SBI,Equity,Small Cap
122639,SBI Small Cap Fund - Direct Growth,2022-10-11,347.9649,347.443,347.9649,SBI,Equity,Small Cap
122639,SBI Small Cap Fund - Direct Growth,2022-10-12,347.1401,346.6194,347.1401,SBI,Equity,Small Cap
122639,SBI Small Cap Fund - Direct Growth,2022-10-13,353.3328,352.8028,353.3328,SBI,Equity,Small Cap
122639,SBI Small Cap Fund - Direct Growth,2022-10-14,347.7985,347.2768,347.7985,SBI,Equity,Small Cap
122639,SBI Small Cap Fund - Direct Growth,2022-10-17,355.7474,355.2138,355.7474,SBI,Equity,Small Cap
122639,SBI Small Cap Fund - Direct Growth,2022-10-18,364.3957,363.8491,364.3957,SBI,Equity,Small Cap
122639,SBI Small Cap Fund - Direct Growth,2022-10-19,361.1891,360.6473,361.1891,SBI,Equity,Small Cap
122639,SBI Small Cap Fund - Direct Growth,2022-10-20,358.9516,358.4132,358.9516,SBI,Equity,Small Cap
122639,SBI Small Cap Fund - Direct Growth,2022-10-21,362.7978,362.2536,362.7978,SBI,Equity,Small Cap
122639,SBI Small Cap Fund - Direct Growth,2022-10-24,361.4596,360.9174,361.4596,SBI,Equity,Small Cap
122639,SBI Small Cap Fund - Direct Growth,2022-10-25,353.2776,352.7477,353.2776,SBI,Equity,Small Cap
122639,SBI Small Cap Fund - Direct Growth,2022-10-26,353.3602,352.8302,353.3602,SBI,Equity,Small Cap
122639,SBI Small Cap Fund - Direct Growth,2022-10-27,350.5769,350.051,350.5769,SBI,Equity,Small Cap
122639,SBI Small Cap Fund - Direct Growth,2022-10-28,348.6426,348.1196,348.6426,SBI,Equity,Small Cap
122639,SBI Small Cap Fund - Direct Growth,2022-10-31,353.1652,352.6355,353.1652,SBI,Equity,Small Cap
122639,SBI Small Cap Fund - Direct Growth,2022-11-01,352.1242,351.596,352.1242,SBI,Equity,Small Cap
122639,SBI Small Cap Fund - Direct Growth,2022-11-02,351.0829,350.5563,351.0829,SBI,Equity,Small Cap
122639,SBI Small Cap Fund - Direct Growth,2022-11-03,354.5532,354.0214,354.5532,SBI,Equity,Small Cap
122639,SBI Small Cap Fund - Direct Growth,2022-11-04,356.1418,355.6076,356.1418,SBI,Equity,Small Cap
122639,SBI Small Cap Fund - Direct Growth,2022-11-07,361.736,361.1934,361.736,SBI,Equity,Small Cap
122639,SBI Small Cap Fund - Direct Growth,2022-11-08,359.2231,358.6843,359.2231,SBI,Equity,Small Cap
122639,SBI Small Cap Fund - Direct Growth,2022-11-09,354.6891,354.1571,354.6891,SBI,Equity,Small Cap
122639,SBI Small Cap Fund - Direct Growth,2022-11-10,351.3178,350.7908,351.3178,SBI,Equity,Small Cap
122639,SBI Small Cap Fund - Direct Growth,2022-11-11,363.8912,363.3454,363.8912,SBI,Equity,Small Cap
122639,SBI Small Cap Fund - Direct Growth,2022-11-14,358.0043,357.4673,358.0043,SBI,Equity,Small Cap
122639,SBI Small Cap Fund - Direct Growth,2022-11-15,360.2176,359.6773,360.2176,SBI,Equity,Small Cap
122639,SBI Small Cap Fund - Direct Growth,2022-11-16,362.7273,362.1832,362.7273,SBI,Equity,Small Cap
122639,SBI Small Cap Fund - Direct Growth,2022-11-17,365.2615,364.7136,365.2615,SBI,Equity,Small Cap
122639,SBI Small Cap Fund - Direct Growth,2022-11-18,364.2901,363.7437,364.2901,SBI,Equity,Small Cap
122639,SBI Small Cap Fund - Direct Growth,2022-11-21,365.9876,365.4386,365.9876,SBI,Equity,Small Cap
122639,SBI Small Cap Fund - Direct Growth,2022-11-22,356.3872,355.8526,356.3872,SBI,Equity,Small Cap
122639,SBI Small Cap Fund - Direct Growth,2022-11-23,355.547,355.0137,355.547,SBI,Equity,Small Cap
122639,SBI Small Cap Fund - Direct Growth,2022-11-24,352.0566,351.5285,352.0566,SBI,Equity,Small Cap
122639,SBI Small Cap Fund - Direct Growth,2022-11-25,352.9376,352.4082,352.9376,SBI,Equity,Small Cap
122639,SBI Small Cap Fund - Direct Growth,2022-11-28,366.2455,365.6961,366.2455,SBI,Equity,Small Cap
122639,SBI Small Cap Fund - Direct Growth,2022-11-29,370.4433,369.8876,370.4433,SBI,Equity,Small Cap
122639,SBI Small Cap Fund - Direct Growth,2022-11-30,372.7372,372.1781,372.7372,SBI,Equity,Small Cap
122639,SBI Small Cap Fund - Direct Growth,2022-12-01,374.7653,374.2032,374.7653,SBI,Equity,Small Cap
122639,SBI Small Cap Fund - Direct Growth,2022-12-02,377.6443,377.0778,377.6443,SBI,Equity,Small Cap
122639,SBI Small Cap Fund - Direct Growth,2022-12-05,384.3405,383.764,384.3405,SBI,Equity,Small Cap
122639,SBI Small Cap Fund - Direct Growth,2022-12-06,380.2217,379.6514,380.2217,SBI,Equity,Small Cap
122639,SBI Small Cap Fund - Direct Growth,2022-12-07,382.9084,382.334,382.9084,SBI,Equity,Small Cap
122639,SBI Small Cap Fund - Direct Growth,2022-12-08,378.8403,378.272,378.8403,SBI,Equity,Small Cap
122639,SBI Small Cap Fund - Direct Growth,2022-12-09,377.0945,376.5289,377.0945,SBI,Equity,Small Cap
122639,SBI Small Cap Fund - Direct Growth,2022-12-12,384.8076,384.2304,384.8076,SBI,Equity,Small Cap
122639,SBI Small Cap Fund - Direct Growth,2022-12-13,379.2092,378.6404,379.2092,SBI,Equity,Small Cap
122639,SBI Small Cap Fund - Direct Growth,2022-12-14,379.6109,379.0415,379.6109,SBI,Equity,Small Cap
122639,SBI Small Cap Fund - Direct Growth,2022-12-15,376.5304,375.9656,376.5304,SBI,Equity,Small Cap
122639,SBI Small Cap Fund - Direct Growth,2022-12-16,370.9946,370.4381,370.9946,SBI,Equity,Small Cap
122639,SBI Small Cap Fund - Direct Growth,2022-12-19,379.8465,379.2767,379.8465,SBI,Equity,Small Cap
122639,SBI Small Cap Fund - Direct Growth,2022-12-20,381.9719,381.3989,381.9719,SBI,Equity,Small Cap
122639,SBI Small Cap Fund - Direct Growth,2022-12-21,375.8102,375.2465,375.8102,SBI,Equity,Small Cap
122639,SBI Small Cap Fund - Direct Growth,2022-12-22,373.4136,372.8535,373.4136,SBI,Equity,Small Cap
122639,SBI Small Cap Fund - Direct Growth,2022-12-23,378.1397,377.5725,378.1397,SBI,Equity,Small Cap
122639,SBI Small Cap Fund - Direct Growth,2022-12-26,372.1103,371.5521,372.1103,SBI,Equity,Small Cap
122639,SBI Small Cap Fund - Direct Growth,2022-12-27,380.6136,380.0427,380.6136,SBI,Equity,Small Cap
122639,SBI Small Cap Fund - Direct Growth,2022-12-28,382.5454,381.9716,382.5454,SBI,Equity,Small Cap
122639,SBI Small Cap Fund - Direct Growth,2022-12-29,378.7125,378.1444,378.7125,SBI,Equity,Small Cap
122639,SBI Small Cap Fund - Direct Growth,2022-12-30,381.2936,380.7217,381.2936,SBI,Equity,Small Cap
122639,SBI Small Cap Fund - Direct Growth,2023-01-02,371.1505,370.5938,371.1505,SBI,Equity,Small Cap
122639,SBI Small Cap Fund - Direct Growth,2023-01-03,375.4155,374.8524,375.4155,SBI,Equity,Small Cap
122639,SBI Small Cap Fund - Direct Growth,2023-01-04,370.9981,370.4416,370.9981,SBI,Equity,Small Cap
122639,SBI Small Cap Fund - Direct Growth,2023-01-05,371.528,370.9707,371.528,SBI,Equity,Small Cap
122639,SBI Small Cap Fund - Direct Growth,2023-01-06,367.5508,366.9995,367.5508,SBI,Equity,Small Cap
122639,SBI Small Cap Fund - Direct Growth,2023-01-09,363.3675,362.8224,363.3675,SBI,Equity,Small Cap
122639,SBI Small Cap Fund - Direct Growth,2023-01-10,359.1707,358.6319,359.1707,SBI,Equity,Small Cap
122639,SBI Small Cap Fund - Direct Growth,2023-01-11,362.1208,361.5776,362.1208,SBI,Equity,Small Cap
122639,SBI Small Cap Fund - Direct Growth,2023-01-12,365.996,365.447,365.996,SBI,Equity,Small Cap
122639,SBI Small Cap Fund - Direct Growth,2023-01-13,365.112,364.5643,365.112,SBI,Equity,Small Cap
122639,SBI Small Cap Fund - Direct Growth,2023-01-16,358.0714,357.5343,358.0714,SBI,Equity,Small Cap
122639,SBI Small Cap Fund - Direct Growth,2023-01-17,357.9989,357.4619,357.9989,SBI,Equity,Small Cap
122639,SBI Small Cap Fund - Direct Growth,2023-01-18,369.401,368.8469,369.401,SBI,Equity,Small Cap
122639,SBI Small Cap Fund - Direct Growth,2023-01-19,364.6196,364.0727,364.6196,SBI,Equity,Small Cap
122639,SBI Small Cap Fund - Direct Growth,2023-01-20,371.1719,370.6151,371.1719,SBI,Equity,Small Cap
122639,SBI Small Cap Fund - Direct Growth,2023-01-23,385.2867,384.7088,385.2867,SBI,Equity,Small Cap
122639,SBI Small Cap Fund - Direct Growth,2023-01-24,387.1612,386.5805,387.1612,SBI,Equity,Small Cap
122639,SBI Small Cap Fund - Direct Growth,2023-01-25,389.1241,388.5404,389.1241,SBI,Equity,Small Cap
122639,SBI Small Cap Fund - Direct Growth,2023-01-26,389.0317,388.4482,389.0317,SBI,Equity,Small Cap
122639,SBI Small Cap Fund - Direct Growth,2023-01-27,394.8994,394.3071,394.8994,SBI,Equity,Small Cap
122639,SBI Small Cap Fund - Direct Growth,2023-01-30,391.2758,390.6889,391.2758,SBI,Equity,Small Cap
122639,SBI Small Cap Fund - Direct Growth,2023-01-31,390.4793,389.8936,390.4793,SBI,Equity,Small Cap
122639,SBI Small Cap Fund - Direct Growth,2023-02-01,386.8867,386.3064,386.8867,SBI,Equity,Small Cap
122639,SBI Small Cap Fund - Direct Growth,2023-02-02,386.7465,386.1664,386.7465,SBI,Equity,Small Cap
122639,SBI Small Cap Fund - Direct Growth,2023-02-03,392.6441,392.0551,392.6441,SBI,Equity,Small Cap
122639,SBI Small Cap Fund - Direct Growth,2023-02-06,391.0302,390.4437,391.0302,SBI,Equity,Small Cap
122639,SBI Small Cap Fund - Direct Growth,2023-02-07,395.1678,394.575,395.1678,SBI,Equity,Small Cap
122639,SBI Small Cap Fund - Direct Growth,2023-02-08,384.6711,384.0941,384.6711,SBI,Equity,Small Cap
122639,SBI Small Cap Fund - Direct Growth,2023-02-09,382.0244,381.4514,382.0244,SBI,Equity,Small Cap
122639,SBI Small Cap Fund - Direct Growth,2023-02-10,383.1458,382.5711,383.1458,SBI,Equity,Small Cap
122639,SBI Small Cap Fund - Direct Growth,2023-02-13,378.1243,377.5571,378.1243,SBI,Equity,Small Cap
122639,SBI Small Cap Fund - Direct Growth,2023-02-14,381.0875,380.5159,381.0875,SBI,Equity,Small Cap
122639,SBI Small Cap Fund - Direct Growth,2023-02-15,378.3344,377.7669,378.3344,SBI,Equity,Small Cap
122639,SBI Small Cap Fund - Direct Growth,2023-02-16,373.0846,372.525,373.0846,SBI,Equity,Small Cap
122639,SBI Small Cap Fund - Direct Growth,2023-02-17,370.4386,369.8829,370.4386,SBI,Equity,Small Cap
122639,SBI Small Cap Fund - Direct Growth,2023-02-20,357.6585,357.122,357.6585,SBI,Equity,Small Cap
122639,SBI Small Cap Fund - Direct Growth,2023-02-21,361.6517,361.1092,361.6517,SBI,Equity,Small Cap
122639,SBI Small Cap Fund - Direct Growth,2023-02-22,367.3291,366.7781,367.3291,SBI,Equity,Small Cap
122639,SBI Small Cap Fund - Direct Growth,2023-02-23,370.3479,369.7924,370.3479,SBI,Equity,Small Cap
122639,SBI Small Cap Fund - Direct Growth,2023-02-24,365.44,364.8918,365.44,SBI,Equity,Small Cap
122639,SBI Small Cap Fund - Direct Growth,2023-02-27,367.5873,367.0359,367.5873,SBI,Equity,Small Cap
122639,SBI Small Cap Fund - Direct Growth,2023-02-28,370.6824,370.1264,370.6824,SBI,Equity,Small Cap
122639,SBI Small Cap Fund - Direct Growth,2023-03-01,367.5649,367.0136,367.5649,SBI,Equity,Small Cap
122639,SBI Small Cap Fund - Direct Growth,2023-03-02,368.0736,367.5215,368.0736,SBI,Equity,Small Cap
122639,SBI Small Cap Fund - Direct Growth,2023-03-03,370.2406,369.6852,370.2406,SBI,Equity,Small Cap
122639,SBI Small Cap Fund - Direct Growth,2023-03-06,383.9455,383.3696,383.9455,SBI,Equity,Small Cap
122639,SBI Small Cap Fund - Direct Growth,2023-03-07,384.4853,383.9086,384.4853,SBI,Equity,Small Cap
122639,SBI Small Cap Fund - Direct Growth,2023-03-08,391.1467,390.56,391.1467,SBI,Equity,Small Cap
122639,SBI Small Cap Fund - Direct Growth,2023-03-09,393.2265,392.6367,393.2265,SBI,Equity,Small Cap
122639,SBI Small Cap Fund - Direct Growth,2023-03-10,389.3206,388.7366,389.3206,SBI,Equity,Small Cap
122639,SBI Small Cap Fund - Direct Growth,2023-03-13,397.5436,396.9473,397.5436,SBI,Equity,Small Cap
122639,SBI Small Cap Fund - Direct Growth,2023-03-14,395.4152,394.8221,395.4152,SBI,Equity,Small Cap
122639,SBI Small Cap Fund - Direct Growth,2023-03-15,396.9806,396.3851,396.9806,SBI,Equity,Small Cap
122639,SBI Small Cap Fund - Direct Growth,2023-03-16,399.3459,398.7469,399.3459,SBI,Equity,Small Cap
122639,SBI Small Cap Fund - Direct Growth,2023-03-17,400.4511,399.8504,400.4511,SBI,Equity,Small Cap
122639,SBI Small Cap Fund - Direct Growth,2023-03-20,415.913,415.2891,415.913,SBI,Equity,Small Cap
122639,SBI Small Cap Fund - Direct Growth,2023-03-21,417.0308,416.4053,417.0308,SBI,Equity,Small Cap
122639,SBI Small Cap Fund - Direct Growth,2023-03-22,421.9083,421.2754,421.9083,SBI,Equity,Small Cap
122639,SBI Small Cap Fund - Direct Growth,2023-03-23,416.8495,416.2242,416.8495,SBI,Equity,Small Cap
122639,SBI Small Cap Fund - Direct Growth,2023-03-24,419.0067,418.3782,419.0067,SBI,Equity,Small Cap
122639,SBI Small Cap Fund - Direct Growth,2023-03-27,423.1467,422.512,423.1467,SBI,Equity,Small Cap
122639,SBI Small Cap Fund - Direct Growth,2023-03-28,420.0048,419.3748,420.0048,SBI,Equity,Small Cap
122639,SBI Small Cap Fund - Direct Growth,2023-03-29,414.681,414.059,414.681,SBI,Equity,Small Cap
122639,SBI Small Cap Fund - Direct Growth,2023-03-30,410.9418,410.3254,410.9418,SBI,Equity,Small Cap
122639,SBI Small Cap Fund - Direct Growth,2023-03-31,409.2791,408.6652,409.2791,SBI,Equity,Small Cap
122639,SBI Small Cap Fund - Direct Growth,2023-04-03,407.2982,406.6873,407.2982,SBI,Equity,Small Cap
122639,SBI Small Cap Fund - Direct Growth,2023-04-04,403.0244,402.4199,403.0244,SBI,Equity,Small Cap
122639,SBI Small Cap Fund - Direct Growth,2023-04-05,410.5333,409.9175,410.5333,SBI,Equity,Small Cap
122639,SBI Small Cap Fund - Direct Growth,2023-04-06,413.2139,412.5941,413.2139,SBI,Equity,Small Cap
122639,SBI Small Cap Fund - Direct Growth,2023-04-07,418.4894,417.8617,418.4894,SBI,Equity,Small Cap
122639,SBI Small Cap Fund - Direct Growth,2023-04-10,414.446,413.8243,414.446,SBI,Equity,Small Cap
122639,SBI Small Cap Fund - Direct Growth,2023-04-11,419.0393,418.4107,419.0393,SBI,Equity,Small Cap
122639,SBI Small Cap Fund - Direct Growth,2023-04-12,420.071,419.4409,420.071,SBI,Equity,Small Cap
122639,SBI Small Cap Fund - Direct Growth,2023-04-13,423.0279,422.3934,423.0279,SBI,Equity,Small Cap
122639,SBI Small Cap Fund - Direct Growth,2023-04-14,417.2294,416.6036,417.2294,SBI,Equity,Small Cap
122639,SBI Small Cap Fund - Direct Growth,2023-04-17,411.4711,410.8539,411.4711,SBI,Equity,Small Cap
122639,SBI Small Cap Fund - Direct Growth,2023-04-18,413.9228,413.3019,413.9228,SBI,Equity,Small Cap
122639,SBI Small Cap Fund - Direct Growth,2023-04-19,407.2977,406.6868,407.2977,SBI,Equity,Small Cap
122639,SBI Small Cap Fund - Direct Growth,2023-04-20,411.6061,410.9887,411.6061,SBI,Equity,Small Cap
122639,SBI Small Cap Fund - Direct Growth,2023-04-21,405.683,405.0745,405.683,SBI,Equity,Small Cap
122639,SBI Small Cap Fund - Direct Growth,2023-04-24,408.4863,407.8736,408.4863,SBI,Equity,Small Cap
122639,SBI Small Cap Fund - Direct Growth,2023-04-25,411.5027,410.8854,411.5027,SBI,Equity,Small Cap
122639,SBI Small Cap Fund - Direct Growth,2023-04-26,412.9534,412.334,412.9534,SBI,Equity,Small Cap
122639,SBI Small Cap Fund - Direct Growth,2023-04-27,410.4484,409.8327,410.4484,SBI,Equity,Small Cap
122639,SBI Small Cap Fund - Direct Growth,2023-04-28,405.6451,405.0366,405.6451,SBI,Equity,Small Cap
122639,SBI Small Cap Fund - Direct Growth,2023-05-01,390.7592,390.1731,390.7592,SBI,Equity,Small Cap
122639,SBI Small Cap Fund - Direct Growth,2023-05-02,391.3626,390.7756,391.3626,SBI,Equity,Small Cap
122639,SBI Small Cap Fund - Direct Growth,2023-05-03,390.2819,389.6965,390.2819,SBI,Equity,Small Cap
122639,SBI Small Cap Fund - Direct Growth,2023-05-04,393.6187,393.0283,393.6187,SBI,Equity,Small Cap
122639,SBI Small Cap Fund - Direct Growth,2023-05-05,392.3495,391.761,392.3495,SBI,Equity,Small Cap
122639,SBI Small Cap Fund - Direct Growth,2023-05-08,396.2894,395.695,396.2894,SBI,Equity,Small Cap
122639,SBI Small Cap Fund - Direct Growth,2023-05-09,397.9514,397.3545,397.9514,SBI,Equity,Small Cap
122639,SBI Small Cap Fund - Direct Growth,2023-05-10,400.3515,399.751,400.3515,SBI,Equity,Small Cap
122639,SBI Small Cap Fund - Direct Growth,2023-05-11,393.1344,392.5447,393.1344,SBI,Equity,Small Cap
122639,SBI Small Cap Fund - Direct Growth,2023-05-12,396.8619,396.2666,396.8619,SBI,Equity,Small Cap
122639,SBI Small Cap Fund - Direct Growth,2023-05-15,394.2186,393.6273,394.2186,SBI,Equity,Small Cap
122639,SBI Small Cap Fund - Direct Growth,2023-05-16,394.1903,393.599,394.1903,SBI,Equity,Small Cap
122639,SBI Small Cap Fund - Direct Growth,2023-05-17,393.7118,393.1212,393.7118,SBI,Equity,Small Cap
122639,SBI Small Cap Fund - Direct Growth,2023-05-18,395.4466,394.8534,395.4466,SBI,Equity,Small Cap
122639,SBI Small Cap Fund - Direct Growth,2023-05-19,402.3971,401.7935,402.3971,SBI,Equity,Small Cap
122639,SBI Small Cap Fund - Direct Growth,2023-05-22,404.6815,404.0745,404.6815,SBI,Equity,Small Cap
122639,SBI Small Cap Fund - Direct Growth,2023-05-23,411.2969,410.68,411.2969,SBI,Equity,Small Cap
122639,SBI Small Cap Fund - Direct Growth,2023-05-24,413.3705,412.7504,413.3705,SBI,Equity,Small Cap
122639,SBI Small Cap Fund - Direct Growth,2023-05-25,418.9476,418.3192,418.9476,SBI,Equity,Small Cap
122639,SBI Small Cap Fund - Direct Growth,2023-05-26,429.2316,428.5878,429.2316,SBI,Equity,Small Cap
122639,SBI Small Cap Fund - Direct Growth,2023-05-29,441.7948,441.1321,441.7948,SBI,Equity,Small Cap
122639,SBI Small Cap Fund - Direct Growth,2023-05-30,442.7396,442.0755,442.7396,SBI,Equity,Small Cap
122639,SBI Small Cap Fund - Direct Growth,2023-05-31,443.0437,442.3791,443.0437,SBI,Equity,Small Cap
122639,SBI Small Cap Fund - Direct Growth,2023-06-01,441.3526,440.6906,441.3526,SBI,Equity,Small Cap
122639,SBI Small Cap Fund - Direct Growth,2023-06-02,449.8093,449.1346,449.8093,SBI,Equity,Small Cap
122639,SBI Small Cap Fund - Direct Growth,2023-06-05,456.8477,456.1624,456.8477,SBI,Equity,Small Cap
122639,SBI Small Cap Fund - Direct Growth,2023-06-06,449.3592,448.6852,449.3592,SBI,Equity,Small Cap
122639,SBI Small Cap Fund - Direct Growth,2023-06-07,451.5214,450.8441,451.5214,SBI,Equity,Small Cap
122639,SBI Small Cap Fund - Direct Growth,2023-06-08,440.3235,439.663,440.3235,SBI,Equity,Small Cap
122639,SBI Small Cap Fund - Direct Growth,2023-06-09,443.8047,443.139,443.8047,SBI,Equity,Small Cap
122639,SBI Small Cap Fund - Direct Growth,2023-06-12,446.5257,445.8559,446.5257,SBI,Equity,Small Cap
122639,SBI Small Cap Fund - Direct Growth,2023-06-13,457.1753,456.4895,457.1753,SBI,Equity,Small Cap
122639,SBI Small Cap Fund - Direct Growth,2023-06-14,454.5836,453.9017,454.5836,SBI,Equity,Small Cap
122639,SBI Small Cap Fund - Direct Growth,2023-06-15,448.9891,448.3156,448.9891,SBI,Equity,Small Cap
122639,SBI Small Cap Fund - Direct Growth,2023-06-16,457.1517,456.466,457.1517,SBI,Equity,Small Cap
122639,SBI Small Cap Fund - Direct Growth,2023-06-19,474.1805,473.4692,474.1805,SBI,Equity,Small Cap
122639,SBI Small Cap Fund - Direct Growth,2023-06-20,482.0034,481.2804,482.0034,SBI,Equity,Small Cap
122639,SBI Small Cap Fund - Direct Growth,2023-06-21,477.9016,477.1847,477.9016,SBI,Equity,Small Cap
122639,SBI Small Cap Fund - Direct Growth,2023-06-22,475.3096,474.5966,475.3096,SBI,Equity,Small Cap
122639,SBI Small Cap Fund - Direct Growth,2023-06-23,482.5203,481.7965,482.5203,SBI,Equity,Small Cap
122639,SBI Small Cap Fund - Direct Growth,2023-06-26,490.9552,490.2188,490.9552,SBI,Equity,Small Cap
122639,SBI Small Cap Fund - Direct Growth,2023-06-27,502.8583,502.104,502.8583,SBI,Equity,Small Cap
122639,SBI Small Cap Fund - Direct Growth,2023-06-28,499.8554,499.1056,499.8554,SBI,Equity,Small Cap
122639,SBI Small Cap Fund - Direct Growth,2023-06-29,498.0451,497.298,498.0451,SBI,Equity,Small Cap
122639,SBI Small Cap Fund - Direct Growth,2023-06-30,500.2903,499.5399,500.2903,SBI,Equity,Small Cap
122639,SBI Small Cap Fund - Direct Growth,2023-07-03,518.0204,517.2434,518.0204,SBI,Equity,Small Cap
122639,SBI Small Cap Fund - Direct Growth,2023-07-04,521.1075,520.3258,521.1075,SBI,Equity,Small Cap
122639,SBI Small Cap Fund - Direct Growth,2023-07-05,521.5881,520.8057,521.5881,SBI,Equity,Small Cap
122639,SBI Small Cap Fund - Direct Growth,2023-07-06,525.2902,524.5023,525.2902,SBI,Equity,Small Cap
122639,SBI Small Cap Fund - Direct Growth,2023-07-07,509.5553,508.791,509.5553,SBI,Equity,Small Cap
122639,SBI Small Cap Fund - Direct Growth,2023-07-10,502.7845,502.0303,502.7845,SBI,Equity,Small Cap
122639,SBI Small Cap Fund - Direct Growth,2023-07-11,505.3165,504.5585,505.3165,SBI,Equity,Small Cap
122639,SBI Small Cap Fund - Direct Growth,2023-07-12,504.2788,503.5224,504.2788,SBI,Equity,Small Cap
122639,SBI Small Cap Fund - Direct Growth,2023-07-13,515.1035,514.3308,515.1035,SBI,Equity,Small Cap
122639,SBI Small Cap Fund - Direct Growth,2023-07-14,525.0328,524.2453,525.0328,SBI,Equity,Small Cap
122639,SBI Small Cap Fund - Direct Growth,2023-07-17,521.3174,520.5354,521.3174,SBI,Equity,Small Cap
122639,SBI Small Cap Fund - Direct Growth,2023-07-18,518.7004,517.9223,518.7004,SBI,Equity,Small Cap
122639,SBI Small Cap Fund - Direct Growth,2023-07-19,520.1218,519.3416,520.1218,SBI,Equity,Small Cap
122639,SBI Small Cap Fund - Direct Growth,2023-07-20,515.5971,514.8237,515.5971,SBI,Equity,Small Cap
122639,SBI Small Cap Fund - Direct Growth,2023-07-21,508.808,508.0448,508.808,SBI,Equity,Small Cap
122639,SBI Small Cap Fund - Direct Growth,2023-07-24,512.1105,511.3423,512.1105,SBI,Equity,Small Cap
122639,SBI Small Cap Fund - Direct Growth,2023-07-25,517.8176,517.0409,517.8176,SBI,Equity,Small Cap
122639,SBI Small Cap Fund - Direct Growth,2023-07-26,514.1002,513.329,514.1002,SBI,Equity,Small Cap
122639,SBI Small Cap Fund - Direct Growth,2023-07-27,515.8677,515.0939,515.8677,SBI,Equity,Small Cap
122639,SBI Small Cap Fund - Direct Growth,2023-07-28,521.1523,520.3706,521.1523,SBI,Equity,Small Cap
122639,SBI Small Cap Fund - Direct Growth,2023-07-31,521.164,520.3823,521.164,SBI,Equity,Small Cap
122639,SBI Small Cap Fund - Direct Growth,2023-08-01,520.1438,519.3636,520.1438,SBI,Equity,Small Cap
122639,SBI Small Cap Fund - Direct Growth,2023-08-02,519.0669,518.2883,519.0669,SBI,Equity,Small Cap
122639,SBI Small Cap Fund - Direct Growth,2023-08-03,514.6242,513.8523,514.6242,SBI,Equity,Small Cap
122639,SBI Small Cap Fund - Direct Growth,2023-08-04,513.7384,512.9678,513.7384,SBI,Equity,Small Cap
122639,SBI Small Cap Fund - Direct Growth,2023-08-07,500.1116,499.3614,500.1116,SBI,Equity,Small Cap
122639,SBI Small Cap Fund - Direct Growth,2023-08-08,498.7742,498.026,498.7742,SBI,Equity,Small Cap
122639,SBI Small Cap Fund - Direct Growth,2023-08-09,497.5283,496.782,497.5283,SBI,Equity,Small Cap
122639,SBI Small Cap Fund - Direct Growth,2023-08-10,497.3586,496.6126,497.3586,SBI,Equity,Small Cap
122639,SBI Small Cap Fund - Direct Growth,2023-08-11,500.419,499.6684,500.419,SBI,Equity,Small Cap
122639,SBI Small Cap Fund - Direct Growth,2023-08-14,495.0796,494.337,495.0796,SBI,Equity,Small Cap
122639,SBI Small Cap Fund - Direct Growth,2023-08-15,489.0869,488.3533,489.0869,SBI,Equity,Small Cap
122639,SBI Small Cap Fund - Direct Growth,2023-08-16,486.4231,485.6935,486.4231,SBI,Equity,Small Cap
122639,SBI Small Cap Fund - Direct Growth,2023-08-18,480.28,479.5596,480.28,SBI,Equity,Small Cap
122639,SBI Small Cap Fund - Direct Growth,2023-08-21,471.8151,471.1074,471.8151,SBI,Equity,Small Cap
122639,SBI Small Cap Fund - Direct Growth,2023-08-22,475.3728,474.6597,475.3728,SBI,Equity,Small Cap
122639,SBI Small Cap Fund - Direct Growth,2023-08-23,472.3831,471.6745,472.3831,SBI,Equity,Small Cap
122639,SBI Small Cap Fund - Direct Growth,2023-08-24,470.2309,469.5256,470.2309,SBI,Equity,Small Cap
122639,SBI Small Cap Fund - Direct Growth,2023-08-25,465.1898,464.492,465.1898,SBI,Equity,Small Cap
122639,SBI Small Cap Fund - Direct Growth,2023-08-28,464.0026,463.3066,464.0026,SBI,Equity,Small Cap
122639,SBI Small Cap Fund - Direct Growth,2023-08-29,454.2444,453.563,454.2444,SBI,Equity,Small Cap
122639,SBI Small Cap Fund - Direct Growth,2023-08-31,454.2817,453.6003,454.2817,SBI,Equity,Small Cap
122639,SBI Small Cap Fund - Direct Growth,2023-09-01,455.4656,454.7824,455.4656,SBI,Equity,Small Cap
122639,SBI Small Cap Fund - Direct Growth,2023-09-04,467.0251,466.3246,467.0251,SBI,Equity,Small Cap
122639,SBI Small Cap Fund - Direct Growth,2023-09-05,466.6769,465.9769,466.6769,SBI,Equity,Small Cap
122639,SBI Small Cap Fund - Direct Growth,2023-09-06,456.9164,456.231,456.9164,SBI,Equity,Small Cap
122639,SBI Small Cap Fund - Direct Growth,2023-09-07,456.6572,455.9722,456.6572,SBI,Equity,Small Cap
122639,SBI Small Cap Fund - Direct Growth,2023-09-08,452.2748,451.5964,452.2748,SBI,Equity,Small Cap
122639,SBI Small Cap Fund - Direct Growth,2023-09-11,454.1352,453.454,454.1352,SBI,Equity,Small Cap
122639,SBI Small Cap Fund - Direct Growth,2023-09-12,450.8533,450.177,450.8533,SBI,Equity,Small Cap
122639,SBI Small Cap Fund - Direct Growth,2023-09-13,460.4412,459.7505,460.4412,SBI,Equity,Small Cap
122639,SBI Small Cap Fund - Direct Growth,2023-09-14,458.8504,458.1621,458.8504,SBI,Equity,Small Cap
122639,SBI Small Cap Fund - Direct Growth,2023-09-15,469.1244,468.4207,469.1244,SBI,Equity,Small Cap
122639,SBI Small Cap Fund - Direct Growth,2023-09-18,479.1268,478.4081,479.1268,SBI,Equity,Small Cap
122639,SBI Small Cap Fund - Direct Growth,2023-09-19,481.5826,480.8602,481.5826,SBI,Equity,Small Cap
122639,SBI Small Cap Fund - Direct Growth,2023-09-20,470.6352,469.9292,470.6352,SBI,Equity,Small Cap
122639,SBI Small Cap Fund - Direct Growth,2023-09-21,469.2484,468.5445,469.2484,SBI,Equity,Small Cap
122639,SBI Small Cap Fund - Direct Growth,2023-09-22,474.1952,473.4839,474.1952,SBI,Equity,Small Cap
122639,SBI Small Cap Fund - Direct Growth,2023-09-25,466.195,465.4957,466.195,SBI,Equity,Small Cap
122639,SBI Small Cap Fund - Direct Growth,2023-09-26,475.9148,475.2009,475.9148,SBI,Equity,Small Cap
122639,SBI Small Cap Fund - Direct Growth,2023-09-27,483.2261,482.5013,483.2261,SBI,Equity,Small Cap
122639,SBI Small Cap Fund - Direct Growth,2023-09-28,483.0598,482.3352,483.0598,SBI,Equity,Small Cap
122639,SBI Small Cap Fund - Direct Growth,2023-09-29,488.7683,488.0351,488.7683,SBI,Equity,Small Cap
122639,SBI Small Cap Fund - Direct Growth,2023-10-02,471.9539,471.246,471.9539,SBI,Equity,Small Cap
122639,SBI Small Cap Fund - Direct Growth,2023-10-03,480.994,480.2725,480.994,SBI,Equity,Small Cap
122639,SBI Small Cap Fund - Direct Growth,2023-10-04,479.6049,478.8855,479.6049,SBI,Equity,Small Cap
122639,SBI Small Cap Fund - Direct Growth,2023-10-05,478.396,477.6784,478.396,SBI,Equity,Small Cap
122639,SBI Small Cap Fund - Direct Growth,2023-10-06,476.8661,476.1508,476.8661,SBI,Equity,Small Cap
122639,SBI Small Cap Fund - Direct Growth,2023-10-09,511.1187,510.352,511.1187,SBI,Equity,Small Cap
122639,SBI Small Cap Fund - Direct Growth,2023-10-10,510.3477,509.5822,510.3477,SBI,Equity,Small Cap
122639,SBI Small Cap Fund - Direct Growth,2023-10-11,512.3623,511.5938,512.3623,SBI,Equity,Small Cap
122639,SBI Small Cap Fund - Direct Growth,2023-10-12,503.2424,502.4875,503.2424,SBI,Equity,Small Cap
122639,SBI Small Cap Fund - Direct Growth,2023-10-13,512.3628,511.5943,512.3628,SBI,Equity,Small Cap
122639,SBI Small Cap Fund - Direct Growth,2023-10-16,500.4326,499.682,500.4326,SBI,Equity,Small Cap
122639,SBI Small Cap Fund - Direct Growth,2023-10-17,497.0965,496.3509,497.0965,SBI,Equity,Small Cap
122639,SBI Small Cap Fund - Direct Growth,2023-10-18,492.3009,491.5624,492.3009,SBI,Equity,Small Cap
122639,SBI Small Cap Fund - Direct Growth,2023-10-19,488.9067,488.1733,488.9067,SBI,Equity,Small Cap
122639,SBI Small Cap Fund - Direct Growth,2023-10-20,485.9393,485.2104,485.9393,SBI,Equity,Small Cap
122639,SBI Small Cap Fund - Direct Growth,2023-10-23,481.6847,480.9622,481.6847,SBI,Equity,Small Cap
122639,SBI Small Cap Fund - Direct Growth,2023-10-24,483.1522,482.4275,483.1522,SBI,Equity,Small Cap
122639,SBI Small Cap Fund - Direct Growth,2023-10-25,490.407,489.6714,490.407,SBI,Equity,Small Cap
122639,SBI Small Cap Fund - Direct Growth,2023-10-26,487.5831,486.8517,487.5831,SBI,Equity,Small Cap
122639,SBI Small Cap Fund - Direct Growth,2023-10-27,483.5776,482.8522,483.5776,SBI,Equity,Small Cap
122639,SBI Small Cap Fund - Direct Growth,2023-10-30,490.7918,490.0556,490.7918,SBI,Equity,Small Cap
122639,SBI Small Cap Fund - Direct Growth,2023-10-31,487.8595,487.1277,487.8595,SBI,Equity,Small Cap
122639,SBI Small Cap Fund - Direct Growth,2023-11-01,490.8874,490.1511,490.8874,SBI,Equity,Small Cap
122639,SBI Small Cap Fund - Direct Growth,2023-11-02,484.5905,483.8636,484.5905,SBI,Equity,Small Cap
122639,SBI Small Cap Fund - Direct Growth,2023-11-03,488.7465,488.0134,488.7465,SBI,Equity,Small Cap
122639,SBI Small Cap Fund - Direct Growth,2023-11-06,484.988,484.2605,484.988,SBI,Equity,Small Cap
122639,SBI Small Cap Fund - Direct Growth,2023-11-07,480.0216,479.3016,480.0216,SBI,Equity,Small Cap
122639,SBI Small Cap Fund - Direct Growth,2023-11-08,483.2943,482.5694,483.2943,SBI,Equity,Small Cap
122639,SBI Small Cap Fund - Direct Growth,2023-11-09,490.6151,489.8792,490.6151,SBI,Equity,Small Cap
122639,SBI Small Cap Fund - Direct Growth,2023-11-10,487.0593,486.3287,487.0593,SBI,Equity,Small Cap
122639,SBI Small Cap Fund - Direct Growth,2023-11-13,474.698,473.986,474.698,SBI,Equity,Small Cap
122639,SBI Small Cap Fund - Direct Growth,2023-11-14,474.711,473.9989,474.711,SBI,Equity,Small Cap
122639,SBI Small Cap Fund - Direct Growth,2023-11-15,469.7188,469.0142,469.7188,SBI,Equity,Small Cap
122639,SBI Small Cap Fund - Direct Growth,2023-11-16,464.628,463.9311,464.628,SBI,Equity,Small Cap
122639,SBI Small Cap Fund - Direct Growth,2023-11-17,461.0906,460.399,461.0906,SBI,Equity,Small Cap
122639,SBI Small Cap Fund - Direct Growth,2023-11-20,449.8115,449.1368,449.8115,SBI,Equity,Small Cap
122639,SBI Small Cap Fund - Direct Growth,2023-11-21,438.5444,437.8866,438.5444,SBI,Equity,Small Cap
122639,SBI Small Cap Fund - Direct Growth,2023-11-22,435.5262,434.8729,435.5262,SBI,Equity,Small Cap
122639,SBI Small Cap Fund - Direct Growth,2023-11-23,438.0924,437.4353,438.0924,SBI,Equity,Small Cap
122639,SBI Small Cap Fund - Direct Growth,2023-11-24,423.8237,423.188,423.8237,SBI,Equity,Small Cap
122639,SBI Small Cap Fund - Direct Growth,2023-11-27,426.1063,425.4671,426.1063,SBI,Equity,Small Cap
122639,SBI Small Cap Fund - Direct Growth,2023-11-28,424.308,423.6715,424.308,SBI,Equity,Small Cap
122639,SBI Small Cap Fund - Direct Growth,2023-11-29,426.4278,425.7882,426.4278,SBI,Equity,Small Cap
122639,SBI Small Cap Fund - Direct Growth,2023-11-30,427.3212,426.6802,427.3212,SBI,Equity,Small Cap
122639,SBI Small Cap Fund - Direct Growth,2023-12-01,416.5669,415.942,416.5669,SBI,Equity,Small Cap
122639,SBI Small Cap Fund - Direct Growth,2023-12-04,424.5705,423.9336,424.5705,SBI,Equity,Small Cap
122639,SBI Small Cap Fund - Direct Growth,2023-12-05,444.7439,444.0768,444.7439,SBI,Equity,Small Cap
122639,SBI Small Cap Fund - Direct Growth,2023-12-06,433.799,433.1483,433.799,SBI,Equity,Small Cap
122639,SBI Small Cap Fund - Direct Growth,2023-12-07,442.9506,442.2862,442.9506,SBI,Equity,Small Cap
122639,SBI Small Cap Fund - Direct Growth,2023-12-08,441.5999,440.9375,441.5999,SBI,Equity,Small Cap
122639,SBI Small Cap Fund - Direct Growth,2023-12-11,441.1553,440.4936,441.1553,SBI,Equity,Small Cap
122639,SBI Small Cap Fund - Direct Growth,2023-12-12,438.3151,437.6576,438.3151,SBI,Equity,Small Cap
122639,SBI Small Cap Fund - Direct Growth,2023-12-13,440.2236,439.5633,440.2236,SBI,Equity,Small Cap
122639,SBI Small Cap Fund - Direct Growth,2023-12-14,432.3849,431.7363,432.3849,SBI,Equity,Small Cap
122639,SBI Small Cap Fund - Direct Growth,2023-12-15,436.4523,435.7976,436.4523,SBI,Equity,Small Cap
122639,SBI Small Cap Fund - Direct Growth,2023-12-18,426.5857,425.9458,426.5857,SBI,Equity,Small Cap
122639,SBI Small Cap Fund - Direct Growth,2023-12-19,433.1917,432.5419,433.1917,SBI,Equity,Small Cap
122639,SBI Small Cap Fund - Direct Growth,2023-12-20,430.5821,429.9362,430.5821,SBI,Equity,Small Cap
122639,SBI Small Cap Fund - Direct Growth,2023-12-21,432.6065,431.9576,432.6065,SBI,Equity,Small Cap
122639,SBI Small Cap Fund - Direct Growth,2023-12-22,428.9849,428.3414,428.9849,SBI,Equity,Small Cap
122639,SBI Small Cap Fund - Direct Growth,2023-12-25,446.6579,445.9879,446.6579,SBI,Equity,Small Cap
122639,SBI Small Cap Fund - Direct Growth,2023-12-26,445.8956,445.2268,445.8956,SBI,Equity,Small Cap
122639,SBI Small Cap Fund - Direct Growth,2023-12-27,449.6518,448.9773,449.6518,SBI,Equity,Small Cap
122639,SBI Small Cap Fund - Direct Growth,2023-12-28,450.3608,449.6853,450.3608,SBI,Equity,Small Cap
122639,SBI Small Cap Fund - Direct Growth,2023-12-29,457.5443,456.858,457.5443,SBI,Equity,Small Cap
122639,SBI Small Cap Fund - Direct Growth,2024-01-01,457.1319,456.4462,457.1319,SBI,Equity,Small Cap
122639,SBI Small Cap Fund - Direct Growth,2024-01-02,456.9626,456.2772,456.9626,SBI,Equity,Small Cap
122639,SBI Small Cap Fund - Direct Growth,2024-01-03,457.6485,456.962,457.6485,SBI,Equity,Small Cap
122639,SBI Small Cap Fund - Direct Growth,2024-01-04,459.2168,458.528,459.2168,SBI,Equity,Small Cap
122639,SBI Small Cap Fund - Direct Growth,2024-01-05,458.76,458.0719,458.76,SBI,Equity,Small Cap
122639,SBI Small Cap Fund - Direct Growth,2024-01-08,474.7571,474.045,474.7571,SBI,Equity,Small Cap
122639,SBI Small Cap Fund - Direct Growth,2024-01-09,479.8987,479.1789,479.8987,SBI,Equity,Small Cap
122639,SBI Small Cap Fund - Direct Growth,2024-01-10,477.4673,476.7511,477.4673,SBI,Equity,Small Cap
122639,SBI Small Cap Fund - Direct Growth,2024-01-11,472.5633,471.8545,472.5633,SBI,Equity,Small Cap
122639,SBI Small Cap Fund - Direct Growth,2024-01-12,478.1696,477.4523,478.1696,SBI,Equity,Small Cap
122639,SBI Small Cap Fund - Direct Growth,2024-01-15,488.7536,488.0205,488.7536,SBI,Equity,Small Cap
122639,SBI Small Cap Fund - Direct Growth,2024-01-16,487.6028,486.8714,487.6028,SBI,Equity,Small Cap
122639,SBI Small Cap Fund - Direct Growth,2024-01-17,478.2048,477.4875,478.2048,SBI,Equity,Small Cap
122639,SBI Small Cap Fund - Direct Growth,2024-01-18,476.1439,475.4297,476.1439,SBI,Equity,Small Cap
122639,SBI Small Cap Fund - Direct Growth,2024-01-19,482.0285,481.3055,482.0285,SBI,Equity,Small Cap
122639,SBI Small Cap Fund - Direct Growth,2024-01-22,482.4885,481.7648,482.4885,SBI,Equity,Small Cap
122639,SBI Small Cap Fund - Direct Growth,2024-01-23,484.5577,483.8309,484.5577,SBI,Equity,Small Cap
122639,SBI Small Cap Fund - Direct Growth,2024-01-24,478.0781,477.361,478.0781,SBI,Equity,Small Cap
122639,SBI Small Cap Fund - Direct Growth,2024-01-25,478.7582,478.0401,478.7582,SBI,Equity,Small Cap
122639,SBI Small Cap Fund - Direct Growth,2024-01-26,461.7653,461.0727,461.7653,SBI,Equity,Small Cap
122639,SBI Small Cap Fund - Direct Growth,2024-01-29,458.804,458.1158,458.804,SBI,Equity,Small Cap
122639,SBI Small Cap Fund - Direct Growth,2024-01-30,463.2677,462.5728,463.2677,SBI,Equity,Small Cap
122639,SBI Small Cap Fund - Direct Growth,2024-01-31,466.0473,465.3482,466.0473,SBI,Equity,Small Cap
122639,SBI Small Cap Fund - Direct Growth,2024-02-01,474.74,474.0279,474.74,SBI,Equity,Small Cap
122639,SBI Small Cap Fund - Direct Growth,2024-02-02,469.524,468.8197,469.524,SBI,Equity,Small Cap
122639,SBI Small Cap Fund - Direct Growth,2024-02-05,483.9303,483.2044,483.9303,SBI,Equity,Small Cap
122639,SBI Small Cap Fund - Direct Growth,2024-02-06,490.7186,489.9825,490.7186,SBI,Equity,Small Cap
122639,SBI Small Cap Fund - Direct Growth,2024-02-07,484.4003,483.6737,484.4003,SBI,Equity,Small Cap
122639,SBI Small Cap Fund - Direct Growth,2024-02-08,479.8013,479.0816,479.8013,SBI,Equity,Small Cap
122639,SBI Small Cap Fund - Direct Growth,2024-02-09,476.4892,475.7745,476.4892,SBI,Equity,Small Cap
122639,SBI Small Cap Fund - Direct Growth,2024-02-12,474.8929,474.1806,474.8929,SBI,Equity,Small Cap
122639,SBI Small Cap Fund - Direct Growth,2024-02-13,473.6077,472.8973,473.6077,SBI,Equity,Small Cap
122639,SBI Small Cap Fund - Direct Growth,2024-02-14,475.8005,475.0868,475.8005,SBI,Equity,Small Cap
122639,SBI Small Cap Fund - Direct Growth,2024-02-15,472.7343,472.0252,472.7343,SBI,Equity,Small Cap
122639,SBI Small Cap Fund - Direct Growth,2024-02-16,462.5955,461.9016,462.5955,SBI,Equity,Small Cap
122639,SBI Small Cap Fund - Direct Growth,2024-02-19,453.6194,452.939,453.6194,SBI,Equity,Small Cap
122639,SBI Small Cap Fund - Direct Growth,2024-02-20,446.3525,445.683,446.3525,SBI,Equity,Small Cap
122639,SBI Small Cap Fund - Direct Growth,2024-02-21,457.1753,456.4895,457.1753,SBI,Equity,Small Cap
122639,SBI Small Cap Fund - Direct Growth,2024-02-22,462.358,461.6645,462.358,SBI,Equity,Small Cap
122639,SBI Small Cap Fund - Direct Growth,2024-02-23,463.1297,462.435,463.1297,SBI,Equity,Small Cap
122639,SBI Small Cap Fund - Direct Growth,2024-02-26,468.9734,468.2699,468.9734,SBI,Equity,Small Cap
122639,SBI Small Cap Fund - Direct Growth,2024-02-27,470.2855,469.5801,470.2855,SBI,Equity,Small Cap
122639,SBI Small Cap Fund - Direct Growth,2024-02-28,471.9636,471.2557,471.9636,SBI,Equity,Small Cap
122639,SBI Small Cap Fund - Direct Growth,2024-02-29,479.3584,478.6394,479.3584,SBI,Equity,Small Cap
122639,SBI Small Cap Fund - Direct Growth,2024-03-01,483.7637,483.0381,483.7637,SBI,Equity,Small Cap
122639,SBI Small Cap Fund - Direct Growth,2024-03-04,470.8881,470.1818,470.8881,SBI,Equity,Small Cap
122639,SBI Small Cap Fund - Direct Growth,2024-03-05,470.3831,469.6775,470.3831,SBI,Equity,Small Cap
122639,SBI Small Cap Fund - Direct Growth,2024-03-06,471.0983,470.3917,471.0983,SBI,Equity,Small Cap
122639,SBI Small Cap Fund - Direct Growth,2024-03-07,464.8975,464.2002,464.8975,SBI,Equity,Small Cap
122639,SBI Small Cap Fund - Direct Growth,2024-03-08,478.5376,477.8198,478.5376,SBI,Equity,Small Cap
122639,SBI Small Cap Fund - Direct Growth,2024-03-11,491.7747,491.037,491.7747,SBI,Equity,Small Cap
122639,SBI Small Cap Fund - Direct Growth,2024-03-12,490.7191,489.983,490.7191,SBI,Equity,Small Cap
122639,SBI Small Cap Fund - Direct Growth,2024-03-13,485.3099,484.5819,485.3099,SBI,Equity,Small Cap
122639,SBI Small Cap Fund - Direct Growth,2024-03-14,485.9552,485.2263,485.9552,SBI,Equity,Small Cap
122639,SBI Small Cap Fund - Direct Growth,2024-03-15,487.6527,486.9212,487.6527,SBI,Equity,Small Cap
122639,SBI Small Cap Fund - Direct Growth,2024-03-18,481.9944,481.2714,481.9944,SBI,Equity,Small Cap
122639,SBI Small Cap Fund - Direct Growth,2024-03-19,471.1526,470.4459,471.1526,SBI,Equity,Small Cap
122639,SBI Small Cap Fund - Direct Growth,2024-03-20,466.4766,465.7769,466.4766,SBI,Equity,Small Cap
122639,SBI Small Cap Fund - Direct Growth,2024-03-21,464.3479,463.6514,464.3479,SBI,Equity,Small Cap
122639,SBI Small Cap Fund - Direct Growth,2024-03-22,475.0522,474.3396,475.0522,SBI,Equity,Small Cap
122639,SBI Small Cap Fund - Direct Growth,2024-03-25,473.8744,473.1636,473.8744,SBI,Equity,Small Cap
122639,SBI Small Cap Fund - Direct Growth,2024-03-26,465.2652,464.5673,465.2652,SBI,Equity,Small Cap
122639,SBI Small Cap Fund - Direct Growth,2024-03-27,471.4962,470.789,471.4962,SBI,Equity,Small Cap
122639,SBI Small Cap Fund - Direct Growth,2024-03-28,469.0192,468.3157,469.0192,SBI,Equity,Small Cap
122639,SBI Small Cap Fund - Direct Growth,2024-03-29,468.6798,467.9768,468.6798,SBI,Equity,Small Cap
122639,SBI Small Cap Fund - Direct Growth,2024-04-01,461.479,460.7868,461.479,SBI,Equity,Small Cap
122639,SBI Small Cap Fund - Direct Growth,2024-04-02,458.4318,457.7442,458.4318,SBI,Equity,Small Cap
122639,SBI Small Cap Fund - Direct Growth,2024-04-03,464.3275,463.631,464.3275,SBI,Equity,Small Cap
122639,SBI Small Cap Fund - Direct Growth,2024-04-04,456.0475,455.3634,456.0475,SBI,Equity,Small Cap
122639,SBI Small Cap Fund - Direct Growth,2024-04-05,440.7307,440.0696,440.7307,SBI,Equity,Small Cap
122639,SBI Small Cap Fund - Direct Growth,2024-04-08,448.1368,447.4646,448.1368,SBI,Equity,Small Cap
122639,SBI Small Cap Fund - Direct Growth,2024-04-09,445.8253,445.1566,445.8253,SBI,Equity,Small Cap
122639,SBI Small Cap Fund - Direct Growth,2024-04-10,443.8025,443.1368,443.8025,SBI,Equity,Small Cap
122639,SBI Small Cap Fund - Direct Growth,2024-04-11,450.1253,449.4501,450.1253,SBI,Equity,Small Cap
122639,SBI Small Cap Fund - Direct Growth,2024-04-12,440.2059,439.5456,440.2059,SBI,Equity,Small Cap
122639,SBI Small Cap Fund - Direct Growth,2024-04-15,442.0516,441.3885,442.0516,SBI,Equity,Small Cap
122639,SBI Small Cap Fund - Direct Growth,2024-04-16,439.5241,438.8648,439.5241,SBI,Equity,Small Cap
122639,SBI Small Cap Fund - Direct Growth,2024-04-17,439.8816,439.2218,439.8816,SBI,Equity,Small Cap
122639,SBI Small Cap Fund - Direct Growth,2024-04-18,426.9227,426.2823,426.9227,SBI,Equity,Small Cap
122639,SBI Small Cap Fund - Direct Growth,2024-04-19,423.7212,423.0856,423.7212,SBI,Equity,Small Cap
122639,SBI Small Cap Fund - Direct Growth,2024-04-22,421.8101,421.1774,421.8101,SBI,Equity,Small Cap
122639,SBI Small Cap Fund - Direct Growth,2024-04-23,424.2408,423.6044,424.2408,SBI,Equity,Small Cap
122639,SBI Small Cap Fund - Direct Growth,2024-04-24,422.6666,422.0326,422.6666,SBI,Equity,Small Cap
122639,SBI Small Cap Fund - Direct Growth,2024-04-25,423.7003,423.0647,423.7003,SBI,Equity,Small Cap
122639,SBI Small Cap Fund - Direct Growth,2024-04-26,418.9749,418.3464,418.9749,SBI,Equity,Small Cap
122639,SBI Small Cap Fund - Direct Growth,2024-04-29,422.2947,421.6613,422.2947,SBI,Equity,Small Cap
122639,SBI Small Cap Fund - Direct Growth,2024-04-30,419.4913,418.8621,419.4913,SBI,Equity,Small Cap
122639,SBI Small Cap Fund - Direct Growth,2024-05-01,420.7878,420.1566,420.7878,SBI,Equity,Small Cap
122639,SBI Small Cap Fund - Direct Growth,2024-05-02,424.5645,423.9277,424.5645,SBI,Equity,Small Cap
122639,SBI Small Cap Fund - Direct Growth,2024-05-03,414.2903,413.6689,414.2903,SBI,Equity,Small Cap
122639,SBI Small Cap Fund - Direct Growth,2024-05-06,420.9961,420.3646,420.9961,SBI,Equity,Small Cap
122639,SBI Small Cap Fund - Direct Growth,2024-05-07,427.2129,426.5721,427.2129,SBI,Equity,Small Cap
122639,SBI Small Cap Fund - Direct Growth,2024-05-08,420.3518,419.7213,420.3518,SBI,Equity,Small Cap
122639,SBI Small Cap Fund - Direct Growth,2024-05-09,416.9414,416.316,416.9414,SBI,Equity,Small Cap
122639,SBI Small Cap Fund - Direct Growth,2024-05-10,415.6645,415.041,415.6645,SBI,Equity,Small Cap
122639,SBI Small Cap Fund - Direct Growth,2024-05-13,416.5054,415.8806,416.5054,SBI,Equity,Small Cap
122639,SBI Small Cap Fund - Direct Growth,2024-05-14,413.8953,413.2745,413.8953,SBI,Equity,Small Cap
122639,SBI Small Cap Fund - Direct Growth,2024-05-15,415.076,414.4534,415.076,SBI,Equity,Small Cap
122639,SBI Small Cap Fund - Direct Growth,2024-05-16,409.2542,408.6403,409.2542,SBI,Equity,Small Cap
122639,SBI Small Cap Fund - Direct Growth,2024-05-17,407.4747,406.8635,407.4747,SBI,Equity,Small Cap
122639,SBI Small Cap Fund - Direct Growth,2024-05-20,407.4253,406.8142,407.4253,SBI,Equity,Small Cap
122639,SBI Small Cap Fund - Direct Growth,2024-05-22,397.802,397.2053,397.802,SBI,Equity,Small Cap
122639,SBI Small Cap Fund - Direct Growth,2024-05-23,399.4963,398.8971,399.4963,SBI,Equity,Small Cap
122639,SBI Small Cap Fund - Direct Growth,2024-05-24,408.0692,407.4571,408.0692,SBI,Equity,Small Cap
122639,SBI Small Cap Fund - Direct Growth,2024-05-27,413.1582,412.5385,413.1582,SBI,Equity,Small Cap
122639,SBI Small Cap Fund - Direct Growth,2024-05-28,407.0303,406.4198,407.0303,SBI,Equity,Small Cap
122639,SBI Small Cap Fund - Direct Growth,2024-05-29,415.5088,414.8855,415.5088,SBI,Equity,Small Cap
122639,SBI Small Cap Fund - Direct Growth,2024-05-30,416.6838,416.0588,416.6838,SBI,Equity,Small Cap
122639,SBI Small Cap Fund - Direct Growth,2024-05-31,425.0101,424.3726,425.0101,SBI,Equity,Small Cap
122639,SBI Small Cap Fund - Direct Growth,2024-06-03,434.9842,434.3317,434.9842,SBI,Equity,Small Cap
122639,SBI Small Cap Fund - Direct Growth,2024-06-04,438.045,437.3879,438.045,SBI,Equity,Small Cap
122639,SBI Small Cap Fund - Direct Growth,2024-06-05,439.4504,438.7912,439.4504,SBI,Equity,Small Cap
122639,SBI Small Cap Fund - Direct Growth,2024-06-06,438.3156,437.6581,438.3156,SBI,Equity,Small Cap
122639,SBI Small Cap Fund - Direct Growth,2024-06-07,444.8055,444.1383,444.8055,SBI,Equity,Small Cap
122639,SBI Small Cap Fund - Direct Growth,2024-06-10,429.7266,429.082,429.7266,SBI,Equity,Small Cap
122639,SBI Small Cap Fund - Direct Growth,2024-06-11,428.9401,428.2967,428.9401,SBI,Equity,Small Cap
122639,SBI Small Cap Fund - Direct Growth,2024-06-12,430.7073,430.0612,430.7073,SBI,Equity,Small Cap
122639,SBI Small Cap Fund - Direct Growth,2024-06-13,430.5871,429.9412,430.5871,SBI,Equity,Small Cap
122639,SBI Small Cap Fund - Direct Growth,2024-06-14,437.0578,436.4022,437.0578,SBI,Equity,Small Cap
122639,SBI Small Cap Fund - Direct Growth,2024-06-17,418.7423,418.1142,418.7423,SBI,Equity,Small Cap
122639,SBI Small Cap Fund - Direct Growth,2024-06-18,422.7273,422.0932,422.7273,SBI,Equity,Small Cap
122639,SBI Small Cap Fund - Direct Growth,2024-06-19,422.4172,421.7836,422.4172,SBI,Equity,Small Cap
122639,SBI Small Cap Fund - Direct Growth,2024-06-20,424.7132,424.0761,424.7132,SBI,Equity,Small Cap
122639,SBI Small Cap Fund - Direct Growth,2024-06-21,420.4803,419.8496,420.4803,SBI,Equity,Small Cap
122639,SBI Small Cap Fund - Direct Growth,2024-06-24,435.8167,435.163,435.8167,SBI,Equity,Small Cap
122639,SBI Small Cap Fund - Direct Growth,2024-06-25,435.3137,434.6607,435.3137,SBI,Equity,Small Cap
122639,SBI Small Cap Fund - Direct Growth,2024-06-26,438.5169,437.8591,438.5169,SBI,Equity,Small Cap
122639,SBI Small Cap Fund - Direct Growth,2024-06-27,434.9725,434.32,434.9725,SBI,Equity,Small Cap
122639,SBI Small Cap Fund - Direct Growth,2024-06-28,439.6122,438.9528,439.6122,SBI,Equity,Small Cap
122639,SBI Small Cap Fund - Direct Growth,2024-07-01,450.634,449.958,450.634,SBI,Equity,Small Cap
122639,SBI Small Cap Fund - Direct Growth,2024-07-02,452.7687,452.0895,452.7687,SBI,Equity,Small Cap
122639,SBI Small Cap Fund - Direct Growth,2024-07-03,445.9239,445.255,445.9239,SBI,Equity,Small Cap
122639,SBI Small Cap Fund - Direct Growth,2024-07-04,449.1652,448.4915,449.1652,SBI,Equity,Small Cap
122639,SBI Small Cap Fund - Direct Growth,2024-07-05,451.7736,451.0959,451.7736,SBI,Equity,Small Cap
122639,SBI Small Cap Fund - Direct Growth,2024-07-08,434.5282,433.8764,434.5282,SBI,Equity,Small Cap
122639,SBI Small Cap Fund - Direct Growth,2024-07-09,433.1332,432.4835,433.1332,SBI,Equity,Small Cap
122639,SBI Small Cap Fund - Direct Growth,2024-07-10,427.0201,426.3796,427.0201,SBI,Equity,Small Cap
122639,SBI Small Cap Fund - Direct Growth,2024-07-11,429.1841,428.5403,429.1841,SBI,Equity,Small Cap
122639,SBI Small Cap Fund - Direct Growth,2024-07-12,430.6509,430.0049,430.6509,SBI,Equity,Small Cap
122639,SBI Small Cap Fund - Direct Growth,2024-07-15,431.6255,430.9781,431.6255,SBI,Equity,Small Cap
122639,SBI Small Cap Fund - Direct Growth,2024-07-16,440.3723,439.7117,440.3723,SBI,Equity,Small Cap
122639,SBI Small Cap Fund - Direct Growth,2024-07-17,437.9931,437.3361,437.9931,SBI,Equity,Small Cap
122639,SBI Small Cap Fund - Direct Growth,2024-07-18,434.9508,434.2984,434.9508,SBI,Equity,Small Cap
122639,SBI Small Cap Fund - Direct Growth,2024-07-19,437.6886,437.0321,437.6886,SBI,Equity,Small Cap
122639,SBI Small Cap Fund - Direct Growth,2024-07-22,439.4673,438.8081,439.4673,SBI,Equity,Small Cap
122639,SBI Small Cap Fund - Direct Growth,2024-07-23,429.5739,428.9295,429.5739,SBI,Equity,Small Cap
122639,SBI Small Cap Fund - Direct Growth,2024-07-24,436.5414,435.8866,436.5414,SBI,Equity,Small Cap
122639,SBI Small Cap Fund - Direct Growth,2024-07-25,437.0968,436.4412,437.0968,SBI,Equity,Small Cap
122639,SBI Small Cap Fund - Direct Growth,2024-07-26,435.1133,434.4606,435.1133,SBI,Equity,Small Cap
122639,SBI Small Cap Fund - Direct Growth,2024-07-29,425.9405,425.3016,425.9405,SBI,Equity,Small Cap
122639,SBI Small Cap Fund - Direct Growth,2024-07-30,433.7519,433.1013,433.7519,SBI,Equity,Small Cap
122639,SBI Small Cap Fund - Direct Growth,2024-07-31,434.1405,433.4893,434.1405,SBI,Equity,Small Cap
122639,SBI Small Cap Fund - Direct Growth,2024-08-01,436.6221,435.9672,436.6221,SBI,Equity,Small Cap
122639,SBI Small Cap Fund - Direct Growth,2024-08-02,441.7824,441.1197,441.7824,SBI,Equity,Small Cap
122639,SBI Small Cap Fund - Direct Growth,2024-08-05,437.9655,437.3086,437.9655,SBI,Equity,Small Cap
122639,SBI Small Cap Fund - Direct Growth,2024-08-06,442.591,441.9271,442.591,SBI,Equity,Small Cap
122639,SBI Small Cap Fund - Direct Growth,2024-08-07,431.4701,430.8229,431.4701,SBI,Equity,Small Cap
122639,SBI Small Cap Fund - Direct Growth,2024-08-08,431.1296,430.4829,431.1296,SBI,Equity,Small Cap
122639,SBI Small Cap Fund - Direct Growth,2024-08-09,428.1833,427.541,428.1833,SBI,Equity,Small Cap
122639,SBI Small Cap Fund - Direct Growth,2024-08-12,429.6714,429.0269,429.6714,SBI,Equity,Small Cap
122639,SBI Small Cap Fund - Direct Growth,2024-08-13,426.1713,425.532,426.1713,SBI,Equity,Small Cap
122639,SBI Small Cap Fund - Direct Growth,2024-08-14,425.7758,425.1371,425.7758,SBI,Equity,Small Cap
122639,SBI Small Cap Fund - Direct Growth,2024-08-15,421.3649,420.7329,421.3649,SBI,Equity,Small Cap
122639,SBI Small Cap Fund - Direct Growth,2024-08-16,425.7908,425.1521,425.7908,SBI,Equity,Small Cap
122639,SBI Small Cap Fund - Direct Growth,2024-08-19,407.7731,407.1614,407.7731,SBI,Equity,Small Cap
122639,SBI Small Cap Fund - Direct Growth,2024-08-20,402.8543,402.25,402.8543,SBI,Equity,Small Cap
122639,SBI Small Cap Fund - Direct Growth,2024-08-21,395.1294,394.5367,395.1294,SBI,Equity,Small Cap
122639,SBI Small Cap Fund - Direct Growth,2024-08-22,389.4201,388.836,389.4201,SBI,Equity,Small Cap
122639,SBI Small Cap Fund - Direct Growth,2024-08-23,390.0871,389.502,390.0871,SBI,Equity,Small Cap
122639,SBI Small Cap Fund - Direct Growth,2024-08-26,395.373,394.7799,395.373,SBI,Equity,Small Cap
122639,SBI Small Cap Fund - Direct Growth,2024-08-27,397.6942,397.0977,397.6942,SBI,Equity,Small Cap
122639,SBI Small Cap Fund - Direct Growth,2024-08-28,395.6623,395.0688,395.6623,SBI,Equity,Small Cap
122639,SBI Small Cap Fund - Direct Growth,2024-08-29,392.5226,391.9338,392.5226,SBI,Equity,Small Cap
122639,SBI Small Cap Fund - Direct Growth,2024-08-30,387.2422,386.6613,387.2422,SBI,Equity,Small Cap
122639,SBI Small Cap Fund - Direct Growth,2024-09-02,378.5009,377.9331,378.5009,SBI,Equity,Small Cap
122639,SBI Small Cap Fund - Direct Growth,2024-09-03,378.2134,377.6461,378.2134,SBI,Equity,Small Cap
122639,SBI Small Cap Fund - Direct Growth,2024-09-04,376.4768,375.9121,376.4768,SBI,Equity,Small Cap
122639,SBI Small Cap Fund - Direct Growth,2024-09-05,372.3548,371.7963,372.3548,SBI,Equity,Small Cap
122639,SBI Small Cap Fund - Direct Growth,2024-09-06,375.2215,374.6587,375.2215,SBI,Equity,Small Cap
122639,SBI Small Cap Fund - Direct Growth,2024-09-09,368.692,368.139,368.692,SBI,Equity,Small Cap
122639,SBI Small Cap Fund - Direct Growth,2024-09-10,365.5105,364.9622,365.5105,SBI,Equity,Small Cap
122639,SBI Small Cap Fund - Direct Growth,2024-09-11,359.2232,358.6844,359.2232,SBI,Equity,Small Cap
122639,SBI Small Cap Fund - Direct Growth,2024-09-12,357.2055,356.6697,357.2055,SBI,Equity,Small Cap
122639,SBI Small Cap Fund - Direct Growth,2024-09-13,361.529,360.9867,361.529,SBI,Equity,Small Cap
122639,SBI Small Cap Fund - Direct Growth,2024-09-16,370.7841,370.2279,370.7841,SBI,Equity,Small Cap
122639,SBI Small Cap Fund - Direct Growth,2024-09-17,366.0217,365.4727,366.0217,SBI,Equity,Small Cap
122639,SBI Small Cap Fund - Direct Growth,2024-09-18,364.7152,364.1681,364.7152,SBI,Equity,Small Cap
122639,SBI Small Cap Fund - Direct Growth,2024-09-19,361.4465,360.9043,361.4465,SBI,Equity,Small Cap
122639,SBI Small Cap Fund - Direct Growth,2024-09-20,367.3623,366.8113,367.3623,SBI,Equity,Small Cap
122639,SBI Small Cap Fund - Direct Growth,2024-09-23,370.3342,369.7787,370.3342,SBI,Equity,Small Cap
122639,SBI Small Cap Fund - Direct Growth,2024-09-24,378.6132,378.0453,378.6132,SBI,Equity,Small Cap
122639,SBI Small Cap Fund - Direct Growth,2024-09-25,376.9033,376.3379,376.9033,SBI,Equity,Small Cap
122639,SBI Small Cap Fund - Direct Growth,2024-09-26,380.2758,379.7054,380.2758,SBI,Equity,Small Cap
122639,SBI Small Cap Fund - Direct Growth,2024-09-27,390.8398,390.2535,390.8398,SBI,Equity,Small Cap
122639,SBI Small Cap Fund - Direct Growth,2024-09-30,372.6603,372.1013,372.6603,SBI,Equity,Small Cap
122639,SBI Small Cap Fund - Direct Growth,2024-10-01,375.9966,375.4326,375.9966,SBI,Equity,Small Cap
122639,SBI Small Cap Fund - Direct Growth,2024-10-02,367.6503,367.0988,367.6503,SBI,Equity,Small Cap
122639,SBI Small Cap Fund - Direct Growth,2024-10-03,366.1548,365.6056,366.1548,SBI,Equity,Small Cap
122639,SBI Small Cap Fund - Direct Growth,2024-10-04,368.2228,367.6705,368.2228,SBI,Equity,Small Cap
122639,SBI Small Cap Fund - Direct Growth,2024-10-07,372.3595,371.801,372.3595,SBI,Equity,Small Cap
122639,SBI Small Cap Fund - Direct Growth,2024-10-08,378.2228,377.6555,378.2228,SBI,Equity,Small Cap
122639,SBI Small Cap Fund - Direct Growth,2024-10-09,374.0518,373.4907,374.0518,SBI,Equity,Small Cap
122639,SBI Small Cap Fund - Direct Growth,2024-10-10,371.1626,370.6059,371.1626,SBI,Equity,Small Cap
122639,SBI Small Cap Fund - Direct Growth,2024-10-11,367.8697,367.3179,367.8697,SBI,Equity,Small Cap
122639,SBI Small Cap Fund - Direct Growth,2024-10-14,378.0317,377.4647,378.0317,SBI,Equity,Small Cap
122639,SBI Small Cap Fund - Direct Growth,2024-10-15,383.5517,382.9764,383.5517,SBI,Equity,Small Cap
122639,SBI Small Cap Fund - Direct Growth,2024-10-16,378.283,377.7156,378.283,SBI,Equity,Small Cap
122639,SBI Small Cap Fund - Direct Growth,2024-10-17,386.0025,385.4235,386.0025,SBI,Equity,Small Cap
122639,SBI Small Cap Fund - Direct Growth,2024-10-18,393.2126,392.6228,393.2126,SBI,Equity,Small Cap
122639,SBI Small Cap Fund - Direct Growth,2024-10-21,397.5862,396.9898,397.5862,SBI,Equity,Small Cap
122639,SBI Small Cap Fund - Direct Growth,2024-10-22,395.2431,394.6502,395.2431,SBI,Equity,Small Cap
122639,SBI Small Cap Fund - Direct Growth,2024-10-23,391.9137,391.3258,391.9137,SBI,Equity,Small Cap
122639,SBI Small Cap Fund - Direct Growth,2024-10-24,395.4636,394.8704,395.4636,SBI,Equity,Small Cap
122639,SBI Small Cap Fund - Direct Growth,2024-10-25,390.6383,390.0523,390.6383,SBI,Equity,Small Cap
122639,SBI Small Cap Fund - Direct Growth,2024-10-28,404.4943,403.8876,404.4943,SBI,Equity,Small Cap
122639,SBI Small Cap Fund - Direct Growth,2024-10-29,406.0334,405.4243,406.0334,SBI,Equity,Small Cap
122639,SBI Small Cap Fund - Direct Growth,2024-10-30,401.3825,400.7804,401.3825,SBI,Equity,Small Cap
122639,SBI Small Cap Fund - Direct Growth,2024-10-31,397.4641,396.8679,397.4641,SBI,Equity,Small Cap
122639,SBI Small Cap Fund - Direct Growth,2024-11-01,403.5832,402.9778,403.5832,SBI,Equity,Small Cap
122639,SBI Small Cap Fund - Direct Growth,2024-11-04,405.6107,405.0023,405.6107,SBI,Equity,Small Cap
122639,SBI Small Cap Fund - Direct Growth,2024-11-05,395.9127,395.3188,395.9127,SBI,Equity,Small Cap
122639,SBI Small Cap Fund - Direct Growth,2024-11-06,390.9835,390.397,390.9835,SBI,Equity,Small Cap
122639,SBI Small Cap Fund - Direct Growth,2024-11-07,400.1079,399.5077,400.1079,SBI,Equity,Small Cap
122639,SBI Small Cap Fund - Direct Growth,2024-11-08,394.1201,393.5289,394.1201,SBI,Equity,Small Cap
122639,SBI Small Cap Fund - Direct Growth,2024-11-11,394.2442,393.6528,394.2442,SBI,Equity,Small Cap
122639,SBI Small Cap Fund - Direct Growth,2024-11-12,395.2758,394.6829,395.2758,SBI,Equity,Small Cap
122639,SBI Small Cap Fund - Direct Growth,2024-11-13,399.8827,399.2829,399.8827,SBI,Equity,Small Cap
122639,SBI Small Cap Fund - Direct Growth,2024-11-14,400.1026,399.5024,400.1026,SBI,Equity,Small Cap
122639,SBI Small Cap Fund - Direct Growth,2024-11-15,414.0345,413.4134,414.0345,SBI,Equity,Small Cap
122639,SBI Small Cap Fund - Direct Growth,2024-11-18,410.5409,409.9251,410.5409,SBI,Equity,Small Cap
122639,SBI Small Cap Fund - Direct Growth,2024-11-19,414.508,413.8862,414.508,SBI,Equity,Small Cap
122639,SBI Small Cap Fund - Direct Growth,2024-11-20,416.8689,416.2436,416.8689,SBI,Equity,Small Cap
122639,SBI Small Cap Fund - Direct Growth,2024-11-21,413.3681,412.748,413.3681,SBI,Equity,Small Cap
122639,SBI Small Cap Fund - Direct Growth,2024-11-22,414.6694,414.0474,414.6694,SBI,Equity,Small Cap
122639,SBI Small Cap Fund - Direct Growth,2024-11-25,410.3143,409.6988,410.3143,SBI,Equity,Small Cap
122639,SBI Small Cap Fund - Direct Growth,2024-11-26,413.623,413.0026,413.623,SBI,Equity,Small Cap
122639,SBI Small Cap Fund - Direct Growth,2024-11-27,419.0404,418.4118,419.0404,SBI,Equity,Small Cap
122639,SBI Small Cap Fund - Direct Growth,2024-11-28,421.0566,420.425,421.0566,SBI,Equity,Small Cap
122639,SBI Small Cap Fund - Direct Growth,2024-11-29,421.9733,421.3403,421.9733,SBI,Equity,Small Cap
122639,SBI Small Cap Fund - Direct Growth,2024-12-02,420.3433,419.7128,420.3433,SBI,Equity,Small Cap
122639,SBI Small Cap Fund - Direct Growth,2024-12-03,427.7565,427.1149,427.7565,SBI,Equity,Small Cap
122639,SBI Small Cap Fund - Direct Growth,2024-12-04,426.7054,426.0653,426.7054,SBI,Equity,Small Cap
122639,SBI Small Cap Fund - Direct Growth,2024-12-05,427.1116,426.4709,427.1116,SBI,Equity,Small Cap
122639,SBI Small Cap Fund - Direct Growth,2024-12-06,422.646,422.012,422.646,SBI,Equity,Small Cap
122639,SBI Small Cap Fund - Direct Growth,2024-12-09,442.6028,441.9389,442.6028,SBI,Equity,Small Cap
122639,SBI Small Cap Fund - Direct Growth,2024-12-10,438.1149,437.4577,438.1149,SBI,Equity,Small Cap
122639,SBI Small Cap Fund - Direct Growth,2024-12-11,436.3028,435.6483,436.3028,SBI,Equity,Small Cap
122639,SBI Small Cap Fund - Direct Growth,2024-12-12,437.6891,437.0326,437.6891,SBI,Equity,Small Cap
122639,SBI Small Cap Fund - Direct Growth,2024-12-13,441.2597,440.5978,441.2597,SBI,Equity,Small Cap
122639,SBI Small Cap Fund - Direct Growth,2024-12-16,440.6424,439.9814,440.6424,SBI,Equity,Small Cap
122639,SBI Small Cap Fund - Direct Growth,2024-12-17,444.6318,443.9649,444.6318,SBI,Equity,Small Cap
122639,SBI Small Cap Fund - Direct Growth,2024-12-18,439.9208,439.2609,439.9208,SBI,Equity,Small Cap
122639,SBI Small Cap Fund - Direct Growth,2024-12-19,447.2522,446.5813,447.2522,SBI,Equity,Small Cap
122639,SBI Small Cap Fund - Direct Growth,2024-12-20,453.7116,453.031,453.7116,SBI,Equity,Small Cap
122639,SBI Small Cap Fund - Direct Growth,2024-12-23,458.4492,457.7615,458.4492,SBI,Equity,Small Cap
122639,SBI Small Cap Fund - Direct Growth,2024-12-24,453.892,453.2112,453.892,SBI,Equity,Small Cap
122639,SBI Small Cap Fund - Direct Growth,2024-12-25,454.2371,453.5557,454.2371,SBI,Equity,Small Cap
122639,SBI Small Cap Fund - Direct Growth,2024-12-26,442.6865,442.0225,442.6865,SBI,Equity,Small Cap
122639,SBI Small Cap Fund - Direct Growth,2024-12-27,447.5195,446.8482,447.5195,SBI,Equity,Small Cap
122639,SBI Small Cap Fund - Direct Growth,2024-12-30,445.8209,445.1522,445.8209,SBI,Equity,Small Cap
122639,SBI Small Cap Fund - Direct Growth,2024-12-31,444.8668,444.1995,444.8668,SBI,Equity,Small Cap
125497,HDFC Mid-Cap Opportunities Fund - Direct Growth,2022-01-03,181.3167,181.0447,181.3167,HDFC,Equity,Mid Cap
125497,HDFC Mid-Cap Opportunities Fund - Direct Growth,2022-01-04,175.9763,175.7123,175.9763,HDFC,Equity,Mid Cap
125497,HDFC Mid-Cap Opportunities Fund - Direct Growth,2022-01-05,178.7433,178.4752,178.7433,HDFC,Equity,Mid Cap
125497,HDFC Mid-Cap Opportunities Fund - Direct Growth,2022-01-06,179.5398,179.2705,179.5398,HDFC,Equity,Mid Cap
125497,HDFC Mid-Cap Opportunities Fund - Direct Growth,2022-01-07,177.0111,176.7456,177.0111,HDFC,Equity,Mid Cap
125497,HDFC Mid-Cap Opportunities Fund - Direct Growth,2022-01-10,176.4315,176.1669,176.4315,HDFC,Equity,Mid Cap
125497,HDFC Mid-Cap Opportunities Fund - Direct Growth,2022-01-11,174.0602,173.7991,174.0602,HDFC,Equity,Mid Cap
125497,HDFC Mid-Cap Opportunities Fund - Direct Growth,2022-01-12,176.5054,176.2406,176.5054,HDFC,Equity,Mid Cap
125497,HDFC Mid-Cap Opportunities Fund - Direct Growth,2022-01-13,177.2931,177.0272,177.2931,HDFC,Equity,Mid Cap
125497,HDFC Mid-Cap Opportunities Fund - Direct Growth,2022-01-14,175.3686,175.1055,175.3686,HDFC,Equity,Mid Cap
125497,HDFC Mid-Cap Opportunities Fund - Direct Growth,2022-01-17,176.1653,175.9011,176.1653,HDFC,Equity,Mid Cap
125497,HDFC Mid-Cap Opportunities Fund - Direct Growth,2022-01-18,178.4795,178.2118,178.4795,HDFC,Equity,Mid Cap
125497,HDFC Mid-Cap Opportunities Fund - Direct Growth,2022-01-19,179.6903,179.4208,179.6903,HDFC,Equity,Mid Cap
125497,HDFC Mid-Cap Opportunities Fund - Direct Growth,2022-01-20,180.542,180.2712,180.542,HDFC,Equity,Mid Cap
125497,HDFC Mid-Cap Opportunities Fund - Direct Growth,2022-01-21,184.4298,184.1532,184.4298,HDFC,Equity,Mid Cap
125497,HDFC Mid-Cap Opportunities Fund - Direct Growth,2022-01-24,183.0142,182.7397,183.0142,HDFC,Equity,Mid Cap
125497,HDFC Mid-Cap Opportunities Fund - Direct Growth,2022-01-25,187.6687,187.3872,187.6687,HDFC,Equity,Mid Cap
125497,HDFC Mid-Cap Opportunities Fund - Direct Growth,2022-01-26,185.4585,185.1803,185.4585,HDFC,Equity,Mid Cap
125497,HDFC Mid-Cap Opportunities Fund - Direct Growth,2022-01-27,184.7282,184.4511,184.7282,HDFC,Equity,Mid Cap
125497,HDFC Mid-Cap Opportunities Fund - Direct Growth,2022-01-28,185.7252,185.4466,185.7252,HDFC,Equity,Mid Cap
125497,HDFC Mid-Cap Opportunities Fund - Direct Growth,2022-01-31,186.1095,185.8303,186.1095,HDFC,Equity,Mid Cap
125497,HDFC Mid-Cap Opportunities Fund - Direct Growth,2022-02-01,191.3653,191.0783,191.3653,HDFC,Equity,Mid Cap
125497,HDFC Mid-Cap Opportunities Fund - Direct Growth,2022-02-02,191.8922,191.6044,191.8922,HDFC,Equity,Mid Cap
125497,HDFC Mid-Cap Opportunities Fund - Direct Growth,2022-02-03,189.8872,189.6024,189.8872,HDFC,Equity,Mid Cap
125497,HDFC Mid-Cap Opportunities Fund - Direct Growth,2022-02-04,186.4336,186.1539,186.4336,HDFC,Equity,Mid Cap
125497,HDFC Mid-Cap Opportunities Fund - Direct Growth,2022-02-07,190.7956,190.5094,190.7956,HDFC,Equity,Mid Cap
125497,HDFC Mid-Cap Opportunities Fund - Direct Growth,2022-02-08,190.8664,190.5801,190.8664,HDFC,Equity,Mid Cap
125497,HDFC Mid-Cap Opportunities Fund - Direct Growth,2022-02-09,189.5931,189.3087,189.5931,HDFC,Equity,Mid Cap
125497,HDFC Mid-Cap Opportunities Fund - Direct Growth,2022-02-10,187.1841,186.9033,187.1841,HDFC,Equity,Mid Cap
125497,HDFC Mid-Cap Opportunities Fund - Direct Growth,2022-02-11,189.134,188.8503,189.134,HDFC,Equity,Mid Cap
125497,HDFC Mid-Cap Opportunities Fund - Direct Growth,2022-02-14,191.4702,191.183,191.4702,HDFC,Equity,Mid Cap
125497,HDFC Mid-Cap Opportunities Fund - Direct Growth,2022-02-15,192.8658,192.5765,192.8658,HDFC,Equity,Mid Cap
125497,HDFC Mid-Cap Opportunities Fund - Direct Growth,2022-02-16,196.1822,195.8879,196.1822,HDFC,Equity,Mid Cap
125497,HDFC Mid-Cap Opportunities Fund - Direct Growth,2022-02-17,193.1011,192.8114,193.1011,HDFC,Equity,Mid Cap
125497,HDFC Mid-Cap Opportunities Fund - Direct Growth,2022-02-18,190.0134,189.7284,190.0134,HDFC,Equity,Mid Cap
125497,HDFC Mid-Cap Opportunities Fund - Direct Growth,2022-02-21,195.1634,194.8707,195.1634,HDFC,Equity,Mid Cap
125497,HDFC Mid-Cap Opportunities Fund - Direct Growth,2022-02-22,196.8951,196.5998,196.8951,HDFC,Equity,Mid Cap
125497,HDFC Mid-Cap Opportunities Fund - Direct Growth,2022-02-23,196.4005,196.1059,196.4005,HDFC,Equity,Mid Cap
125497,HDFC Mid-Cap Opportunities Fund - Direct Growth,2022-02-24,194.0601,193.769,194.0601,HDFC,Equity,Mid Cap
125497,HDFC Mid-Cap Opportunities Fund - Direct Growth,2022-02-25,197.0021,196.7066,197.0021,HDFC,Equity,Mid Cap
125497,HDFC Mid-Cap Opportunities Fund - Direct Growth,2022-02-28,198.0863,197.7892,198.0863,HDFC,Equity,Mid Cap
125497,HDFC Mid-Cap Opportunities Fund - Direct Growth,2022-03-01,201.9464,201.6435,201.9464,HDFC,Equity,Mid Cap
125497,HDFC Mid-Cap Opportunities Fund - Direct Growth,2022-03-02,203.6725,203.367,203.6725,HDFC,Equity,Mid Cap
125497,HDFC Mid-Cap Opportunities Fund - Direct Growth,2022-03-03,203.4191,203.114,203.4191,HDFC,Equity,Mid Cap
125497,HDFC Mid-Cap Opportunities Fund - Direct Growth,2022-03-04,202.2326,201.9293,202.2326,HDFC,Equity,Mid Cap
125497,HDFC Mid-Cap Opportunities Fund - Direct Growth,2022-03-07,202.871,202.5667,202.871,HDFC,Equity,Mid Cap
125497,HDFC Mid-Cap Opportunities Fund - Direct Growth,2022-03-08,201.5065,201.2042,201.5065,HDFC,Equity,Mid Cap
125497,HDFC Mid-Cap Opportunities Fund - Direct Growth,2022-03-09,201.1866,200.8848,201.1866,HDFC,Equity,Mid Cap
125497,HDFC Mid-Cap Opportunities Fund - Direct Growth,2022-03-10,201.4568,201.1546,201.4568,HDFC,Equity,Mid Cap
125497,HDFC Mid-Cap Opportunities Fund - Direct Growth,2022-03-11,196.3912,196.0966,196.3912,HDFC,Equity,Mid Cap
125497,HDFC Mid-Cap Opportunities Fund - Direct Growth,2022-03-14,192.6811,192.3921,192.6811,HDFC,Equity,Mid Cap
125497,HDFC Mid-Cap Opportunities Fund - Direct Growth,2022-03-15,188.8567,188.5734,188.8567,HDFC,Equity,Mid Cap
125497,HDFC Mid-Cap Opportunities Fund - Direct Growth,2022-03-16,184.8668,184.5895,184.8668,HDFC,Equity,Mid Cap
125497,HDFC Mid-Cap Opportunities Fund - Direct Growth,2022-03-17,181.9338,181.6609,181.9338,HDFC,Equity,Mid Cap
125497,HDFC Mid-Cap Opportunities Fund - Direct Growth,2022-03-18,180.4586,180.1879,180.4586,HDFC,Equity,Mid Cap
125497,HDFC Mid-Cap Opportunities Fund - Direct Growth,2022-03-21,184.1338,183.8576,184.1338,HDFC,Equity,Mid Cap
125497,HDFC Mid-Cap Opportunities Fund - Direct Growth,2022-03-22,185.0924,184.8148,185.0924,HDFC,Equity,Mid Cap
125497,HDFC Mid-Cap Opportunities Fund - Direct Growth,2022-03-23,185.4575,185.1793,185.4575,HDFC,Equity,Mid Cap
125497,HDFC Mid-Cap Opportunities Fund - Direct Growth,2022-03-24,185.3593,185.0813,185.3593,HDFC,Equity,Mid Cap
125497,HDFC Mid-Cap Opportunities Fund - Direct Growth,2022-03-25,182.7747,182.5005,182.7747,HDFC,Equity,Mid Cap
125497,HDFC Mid-Cap Opportunities Fund - Direct Growth,2022-03-28,186.3756,186.096,186.3756,HDFC,Equity,Mid Cap
125497,HDFC Mid-Cap Opportunities Fund - Direct Growth,2022-03-29,184.1599,183.8837,184.1599,HDFC,Equity,Mid Cap
125497,HDFC Mid-Cap Opportunities Fund - Direct Growth,2022-03-30,183.6152,183.3398,183.6152,HDFC,Equity,Mid Cap
125497,HDFC Mid-Cap Opportunities Fund - Direct Growth,2022-03-31,181.5634,181.2911,181.5634,HDFC,Equity,Mid Cap
125497,HDFC Mid-Cap Opportunities Fund - Direct Growth,2022-04-01,182.7384,182.4643,182.7384,HDFC,Equity,Mid Cap
125497,HDFC Mid-Cap Opportunities Fund - Direct Growth,2022-04-04,188.7267,188.4436,188.7267,HDFC,Equity,Mid Cap
125497,HDFC Mid-Cap Opportunities Fund - Direct Growth,2022-04-05,189.2836,188.9997,189.2836,HDFC,Equity,Mid Cap
125497,HDFC Mid-Cap Opportunities Fund - Direct Growth,2022-04-06,191.692,191.4045,191.692,HDFC,Equity,Mid Cap
125497,HDFC Mid-Cap Opportunities Fund - Direct Growth,2022-04-07,194.3126,194.0211,194.3126,HDFC,Equity,Mid Cap
125497,HDFC Mid-Cap Opportunities Fund - Direct Growth,2022-04-08,193.0753,192.7857,193.0753,HDFC,Equity,Mid Cap
125497,HDFC Mid-Cap Opportunities Fund - Direct Growth,2022-04-11,193.5741,193.2837,193.5741,HDFC,Equity,Mid Cap
125497,HDFC Mid-Cap Opportunities Fund - Direct Growth,2022-04-12,193.9746,193.6836,193.9746,HDFC,Equity,Mid Cap
125497,HDFC Mid-Cap Opportunities Fund - Direct Growth,2022-04-13,190.3814,190.0958,190.3814,HDFC,Equity,Mid Cap
125497,HDFC Mid-Cap Opportunities Fund - Direct Growth,2022-04-14,188.6234,188.3405,188.6234,HDFC,Equity,Mid Cap
125497,HDFC Mid-Cap Opportunities Fund - Direct Growth,2022-04-15,188.5314,188.2486,188.5314,HDFC,Equity,Mid Cap
125497,HDFC Mid-Cap Opportunities Fund - Direct Growth,2022-04-18,189.839,189.5542,189.839,HDFC,Equity,Mid Cap
125497,HDFC Mid-Cap Opportunities Fund - Direct Growth,2022-04-19,191.0667,190.7801,191.0667,HDFC,Equity,Mid Cap
125497,HDFC Mid-Cap Opportunities Fund - Direct Growth,2022-04-20,194.5574,194.2656,194.5574,HDFC,Equity,Mid Cap
125497,HDFC Mid-Cap Opportunities Fund - Direct Growth,2022-04-21,199.9384,199.6385,199.9384,HDFC,Equity,Mid Cap
125497,HDFC Mid-Cap Opportunities Fund - Direct Growth,2022-04-22,199.0481,198.7495,199.0481,HDFC,Equity,Mid Cap
125497,HDFC Mid-Cap Opportunities Fund - Direct Growth,2022-04-25,202.3051,202.0016,202.3051,HDFC,Equity,Mid Cap
125497,HDFC Mid-Cap Opportunities Fund - Direct Growth,2022-04-26,202.1461,201.8429,202.1461,HDFC,Equity,Mid Cap
125497,HDFC Mid-Cap Opportunities Fund - Direct Growth,2022-04-27,203.2845,202.9796,203.2845,HDFC,Equity,Mid Cap
125497,HDFC Mid-Cap Opportunities Fund - Direct Growth,2022-04-28,197.1886,196.8928,197.1886,HDFC,Equity,Mid Cap
125497,HDFC Mid-Cap Opportunities Fund - Direct Growth,2022-04-29,198.8814,198.5831,198.8814,HDFC,Equity,Mid Cap
125497,HDFC Mid-Cap Opportunities Fund - Direct Growth,2022-05-02,203.7726,203.4669,203.7726,HDFC,Equity,Mid Cap
125497,HDFC Mid-Cap Opportunities Fund - Direct Growth,2022-05-03,202.2037,201.9004,202.2037,HDFC,Equity,Mid Cap
125497,HDFC Mid-Cap Opportunities Fund - Direct Growth,2022-05-04,201.3065,201.0045,201.3065,HDFC,Equity,Mid Cap
125497,HDFC Mid-Cap Opportunities Fund - Direct Growth,2022-05-05,206.198,205.8887,206.198,HDFC,Equity,Mid Cap
125497,HDFC Mid-Cap Opportunities Fund - Direct Growth,2022-05-06,204.2216,203.9153,204.2216,HDFC,Equity,Mid Cap
125497,HDFC Mid-Cap Opportunities Fund - Direct Growth,2022-05-09,204.8041,204.4969,204.8041,HDFC,Equity,Mid Cap
125497,HDFC Mid-Cap Opportunities Fund - Direct Growth,2022-05-10,205.3967,205.0886,205.3967,HDFC,Equity,Mid Cap
125497,HDFC Mid-Cap Opportunities Fund - Direct Growth,2022-05-11,202.2928,201.9894,202.2928,HDFC,Equity,Mid Cap
125497,HDFC Mid-Cap Opportunities Fund - Direct Growth,2022-05-12,201.0819,200.7803,201.0819,HDFC,Equity,Mid Cap
125497,HDFC Mid-Cap Opportunities Fund - Direct Growth,2022-05-13,199.6968,199.3973,199.6968,HDFC,Equity,Mid Cap
125497,HDFC Mid-Cap Opportunities Fund - Direct Growth,2022-05-16,201.7788,201.4761,201.7788,HDFC,Equity,Mid Cap
125497,HDFC Mid-Cap Opportunities Fund - Direct Growth,2022-05-17,197.5592,197.2629,197.5592,HDFC,Equity,Mid Cap
125497,HDFC Mid-Cap Opportunities Fund - Direct Growth,2022-05-18,200.1605,199.8603,200.1605,HDFC,Equity,Mid Cap
125497,HDFC Mid-Cap Opportunities Fund - Direct Growth,2022-05-19,200.8472,200.5459,200.8472,HDFC,Equity,Mid Cap
125497,HDFC Mid-Cap Opportunities Fund - Direct Growth,2022-05-20,204.2645,203.9581,204.2645,HDFC,Equity,Mid Cap
125497,HDFC Mid-Cap Opportunities Fund - Direct Growth,2022-05-23,209.4813,209.1671,209.4813,HDFC,Equity,Mid Cap
125497,HDFC Mid-Cap Opportunities Fund - Direct Growth,2022-05-24,212.9492,212.6298,212.9492,HDFC,Equity,Mid Cap
125497,HDFC Mid-Cap Opportunities Fund - Direct Growth,2022-05-25,214.3689,214.0473,214.3689,HDFC,Equity,Mid Cap
125497,HDFC Mid-Cap Opportunities Fund - Direct Growth,2022-05-26,214.2028,213.8815,214.2028,HDFC,Equity,Mid Cap
125497,HDFC Mid-Cap Opportunities Fund - Direct Growth,2022-05-27,220.1296,219.7994,220.1296,HDFC,Equity,Mid Cap
125497,HDFC Mid-Cap Opportunities Fund - Direct Growth,2022-05-30,220.8436,220.5123,220.8436,HDFC,Equity,Mid Cap
125497,HDFC Mid-Cap Opportunities Fund - Direct Growth,2022-05-31,217.5178,217.1915,217.5178,HDFC,Equity,Mid Cap
125497,HDFC Mid-Cap Opportunities Fund - Direct Growth,2022-06-01,218.3689,218.0413,218.3689,HDFC,Equity,Mid Cap
125497,HDFC Mid-Cap Opportunities Fund - Direct Growth,2022-06-02,218.8376,218.5093,218.8376,HDFC,Equity,Mid Cap
125497,HDFC Mid-Cap Opportunities Fund - Direct Growth,2022-06-03,217.3124,216.9864,217.3124,HDFC,Equity,Mid Cap
125497,HDFC Mid-Cap Opportunities Fund - Direct Growth,2022-06-06,223.9469,223.611,223.9469,HDFC,Equity,Mid Cap
125497,HDFC Mid-Cap Opportunities Fund - Direct Growth,2022-06-07,220.9702,220.6387,220.9702,HDFC,Equity,Mid Cap
125497,HDFC Mid-Cap Opportunities Fund - Direct Growth,2022-06-08,220.7629,220.4318,220.7629,HDFC,Equity,Mid Cap
125497,HDFC Mid-Cap Opportunities Fund - Direct Growth,2022-06-09,218.7187,218.3906,218.7187,HDFC,Equity,Mid Cap
125497,HDFC Mid-Cap Opportunities Fund - Direct Growth,2022-06-10,217.7886,217.4619,217.7886,HDFC,Equity,Mid Cap
125497,HDFC Mid-Cap Opportunities Fund - Direct Growth,2022-06-13,212.4772,212.1585,212.4772,HDFC,Equity,Mid Cap
125497,HDFC Mid-Cap Opportunities Fund - Direct Growth,2022-06-14,212.2367,211.9183,212.2367,HDFC,Equity,Mid Cap
125497,HDFC Mid-Cap Opportunities Fund - Direct Growth,2022-06-15,210.8938,210.5775,210.8938,HDFC,Equity,Mid Cap
125497,HDFC Mid-Cap Opportunities Fund - Direct Growth,2022-06-16,203.5645,203.2592,203.5645,HDFC,Equity,Mid Cap
125497,HDFC Mid-Cap Opportunities Fund - Direct Growth,2022-06-17,208.6609,208.3479,208.6609,HDFC,Equity,Mid Cap
125497,HDFC Mid-Cap Opportunities Fund - Direct Growth,2022-06-20,210.7321,210.416,210.7321,HDFC,Equity,Mid Cap
125497,HDFC Mid-Cap Opportunities Fund - Direct Growth,2022-06-21,207.8535,207.5417,207.8535,HDFC,Equity,Mid Cap
125497,HDFC Mid-Cap Opportunities Fund - Direct Growth,2022-06-22,212.1662,211.848,212.1662,HDFC,Equity,Mid Cap
125497,HDFC Mid-Cap Opportunities Fund - Direct Growth,2022-06-23,217.0816,216.756,217.0816,HDFC,Equity,Mid Cap
125497,HDFC Mid-Cap Opportunities Fund - Direct Growth,2022-06-24,217.5766,217.2502,217.5766,HDFC,Equity,Mid Cap
125497,HDFC Mid-Cap Opportunities Fund - Direct Growth,2022-06-27,217.4328,217.1067,217.4328,HDFC,Equity,Mid Cap
125497,HDFC Mid-Cap Opportunities Fund - Direct Growth,2022-06-28,216.4452,216.1205,216.4452,HDFC,Equity,Mid Cap
125497,HDFC Mid-Cap Opportunities Fund - Direct Growth,2022-06-29,216.8744,216.5491,216.8744,HDFC,Equity,Mid Cap
125497,HDFC Mid-Cap Opportunities Fund - Direct Growth,2022-06-30,215.7782,215.4545,215.7782,HDFC,Equity,Mid Cap
125497,HDFC Mid-Cap Opportunities Fund - Direct Growth,2022-07-01,215.2983,214.9754,215.2983,HDFC,Equity,Mid Cap
125497,HDFC Mid-Cap Opportunities Fund - Direct Growth,2022-07-04,215.2464,214.9235,215.2464,HDFC,Equity,Mid Cap
125497,HDFC Mid-Cap Opportunities Fund - Direct Growth,2022-07-05,212.593,212.2741,212.593,HDFC,Equity,Mid Cap
125497,HDFC Mid-Cap Opportunities Fund - Direct Growth,2022-07-06,210.8488,210.5325,210.8488,HDFC,Equity,Mid Cap
125497,HDFC Mid-Cap Opportunities Fund - Direct Growth,2022-07-07,207.6829,207.3714,207.6829,HDFC,Equity,Mid Cap
125497,HDFC Mid-Cap Opportunities Fund - Direct Growth,2022-07-08,210.2029,209.8876,210.2029,HDFC,Equity,Mid Cap
125497,HDFC Mid-Cap Opportunities Fund - Direct Growth,2022-07-11,211.4368,211.1196,211.4368,HDFC,Equity,Mid Cap
125497,HDFC Mid-Cap Opportunities Fund - Direct Growth,2022-07-12,210.7547,210.4386,210.7547,HDFC,Equity,Mid Cap
125497,HDFC Mid-Cap Opportunities Fund - Direct Growth,2022-07-13,204.2555,203.9491,204.2555,HDFC,Equity,Mid Cap
125497,HDFC Mid-Cap Opportunities Fund - Direct Growth,2022-07-14,203.4516,203.1464,203.4516,HDFC,Equity,Mid Cap
125497,HDFC Mid-Cap Opportunities Fund - Direct Growth,2022-07-15,203.3763,203.0712,203.3763,HDFC,Equity,Mid Cap
125497,HDFC Mid-Cap Opportunities Fund - Direct Growth,2022-07-18,203.5783,203.2729,203.5783,HDFC,Equity,Mid Cap
125497,HDFC Mid-Cap Opportunities Fund - Direct Growth,2022-07-19,205.2841,204.9762,205.2841,HDFC,Equity,Mid Cap
125497,HDFC Mid-Cap Opportunities Fund - Direct Growth,2022-07-20,203.0886,202.784,203.0886,HDFC,Equity,Mid Cap
125497,HDFC Mid-Cap Opportunities Fund - Direct Growth,2022-07-21,199.2764,198.9775,199.2764,HDFC,Equity,Mid Cap
125497,HDFC Mid-Cap Opportunities Fund - Direct Growth,2022-07-22,198.5741,198.2762,198.5741,HDFC,Equity,Mid Cap
125497,HDFC Mid-Cap Opportunities Fund - Direct Growth,2022-07-25,198.2028,197.9055,198.2028,HDFC,Equity,Mid Cap
125497,HDFC Mid-Cap Opportunities Fund - Direct Growth,2022-07-26,199.4986,199.1994,199.4986,HDFC,Equity,Mid Cap
125497,HDFC Mid-Cap Opportunities Fund - Direct Growth,2022-07-27,204.2111,203.9048,204.2111,HDFC,Equity,Mid Cap
125497,HDFC Mid-Cap Opportunities Fund - Direct Growth,2022-07-28,206.2912,205.9818,206.2912,HDFC,Equity,Mid Cap
125497,HDFC Mid-Cap Opportunities Fund - Direct Growth,2022-07-29,206.2547,205.9453,206.2547,HDFC,Equity,Mid Cap
125497,HDFC Mid-Cap Opportunities Fund - Direct Growth,2022-08-01,208.0727,207.7606,208.0727,HDFC,Equity,Mid Cap
125497,HDFC Mid-Cap Opportunities Fund - Direct Growth,2022-08-02,206.5896,206.2797,206.5896,HDFC,Equity,Mid Cap
125497,HDFC Mid-Cap Opportunities Fund - Direct Growth,2022-08-03,206.7843,206.4741,206.7843,HDFC,Equity,Mid Cap
125497,HDFC Mid-Cap Opportunities Fund - Direct Growth,2022-08-04,206.9941,206.6836,206.9941,HDFC,Equity,Mid Cap
125497,HDFC Mid-Cap Opportunities Fund - Direct Growth,2022-08-05,205.8305,205.5218,205.8305,HDFC,Equity,Mid Cap
125497,HDFC Mid-Cap Opportunities Fund - Direct Growth,2022-08-08,203.3213,203.0163,203.3213,HDFC,Equity,Mid Cap
125497,HDFC Mid-Cap Opportunities Fund - Direct Growth,2022-08-09,204.6231,204.3162,204.6231,HDFC,Equity,Mid Cap
125497,HDFC Mid-Cap Opportunities Fund - Direct Growth,2022-08-10,203.3947,203.0896,203.3947,HDFC,Equity,Mid Cap
125497,HDFC Mid-Cap Opportunities Fund - Direct Growth,2022-08-11,206.4558,206.1461,206.4558,HDFC,Equity,Mid Cap
125497,HDFC Mid-Cap Opportunities Fund - Direct Growth,2022-08-12,204.3662,204.0597,204.3662,HDFC,Equity,Mid Cap
125497,HDFC Mid-Cap Opportunities Fund - Direct Growth,2022-08-15,205.5022,205.1939,205.5022,HDFC,Equity,Mid Cap
125497,HDFC Mid-Cap Opportunities Fund - Direct Growth,2022-08-16,206.7568,206.4467,206.7568,HDFC,Equity,Mid Cap
125497,HDFC Mid-Cap Opportunities Fund - Direct Growth,2022-08-17,204.8657,204.5584,204.8657,HDFC,Equity,Mid Cap
125497,HDFC Mid-Cap Opportunities Fund - Direct Growth,2022-08-18,205.991,205.682,205.991,HDFC,Equity,Mid Cap
125497,HDFC Mid-Cap Opportunities Fund - Direct Growth,2022-08-19,209.2362,208.9223,209.2362,HDFC,Equity,Mid Cap
125497,HDFC Mid-Cap Opportunities Fund - Direct Growth,2022-08-22,199.0111,198.7126,199.0111,HDFC,Equity,Mid Cap
125497,HDFC Mid-Cap Opportunities Fund - Direct Growth,2022-08-23,196.7846,196.4894,196.7846,HDFC,Equity,Mid Cap
125497,HDFC Mid-Cap Opportunities Fund - Direct Growth,2022-08-24,200.7105,200.4094,200.7105,HDFC,Equity,Mid Cap
125497,HDFC Mid-Cap Opportunities Fund - Direct Growth,2022-08-25,199.3895,199.0904,199.3895,HDFC,Equity,Mid Cap
125497,HDFC Mid-Cap Opportunities Fund - Direct Growth,2022-08-26,196.6605,196.3655,196.6605,HDFC,Equity,Mid Cap
125497,HDFC Mid-Cap Opportunities Fund - Direct Growth,2022-08-29,196.8786,196.5833,196.8786,HDFC,Equity,Mid Cap
125497,HDFC Mid-Cap Opportunities Fund - Direct Growth,2022-08-30,194.4736,194.1819,194.4736,HDFC,Equity,Mid Cap
125497,HDFC Mid-Cap Opportunities Fund - Direct Growth,2022-08-31,198.0459,197.7488,198.0459,HDFC,Equity,Mid Cap
125497,HDFC Mid-Cap Opportunities Fund - Direct Growth,2022-09-01,202.54,202.2362,202.54,HDFC,Equity,Mid Cap
125497,HDFC Mid-Cap Opportunities Fund - Direct Growth,2022-09-02,202.3696,202.066,202.3696,HDFC,Equity,Mid Cap
125497,HDFC Mid-Cap Opportunities Fund - Direct Growth,2022-09-05,208.5327,208.2199,208.5327,HDFC,Equity,Mid Cap
125497,HDFC Mid-Cap Opportunities Fund - Direct Growth,2022-09-06,210.3151,209.9996,210.3151,HDFC,Equity,Mid Cap
125497,HDFC Mid-Cap Opportunities Fund - Direct Growth,2022-09-07,208.3489,208.0364,208.3489,HDFC,Equity,Mid Cap
125497,HDFC Mid-Cap Opportunities Fund - Direct Growth,2022-09-08,208.3097,207.9972,208.3097,HDFC,Equity,Mid Cap
125497,HDFC Mid-Cap Opportunities Fund - Direct Growth,2022-09-09,207.9922,207.6802,207.9922,HDFC,Equity,Mid Cap
125497,HDFC Mid-Cap Opportunities Fund - Direct Growth,2022-09-12,214.9511,214.6287,214.9511,HDFC,Equity,Mid Cap
125497,HDFC Mid-Cap Opportunities Fund - Direct Growth,2022-09-13,212.2581,211.9397,212.2581,HDFC,Equity,Mid Cap
125497,HDFC Mid-Cap Opportunities Fund - Direct Growth,2022-09-14,215.8491,215.5253,215.8491,HDFC,Equity,Mid Cap
125497,HDFC Mid-Cap Opportunities Fund - Direct Growth,2022-09-15,216.7465,216.4214,216.7465,HDFC,Equity,Mid Cap
125497,HDFC Mid-Cap Opportunities Fund - Direct Growth,2022-09-16,218.6202,218.2923,218.6202,HDFC,Equity,Mid Cap
125497,HDFC Mid-Cap Opportunities Fund - Direct Growth,2022-09-19,219.6688,219.3393,219.6688,HDFC,Equity,Mid Cap
125497,HDFC Mid-Cap Opportunities Fund - Direct Growth,2022-09-20,218.3557,218.0282,218.3557,HDFC,Equity,Mid Cap
125497,HDFC Mid-Cap Opportunities Fund - Direct Growth,2022-09-21,214.3348,214.0133,214.3348,HDFC,Equity,Mid Cap
125497,HDFC Mid-Cap Opportunities Fund - Direct Growth,2022-09-22,215.3123,214.9893,215.3123,HDFC,Equity,Mid Cap
125497,HDFC Mid-Cap Opportunities Fund - Direct Growth,2022-09-23,221.8877,221.5549,221.8877,HDFC,Equity,Mid Cap
125497,HDFC Mid-Cap Opportunities Fund - Direct Growth,2022-09-26,218.8351,218.5068,218.8351,HDFC,Equity,Mid Cap
125497,HDFC Mid-Cap Opportunities Fund - Direct Growth,2022-09-27,219.2458,218.9169,219.2458,HDFC,Equity,Mid Cap
125497,HDFC Mid-Cap Opportunities Fund - Direct Growth,2022-09-28,219.0359,218.7073,219.0359,HDFC,Equity,Mid Cap
125497,HDFC Mid-Cap Opportunities Fund - Direct Growth,2022-09-29,215.7086,215.385,215.7086,HDFC,Equity,Mid Cap
125497,HDFC Mid-Cap Opportunities Fund - Direct Growth,2022-09-30,216.3975,216.0729,216.3975,HDFC,Equity,Mid Cap
125497,HDFC Mid-Cap Opportunities Fund - Direct Growth,2022-10-03,212.0466,211.7285,212.0466,HDFC,Equity,Mid Cap
125497,HDFC Mid-Cap Opportunities Fund - Direct Growth,2022-10-04,214.5701,214.2482,214.5701,HDFC,Equity,Mid Cap
125497,HDFC Mid-Cap Opportunities Fund - Direct Growth,2022-10-05,214.7889,214.4667,214.7889,HDFC,Equity,Mid Cap
125497,HDFC Mid-Cap Opportunities Fund - Direct Growth,2022-10-06,215.4652,215.142,215.4652,HDFC,Equity,Mid Cap
125497,HDFC Mid-Cap Opportunities Fund - Direct Growth,2022-10-07,218.3291,218.0016,218.3291,HDFC,Equity,Mid Cap
125497,HDFC Mid-Cap Opportunities Fund - Direct Growth,2022-10-10,220.7656,220.4345,220.7656,HDFC,Equity,Mid Cap
125497,HDFC Mid-Cap Opportunities Fund - Direct Growth,2022-10-11,224.3296,223.9931,224.3296,HDFC,Equity,Mid Cap
125497,HDFC Mid-Cap Opportunities Fund - Direct Growth,2022-10-12,225.2829,224.945,225.2829,HDFC,Equity,Mid Cap
125497,HDFC Mid-Cap Opportunities Fund - Direct Growth,2022-10-13,225.8976,225.5588,225.8976,HDFC,Equity,Mid Cap
125497,HDFC Mid-Cap Opportunities Fund - Direct Growth,2022-10-14,222.5451,222.2113,222.5451,HDFC,Equity,Mid Cap
125497,HDFC Mid-Cap Opportunities Fund - Direct Growth,2022-10-17,219.6533,219.3238,219.6533,HDFC,Equity,Mid Cap
125497,HDFC Mid-Cap Opportunities Fund - Direct Growth,2022-10-18,217.592,217.2656,217.592,HDFC,Equity,Mid Cap
125497,HDFC Mid-Cap Opportunities Fund - Direct Growth,2022-10-19,214.895,214.5727,214.895,HDFC,Equity,Mid Cap
125497,HDFC Mid-Cap Opportunities Fund - Direct Growth,2022-10-20,220.4602,220.1295,220.4602,HDFC,Equity,Mid Cap
125497,HDFC Mid-Cap Opportunities Fund - Direct Growth,2022-10-21,224.0705,223.7344,224.0705,HDFC,Equity,Mid Cap
125497,HDFC Mid-Cap Opportunities Fund - Direct Growth,2022-10-24,226.3339,225.9944,226.3339,HDFC,Equity,Mid Cap
125497,HDFC Mid-Cap Opportunities Fund - Direct Growth,2022-10-25,222.9113,222.5769,222.9113,HDFC,Equity,Mid Cap
125497,HDFC Mid-Cap Opportunities Fund - Direct Growth,2022-10-26,221.1395,220.8078,221.1395,HDFC,Equity,Mid Cap
125497,HDFC Mid-Cap Opportunities Fund - Direct Growth,2022-10-27,218.7915,218.4633,218.7915,HDFC,Equity,Mid Cap
125497,HDFC Mid-Cap Opportunities Fund - Direct Growth,2022-10-28,222.1335,221.8003,222.1335,HDFC,Equity,Mid Cap
125497,HDFC Mid-Cap Opportunities Fund - Direct Growth,2022-10-31,225.8043,225.4656,225.8043,HDFC,Equity,Mid Cap
125497,HDFC Mid-Cap Opportunities Fund - Direct Growth,2022-11-01,232.1367,231.7885,232.1367,HDFC,Equity,Mid Cap
125497,HDFC Mid-Cap Opportunities Fund - Direct Growth,2022-11-02,228.1084,227.7662,228.1084,HDFC,Equity,Mid Cap
125497,HDFC Mid-Cap Opportunities Fund - Direct Growth,2022-11-03,231.6465,231.299,231.6465,HDFC,Equity,Mid Cap
125497,HDFC Mid-Cap Opportunities Fund - Direct Growth,2022-11-04,234.926,234.5736,234.926,HDFC,Equity,Mid Cap
125497,HDFC Mid-Cap Opportunities Fund - Direct Growth,2022-11-07,236.2187,235.8644,236.2187,HDFC,Equity,Mid Cap
125497,HDFC Mid-Cap Opportunities Fund - Direct Growth,2022-11-08,235.6684,235.3149,235.6684,HDFC,Equity,Mid Cap
125497,HDFC Mid-Cap Opportunities Fund - Direct Growth,2022-11-09,233.4326,233.0825,233.4326,HDFC,Equity,Mid Cap
125497,HDFC Mid-Cap Opportunities Fund - Direct Growth,2022-11-10,231.5116,231.1643,231.5116,HDFC,Equity,Mid Cap
125497,HDFC Mid-Cap Opportunities Fund - Direct Growth,2022-11-11,237.2989,236.943,237.2989,HDFC,Equity,Mid Cap
125497,HDFC Mid-Cap Opportunities Fund - Direct Growth,2022-11-14,237.5397,237.1834,237.5397,HDFC,Equity,Mid Cap
125497,HDFC Mid-Cap Opportunities Fund - Direct Growth,2022-11-15,235.4118,235.0587,235.4118,HDFC,Equity,Mid Cap
125497,HDFC Mid-Cap Opportunities Fund - Direct Growth,2022-11-16,238.5625,238.2047,238.5625,HDFC,Equity,Mid Cap
125497,HDFC Mid-Cap Opportunities Fund - Direct Growth,2022-11-17,234.7944,234.4422,234.7944,HDFC,Equity,Mid Cap
125497,HDFC Mid-Cap Opportunities Fund - Direct Growth,2022-11-18,233.7184,233.3678,233.7184,HDFC,Equity,Mid Cap
125497,HDFC Mid-Cap Opportunities Fund - Direct Growth,2022-11-21,233.9037,233.5528,233.9037,HDFC,Equity,Mid Cap
125497,HDFC Mid-Cap Opportunities Fund - Direct Growth,2022-11-22,235.1083,234.7556,235.1083,HDFC,Equity,Mid Cap
125497,HDFC Mid-Cap Opportunities Fund - Direct Growth,2022-11-23,237.1571,236.8014,237.1571,HDFC,Equity,Mid Cap
125497,HDFC Mid-Cap Opportunities Fund - Direct Growth,2022-11-24,239.3427,238.9837,239.3427,HDFC,Equity,Mid Cap
125497,HDFC Mid-Cap Opportunities Fund - Direct Growth,2022-11-25,236.6071,236.2522,236.6071,HDFC,Equity,Mid Cap
125497,HDFC Mid-Cap Opportunities Fund - Direct Growth,2022-11-28,242.0369,241.6738,242.0369,HDFC,Equity,Mid Cap
125497,HDFC Mid-Cap Opportunities Fund - Direct Growth,2022-11-29,238.1463,237.7891,238.1463,HDFC,Equity,Mid Cap
125497,HDFC Mid-Cap Opportunities Fund - Direct Growth,2022-11-30,239.246,238.8871,239.246,HDFC,Equity,Mid Cap
125497,HDFC Mid-Cap Opportunities Fund - Direct Growth,2022-12-01,233.6623,233.3118,233.6623,HDFC,Equity,Mid Cap
125497,HDFC Mid-Cap Opportunities Fund - Direct Growth,2022-12-02,233.8874,233.5366,233.8874,HDFC,Equity,Mid Cap
125497,HDFC Mid-Cap Opportunities Fund - Direct Growth,2022-12-05,234.4061,234.0545,234.4061,HDFC,Equity,Mid Cap
125497,HDFC Mid-Cap Opportunities Fund - Direct Growth,2022-12-06,236.649,236.294,236.649,HDFC,Equity,Mid Cap
125497,HDFC Mid-Cap Opportunities Fund - Direct Growth,2022-12-07,232.3624,232.0139,232.3624,HDFC,Equity,Mid Cap
125497,HDFC Mid-Cap Opportunities Fund - Direct Growth,2022-12-08,230.691,230.345,230.691,HDFC,Equity,Mid Cap
125497,HDFC Mid-Cap Opportunities Fund - Direct Growth,2022-12-09,232.4344,232.0857,232.4344,HDFC,Equity,Mid Cap
125497,HDFC Mid-Cap Opportunities Fund - Direct Growth,2022-12-12,232.3449,231.9964,232.3449,HDFC,Equity,Mid Cap
125497,HDFC Mid-Cap Opportunities Fund - Direct Growth,2022-12-13,233.6132,233.2628,233.6132,HDFC,Equity,Mid Cap
125497,HDFC Mid-Cap Opportunities Fund - Direct Growth,2022-12-14,234.4546,234.1029,234.4546,HDFC,Equity,Mid Cap
125497,HDFC Mid-Cap Opportunities Fund - Direct Growth,2022-12-15,233.5943,233.2439,233.5943,HDFC,Equity,Mid Cap
125497,HDFC Mid-Cap Opportunities Fund - Direct Growth,2022-12-16,234.7251,234.373,234.7251,HDFC,Equity,Mid Cap
125497,HDFC Mid-Cap Opportunities Fund - Direct Growth,2022-12-19,234.5403,234.1885,234.5403,HDFC,Equity,Mid Cap
125497,HDFC Mid-Cap Opportunities Fund - Direct Growth,2022-12-20,234.1203,233.7691,234.1203,HDFC,Equity,Mid Cap
125497,HDFC Mid-Cap Opportunities Fund - Direct Growth,2022-12-21,231.4327,231.0856,231.4327,HDFC,Equity,Mid Cap
125497,HDFC Mid-Cap Opportunities Fund - Direct Growth,2022-12-22,231.4281,231.081,231.4281,HDFC,Equity,Mid Cap
125497,HDFC Mid-Cap Opportunities Fund - Direct Growth,2022-12-23,229.2684,228.9245,229.2684,HDFC,Equity,Mid Cap
125497,HDFC Mid-Cap Opportunities Fund - Direct Growth,2022-12-26,227.7586,227.417,227.7586,HDFC,Equity,Mid Cap
125497,HDFC Mid-Cap Opportunities Fund - Direct Growth,2022-12-27,229.9894,229.6444,229.9894,HDFC,Equity,Mid Cap
125497,HDFC Mid-Cap Opportunities Fund - Direct Growth,2022-12-28,228.8915,228.5482,228.8915,HDFC,Equity,Mid Cap
125497,HDFC Mid-Cap Opportunities Fund - Direct Growth,2022-12-29,230.1039,229.7587,230.1039,HDFC,Equity,Mid Cap
125497,HDFC Mid-Cap Opportunities Fund - Direct Growth,2022-12-30,231.7168,231.3692,231.7168,HDFC,Equity,Mid Cap
125497,HDFC Mid-Cap Opportunities Fund - Direct Growth,2023-01-02,231.3365,230.9895,231.3365,HDFC,Equity,Mid Cap
125497,HDFC Mid-Cap Opportunities Fund - Direct Growth,2023-01-03,232.4399,232.0912,232.4399,HDFC,Equity,Mid Cap
125497,HDFC Mid-Cap Opportunities Fund - Direct Growth,2023-01-04,232.5529,232.2041,232.5529,HDFC,Equity,Mid Cap
125497,HDFC Mid-Cap Opportunities Fund - Direct Growth,2023-01-05,226.8233,226.4831,226.8233,HDFC,Equity,Mid Cap
125497,HDFC Mid-Cap Opportunities Fund - Direct Growth,2023-01-06,227.3509,227.0099,227.3509,HDFC,Equity,Mid Cap
125497,HDFC Mid-Cap Opportunities Fund - Direct Growth,2023-01-09,230.6239,230.278,230.6239,HDFC,Equity,Mid Cap
125497,HDFC Mid-Cap Opportunities Fund - Direct Growth,2023-01-10,231.7494,231.4018,231.7494,HDFC,Equity,Mid Cap
125497,HDFC Mid-Cap Opportunities Fund - Direct Growth,2023-01-11,232.7108,232.3617,232.7108,HDFC,Equity,Mid Cap
125497,HDFC Mid-Cap Opportunities Fund - Direct Growth,2023-01-12,236.1346,235.7804,236.1346,HDFC,Equity,Mid Cap
125497,HDFC Mid-Cap Opportunities Fund - Direct Growth,2023-01-13,232.6647,232.3157,232.6647,HDFC,Equity,Mid Cap
125497,HDFC Mid-Cap Opportunities Fund - Direct Growth,2023-01-16,236.2484,235.894,236.2484,HDFC,Equity,Mid Cap
125497,HDFC Mid-Cap Opportunities Fund - Direct Growth,2023-01-17,237.3031,236.9471,237.3031,HDFC,Equity,Mid Cap
125497,HDFC Mid-Cap Opportunities Fund - Direct Growth,2023-01-18,240.3295,239.969,240.3295,HDFC,Equity,Mid Cap
125497,HDFC Mid-Cap Opportunities Fund - Direct Growth,2023-01-19,242.9413,242.5769,242.9413,HDFC,Equity,Mid Cap
125497,HDFC Mid-Cap Opportunities Fund - Direct Growth,2023-01-20,239.7062,239.3466,239.7062,HDFC,Equity,Mid Cap
125497,HDFC Mid-Cap Opportunities Fund - Direct Growth,2023-01-23,242.3786,242.015,242.3786,HDFC,Equity,Mid Cap
125497,HDFC Mid-Cap Opportunities Fund - Direct Growth,2023-01-24,242.6884,242.3244,242.6884,HDFC,Equity,Mid Cap
125497,HDFC Mid-Cap Opportunities Fund - Direct Growth,2023-01-25,242.3479,241.9844,242.3479,HDFC,Equity,Mid Cap
125497,HDFC Mid-Cap Opportunities Fund - Direct Growth,2023-01-26,245.9105,245.5416,245.9105,HDFC,Equity,Mid Cap
125497,HDFC Mid-Cap Opportunities Fund - Direct Growth,2023-01-27,245.7618,245.3932,245.7618,HDFC,Equity,Mid Cap
125497,HDFC Mid-Cap Opportunities Fund - Direct Growth,2023-01-30,242.1245,241.7613,242.1245,HDFC,Equity,Mid Cap
125497,HDFC Mid-Cap Opportunities Fund - Direct Growth,2023-01-31,245.7928,245.4241,245.7928,HDFC,Equity,Mid Cap
125497,HDFC Mid-Cap Opportunities Fund - Direct Growth,2023-02-01,247.67,247.2985,247.67,HDFC,Equity,Mid Cap
125497,HDFC Mid-Cap Opportunities Fund - Direct Growth,2023-02-02,245.2412,244.8733,245.2412,HDFC,Equity,Mid Cap
125497,HDFC Mid-Cap Opportunities Fund - Direct Growth,2023-02-03,252.6529,252.2739,252.6529,HDFC,Equity,Mid Cap
125497,HDFC Mid-Cap Opportunities Fund - Direct Growth,2023-02-06,257.1728,256.787,257.1728,HDFC,Equity,Mid Cap
125497,HDFC Mid-Cap Opportunities Fund - Direct Growth,2023-02-07,258.9217,258.5333,258.9217,HDFC,Equity,Mid Cap
125497,HDFC Mid-Cap Opportunities Fund - Direct Growth,2023-02-08,261.6335,261.241,261.6335,HDFC,Equity,Mid Cap
125497,HDFC Mid-Cap Opportunities Fund - Direct Growth,2023-02-09,265.5628,265.1645,265.5628,HDFC,Equity,Mid Cap
125497,HDFC Mid-Cap Opportunities Fund - Direct Growth,2023-02-10,269.0386,268.635,269.0386,HDFC,Equity,Mid Cap
125497,HDFC Mid-Cap Opportunities Fund - Direct Growth,2023-02-13,269.2914,268.8875,269.2914,HDFC,Equity,Mid Cap
125497,HDFC Mid-Cap Opportunities Fund - Direct Growth,2023-02-14,270.4739,270.0682,270.4739,HDFC,Equity,Mid Cap
125497,HDFC Mid-Cap Opportunities Fund - Direct Growth,2023-02-15,273.6107,273.2003,273.6107,HDFC,Equity,Mid Cap
125497,HDFC Mid-Cap Opportunities Fund - Direct Growth,2023-02-16,272.9889,272.5794,272.9889,HDFC,Equity,Mid Cap
125497,HDFC Mid-Cap Opportunities Fund - Direct Growth,2023-02-17,276.5875,276.1726,276.5875,HDFC,Equity,Mid Cap
125497,HDFC Mid-Cap Opportunities Fund - Direct Growth,2023-02-20,275.8506,275.4368,275.8506,HDFC,Equity,Mid Cap
125497,HDFC Mid-Cap Opportunities Fund - Direct Growth,2023-02-21,275.4963,275.0831,275.4963,HDFC,Equity,Mid Cap
125497,HDFC Mid-Cap Opportunities Fund - Direct Growth,2023-02-22,276.6235,276.2086,276.6235,HDFC,Equity,Mid Cap
125497,HDFC Mid-Cap Opportunities Fund - Direct Growth,2023-02-23,274.9929,274.5804,274.9929,HDFC,Equity,Mid Cap
125497,HDFC Mid-Cap Opportunities Fund - Direct Growth,2023-02-24,279.5651,279.1458,279.5651,HDFC,Equity,Mid Cap
125497,HDFC Mid-Cap Opportunities Fund - Direct Growth,2023-02-27,276.6098,276.1949,276.6098,HDFC,Equity,Mid Cap
125497,HDFC Mid-Cap Opportunities Fund - Direct Growth,2023-02-28,272.3528,271.9443,272.3528,HDFC,Equity,Mid Cap
125497,HDFC Mid-Cap Opportunities Fund - Direct Growth,2023-03-01,273.3801,272.97,273.3801,HDFC,Equity,Mid Cap
125497,HDFC Mid-Cap Opportunities Fund - Direct Growth,2023-03-02,266.4933,266.0936,266.4933,HDFC,Equity,Mid Cap
125497,HDFC Mid-Cap Opportunities Fund - Direct Growth,2023-03-03,269.8382,269.4334,269.8382,HDFC,Equity,Mid Cap
125497,HDFC Mid-Cap Opportunities Fund - Direct Growth,2023-03-06,287.8948,287.463,287.8948,HDFC,Equity,Mid Cap
125497,HDFC Mid-Cap Opportunities Fund - Direct Growth,2023-03-07,287.3831,286.952,287.3831,HDFC,Equity,Mid Cap
125497,HDFC Mid-Cap Opportunities Fund - Direct Growth,2023-03-08,287.1313,286.7006,287.1313,HDFC,Equity,Mid Cap
125497,HDFC Mid-Cap Opportunities Fund - Direct Growth,2023-03-09,290.6765,290.2405,290.6765,HDFC,Equity,Mid Cap
125497,HDFC Mid-Cap Opportunities Fund - Direct Growth,2023-03-10,296.7336,296.2885,296.7336,HDFC,Equity,Mid Cap
125497,HDFC Mid-Cap Opportunities Fund - Direct Growth,2023-03-13,282.885,282.4607,282.885,HDFC,Equity,Mid Cap
125497,HDFC Mid-Cap Opportunities Fund - Direct Growth,2023-03-14,284.9763,284.5488,284.9763,HDFC,Equity,Mid Cap
125497,HDFC Mid-Cap Opportunities Fund - Direct Growth,2023-03-15,286.7895,286.3593,286.7895,HDFC,Equity,Mid Cap
125497,HDFC Mid-Cap Opportunities Fund - Direct Growth,2023-03-16,290.5858,290.1499,290.5858,HDFC,Equity,Mid Cap
125497,HDFC Mid-Cap Opportunities Fund - Direct Growth,2023-03-17,286.5187,286.0889,286.5187,HDFC,Equity,Mid Cap
125497,HDFC Mid-Cap Opportunities Fund - Direct Growth,2023-03-20,278.9641,278.5457,278.9641,HDFC,Equity,Mid Cap
125497,HDFC Mid-Cap Opportunities Fund - Direct Growth,2023-03-21,272.3187,271.9102,272.3187,HDFC,Equity,Mid Cap
125497,HDFC Mid-Cap Opportunities Fund - Direct Growth,2023-03-22,272.9017,272.4923,272.9017,HDFC,Equity,Mid Cap
125497,HDFC Mid-Cap Opportunities Fund - Direct Growth,2023-03-23,275.6084,275.195,275.6084,HDFC,Equity,Mid Cap
125497,HDFC Mid-Cap Opportunities Fund - Direct Growth,2023-03-24,275.315,274.902,275.315,HDFC,Equity,Mid Cap
125497,HDFC Mid-Cap Opportunities Fund - Direct Growth,2023-03-27,272.3914,271.9828,272.3914,HDFC,Equity,Mid Cap
125497,HDFC Mid-Cap Opportunities Fund - Direct Growth,2023-03-28,268.094,267.6919,268.094,HDFC,Equity,Mid Cap
125497,HDFC Mid-Cap Opportunities Fund - Direct Growth,2023-03-29,265.902,265.5031,265.902,HDFC,Equity,Mid Cap
125497,HDFC Mid-Cap Opportunities Fund - Direct Growth,2023-03-30,267.6717,267.2702,267.6717,HDFC,Equity,Mid Cap
125497,HDFC Mid-Cap Opportunities Fund - Direct Growth,2023-03-31,268.812,268.4088,268.812,HDFC,Equity,Mid Cap
125497,HDFC Mid-Cap Opportunities Fund - Direct Growth,2023-04-03,265.8779,265.4791,265.8779,HDFC,Equity,Mid Cap
125497,HDFC Mid-Cap Opportunities Fund - Direct Growth,2023-04-04,259.0382,258.6496,259.0382,HDFC,Equity,Mid Cap
125497,HDFC Mid-Cap Opportunities Fund - Direct Growth,2023-04-05,259.6966,259.3071,259.6966,HDFC,Equity,Mid Cap
125497,HDFC Mid-Cap Opportunities Fund - Direct Growth,2023-04-06,264.2533,263.8569,264.2533,HDFC,Equity,Mid Cap
125497,HDFC Mid-Cap Opportunities Fund - Direct Growth,2023-04-07,259.6845,259.295,259.6845,HDFC,Equity,Mid Cap
125497,HDFC Mid-Cap Opportunities Fund - Direct Growth,2023-04-10,263.0832,262.6886,263.0832,HDFC,Equity,Mid Cap
125497,HDFC Mid-Cap Opportunities Fund - Direct Growth,2023-04-11,261.7734,261.3807,261.7734,HDFC,Equity,Mid Cap
125497,HDFC Mid-Cap Opportunities Fund - Direct Growth,2023-04-12,259.7036,259.314,259.7036,HDFC,Equity,Mid Cap
125497,HDFC Mid-Cap Opportunities Fund - Direct Growth,2023-04-13,253.6714,253.2909,253.6714,HDFC,Equity,Mid Cap
125497,HDFC Mid-Cap Opportunities Fund - Direct Growth,2023-04-14,254.0877,253.7066,254.0877,HDFC,Equity,Mid Cap
125497,HDFC Mid-Cap Opportunities Fund - Direct Growth,2023-04-17,261.4213,261.0292,261.4213,HDFC,Equity,Mid Cap
125497,HDFC Mid-Cap Opportunities Fund - Direct Growth,2023-04-18,262.5363,262.1425,262.5363,HDFC,Equity,Mid Cap
125497,HDFC Mid-Cap Opportunities Fund - Direct Growth,2023-04-19,262.6064,262.2125,262.6064,HDFC,Equity,Mid Cap
125497,HDFC Mid-Cap Opportunities Fund - Direct Growth,2023-04-20,260.1494,259.7592,260.1494,HDFC,Equity,Mid Cap
125497,HDFC Mid-Cap Opportunities Fund - Direct Growth,2023-04-21,262.8236,262.4294,262.8236,HDFC,Equity,Mid Cap
125497,HDFC Mid-Cap Opportunities Fund - Direct Growth,2023-04-24,260.8199,260.4287,260.8199,HDFC,Equity,Mid Cap
125497,HDFC Mid-Cap Opportunities Fund - Direct Growth,2023-04-25,265.004,264.6065,265.004,HDFC,Equity,Mid Cap
125497,HDFC Mid-Cap Opportunities Fund - Direct Growth,2023-04-26,267.2238,266.823,267.2238,HDFC,Equity,Mid Cap
125497,HDFC Mid-Cap Opportunities Fund - Direct Growth,2023-04-27,265.5576,265.1593,265.5576,HDFC,Equity,Mid Cap
125497,HDFC Mid-Cap Opportunities Fund - Direct Growth,2023-04-28,268.8563,268.453,268.8563,HDFC,Equity,Mid Cap
125497,HDFC Mid-Cap Opportunities Fund - Direct Growth,2023-05-01,262.647,262.253,262.647,HDFC,Equity,Mid Cap
125497,HDFC Mid-Cap Opportunities Fund - Direct Growth,2023-05-02,257.1701,256.7843,257.1701,HDFC,Equity,Mid Cap
125497,HDFC Mid-Cap Opportunities Fund - Direct Growth,2023-05-03,258.7282,258.3401,258.7282,HDFC,Equity,Mid Cap
125497,HDFC Mid-Cap Opportunities Fund - Direct Growth,2023-05-04,253.1465,252.7668,253.1465,HDFC,Equity,Mid Cap
125497,HDFC Mid-Cap Opportunities Fund - Direct Growth,2023-05-05,249.516,249.1417,249.516,HDFC,Equity,Mid Cap
125497,HDFC Mid-Cap Opportunities Fund - Direct Growth,2023-05-08,242.9056,242.5412,242.9056,HDFC,Equity,Mid Cap
125497,HDFC Mid-Cap Opportunities Fund - Direct Growth,2023-05-09,242.0505,241.6874,242.0505,HDFC,Equity,Mid Cap
125497,HDFC Mid-Cap Opportunities Fund - Direct Growth,2023-05-10,239.119,238.7603,239.119,HDFC,Equity,Mid Cap
125497,HDFC Mid-Cap Opportunities Fund - Direct Growth,2023-05-11,235.851,235.4972,235.851,HDFC,Equity,Mid Cap
125497,HDFC Mid-Cap Opportunities Fund - Direct Growth,2023-05-12,237.2596,236.9037,237.2596,HDFC,Equity,Mid Cap
125497,HDFC Mid-Cap Opportunities Fund - Direct Growth,2023-05-15,234.3558,234.0043,234.3558,HDFC,Equity,Mid Cap
125497,HDFC Mid-Cap Opportunities Fund - Direct Growth,2023-05-16,234.9587,234.6063,234.9587,HDFC,Equity,Mid Cap
125497,HDFC Mid-Cap Opportunities Fund - Direct Growth,2023-05-17,238.7273,238.3692,238.7273,HDFC,Equity,Mid Cap
125497,HDFC Mid-Cap Opportunities Fund - Direct Growth,2023-05-18,240.502,240.1412,240.502,HDFC,Equity,Mid Cap
125497,HDFC Mid-Cap Opportunities Fund - Direct Growth,2023-05-19,239.408,239.0489,239.408,HDFC,Equity,Mid Cap
125497,HDFC Mid-Cap Opportunities Fund - Direct Growth,2023-05-22,239.7635,239.4039,239.7635,HDFC,Equity,Mid Cap
125497,HDFC Mid-Cap Opportunities Fund - Direct Growth,2023-05-23,238.9226,238.5642,238.9226,HDFC,Equity,Mid Cap
125497,HDFC Mid-Cap Opportunities Fund - Direct Growth,2023-05-24,238.547,238.1892,238.547,HDFC,Equity,Mid Cap
125497,HDFC Mid-Cap Opportunities Fund - Direct Growth,2023-05-25,239.2495,238.8906,239.2495,HDFC,Equity,Mid Cap
125497,HDFC Mid-Cap Opportunities Fund - Direct Growth,2023-05-26,236.4933,236.1386,236.4933,HDFC,Equity,Mid Cap
125497,HDFC Mid-Cap Opportunities Fund - Direct Growth,2023-05-29,225.5814,225.243,225.5814,HDFC,Equity,Mid Cap
125497,HDFC Mid-Cap Opportunities Fund - Direct Growth,2023-05-30,222.3765,222.0429,222.3765,HDFC,Equity,Mid Cap
125497,HDFC Mid-Cap Opportunities Fund - Direct Growth,2023-05-31,222.891,222.5567,222.891,HDFC,Equity,Mid Cap
125497,HDFC Mid-Cap Opportunities Fund - Direct Growth,2023-06-01,220.5922,220.2613,220.5922,HDFC,Equity,Mid Cap
125497,HDFC Mid-Cap Opportunities Fund - Direct Growth,2023-06-02,222.04,221.7069,222.04,HDFC,Equity,Mid Cap
125497,HDFC Mid-Cap Opportunities Fund - Direct Growth,2023-06-05,218.8538,218.5255,218.8538,HDFC,Equity,Mid Cap
125497,HDFC Mid-Cap Opportunities Fund - Direct Growth,2023-06-06,221.0707,220.7391,221.0707,HDFC,Equity,Mid Cap
125497,HDFC Mid-Cap Opportunities Fund - Direct Growth,2023-06-07,218.5226,218.1948,218.5226,HDFC,Equity,Mid Cap
125497,HDFC Mid-Cap Opportunities Fund - Direct Growth,2023-06-08,219.7119,219.3823,219.7119,HDFC,Equity,Mid Cap
125497,HDFC Mid-Cap Opportunities Fund - Direct Growth,2023-06-09,217.5416,217.2153,217.5416,HDFC,Equity,Mid Cap
125497,HDFC Mid-Cap Opportunities Fund - Direct Growth,2023-06-12,210.1315,209.8163,210.1315,HDFC,Equity,Mid Cap
125497,HDFC Mid-Cap Opportunities Fund - Direct Growth,2023-06-13,209.2502,208.9363,209.2502,HDFC,Equity,Mid Cap
125497,HDFC Mid-Cap Opportunities Fund - Direct Growth,2023-06-14,209.0232,208.7097,209.0232,HDFC,Equity,Mid Cap
125497,HDFC Mid-Cap Opportunities Fund - Direct Growth,2023-06-15,208.1093,207.7971,208.1093,HDFC,Equity,Mid Cap
125497,HDFC Mid-Cap Opportunities Fund - Direct Growth,2023-06-16,205.2357,204.9278,205.2357,HDFC,Equity,Mid Cap
125497,HDFC Mid-Cap Opportunities Fund - Direct Growth,2023-06-19,205.0465,204.7389,205.0465,HDFC,Equity,Mid Cap
125497,HDFC Mid-Cap Opportunities Fund - Direct Growth,2023-06-20,205.5776,205.2692,205.5776,HDFC,Equity,Mid Cap
125497,HDFC Mid-Cap Opportunities Fund - Direct Growth,2023-06-21,204.0067,203.7007,204.0067,HDFC,Equity,Mid Cap
125497,HDFC Mid-Cap Opportunities Fund - Direct Growth,2023-06-22,206.9568,206.6464,206.9568,HDFC,Equity,Mid Cap
125497,HDFC Mid-Cap Opportunities Fund - Direct Growth,2023-06-23,204.1186,203.8124,204.1186,HDFC,Equity,Mid Cap
125497,HDFC Mid-Cap Opportunities Fund - Direct Growth,2023-06-26,209.6757,209.3612,209.6757,HDFC,Equity,Mid Cap
125497,HDFC Mid-Cap Opportunities Fund - Direct Growth,2023-06-27,209.25,208.9361,209.25,HDFC,Equity,Mid Cap
125497,HDFC Mid-Cap Opportunities Fund - Direct Growth,2023-06-28,208.0071,207.6951,208.0071,HDFC,Equity,Mid Cap
125497,HDFC Mid-Cap Opportunities Fund - Direct Growth,2023-06-29,210.6765,210.3605,210.6765,HDFC,Equity,Mid Cap
125497,HDFC Mid-Cap Opportunities Fund - Direct Growth,2023-06-30,207.1633,206.8526,207.1633,HDFC,Equity,Mid Cap
125497,HDFC Mid-Cap Opportunities Fund - Direct Growth,2023-07-03,207.0496,206.739,207.0496,HDFC,Equity,Mid Cap
125497,HDFC Mid-Cap Opportunities Fund - Direct Growth,2023-07-04,208.076,207.7639,208.076,HDFC,Equity,Mid Cap
125497,HDFC Mid-Cap Opportunities Fund - Direct Growth,2023-07-05,205.7421,205.4335,205.7421,HDFC,Equity,Mid Cap
125497,HDFC Mid-Cap Opportunities Fund - Direct Growth,2023-07-06,205.0583,204.7507,205.0583,HDFC,Equity,Mid Cap
125497,HDFC Mid-Cap Opportunities Fund - Direct Growth,2023-07-07,203.6287,203.3233,203.6287,HDFC,Equity,Mid Cap
125497,HDFC Mid-Cap Opportunities Fund - Direct Growth,2023-07-10,201.1458,200.8441,201.1458,HDFC,Equity,Mid Cap
125497,HDFC Mid-Cap Opportunities Fund - Direct Growth,2023-07-11,205.1095,204.8018,205.1095,HDFC,Equity,Mid Cap
125497,HDFC Mid-Cap Opportunities Fund - Direct Growth,2023-07-12,207.2301,206.9193,207.2301,HDFC,Equity,Mid Cap
125497,HDFC Mid-Cap Opportunities Fund - Direct Growth,2023-07-13,210.0257,209.7107,210.0257,HDFC,Equity,Mid Cap
125497,HDFC Mid-Cap Opportunities Fund - Direct Growth,2023-07-14,208.943,208.6296,208.943,HDFC,Equity,Mid Cap
125497,HDFC Mid-Cap Opportunities Fund - Direct Growth,2023-07-17,203.9362,203.6303,203.9362,HDFC,Equity,Mid Cap
125497,HDFC Mid-Cap Opportunities Fund - Direct Growth,2023-07-18,205.2259,204.9181,205.2259,HDFC,Equity,Mid Cap
125497,HDFC Mid-Cap Opportunities Fund - Direct Growth,2023-07-19,208.4998,208.1871,208.4998,HDFC,Equity,Mid Cap
125497,HDFC Mid-Cap Opportunities Fund - Direct Growth,2023-07-20,205.8131,205.5044,205.8131,HDFC,Equity,Mid Cap
125497,HDFC Mid-Cap Opportunities Fund - Direct Growth,2023-07-21,204.9927,204.6852,204.9927,HDFC,Equity,Mid Cap
125497,HDFC Mid-Cap Opportunities Fund - Direct Growth,2023-07-24,202.8651,202.5608,202.8651,HDFC,Equity,Mid Cap
125497,HDFC Mid-Cap Opportunities Fund - Direct Growth,2023-07-25,201.1838,200.882,201.1838,HDFC,Equity,Mid Cap
125497,HDFC Mid-Cap Opportunities Fund - Direct Growth,2023-07-26,200.7926,200.4914,200.7926,HDFC,Equity,Mid Cap
125497,HDFC Mid-Cap Opportunities Fund - Direct Growth,2023-07-27,199.7839,199.4842,199.7839,HDFC,Equity,Mid Cap
125497,HDFC Mid-Cap Opportunities Fund - Direct Growth,2023-07-28,197.9714,197.6744,197.9714,HDFC,Equity,Mid Cap
125497,HDFC Mid-Cap Opportunities Fund - Direct Growth,2023-07-31,196.798,196.5028,196.798,HDFC,Equity,Mid Cap
125497,HDFC Mid-Cap Opportunities Fund - Direct Growth,2023-08-01,195.1564,194.8637,195.1564,HDFC,Equity,Mid Cap
125497,HDFC Mid-Cap Opportunities Fund - Direct Growth,2023-08-02,195.9827,195.6887,195.9827,HDFC,Equity,Mid Cap
125497,HDFC Mid-Cap Opportunities Fund - Direct Growth,2023-08-03,199.9501,199.6502,199.9501,HDFC,Equity,Mid Cap
125497,HDFC Mid-Cap Opportunities Fund - Direct Growth,2023-08-04,200.3657,200.0652,200.3657,HDFC,Equity,Mid Cap
125497,HDFC Mid-Cap Opportunities Fund - Direct Growth,2023-08-07,199.9957,199.6957,199.9957,HDFC,Equity,Mid Cap
125497,HDFC Mid-Cap Opportunities Fund - Direct Growth,2023-08-08,197.4421,197.1459,197.4421,HDFC,Equity,Mid Cap
125497,HDFC Mid-Cap Opportunities Fund - Direct Growth,2023-08-09,194.0218,193.7308,194.0218,HDFC,Equity,Mid Cap
125497,HDFC Mid-Cap Opportunities Fund - Direct Growth,2023-08-10,192.378,192.0894,192.378,HDFC,Equity,Mid Cap
125497,HDFC Mid-Cap Opportunities Fund - Direct Growth,2023-08-11,195.2065,194.9137,195.2065,HDFC,Equity,Mid Cap
125497,HDFC Mid-Cap Opportunities Fund - Direct Growth,2023-08-14,194.5995,194.3076,194.5995,HDFC,Equity,Mid Cap
125497,HDFC Mid-Cap Opportunities Fund - Direct Growth,2023-08-15,194.219,193.9277,194.219,HDFC,Equity,Mid Cap
125497,HDFC Mid-Cap Opportunities Fund - Direct Growth,2023-08-16,194.9998,194.7073,194.9998,HDFC,Equity,Mid Cap
125497,HDFC Mid-Cap Opportunities Fund - Direct Growth,2023-08-17,195.4886,195.1954,195.4886,HDFC,Equity,Mid Cap
125497,HDFC Mid-Cap Opportunities Fund - Direct Growth,2023-08-18,191.2415,190.9546,191.2415,HDFC,Equity,Mid Cap
125497,HDFC Mid-Cap Opportunities Fund - Direct Growth,2023-08-21,190.4983,190.2126,190.4983,HDFC,Equity,Mid Cap
125497,HDFC Mid-Cap Opportunities Fund - Direct Growth,2023-08-22,185.5542,185.2759,185.5542,HDFC,Equity,Mid Cap
125497,HDFC Mid-Cap Opportunities Fund - Direct Growth,2023-08-23,185.2674,184.9895,185.2674,HDFC,Equity,Mid Cap
125497,HDFC Mid-Cap Opportunities Fund - Direct Growth,2023-08-24,185.6595,185.381,185.6595,HDFC,Equity,Mid Cap
125497,HDFC Mid-Cap Opportunities Fund - Direct Growth,2023-08-25,187.6266,187.3452,187.6266,HDFC,Equity,Mid Cap
125497,HDFC Mid-Cap Opportunities Fund - Direct Growth,2023-08-28,188.9065,188.6231,188.9065,HDFC,Equity,Mid Cap
125497,HDFC Mid-Cap Opportunities Fund - Direct Growth,2023-08-29,184.6569,184.3799,184.6569,HDFC,Equity,Mid Cap
125497,HDFC Mid-Cap Opportunities Fund - Direct Growth,2023-08-30,183.8598,183.584,183.8598,HDFC,Equity,Mid Cap
125497,HDFC Mid-Cap Opportunities Fund - Direct Growth,2023-08-31,186.1433,185.8641,186.1433,HDFC,Equity,Mid Cap
125497,HDFC Mid-Cap Opportunities Fund - Direct Growth,2023-09-01,189.3303,189.0463,189.3303,HDFC,Equity,Mid Cap
125497,HDFC Mid-Cap Opportunities Fund - Direct Growth,2023-09-04,193.0329,192.7434,193.0329,HDFC,Equity,Mid Cap
125497,HDFC Mid-Cap Opportunities Fund - Direct Growth,2023-09-05,191.8219,191.5342,191.8219,HDFC,Equity,Mid Cap
125497,HDFC Mid-Cap Opportunities Fund - Direct Growth,2023-09-06,191.5992,191.3118,191.5992,HDFC,Equity,Mid Cap
125497,HDFC Mid-Cap Opportunities Fund - Direct Growth,2023-09-07,195.5133,195.22,195.5133,HDFC,Equity,Mid Cap
125497,HDFC Mid-Cap Opportunities Fund - Direct Growth,2023-09-08,193.3801,193.09,193.3801,HDFC,Equity,Mid Cap
125497,HDFC Mid-Cap Opportunities Fund - Direct Growth,2023-09-11,199.7257,199.4261,199.7257,HDFC,Equity,Mid Cap
125497,HDFC Mid-Cap Opportunities Fund - Direct Growth,2023-09-12,196.4339,196.1392,196.4339,HDFC,Equity,Mid Cap
125497,HDFC Mid-Cap Opportunities Fund - Direct Growth,2023-09-13,197.8936,197.5968,197.8936,HDFC,Equity,Mid Cap
125497,HDFC Mid-Cap Opportunities Fund - Direct Growth,2023-09-14,196.2231,195.9288,196.2231,HDFC,Equity,Mid Cap
125497,HDFC Mid-Cap Opportunities Fund - Direct Growth,2023-09-15,192.9691,192.6796,192.9691,HDFC,Equity,Mid Cap
125497,HDFC Mid-Cap Opportunities Fund - Direct Growth,2023-09-18,194.0656,193.7745,194.0656,HDFC,Equity,Mid Cap
125497,HDFC Mid-Cap Opportunities Fund - Direct Growth,2023-09-19,190.6523,190.3663,190.6523,HDFC,Equity,Mid Cap
125497,HDFC Mid-Cap Opportunities Fund - Direct Growth,2023-09-20,190.5184,190.2326,190.5184,HDFC,Equity,Mid Cap
125497,HDFC Mid-Cap Opportunities Fund - Direct Growth,2023-09-22,191.7236,191.436,191.7236,HDFC,Equity,Mid Cap
125497,HDFC Mid-Cap Opportunities Fund - Direct Growth,2023-09-25,198.3198,198.0223,198.3198,HDFC,Equity,Mid Cap
125497,HDFC Mid-Cap Opportunities Fund - Direct Growth,2023-09-26,198.9328,198.6344,198.9328,HDFC,Equity,Mid Cap
125497,HDFC Mid-Cap Opportunities Fund - Direct Growth,2023-09-27,198.1854,197.8881,198.1854,HDFC,Equity,Mid Cap
125497,HDFC Mid-Cap Opportunities Fund - Direct Growth,2023-09-28,194.432,194.1404,194.432,HDFC,Equity,Mid Cap
125497,HDFC Mid-Cap Opportunities Fund - Direct Growth,2023-09-29,193.8969,193.6061,193.8969,HDFC,Equity,Mid Cap
125497,HDFC Mid-Cap Opportunities Fund - Direct Growth,2023-10-02,196.6586,196.3636,196.6586,HDFC,Equity,Mid Cap
125497,HDFC Mid-Cap Opportunities Fund - Direct Growth,2023-10-03,193.9541,193.6632,193.9541,HDFC,Equity,Mid Cap
125497,HDFC Mid-Cap Opportunities Fund - Direct Growth,2023-10-04,194.4326,194.141,194.4326,HDFC,Equity,Mid Cap
125497,HDFC Mid-Cap Opportunities Fund - Direct Growth,2023-10-05,196.0772,195.7831,196.0772,HDFC,Equity,Mid Cap
125497,HDFC Mid-Cap Opportunities Fund - Direct Growth,2023-10-06,199.751,199.4514,199.751,HDFC,Equity,Mid Cap
125497,HDFC Mid-Cap Opportunities Fund - Direct Growth,2023-10-09,204.1116,203.8054,204.1116,HDFC,Equity,Mid Cap
125497,HDFC Mid-Cap Opportunities Fund - Direct Growth,2023-10-10,205.1444,204.8367,205.1444,HDFC,Equity,Mid Cap
125497,HDFC Mid-Cap Opportunities Fund - Direct Growth,2023-10-11,208.3024,207.9899,208.3024,HDFC,Equity,Mid Cap
125497,HDFC Mid-Cap Opportunities Fund - Direct Growth,2023-10-12,205.0543,204.7467,205.0543,HDFC,Equity,Mid Cap
125497,HDFC Mid-Cap Opportunities Fund - Direct Growth,2023-10-13,204.2765,203.9701,204.2765,HDFC,Equity,Mid Cap
125497,HDFC Mid-Cap Opportunities Fund - Direct Growth,2023-10-16,206.5517,206.2419,206.5517,HDFC,Equity,Mid Cap
125497,HDFC Mid-Cap Opportunities Fund - Direct Growth,2023-10-17,205.1546,204.8469,205.1546,HDFC,Equity,Mid Cap
125497,HDFC Mid-Cap Opportunities Fund - Direct Growth,2023-10-18,199.3521,199.0531,199.3521,HDFC,Equity,Mid Cap
125497,HDFC Mid-Cap Opportunities Fund - Direct Growth,2023-10-19,198.4457,198.148,198.4457,HDFC,Equity,Mid Cap
125497,HDFC Mid-Cap Opportunities Fund - Direct Growth,2023-10-20,200.7004,200.3993,200.7004,HDFC,Equity,Mid Cap
125497,HDFC Mid-Cap Opportunities Fund - Direct Growth,2023-10-23,202.5932,202.2893,202.5932,HDFC,Equity,Mid Cap
125497,HDFC Mid-Cap Opportunities Fund - Direct Growth,2023-10-24,199.5648,199.2655,199.5648,HDFC,Equity,Mid Cap
125497,HDFC Mid-Cap Opportunities Fund - Direct Growth,2023-10-25,200.8786,200.5773,200.8786,HDFC,Equity,Mid Cap
125497,HDFC Mid-Cap Opportunities Fund - Direct Growth,2023-10-26,198.9479,198.6495,198.9479,HDFC,Equity,Mid Cap
125497,HDFC Mid-Cap Opportunities Fund - Direct Growth,2023-10-27,204.2417,203.9353,204.2417,HDFC,Equity,Mid Cap
125497,HDFC Mid-Cap Opportunities Fund - Direct Growth,2023-10-30,202.953,202.6486,202.953,HDFC,Equity,Mid Cap
125497,HDFC Mid-Cap Opportunities Fund - Direct Growth,2023-10-31,202.8078,202.5036,202.8078,HDFC,Equity,Mid Cap
125497,HDFC Mid-Cap Opportunities Fund - Direct Growth,2023-11-01,202.306,202.0025,202.306,HDFC,Equity,Mid Cap
125497,HDFC Mid-Cap Opportunities Fund - Direct Growth,2023-11-02,205.0982,204.7906,205.0982,HDFC,Equity,Mid Cap
125497,HDFC Mid-Cap Opportunities Fund - Direct Growth,2023-11-03,205.639,205.3305,205.639,HDFC,Equity,Mid Cap
125497,HDFC Mid-Cap Opportunities Fund - Direct Growth,2023-11-06,208.8302,208.517,208.8302,HDFC,Equity,Mid Cap
125497,HDFC Mid-Cap Opportunities Fund - Direct Growth,2023-11-07,210.8404,210.5241,210.8404,HDFC,Equity,Mid Cap
125497,HDFC Mid-Cap Opportunities Fund - Direct Growth,2023-11-08,209.3859,209.0718,209.3859,HDFC,Equity,Mid Cap
125497,HDFC Mid-Cap Opportunities Fund - Direct Growth,2023-11-09,210.382,210.0664,210.382,HDFC,Equity,Mid Cap
125497,HDFC Mid-Cap Opportunities Fund - Direct Growth,2023-11-10,211.2516,210.9347,211.2516,HDFC,Equity,Mid Cap
125497,HDFC Mid-Cap Opportunities Fund - Direct Growth,2023-11-13,214.9856,214.6631,214.9856,HDFC,Equity,Mid Cap
125497,HDFC Mid-Cap Opportunities Fund - Direct Growth,2023-11-14,214.0469,213.7258,214.0469,HDFC,Equity,Mid Cap
125497,HDFC Mid-Cap Opportunities Fund - Direct Growth,2023-11-15,211.3013,210.9843,211.3013,HDFC,Equity,Mid Cap
125497,HDFC Mid-Cap Opportunities Fund - Direct Growth,2023-11-16,212.2671,211.9487,212.2671,HDFC,Equity,Mid Cap
125497,HDFC Mid-Cap Opportunities Fund - Direct Growth,2023-11-17,212.5728,212.2539,212.5728,HDFC,Equity,Mid Cap
125497,HDFC Mid-Cap Opportunities Fund - Direct Growth,2023-11-20,215.528,215.2047,215.528,HDFC,Equity,Mid Cap
125497,HDFC Mid-Cap Opportunities Fund - Direct Growth,2023-11-21,219.3574,219.0284,219.3574,HDFC,Equity,Mid Cap
125497,HDFC Mid-Cap Opportunities Fund - Direct Growth,2023-11-22,220.9406,220.6092,220.9406,HDFC,Equity,Mid Cap
125497,HDFC Mid-Cap Opportunities Fund - Direct Growth,2023-11-23,218.246,217.9186,218.246,HDFC,Equity,Mid Cap
125497,HDFC Mid-Cap Opportunities Fund - Direct Growth,2023-11-24,221.9018,221.5689,221.9018,HDFC,Equity,Mid Cap
125497,HDFC Mid-Cap Opportunities Fund - Direct Growth,2023-11-27,231.9373,231.5894,231.9373,HDFC,Equity,Mid Cap
125497,HDFC Mid-Cap Opportunities Fund - Direct Growth,2023-11-28,232.7061,232.357,232.7061,HDFC,Equity,Mid Cap
125497,HDFC Mid-Cap Opportunities Fund - Direct Growth,2023-11-29,226.985,226.6445,226.985,HDFC,Equity,Mid Cap
125497,HDFC Mid-Cap Opportunities Fund - Direct Growth,2023-11-30,228.5825,228.2396,228.5825,HDFC,Equity,Mid Cap
125497,HDFC Mid-Cap Opportunities Fund - Direct Growth,2023-12-01,227.1702,226.8294,227.1702,HDFC,Equity,Mid Cap
125497,HDFC Mid-Cap Opportunities Fund - Direct Growth,2023-12-04,225.8575,225.5187,225.8575,HDFC,Equity,Mid Cap
125497,HDFC Mid-Cap Opportunities Fund - Direct Growth,2023-12-05,224.6706,224.3336,224.6706,HDFC,Equity,Mid Cap
125497,HDFC Mid-Cap Opportunities Fund - Direct Growth,2023-12-06,219.4345,219.1053,219.4345,HDFC,Equity,Mid Cap
125497,HDFC Mid-Cap Opportunities Fund - Direct Growth,2023-12-07,221.5001,221.1678,221.5001,HDFC,Equity,Mid Cap
125497,HDFC Mid-Cap Opportunities Fund - Direct Growth,2023-12-08,216.0997,215.7756,216.0997,HDFC,Equity,Mid Cap
125497,HDFC Mid-Cap Opportunities Fund - Direct Growth,2023-12-11,210.2278,209.9125,210.2278,HDFC,Equity,Mid Cap
125497,HDFC Mid-Cap Opportunities Fund - Direct Growth,2023-12-12,214.4577,214.136,214.4577,HDFC,Equity,Mid Cap
125497,HDFC Mid-Cap Opportunities Fund - Direct Growth,2023-12-13,215.4716,215.1484,215.4716,HDFC,Equity,Mid Cap
125497,HDFC Mid-Cap Opportunities Fund - Direct Growth,2023-12-14,213.3251,213.0051,213.3251,HDFC,Equity,Mid Cap
125497,HDFC Mid-Cap Opportunities Fund - Direct Growth,2023-12-15,213.3306,213.0106,213.3306,HDFC,Equity,Mid Cap
125497,HDFC Mid-Cap Opportunities Fund - Direct Growth,2023-12-18,211.3215,211.0045,211.3215,HDFC,Equity,Mid Cap
125497,HDFC Mid-Cap Opportunities Fund - Direct Growth,2023-12-19,212.9087,212.5893,212.9087,HDFC,Equity,Mid Cap
125497,HDFC Mid-Cap Opportunities Fund - Direct Growth,2023-12-20,206.0844,205.7753,206.0844,HDFC,Equity,Mid Cap
125497,HDFC Mid-Cap Opportunities Fund - Direct Growth,2023-12-21,204.6091,204.3022,204.6091,HDFC,Equity,Mid Cap
125497,HDFC Mid-Cap Opportunities Fund - Direct Growth,2023-12-22,203.4921,203.1869,203.4921,HDFC,Equity,Mid Cap
125497,HDFC Mid-Cap Opportunities Fund - Direct Growth,2023-12-25,201.8779,201.5751,201.8779,HDFC,Equity,Mid Cap
125497,HDFC Mid-Cap Opportunities Fund - Direct Growth,2023-12-26,199.5725,199.2731,199.5725,HDFC,Equity,Mid Cap
125497,HDFC Mid-Cap Opportunities Fund - Direct Growth,2023-12-27,200.1281,199.8279,200.1281,HDFC,Equity,Mid Cap
125497,HDFC Mid-Cap Opportunities Fund - Direct Growth,2023-12-28,200.0183,199.7183,200.0183,HDFC,Equity,Mid Cap
125497,HDFC Mid-Cap Opportunities Fund - Direct Growth,2023-12-29,198.7083,198.4102,198.7083,HDFC,Equity,Mid Cap
125497,HDFC Mid-Cap Opportunities Fund - Direct Growth,2024-01-01,198.2126,197.9153,198.2126,HDFC,Equity,Mid Cap
125497,HDFC Mid-Cap Opportunities Fund - Direct Growth,2024-01-02,198.0824,197.7853,198.0824,HDFC,Equity,Mid Cap
125497,HDFC Mid-Cap Opportunities Fund - Direct Growth,2024-01-03,203.3195,203.0145,203.3195,HDFC,Equity,Mid Cap
125497,HDFC Mid-Cap Opportunities Fund - Direct Growth,2024-01-04,199.9273,199.6274,199.9273,HDFC,Equity,Mid Cap
125497,HDFC Mid-Cap Opportunities Fund - Direct Growth,2024-01-05,195.5645,195.2712,195.5645,HDFC,Equity,Mid Cap
125497,HDFC Mid-Cap Opportunities Fund - Direct Growth,2024-01-08,195.2825,194.9896,195.2825,HDFC,Equity,Mid Cap
125497,HDFC Mid-Cap Opportunities Fund - Direct Growth,2024-01-09,193.5301,193.2398,193.5301,HDFC,Equity,Mid Cap
125497,HDFC Mid-Cap Opportunities Fund - Direct Growth,2024-01-10,193.0042,192.7147,193.0042,HDFC,Equity,Mid Cap
125497,HDFC Mid-Cap Opportunities Fund - Direct Growth,2024-01-11,196.7837,196.4885,196.7837,HDFC,Equity,Mid Cap
125497,HDFC Mid-Cap Opportunities Fund - Direct Growth,2024-01-12,198.7566,198.4585,198.7566,HDFC,Equity,Mid Cap
125497,HDFC Mid-Cap Opportunities Fund - Direct Growth,2024-01-15,194.9088,194.6164,194.9088,HDFC,Equity,Mid Cap
125497,HDFC Mid-Cap Opportunities Fund - Direct Growth,2024-01-16,188.3464,188.0639,188.3464,HDFC,Equity,Mid Cap
125497,HDFC Mid-Cap Opportunities Fund - Direct Growth,2024-01-17,186.5924,186.3125,186.5924,HDFC,Equity,Mid Cap
125497,HDFC Mid-Cap Opportunities Fund - Direct Growth,2024-01-18,188.8092,188.526,188.8092,HDFC,Equity,Mid Cap
125497,HDFC Mid-Cap Opportunities Fund - Direct Growth,2024-01-19,190.056,189.7709,190.056,HDFC,Equity,Mid Cap
125497,HDFC Mid-Cap Opportunities Fund - Direct Growth,2024-01-22,188.16,187.8778,188.16,HDFC,Equity,Mid Cap
125497,HDFC Mid-Cap Opportunities Fund - Direct Growth,2024-01-23,188.6976,188.4146,188.6976,HDFC,Equity,Mid Cap
125497,HDFC Mid-Cap Opportunities Fund - Direct Growth,2024-01-24,190.5073,190.2215,190.5073,HDFC,Equity,Mid Cap
125497,HDFC Mid-Cap Opportunities Fund - Direct Growth,2024-01-25,186.8894,186.6091,186.8894,HDFC,Equity,Mid Cap
125497,HDFC Mid-Cap Opportunities Fund - Direct Growth,2024-01-26,187.6362,187.3547,187.6362,HDFC,Equity,Mid Cap
125497,HDFC Mid-Cap Opportunities Fund - Direct Growth,2024-01-29,190.6055,190.3196,190.6055,HDFC,Equity,Mid Cap
125497,HDFC Mid-Cap Opportunities Fund - Direct Growth,2024-01-30,197.1196,196.8239,197.1196,HDFC,Equity,Mid Cap
125497,HDFC Mid-Cap Opportunities Fund - Direct Growth,2024-01-31,196.9516,196.6562,196.9516,HDFC,Equity,Mid Cap
125497,HDFC Mid-Cap Opportunities Fund - Direct Growth,2024-02-01,197.9599,197.663,197.9599,HDFC,Equity,Mid Cap
125497,HDFC Mid-Cap Opportunities Fund - Direct Growth,2024-02-02,196.2858,195.9914,196.2858,HDFC,Equity,Mid Cap
125497,HDFC Mid-Cap Opportunities Fund - Direct Growth,2024-02-05,198.4988,198.2011,198.4988,HDFC,Equity,Mid Cap
125497,HDFC Mid-Cap Opportunities Fund - Direct Growth,2024-02-06,196.1493,195.8551,196.1493,HDFC,Equity,Mid Cap
125497,HDFC Mid-Cap Opportunities Fund - Direct Growth,2024-02-07,196.7135,196.4184,196.7135,HDFC,Equity,Mid Cap
125497,HDFC Mid-Cap Opportunities Fund - Direct Growth,2024-02-08,200.2438,199.9434,200.2438,HDFC,Equity,Mid Cap
125497,HDFC Mid-Cap Opportunities Fund - Direct Growth,2024-02-09,201.4019,201.0998,201.4019,HDFC,Equity,Mid Cap
125497,HDFC Mid-Cap Opportunities Fund - Direct Growth,2024-02-12,205.2202,204.9124,205.2202,HDFC,Equity,Mid Cap
125497,HDFC Mid-Cap Opportunities Fund - Direct Growth,2024-02-13,205.99,205.681,205.99,HDFC,Equity,Mid Cap
125497,HDFC Mid-Cap Opportunities Fund - Direct Growth,2024-02-14,203.7219,203.4163,203.7219,HDFC,Equity,Mid Cap
125497,HDFC Mid-Cap Opportunities Fund - Direct Growth,2024-02-15,204.5821,204.2752,204.5821,HDFC,Equity,Mid Cap
125497,HDFC Mid-Cap Opportunities Fund - Direct Growth,2024-02-16,202.2293,201.926,202.2293,HDFC,Equity,Mid Cap
125497,HDFC Mid-Cap Opportunities Fund - Direct Growth,2024-02-19,202.1094,201.8062,202.1094,HDFC,Equity,Mid Cap
125497,HDFC Mid-Cap Opportunities Fund - Direct Growth,2024-02-20,199.306,199.007,199.306,HDFC,Equity,Mid Cap
125497,HDFC Mid-Cap Opportunities Fund - Direct Growth,2024-02-21,201.9065,201.6036,201.9065,HDFC,Equity,Mid Cap
125497,HDFC Mid-Cap Opportunities Fund - Direct Growth,2024-02-22,203.3732,203.0681,203.3732,HDFC,Equity,Mid Cap
125497,HDFC Mid-Cap Opportunities Fund - Direct Growth,2024-02-23,201.7347,201.4321,201.7347,HDFC,Equity,Mid Cap
125497,HDFC Mid-Cap Opportunities Fund - Direct Growth,2024-02-26,196.8485,196.5532,196.8485,HDFC,Equity,Mid Cap
125497,HDFC Mid-Cap Opportunities Fund - Direct Growth,2024-02-27,197.1945,196.8987,197.1945,HDFC,Equity,Mid Cap
125497,HDFC Mid-Cap Opportunities Fund - Direct Growth,2024-02-28,196.4141,196.1195,196.4141,HDFC,Equity,Mid Cap
125497,HDFC Mid-Cap Opportunities Fund - Direct Growth,2024-02-29,191.7612,191.4736,191.7612,HDFC,Equity,Mid Cap
125497,HDFC Mid-Cap Opportunities Fund - Direct Growth,2024-03-01,190.9443,190.6579,190.9443,HDFC,Equity,Mid Cap
125497,HDFC Mid-Cap Opportunities Fund - Direct Growth,2024-03-04,190.3131,190.0276,190.3131,HDFC,Equity,Mid Cap
125497,HDFC Mid-Cap Opportunities Fund - Direct Growth,2024-03-05,194.2229,193.9316,194.2229,HDFC,Equity,Mid Cap
125497,HDFC Mid-Cap Opportunities Fund - Direct Growth,2024-03-06,189.8452,189.5604,189.8452,HDFC,Equity,Mid Cap
125497,HDFC Mid-Cap Opportunities Fund - Direct Growth,2024-03-07,192.9082,192.6188,192.9082,HDFC,Equity,Mid Cap
125497,HDFC Mid-Cap Opportunities Fund - Direct Growth,2024-03-08,192.4661,192.1774,192.4661,HDFC,Equity,Mid Cap
125497,HDFC Mid-Cap Opportunities Fund - Direct Growth,2024-03-11,197.5341,197.2378,197.5341,HDFC,Equity,Mid Cap
125497,HDFC Mid-Cap Opportunities Fund - Direct Growth,2024-03-12,196.6949,196.3999,196.6949,HDFC,Equity,Mid Cap
125497,HDFC Mid-Cap Opportunities Fund - Direct Growth,2024-03-13,194.1805,193.8892,194.1805,HDFC,Equity,Mid Cap
125497,HDFC Mid-Cap Opportunities Fund - Direct Growth,2024-03-14,197.5682,197.2718,197.5682,HDFC,Equity,Mid Cap
125497,HDFC Mid-Cap Opportunities Fund - Direct Growth,2024-03-15,197.3782,197.0821,197.3782,HDFC,Equity,Mid Cap
125497,HDFC Mid-Cap Opportunities Fund - Direct Growth,2024-03-18,198.586,198.2881,198.586,HDFC,Equity,Mid Cap
125497,HDFC Mid-Cap Opportunities Fund - Direct Growth,2024-03-19,200.0845,199.7844,200.0845,HDFC,Equity,Mid Cap
125497,HDFC Mid-Cap Opportunities Fund - Direct Growth,2024-03-20,198.7482,198.4501,198.7482,HDFC,Equity,Mid Cap
125497,HDFC Mid-Cap Opportunities Fund - Direct Growth,2024-03-21,198.5125,198.2147,198.5125,HDFC,Equity,Mid Cap
125497,HDFC Mid-Cap Opportunities Fund - Direct Growth,2024-03-22,198.7641,198.466,198.7641,HDFC,Equity,Mid Cap
125497,HDFC Mid-Cap Opportunities Fund - Direct Growth,2024-03-25,196.7333,196.4382,196.7333,HDFC,Equity,Mid Cap
125497,HDFC Mid-Cap Opportunities Fund - Direct Growth,2024-03-26,198.9041,198.6057,198.9041,HDFC,Equity,Mid Cap
125497,HDFC Mid-Cap Opportunities Fund - Direct Growth,2024-03-27,198.8342,198.5359,198.8342,HDFC,Equity,Mid Cap
125497,HDFC Mid-Cap Opportunities Fund - Direct Growth,2024-03-28,199.4938,199.1946,199.4938,HDFC,Equity,Mid Cap
125497,HDFC Mid-Cap Opportunities Fund - Direct Growth,2024-03-29,198.8692,198.5709,198.8692,HDFC,Equity,Mid Cap
125497,HDFC Mid-Cap Opportunities Fund - Direct Growth,2024-04-01,202.423,202.1194,202.423,HDFC,Equity,Mid Cap
125497,HDFC Mid-Cap Opportunities Fund - Direct Growth,2024-04-02,205.2878,204.9799,205.2878,HDFC,Equity,Mid Cap
125497,HDFC Mid-Cap Opportunities Fund - Direct Growth,2024-04-03,203.4549,203.1497,203.4549,HDFC,Equity,Mid Cap
125497,HDFC Mid-Cap Opportunities Fund - Direct Growth,2024-04-04,207.342,207.031,207.342,HDFC,Equity,Mid Cap
125497,HDFC Mid-Cap Opportunities Fund - Direct Growth,2024-04-05,203.617,203.3116,203.617,HDFC,Equity,Mid Cap
125497,HDFC Mid-Cap Opportunities Fund - Direct Growth,2024-04-08,206.315,206.0055,206.315,HDFC,Equity,Mid Cap
125497,HDFC Mid-Cap Opportunities Fund - Direct Growth,2024-04-09,201.7183,201.4157,201.7183,HDFC,Equity,Mid Cap
125497,HDFC Mid-Cap Opportunities Fund - Direct Growth,2024-04-10,200.6981,200.3971,200.6981,HDFC,Equity,Mid Cap
125497,HDFC Mid-Cap Opportunities Fund - Direct Growth,2024-04-11,198.2741,197.9767,198.2741,HDFC,Equity,Mid Cap
125497,HDFC Mid-Cap Opportunities Fund - Direct Growth,2024-04-12,196.9076,196.6122,196.9076,HDFC,Equity,Mid Cap
125497,HDFC Mid-Cap Opportunities Fund - Direct Growth,2024-04-15,199.5763,199.2769,199.5763,HDFC,Equity,Mid Cap
125497,HDFC Mid-Cap Opportunities Fund - Direct Growth,2024-04-16,200.393,200.0924,200.393,HDFC,Equity,Mid Cap
125497,HDFC Mid-Cap Opportunities Fund - Direct Growth,2024-04-17,197.8387,197.5419,197.8387,HDFC,Equity,Mid Cap
125497,HDFC Mid-Cap Opportunities Fund - Direct Growth,2024-04-18,195.8269,195.5332,195.8269,HDFC,Equity,Mid Cap
125497,HDFC Mid-Cap Opportunities Fund - Direct Growth,2024-04-19,200.1321,199.8319,200.1321,HDFC,Equity,Mid Cap
125497,HDFC Mid-Cap Opportunities Fund - Direct Growth,2024-04-22,201.9603,201.6574,201.9603,HDFC,Equity,Mid Cap
125497,HDFC Mid-Cap Opportunities Fund - Direct Growth,2024-04-23,202.0466,201.7435,202.0466,HDFC,Equity,Mid Cap
125497,HDFC Mid-Cap Opportunities Fund - Direct Growth,2024-04-24,204.7226,204.4155,204.7226,HDFC,Equity,Mid Cap
125497,HDFC Mid-Cap Opportunities Fund - Direct Growth,2024-04-25,207.9291,207.6172,207.9291,HDFC,Equity,Mid Cap
125497,HDFC Mid-Cap Opportunities Fund - Direct Growth,2024-04-26,207.7358,207.4242,207.7358,HDFC,Equity,Mid Cap
125497,HDFC Mid-Cap Opportunities Fund - Direct Growth,2024-04-29,207.7164,207.4048,207.7164,HDFC,Equity,Mid Cap
125497,HDFC Mid-Cap Opportunities Fund - Direct Growth,2024-04-30,210.0211,209.7061,210.0211,HDFC,Equity,Mid Cap
125497,HDFC Mid-Cap Opportunities Fund - Direct Growth,2024-05-01,210.1158,209.8006,210.1158,HDFC,Equity,Mid Cap
125497,HDFC Mid-Cap Opportunities Fund - Direct Growth,2024-05-02,211.7603,211.4427,211.7603,HDFC,Equity,Mid Cap
125497,HDFC Mid-Cap Opportunities Fund - Direct Growth,2024-05-03,216.0083,215.6843,216.0083,HDFC,Equity,Mid Cap
125497,HDFC Mid-Cap Opportunities Fund - Direct Growth,2024-05-06,214.0959,213.7748,214.0959,HDFC,Equity,Mid Cap
125497,HDFC Mid-Cap Opportunities Fund - Direct Growth,2024-05-07,207.4228,207.1117,207.4228,HDFC,Equity,Mid Cap
125497,HDFC Mid-Cap Opportunities Fund - Direct Growth,2024-05-08,208.4725,208.1598,208.4725,HDFC,Equity,Mid Cap
125497,HDFC Mid-Cap Opportunities Fund - Direct Growth,2024-05-09,208.3187,208.0062,208.3187,HDFC,Equity,Mid Cap
125497,HDFC Mid-Cap Opportunities Fund - Direct Growth,2024-05-10,207.1152,206.8045,207.1152,HDFC,Equity,Mid Cap
125497,HDFC Mid-Cap Opportunities Fund - Direct Growth,2024-05-13,210.6303,210.3144,210.6303,HDFC,Equity,Mid Cap
125497,HDFC Mid-Cap Opportunities Fund - Direct Growth,2024-05-14,210.9322,210.6158,210.9322,HDFC,Equity,Mid Cap
125497,HDFC Mid-Cap Opportunities Fund - Direct Growth,2024-05-15,209.126,208.8123,209.126,HDFC,Equity,Mid Cap
125497,HDFC Mid-Cap Opportunities Fund - Direct Growth,2024-05-16,211.6945,211.377,211.6945,HDFC,Equity,Mid Cap
125497,HDFC Mid-Cap Opportunities Fund - Direct Growth,2024-05-17,211.2276,210.9108,211.2276,HDFC,Equity,Mid Cap
125497,HDFC Mid-Cap Opportunities Fund - Direct Growth,2024-05-20,209.9487,209.6338,209.9487,HDFC,Equity,Mid Cap
125497,HDFC Mid-Cap Opportunities Fund - Direct Growth,2024-05-21,210.2447,209.9293,210.2447,HDFC,Equity,Mid Cap
125497,HDFC Mid-Cap Opportunities Fund - Direct Growth,2024-05-22,210.3612,210.0457,210.3612,HDFC,Equity,Mid Cap
125497,HDFC Mid-Cap Opportunities Fund - Direct Growth,2024-05-23,211.6566,211.3391,211.6566,HDFC,Equity,Mid Cap
125497,HDFC Mid-Cap Opportunities Fund - Direct Growth,2024-05-24,211.0589,210.7423,211.0589,HDFC,Equity,Mid Cap
125497,HDFC Mid-Cap Opportunities Fund - Direct Growth,2024-05-27,207.5424,207.2311,207.5424,HDFC,Equity,Mid Cap
125497,HDFC Mid-Cap Opportunities Fund - Direct Growth,2024-05-28,206.8848,206.5745,206.8848,HDFC,Equity,Mid Cap
125497,HDFC Mid-Cap Opportunities Fund - Direct Growth,2024-05-29,206.3559,206.0464,206.3559,HDFC,Equity,Mid Cap
125497,HDFC Mid-Cap Opportunities Fund - Direct Growth,2024-05-30,208.881,208.5677,208.881,HDFC,Equity,Mid Cap
125497,HDFC Mid-Cap Opportunities Fund - Direct Growth,2024-05-31,207.1799,206.8691,207.1799,HDFC,Equity,Mid Cap
125497,HDFC Mid-Cap Opportunities Fund - Direct Growth,2024-06-03,202.0175,201.7145,202.0175,HDFC,Equity,Mid Cap
125497,HDFC Mid-Cap Opportunities Fund - Direct Growth,2024-06-04,199.7559,199.4563,199.7559,HDFC,Equity,Mid Cap
125497,HDFC Mid-Cap Opportunities Fund - Direct Growth,2024-06-05,199.4154,199.1163,199.4154,HDFC,Equity,Mid Cap
125497,HDFC Mid-Cap Opportunities Fund - Direct Growth,2024-06-06,200.6713,200.3703,200.6713,HDFC,Equity,Mid Cap
125497,HDFC Mid-Cap Opportunities Fund - Direct Growth,2024-06-07,200.7292,200.4281,200.7292,HDFC,Equity,Mid Cap
125497,HDFC Mid-Cap Opportunities Fund - Direct Growth,2024-06-10,205.2501,204.9422,205.2501,HDFC,Equity,Mid Cap
125497,HDFC Mid-Cap Opportunities Fund - Direct Growth,2024-06-11,206.0178,205.7088,206.0178,HDFC,Equity,Mid Cap
125497,HDFC Mid-Cap Opportunities Fund - Direct Growth,2024-06-12,204.8413,204.534,204.8413,HDFC,Equity,Mid Cap
125497,HDFC Mid-Cap Opportunities Fund - Direct Growth,2024-06-13,202.8428,202.5385,202.8428,HDFC,Equity,Mid Cap
125497,HDFC Mid-Cap Opportunities Fund - Direct Growth,2024-06-14,201.5002,201.1979,201.5002,HDFC,Equity,Mid Cap
125497,HDFC Mid-Cap Opportunities Fund - Direct Growth,2024-06-17,207.1248,206.8141,207.1248,HDFC,Equity,Mid Cap
125497,HDFC Mid-Cap Opportunities Fund - Direct Growth,2024-06-18,205.4279,205.1198,205.4279,HDFC,Equity,Mid Cap
125497,HDFC Mid-Cap Opportunities Fund - Direct Growth,2024-06-19,204.483,204.1763,204.483,HDFC,Equity,Mid Cap
125497,HDFC Mid-Cap Opportunities Fund - Direct Growth,2024-06-20,204.4099,204.1033,204.4099,HDFC,Equity,Mid Cap
125497,HDFC Mid-Cap Opportunities Fund - Direct Growth,2024-06-21,205.4625,205.1543,205.4625,HDFC,Equity,Mid Cap
125497,HDFC Mid-Cap Opportunities Fund - Direct Growth,2024-06-24,203.4395,203.1343,203.4395,HDFC,Equity,Mid Cap
125497,HDFC Mid-Cap Opportunities Fund - Direct Growth,2024-06-25,197.6937,197.3972,197.6937,HDFC,Equity,Mid Cap
125497,HDFC Mid-Cap Opportunities Fund - Direct Growth,2024-06-26,196.5964,196.3015,196.5964,HDFC,Equity,Mid Cap
125497,HDFC Mid-Cap Opportunities Fund - Direct Growth,2024-06-27,199.2637,198.9648,199.2637,HDFC,Equity,Mid Cap
125497,HDFC Mid-Cap Opportunities Fund - Direct Growth,2024-06-28,195.5997,195.3063,195.5997,HDFC,Equity,Mid Cap
125497,HDFC Mid-Cap Opportunities Fund - Direct Growth,2024-07-01,190.6182,190.3323,190.6182,HDFC,Equity,Mid Cap
125497,HDFC Mid-Cap Opportunities Fund - Direct Growth,2024-07-02,188.2007,187.9184,188.2007,HDFC,Equity,Mid Cap
125497,HDFC Mid-Cap Opportunities Fund - Direct Growth,2024-07-03,186.0502,185.7711,186.0502,HDFC,Equity,Mid Cap
125497,HDFC Mid-Cap Opportunities Fund - Direct Growth,2024-07-04,183.9596,183.6837,183.9596,HDFC,Equity,Mid Cap
125497,HDFC Mid-Cap Opportunities Fund - Direct Growth,2024-07-05,184.2772,184.0008,184.2772,HDFC,Equity,Mid Cap
125497,HDFC Mid-Cap Opportunities Fund - Direct Growth,2024-07-08,177.8902,177.6234,177.8902,HDFC,Equity,Mid Cap
125497,HDFC Mid-Cap Opportunities Fund - Direct Growth,2024-07-09,176.1322,175.868,176.1322,HDFC,Equity,Mid Cap
125497,HDFC Mid-Cap Opportunities Fund - Direct Growth,2024-07-10,173.8226,173.5619,173.8226,HDFC,Equity,Mid Cap
125497,HDFC Mid-Cap Opportunities Fund - Direct Growth,2024-07-11,173.3574,173.0974,173.3574,HDFC,Equity,Mid Cap
125497,HDFC Mid-Cap Opportunities Fund - Direct Growth,2024-07-12,172.3074,172.0489,172.3074,HDFC,Equity,Mid Cap
125497,HDFC Mid-Cap Opportunities Fund - Direct Growth,2024-07-15,170.3737,170.1181,170.3737,HDFC,Equity,Mid Cap
125497,HDFC Mid-Cap Opportunities Fund - Direct Growth,2024-07-16,171.5834,171.326,171.5834,HDFC,Equity,Mid Cap
125497,HDFC Mid-Cap Opportunities Fund - Direct Growth,2024-07-17,175.4749,175.2117,175.4749,HDFC,Equity,Mid Cap
125497,HDFC Mid-Cap Opportunities Fund - Direct Growth,2024-07-18,174.5306,174.2688,174.5306,HDFC,Equity,Mid Cap
125497,HDFC Mid-Cap Opportunities Fund - Direct Growth,2024-07-19,175.2799,175.017,175.2799,HDFC,Equity,Mid Cap
125497,HDFC Mid-Cap Opportunities Fund - Direct Growth,2024-07-22,168.4568,168.2041,168.4568,HDFC,Equity,Mid Cap
125497,HDFC Mid-Cap Opportunities Fund - Direct Growth,2024-07-23,168.5129,168.2601,168.5129,HDFC,Equity,Mid Cap
125497,HDFC Mid-Cap Opportunities Fund - Direct Growth,2024-07-24,170.9634,170.707,170.9634,HDFC,Equity,Mid Cap
125497,HDFC Mid-Cap Opportunities Fund - Direct Growth,2024-07-25,168.2142,167.9619,168.2142,HDFC,Equity,Mid Cap
125497,HDFC Mid-Cap Opportunities Fund - Direct Growth,2024-07-26,169.3309,169.0769,169.3309,HDFC,Equity,Mid Cap
125497,HDFC Mid-Cap Opportunities Fund - Direct Growth,2024-07-29,174.7852,174.523,174.7852,HDFC,Equity,Mid Cap
125497,HDFC Mid-Cap Opportunities Fund - Direct Growth,2024-07-30,174.8731,174.6108,174.8731,HDFC,Equity,Mid Cap
125497,HDFC Mid-Cap Opportunities Fund - Direct Growth,2024-07-31,171.6466,171.3891,171.6466,HDFC,Equity,Mid Cap
125497,HDFC Mid-Cap Opportunities Fund - Direct Growth,2024-08-01,174.5074,174.2456,174.5074,HDFC,Equity,Mid Cap
125497,HDFC Mid-Cap Opportunities Fund - Direct Growth,2024-08-02,173.298,173.0381,173.298,HDFC,Equity,Mid Cap
125497,HDFC Mid-Cap Opportunities Fund - Direct Growth,2024-08-05,168.8599,168.6066,168.8599,HDFC,Equity,Mid Cap
125497,HDFC Mid-Cap Opportunities Fund - Direct Growth,2024-08-06,171.8354,171.5776,171.8354,HDFC,Equity,Mid Cap
125497,HDFC Mid-Cap Opportunities Fund - Direct Growth,2024-08-07,171.188,170.9312,171.188,HDFC,Equity,Mid Cap
125497,HDFC Mid-Cap Opportunities Fund - Direct Growth,2024-08-08,174.2419,173.9805,174.2419,HDFC,Equity,Mid Cap
125497,HDFC Mid-Cap Opportunities Fund - Direct Growth,2024-08-09,174.148,173.8868,174.148,HDFC,Equity,Mid Cap
125497,HDFC Mid-Cap Opportunities Fund - Direct Growth,2024-08-12,171.1099,170.8532,171.1099,HDFC,Equity,Mid Cap
125497,HDFC Mid-Cap Opportunities Fund - Direct Growth,2024-08-13,172.613,172.3541,172.613,HDFC,Equity,Mid Cap
125497,HDFC Mid-Cap Opportunities Fund - Direct Growth,2024-08-14,172.7343,172.4752,172.7343,HDFC,Equity,Mid Cap
125497,HDFC Mid-Cap Opportunities Fund - Direct Growth,2024-08-15,169.6048,169.3504,169.6048,HDFC,Equity,Mid Cap
125497,HDFC Mid-Cap Opportunities Fund - Direct Growth,2024-08-16,170.007,169.752,170.007,HDFC,Equity,Mid Cap
125497,HDFC Mid-Cap Opportunities Fund - Direct Growth,2024-08-19,175.607,175.3436,175.607,HDFC,Equity,Mid Cap
125497,HDFC Mid-Cap Opportunities Fund - Direct Growth,2024-08-20,177.9433,177.6764,177.9433,HDFC,Equity,Mid Cap
125497,HDFC Mid-Cap Opportunities Fund - Direct Growth,2024-08-21,178.4643,178.1966,178.4643,HDFC,Equity,Mid Cap
125497,HDFC Mid-Cap Opportunities Fund - Direct Growth,2024-08-22,178.9844,178.7159,178.9844,HDFC,Equity,Mid Cap
125497,HDFC Mid-Cap Opportunities Fund - Direct Growth,2024-08-23,176.7114,176.4463,176.7114,HDFC,Equity,Mid Cap
125497,HDFC Mid-Cap Opportunities Fund - Direct Growth,2024-08-26,177.822,177.5553,177.822,HDFC,Equity,Mid Cap
125497,HDFC Mid-Cap Opportunities Fund - Direct Growth,2024-08-27,180.9328,180.6614,180.9328,HDFC,Equity,Mid Cap
125497,HDFC Mid-Cap Opportunities Fund - Direct Growth,2024-08-28,180.8061,180.5349,180.8061,HDFC,Equity,Mid Cap
125497,HDFC Mid-Cap Opportunities Fund - Direct Growth,2024-08-29,178.9523,178.6839,178.9523,HDFC,Equity,Mid Cap
125497,HDFC Mid-Cap Opportunities Fund - Direct Growth,2024-08-30,181.1662,180.8945,181.1662,HDFC,Equity,Mid Cap
125497,HDFC Mid-Cap Opportunities Fund - Direct Growth,2024-09-02,181.7682,181.4955,181.7682,HDFC,Equity,Mid Cap
125497,HDFC Mid-Cap Opportunities Fund - Direct Growth,2024-09-03,181.7104,181.4378,181.7104,HDFC,Equity,Mid Cap
125497,HDFC Mid-Cap Opportunities Fund - Direct Growth,2024-09-04,182.8593,182.585,182.8593,HDFC,Equity,Mid Cap
125497,HDFC Mid-Cap Opportunities Fund - Direct Growth,2024-09-05,183.5708,183.2954,183.5708,HDFC,Equity,Mid Cap
125497,HDFC Mid-Cap Opportunities Fund - Direct Growth,2024-09-06,179.2484,178.9795,179.2484,HDFC,Equity,Mid Cap
125497,HDFC Mid-Cap Opportunities Fund - Direct Growth,2024-09-09,178.7399,178.4718,178.7399,HDFC,Equity,Mid Cap
125497,HDFC Mid-Cap Opportunities Fund - Direct Growth,2024-09-10,177.6881,177.4216,177.6881,HDFC,Equity,Mid Cap
125497,HDFC Mid-Cap Opportunities Fund - Direct Growth,2024-09-11,174.8623,174.6,174.8623,HDFC,Equity,Mid Cap
125497,HDFC Mid-Cap Opportunities Fund - Direct Growth,2024-09-12,172.6666,172.4076,172.6666,HDFC,Equity,Mid Cap
125497,HDFC Mid-Cap Opportunities Fund - Direct Growth,2024-09-13,168.5465,168.2937,168.5465,HDFC,Equity,Mid Cap
125497,HDFC Mid-Cap Opportunities Fund - Direct Growth,2024-09-16,165.3939,165.1458,165.3939,HDFC,Equity,Mid Cap
125497,HDFC Mid-Cap Opportunities Fund - Direct Growth,2024-09-17,165.3249,165.0769,165.3249,HDFC,Equity,Mid Cap
125497,HDFC Mid-Cap Opportunities Fund - Direct Growth,2024-09-18,166.1131,165.8639,166.1131,HDFC,Equity,Mid Cap
125497,HDFC Mid-Cap Opportunities Fund - Direct Growth,2024-09-19,170.352,170.0965,170.352,HDFC,Equity,Mid Cap
125497,HDFC Mid-Cap Opportunities Fund - Direct Growth,2024-09-20,167.3295,167.0785,167.3295,HDFC,Equity,Mid Cap
125497,HDFC Mid-Cap Opportunities Fund - Direct Growth,2024-09-23,170.237,169.9816,170.237,HDFC,Equity,Mid Cap
125497,HDFC Mid-Cap Opportunities Fund - Direct Growth,2024-09-24,170.7203,170.4642,170.7203,HDFC,Equity,Mid Cap
125497,HDFC Mid-Cap Opportunities Fund - Direct Growth,2024-09-25,169.8511,169.5963,169.8511,HDFC,Equity,Mid Cap
125497,HDFC Mid-Cap Opportunities Fund - Direct Growth,2024-09-26,170.2975,170.0421,170.2975,HDFC,Equity,Mid Cap
125497,HDFC Mid-Cap Opportunities Fund - Direct Growth,2024-09-27,173.4496,173.1894,173.4496,HDFC,Equity,Mid Cap
125497,HDFC Mid-Cap Opportunities Fund - Direct Growth,2024-09-30,175.0781,174.8155,175.0781,HDFC,Equity,Mid Cap
125497,HDFC Mid-Cap Opportunities Fund - Direct Growth,2024-10-01,172.0302,171.7722,172.0302,HDFC,Equity,Mid Cap
125497,HDFC Mid-Cap Opportunities Fund - Direct Growth,2024-10-02,171.6687,171.4112,171.6687,HDFC,Equity,Mid Cap
125497,HDFC Mid-Cap Opportunities Fund - Direct Growth,2024-10-03,174.223,173.9617,174.223,HDFC,Equity,Mid Cap
125497,HDFC Mid-Cap Opportunities Fund - Direct Growth,2024-10-04,171.0999,170.8433,171.0999,HDFC,Equity,Mid Cap
125497,HDFC Mid-Cap Opportunities Fund - Direct Growth,2024-10-07,167.3927,167.1416,167.3927,HDFC,Equity,Mid Cap
125497,HDFC Mid-Cap Opportunities Fund - Direct Growth,2024-10-08,165.8677,165.6189,165.8677,HDFC,Equity,Mid Cap
125497,HDFC Mid-Cap Opportunities Fund - Direct Growth,2024-10-09,165.0909,164.8433,165.0909,HDFC,Equity,Mid Cap
125497,HDFC Mid-Cap Opportunities Fund - Direct Growth,2024-10-10,162.4515,162.2078,162.4515,HDFC,Equity,Mid Cap
125497,HDFC Mid-Cap Opportunities Fund - Direct Growth,2024-10-11,160.6175,160.3766,160.6175,HDFC,Equity,Mid Cap
125497,HDFC Mid-Cap Opportunities Fund - Direct Growth,2024-10-14,156.5645,156.3297,156.5645,HDFC,Equity,Mid Cap
125497,HDFC Mid-Cap Opportunities Fund - Direct Growth,2024-10-15,155.4435,155.2103,155.4435,HDFC,Equity,Mid Cap
125497,HDFC Mid-Cap Opportunities Fund - Direct Growth,2024-10-16,156.871,156.6357,156.871,HDFC,Equity,Mid Cap
125497,HDFC Mid-Cap Opportunities Fund - Direct Growth,2024-10-17,156.5631,156.3283,156.5631,HDFC,Equity,Mid Cap
125497,HDFC Mid-Cap Opportunities Fund - Direct Growth,2024-10-18,155.7529,155.5193,155.7529,HDFC,Equity,Mid Cap
125497,HDFC Mid-Cap Opportunities Fund - Direct Growth,2024-10-21,153.6621,153.4316,153.6621,HDFC,Equity,Mid Cap
125497,HDFC Mid-Cap Opportunities Fund - Direct Growth,2024-10-22,154.4306,154.199,154.4306,HDFC,Equity,Mid Cap
125497,HDFC Mid-Cap Opportunities Fund - Direct Growth,2024-10-23,153.7339,153.5033,153.7339,HDFC,Equity,Mid Cap
125497,HDFC Mid-Cap Opportunities Fund - Direct Growth,2024-10-24,155.6511,155.4176,155.6511,HDFC,Equity,Mid Cap
125497,HDFC Mid-Cap Opportunities Fund - Direct Growth,2024-10-25,153.6074,153.377,153.6074,HDFC,Equity,Mid Cap
125497,HDFC Mid-Cap Opportunities Fund - Direct Growth,2024-10-28,155.5309,155.2976,155.5309,HDFC,Equity,Mid Cap
125497,HDFC Mid-Cap Opportunities Fund - Direct Growth,2024-10-29,155.556,155.3227,155.556,HDFC,Equity,Mid Cap
125497,HDFC Mid-Cap Opportunities Fund - Direct Growth,2024-10-30,155.418,155.1849,155.418,HDFC,Equity,Mid Cap
125497,HDFC Mid-Cap Opportunities Fund - Direct Growth,2024-10-31,157.756,157.5194,157.756,HDFC,Equity,Mid Cap
125497,HDFC Mid-Cap Opportunities Fund - Direct Growth,2024-11-01,155.7809,155.5472,155.7809,HDFC,Equity,Mid Cap
125497,HDFC Mid-Cap Opportunities Fund - Direct Growth,2024-11-04,155.3448,155.1118,155.3448,HDFC,Equity,Mid Cap
125497,HDFC Mid-Cap Opportunities Fund - Direct Growth,2024-11-05,157.0857,156.8501,157.0857,HDFC,Equity,Mid Cap
125497,HDFC Mid-Cap Opportunities Fund - Direct Growth,2024-11-06,160.352,160.1115,160.352,HDFC,Equity,Mid Cap
125497,HDFC Mid-Cap Opportunities Fund - Direct Growth,2024-11-07,159.643,159.4035,159.643,HDFC,Equity,Mid Cap
125497,HDFC Mid-Cap Opportunities Fund - Direct Growth,2024-11-08,161.0122,160.7707,161.0122,HDFC,Equity,Mid Cap
125497,HDFC Mid-Cap Opportunities Fund - Direct Growth,2024-11-11,160.7976,160.5564,160.7976,HDFC,Equity,Mid Cap
125497,HDFC Mid-Cap Opportunities Fund - Direct Growth,2024-11-12,161.7747,161.532,161.7747,HDFC,Equity,Mid Cap
125497,HDFC Mid-Cap Opportunities Fund - Direct Growth,2024-11-13,160.5862,160.3453,160.5862,HDFC,Equity,Mid Cap
125497,HDFC Mid-Cap Opportunities Fund - Direct Growth,2024-11-14,157.4495,157.2133,157.4495,HDFC,Equity,Mid Cap
125497,HDFC Mid-Cap Opportunities Fund - Direct Growth,2024-11-15,158.4633,158.2256,158.4633,HDFC,Equity,Mid Cap
125497,HDFC Mid-Cap Opportunities Fund - Direct Growth,2024-11-18,155.8779,155.6441,155.8779,HDFC,Equity,Mid Cap
125497,HDFC Mid-Cap Opportunities Fund - Direct Growth,2024-11-19,156.2992,156.0648,156.2992,HDFC,Equity,Mid Cap
125497,HDFC Mid-Cap Opportunities Fund - Direct Growth,2024-11-20,160.016,159.776,160.016,HDFC,Equity,Mid Cap
125497,HDFC Mid-Cap Opportunities Fund - Direct Growth,2024-11-21,162.0484,161.8053,162.0484,HDFC,Equity,Mid Cap
125497,HDFC Mid-Cap Opportunities Fund - Direct Growth,2024-11-22,160.8417,160.6004,160.8417,HDFC,Equity,Mid Cap
125497,HDFC Mid-Cap Opportunities Fund - Direct Growth,2024-11-25,157.9406,157.7037,157.9406,HDFC,Equity,Mid Cap
125497,HDFC Mid-Cap Opportunities Fund - Direct Growth,2024-11-26,156.2215,155.9872,156.2215,HDFC,Equity,Mid Cap
125497,HDFC Mid-Cap Opportunities Fund - Direct Growth,2024-11-27,155.2328,155.0,155.2328,HDFC,Equity,Mid Cap
125497,HDFC Mid-Cap Opportunities Fund - Direct Growth,2024-11-28,151.5018,151.2745,151.5018,HDFC,Equity,Mid Cap
125497,HDFC Mid-Cap Opportunities Fund - Direct Growth,2024-11-29,151.6487,151.4212,151.6487,HDFC,Equity,Mid Cap
125497,HDFC Mid-Cap Opportunities Fund - Direct Growth,2024-12-02,149.0588,148.8352,149.0588,HDFC,Equity,Mid Cap
125497,HDFC Mid-Cap Opportunities Fund - Direct Growth,2024-12-03,150.3989,150.1733,150.3989,HDFC,Equity,Mid Cap
125497,HDFC Mid-Cap Opportunities Fund - Direct Growth,2024-12-04,150.8688,150.6425,150.8688,HDFC,Equity,Mid Cap
125497,HDFC Mid-Cap Opportunities Fund - Direct Growth,2024-12-05,150.3424,150.1169,150.3424,HDFC,Equity,Mid Cap
125497,HDFC Mid-Cap Opportunities Fund - Direct Growth,2024-12-06,151.4696,151.2424,151.4696,HDFC,Equity,Mid Cap
125497,HDFC Mid-Cap Opportunities Fund - Direct Growth,2024-12-09,151.9347,151.7068,151.9347,HDFC,Equity,Mid Cap
125497,HDFC Mid-Cap Opportunities Fund - Direct Growth,2024-12-10,152.4998,152.2711,152.4998,HDFC,Equity,Mid Cap
125497,HDFC Mid-Cap Opportunities Fund - Direct Growth,2024-12-11,154.7485,154.5164,154.7485,HDFC,Equity,Mid Cap
125497,HDFC Mid-Cap Opportunities Fund - Direct Growth,2024-12-12,153.7025,153.4719,153.7025,HDFC,Equity,Mid Cap
125497,HDFC Mid-Cap Opportunities Fund - Direct Growth,2024-12-13,157.6335,157.397,157.6335,HDFC,Equity,Mid Cap
125497,HDFC Mid-Cap Opportunities Fund - Direct Growth,2024-12-16,155.6231,155.3897,155.6231,HDFC,Equity,Mid Cap
125497,HDFC Mid-Cap Opportunities Fund - Direct Growth,2024-12-17,156.1023,155.8681,156.1023,HDFC,Equity,Mid Cap
125497,HDFC Mid-Cap Opportunities Fund - Direct Growth,2024-12-18,152.9012,152.6718,152.9012,HDFC,Equity,Mid Cap
125497,HDFC Mid-Cap Opportunities Fund - Direct Growth,2024-12-19,151.9605,151.7326,151.9605,HDFC,Equity,Mid Cap
125497,HDFC Mid-Cap Opportunities Fund - Direct Growth,2024-12-20,150.0298,149.8048,150.0298,HDFC,Equity,Mid Cap
125497,HDFC Mid-Cap Opportunities Fund - Direct Growth,2024-12-23,153.4282,153.1981,153.4282,HDFC,Equity,Mid Cap
125497,HDFC Mid-Cap Opportunities Fund - Direct Growth,2024-12-24,149.123,148.8993,149.123,HDFC,Equity,Mid Cap
125497,HDFC Mid-Cap Opportunities Fund - Direct Growth,2024-12-25,152.8369,152.6076,152.8369,HDFC,Equity,Mid Cap
125497,HDFC Mid-Cap Opportunities Fund - Direct Growth,2024-12-26,153.4396,153.2094,153.4396,HDFC,Equity,Mid Cap
125497,HDFC Mid-Cap Opportunities Fund - Direct Growth,2024-12-27,152.0712,151.8431,152.0712,HDFC,Equity,Mid Cap
125497,HDFC Mid-Cap Opportunities Fund - Direct Growth,2024-12-30,151.6404,151.4129,151.6404,HDFC,Equity,Mid Cap
125497,HDFC Mid-Cap Opportunities Fund - Direct Growth,2024-12-31,152.0612,151.8331,152.0612,HDFC,Equity,Mid Cap
118989,ICICI Prudential Technology Fund - Direct Growth,2022-01-03,219.4095,219.0804,219.4095,ICICI,Equity,Sectoral
118989,ICICI Prudential Technology Fund - Direct Growth,2022-01-04,215.7252,215.4016,215.7252,ICICI,Equity,Sectoral
118989,ICICI Prudential Technology Fund - Direct Growth,2022-01-05,216.189,215.8647,216.189,ICICI,Equity,Sectoral
118989,ICICI Prudential Technology Fund - Direct Growth,2022-01-06,217.7939,217.4672,217.7939,ICICI,Equity,Sectoral
118989,ICICI Prudential Technology Fund - Direct Growth,2022-01-07,219.2267,218.8979,219.2267,ICICI,Equity,Sectoral
118989,ICICI Prudential Technology Fund - Direct Growth,2022-01-10,221.0891,220.7575,221.0891,ICICI,Equity,Sectoral
118989,ICICI Prudential Technology Fund - Direct Growth,2022-01-11,223.4052,223.0701,223.4052,ICICI,Equity,Sectoral
118989,ICICI Prudential Technology Fund - Direct Growth,2022-01-12,219.8552,219.5254,219.8552,ICICI,Equity,Sectoral
118989,ICICI Prudential Technology Fund - Direct Growth,2022-01-13,217.5669,217.2405,217.5669,ICICI,Equity,Sectoral
118989,ICICI Prudential Technology Fund - Direct Growth,2022-01-14,215.1366,214.8139,215.1366,ICICI,Equity,Sectoral
118989,ICICI Prudential Technology Fund - Direct Growth,2022-01-17,221.9427,221.6098,221.9427,ICICI,Equity,Sectoral
118989,ICICI Prudential Technology Fund - Direct Growth,2022-01-18,224.8864,224.5491,224.8864,ICICI,Equity,Sectoral
118989,ICICI Prudential Technology Fund - Direct Growth,2022-01-19,222.6035,222.2696,222.6035,ICICI,Equity,Sectoral
118989,ICICI Prudential Technology Fund - Direct Growth,2022-01-20,223.6237,223.2883,223.6237,ICICI,Equity,Sectoral
118989,ICICI Prudential Technology Fund - Direct Growth,2022-01-21,223.3772,223.0421,223.3772,ICICI,Equity,Sectoral
118989,ICICI Prudential Technology Fund - Direct Growth,2022-01-24,224.5633,224.2265,224.5633,ICICI,Equity,Sectoral
118989,ICICI Prudential Technology Fund - Direct Growth,2022-01-25,226.1107,225.7715,226.1107,ICICI,Equity,Sectoral
118989,ICICI Prudential Technology Fund - Direct Growth,2022-01-26,228.5785,228.2356,228.5785,ICICI,Equity,Sectoral
118989,ICICI Prudential Technology Fund - Direct Growth,2022-01-27,226.8367,226.4964,226.8367,ICICI,Equity,Sectoral
118989,ICICI Prudential Technology Fund - Direct Growth,2022-01-28,226.7612,226.4211,226.7612,ICICI,Equity,Sectoral
118989,ICICI Prudential Technology Fund - Direct Growth,2022-01-31,217.9571,217.6302,217.9571,ICICI,Equity,Sectoral
118989,ICICI Prudential Technology Fund - Direct Growth,2022-02-01,219.6369,219.3074,219.6369,ICICI,Equity,Sectoral
118989,ICICI Prudential Technology Fund - Direct Growth,2022-02-02,220.4155,220.0849,220.4155,ICICI,Equity,Sectoral
118989,ICICI Prudential Technology Fund - Direct Growth,2022-02-03,215.3471,215.0241,215.3471,ICICI,Equity,Sectoral
118989,ICICI Prudential Technology Fund - Direct Growth,2022-02-04,214.5266,214.2048,214.5266,ICICI,Equity,Sectoral
118989,ICICI Prudential Technology Fund - Direct Growth,2022-02-07,209.7355,209.4209,209.7355,ICICI,Equity,Sectoral
118989,ICICI Prudential Technology Fund - Direct Growth,2022-02-08,212.979,212.6595,212.979,ICICI,Equity,Sectoral
118989,ICICI Prudential Technology Fund - Direct Growth,2022-02-09,215.4816,215.1584,215.4816,ICICI,Equity,Sectoral
118989,ICICI Prudential Technology Fund - Direct Growth,2022-02-10,213.2391,212.9192,213.2391,ICICI,Equity,Sectoral
118989,ICICI Prudential Technology Fund - Direct Growth,2022-02-11,210.4257,210.1101,210.4257,ICICI,Equity,Sectoral
118989,ICICI Prudential Technology Fund - Direct Growth,2022-02-14,209.6785,209.364,209.6785,ICICI,Equity,Sectoral
118989,ICICI Prudential Technology Fund - Direct Growth,2022-02-15,208.5475,208.2347,208.5475,ICICI,Equity,Sectoral
118989,ICICI Prudential Technology Fund - Direct Growth,2022-02-16,204.1734,203.8671,204.1734,ICICI,Equity,Sectoral
118989,ICICI Prudential Technology Fund - Direct Growth,2022-02-17,198.7902,198.492,198.7902,ICICI,Equity,Sectoral
118989,ICICI Prudential Technology Fund - Direct Growth,2022-02-18,199.4105,199.1114,199.4105,ICICI,Equity,Sectoral
118989,ICICI Prudential Technology Fund - Direct Growth,2022-02-21,198.6336,198.3356,198.6336,ICICI,Equity,Sectoral
118989,ICICI Prudential Technology Fund - Direct Growth,2022-02-22,201.5101,201.2078,201.5101,ICICI,Equity,Sectoral
118989,ICICI Prudential Technology Fund - Direct Growth,2022-02-23,200.9317,200.6303,200.9317,ICICI,Equity,Sectoral
118989,ICICI Prudential Technology Fund - Direct Growth,2022-02-24,200.1908,199.8905,200.1908,ICICI,Equity,Sectoral
118989,ICICI Prudential Technology Fund - Direct Growth,2022-02-25,201.4724,201.1702,201.4724,ICICI,Equity,Sectoral
118989,ICICI Prudential Technology Fund - Direct Growth,2022-02-28,200.2794,199.979,200.2794,ICICI,Equity,Sectoral
118989,ICICI Prudential Technology Fund - Direct Growth,2022-03-01,201.9943,201.6913,201.9943,ICICI,Equity,Sectoral
118989,ICICI Prudential Technology Fund - Direct Growth,2022-03-02,197.3805,197.0844,197.3805,ICICI,Equity,Sectoral
118989,ICICI Prudential Technology Fund - Direct Growth,2022-03-03,195.6561,195.3626,195.6561,ICICI,Equity,Sectoral
118989,ICICI Prudential Technology Fund - Direct Growth,2022-03-04,193.6723,193.3818,193.6723,ICICI,Equity,Sectoral
118989,ICICI Prudential Technology Fund - Direct Growth,2022-03-07,198.7622,198.4641,198.7622,ICICI,Equity,Sectoral
118989,ICICI Prudential Technology Fund - Direct Growth,2022-03-08,197.6611,197.3646,197.6611,ICICI,Equity,Sectoral
118989,ICICI Prudential Technology Fund - Direct Growth,2022-03-09,196.56,196.2652,196.56,ICICI,Equity,Sectoral
118989,ICICI Prudential Technology Fund - Direct Growth,2022-03-10,199.3504,199.0514,199.3504,ICICI,Equity,Sectoral
118989,ICICI Prudential Technology Fund - Direct Growth,2022-03-11,200.1396,199.8394,200.1396,ICICI,Equity,Sectoral
118989,ICICI Prudential Technology Fund - Direct Growth,2022-03-14,201.298,200.9961,201.298,ICICI,Equity,Sectoral
118989,ICICI Prudential Technology Fund - Direct Growth,2022-03-15,198.1582,197.861,198.1582,ICICI,Equity,Sectoral
118989,ICICI Prudential Technology Fund - Direct Growth,2022-03-16,194.5481,194.2563,194.5481,ICICI,Equity,Sectoral
118989,ICICI Prudential Technology Fund - Direct Growth,2022-03-17,196.1715,195.8772,196.1715,ICICI,Equity,Sectoral
118989,ICICI Prudential Technology Fund - Direct Growth,2022-03-18,199.048,198.7494,199.048,ICICI,Equity,Sectoral
118989,ICICI Prudential Technology Fund - Direct Growth,2022-03-21,208.6381,208.3251,208.6381,ICICI,Equity,Sectoral
118989,ICICI Prudential Technology Fund - Direct Growth,2022-03-22,207.2694,206.9585,207.2694,ICICI,Equity,Sectoral
118989,ICICI Prudential Technology Fund - Direct Growth,2022-03-23,204.476,204.1693,204.476,ICICI,Equity,Sectoral
118989,ICICI Prudential Technology Fund - Direct Growth,2022-03-24,206.6436,206.3336,206.6436,ICICI,Equity,Sectoral
118989,ICICI Prudential Technology Fund - Direct Growth,2022-03-25,207.762,207.4504,207.762,ICICI,Equity,Sectoral
118989,ICICI Prudential Technology Fund - Direct Growth,2022-03-28,210.0584,209.7433,210.0584,ICICI,Equity,Sectoral
118989,ICICI Prudential Technology Fund - Direct Growth,2022-03-29,213.3785,213.0584,213.3785,ICICI,Equity,Sectoral
118989,ICICI Prudential Technology Fund - Direct Growth,2022-03-30,216.7797,216.4545,216.7797,ICICI,Equity,Sectoral
118989,ICICI Prudential Technology Fund - Direct Growth,2022-03-31,218.2821,217.9547,218.2821,ICICI,Equity,Sectoral
118989,ICICI Prudential Technology Fund - Direct Growth,2022-04-01,220.5849,220.254,220.5849,ICICI,Equity,Sectoral
118989,ICICI Prudential Technology Fund - Direct Growth,2022-04-04,222.9878,222.6533,222.9878,ICICI,Equity,Sectoral
118989,ICICI Prudential Technology Fund - Direct Growth,2022-04-05,219.3455,219.0165,219.3455,ICICI,Equity,Sectoral
118989,ICICI Prudential Technology Fund - Direct Growth,2022-04-06,222.2072,221.8739,222.2072,ICICI,Equity,Sectoral
118989,ICICI Prudential Technology Fund - Direct Growth,2022-04-07,219.1109,218.7822,219.1109,ICICI,Equity,Sectoral
118989,ICICI Prudential Technology Fund - Direct Growth,2022-04-08,219.95,219.6201,219.95,ICICI,Equity,Sectoral
118989,ICICI Prudential Technology Fund - Direct Growth,2022-04-11,219.3392,219.0102,219.3392,ICICI,Equity,Sectoral
118989,ICICI Prudential Technology Fund - Direct Growth,2022-04-12,215.2294,214.9066,215.2294,ICICI,Equity,Sectoral
118989,ICICI Prudential Technology Fund - Direct Growth,2022-04-13,216.4021,216.0775,216.4021,ICICI,Equity,Sectoral
118989,ICICI Prudential Technology Fund - Direct Growth,2022-04-14,214.9879,214.6654,214.9879,ICICI,Equity,Sectoral
118989,ICICI Prudential Technology Fund - Direct Growth,2022-04-15,217.3471,217.0211,217.3471,ICICI,Equity,Sectoral
118989,ICICI Prudential Technology Fund - Direct Growth,2022-04-18,216.1322,215.808,216.1322,ICICI,Equity,Sectoral
118989,ICICI Prudential Technology Fund - Direct Growth,2022-04-19,214.6902,214.3682,214.6902,ICICI,Equity,Sectoral
118989,ICICI Prudential Technology Fund - Direct Growth,2022-04-20,213.5945,213.2741,213.5945,ICICI,Equity,Sectoral
118989,ICICI Prudential Technology Fund - Direct Growth,2022-04-21,215.8758,215.552,215.8758,ICICI,Equity,Sectoral
118989,ICICI Prudential Technology Fund - Direct Growth,2022-04-22,220.3074,219.9769,220.3074,ICICI,Equity,Sectoral
118989,ICICI Prudential Technology Fund - Direct Growth,2022-04-25,215.5046,215.1813,215.5046,ICICI,Equity,Sectoral
118989,ICICI Prudential Technology Fund - Direct Growth,2022-04-26,212.5026,212.1838,212.5026,ICICI,Equity,Sectoral
118989,ICICI Prudential Technology Fund - Direct Growth,2022-04-27,210.1427,209.8275,210.1427,ICICI,Equity,Sectoral
118989,ICICI Prudential Technology Fund - Direct Growth,2022-04-28,206.8161,206.5059,206.8161,ICICI,Equity,Sectoral
118989,ICICI Prudential Technology Fund - Direct Growth,2022-04-29,202.9687,202.6642,202.9687,ICICI,Equity,Sectoral
118989,ICICI Prudential Technology Fund - Direct Growth,2022-05-02,204.6217,204.3148,204.6217,ICICI,Equity,Sectoral
118989,ICICI Prudential Technology Fund - Direct Growth,2022-05-03,206.399,206.0894,206.399,ICICI,Equity,Sectoral
118989,ICICI Prudential Technology Fund - Direct Growth,2022-05-04,207.1394,206.8287,207.1394,ICICI,Equity,Sectoral
118989,ICICI Prudential Technology Fund - Direct Growth,2022-05-05,208.8572,208.5439,208.8572,ICICI,Equity,Sectoral
118989,ICICI Prudential Technology Fund - Direct Growth,2022-05-06,208.7665,208.4534,208.7665,ICICI,Equity,Sectoral
118989,ICICI Prudential Technology Fund - Direct Growth,2022-05-09,207.1811,206.8703,207.1811,ICICI,Equity,Sectoral
118989,ICICI Prudential Technology Fund - Direct Growth,2022-05-10,204.9379,204.6305,204.9379,ICICI,Equity,Sectoral
118989,ICICI Prudential Technology Fund - Direct Growth,2022-05-11,204.5823,204.2754,204.5823,ICICI,Equity,Sectoral
118989,ICICI Prudential Technology Fund - Direct Growth,2022-05-12,202.4232,202.1196,202.4232,ICICI,Equity,Sectoral
118989,ICICI Prudential Technology Fund - Direct Growth,2022-05-13,201.4902,201.188,201.4902,ICICI,Equity,Sectoral
118989,ICICI Prudential Technology Fund - Direct Growth,2022-05-16,201.2204,200.9186,201.2204,ICICI,Equity,Sectoral
118989,ICICI Prudential Technology Fund - Direct Growth,2022-05-17,200.1233,199.8231,200.1233,ICICI,Equity,Sectoral
118989,ICICI Prudential Technology Fund - Direct Growth,2022-05-18,202.7833,202.4791,202.7833,ICICI,Equity,Sectoral
118989,ICICI Prudential Technology Fund - Direct Growth,2022-05-19,204.0724,203.7663,204.0724,ICICI,Equity,Sectoral
118989,ICICI Prudential Technology Fund - Direct Growth,2022-05-20,209.2356,208.9217,209.2356,ICICI,Equity,Sectoral
118989,ICICI Prudential Technology Fund - Direct Growth,2022-05-23,211.783,211.4653,211.783,ICICI,Equity,Sectoral
118989,ICICI Prudential Technology Fund - Direct Growth,2022-05-24,213.809,213.4883,213.809,ICICI,Equity,Sectoral
118989,ICICI Prudential Technology Fund - Direct Growth,2022-05-25,213.7583,213.4377,213.7583,ICICI,Equity,Sectoral
118989,ICICI Prudential Technology Fund - Direct Growth,2022-05-26,212.4305,212.1119,212.4305,ICICI,Equity,Sectoral
118989,ICICI Prudential Technology Fund - Direct Growth,2022-05-27,212.9438,212.6244,212.9438,ICICI,Equity,Sectoral
118989,ICICI Prudential Technology Fund - Direct Growth,2022-05-30,214.6263,214.3044,214.6263,ICICI,Equity,Sectoral
118989,ICICI Prudential Technology Fund - Direct Growth,2022-05-31,216.6244,216.2995,216.6244,ICICI,Equity,Sectoral
118989,ICICI Prudential Technology Fund - Direct Growth,2022-06-01,215.0536,214.731,215.0536,ICICI,Equity,Sectoral
118989,ICICI Prudential Technology Fund - Direct Growth,2022-06-02,215.6988,215.3753,215.6988,ICICI,Equity,Sectoral
118989,ICICI Prudential Technology Fund - Direct Growth,2022-06-03,214.9999,214.6774,214.9999,ICICI,Equity,Sectoral
118989,ICICI Prudential Technology Fund - Direct Growth,2022-06-06,213.9627,213.6418,213.9627,ICICI,Equity,Sectoral
118989,ICICI Prudential Technology Fund - Direct Growth,2022-06-07,219.0427,218.7141,219.0427,ICICI,Equity,Sectoral
118989,ICICI Prudential Technology Fund - Direct Growth,2022-06-08,214.3436,214.0221,214.3436,ICICI,Equity,Sectoral
118989,ICICI Prudential Technology Fund - Direct Growth,2022-06-09,212.8921,212.5728,212.8921,ICICI,Equity,Sectoral
118989,ICICI Prudential Technology Fund - Direct Growth,2022-06-10,213.923,213.6021,213.923,ICICI,Equity,Sectoral
118989,ICICI Prudential Technology Fund - Direct Growth,2022-06-13,215.2727,214.9498,215.2727,ICICI,Equity,Sectoral
118989,ICICI Prudential Technology Fund - Direct Growth,2022-06-14,216.4194,216.0948,216.4194,ICICI,Equity,Sectoral
118989,ICICI Prudential Technology Fund - Direct Growth,2022-06-15,215.9059,215.582,215.9059,ICICI,Equity,Sectoral
118989,ICICI Prudential Technology Fund - Direct Growth,2022-06-16,219.6018,219.2724,219.6018,ICICI,Equity,Sectoral
118989,ICICI Prudential Technology Fund - Direct Growth,2022-06-17,221.9015,221.5686,221.9015,ICICI,Equity,Sectoral
118989,ICICI Prudential Technology Fund - Direct Growth,2022-06-20,221.6809,221.3484,221.6809,ICICI,Equity,Sectoral
118989,ICICI Prudential Technology Fund - Direct Growth,2022-06-21,220.9703,220.6388,220.9703,ICICI,Equity,Sectoral
118989,ICICI Prudential Technology Fund - Direct Growth,2022-06-22,218.3922,218.0646,218.3922,ICICI,Equity,Sectoral
118989,ICICI Prudential Technology Fund - Direct Growth,2022-06-23,219.4234,219.0943,219.4234,ICICI,Equity,Sectoral
118989,ICICI Prudential Technology Fund - Direct Growth,2022-06-24,218.0955,217.7684,218.0955,ICICI,Equity,Sectoral
118989,ICICI Prudential Technology Fund - Direct Growth,2022-06-27,221.7286,221.396,221.7286,ICICI,Equity,Sectoral
118989,ICICI Prudential Technology Fund - Direct Growth,2022-06-28,219.4324,219.1033,219.4324,ICICI,Equity,Sectoral
118989,ICICI Prudential Technology Fund - Direct Growth,2022-06-29,220.0976,219.7675,220.0976,ICICI,Equity,Sectoral
118989,ICICI Prudential Technology Fund - Direct Growth,2022-06-30,222.2771,221.9437,222.2771,ICICI,Equity,Sectoral
118989,ICICI Prudential Technology Fund - Direct Growth,2022-07-01,220.8439,220.5126,220.8439,ICICI,Equity,Sectoral
118989,ICICI Prudential Technology Fund - Direct Growth,2022-07-04,223.91,223.5741,223.91,ICICI,Equity,Sectoral
118989,ICICI Prudential Technology Fund - Direct Growth,2022-07-05,224.0376,223.7015,224.0376,ICICI,Equity,Sectoral
118989,ICICI Prudential Technology Fund - Direct Growth,2022-07-06,222.5238,222.19,222.5238,ICICI,Equity,Sectoral
118989,ICICI Prudential Technology Fund - Direct Growth,2022-07-07,221.8139,221.4812,221.8139,ICICI,Equity,Sectoral
118989,ICICI Prudential Technology Fund - Direct Growth,2022-07-08,224.0558,223.7197,224.0558,ICICI,Equity,Sectoral
118989,ICICI Prudential Technology Fund - Direct Growth,2022-07-11,220.1632,219.833,220.1632,ICICI,Equity,Sectoral
118989,ICICI Prudential Technology Fund - Direct Growth,2022-07-12,217.1418,216.8161,217.1418,ICICI,Equity,Sectoral
118989,ICICI Prudential Technology Fund - Direct Growth,2022-07-13,221.9725,221.6395,221.9725,ICICI,Equity,Sectoral
118989,ICICI Prudential Technology Fund - Direct Growth,2022-07-14,220.5526,220.2218,220.5526,ICICI,Equity,Sectoral
118989,ICICI Prudential Technology Fund - Direct Growth,2022-07-15,222.8418,222.5075,222.8418,ICICI,Equity,Sectoral
118989,ICICI Prudential Technology Fund - Direct Growth,2022-07-18,221.0127,220.6812,221.0127,ICICI,Equity,Sectoral
118989,ICICI Prudential Technology Fund - Direct Growth,2022-07-19,223.1804,222.8456,223.1804,ICICI,Equity,Sectoral
118989,ICICI Prudential Technology Fund - Direct Growth,2022-07-20,222.7655,222.4314,222.7655,ICICI,Equity,Sectoral
118989,ICICI Prudential Technology Fund - Direct Growth,2022-07-21,226.044,225.7049,226.044,ICICI,Equity,Sectoral
118989,ICICI Prudential Technology Fund - Direct Growth,2022-07-22,228.9053,228.5619,228.9053,ICICI,Equity,Sectoral
118989,ICICI Prudential Technology Fund - Direct Growth,2022-07-25,227.444,227.1028,227.444,ICICI,Equity,Sectoral
118989,ICICI Prudential Technology Fund - Direct Growth,2022-07-26,225.8603,225.5215,225.8603,ICICI,Equity,Sectoral
118989,ICICI Prudential Technology Fund - Direct Growth,2022-07-27,226.4825,226.1428,226.4825,ICICI,Equity,Sectoral
118989,ICICI Prudential Technology Fund - Direct Growth,2022-07-28,228.0564,227.7143,228.0564,ICICI,Equity,Sectoral
118989,ICICI Prudential Technology Fund - Direct Growth,2022-07-29,222.2047,221.8714,222.2047,ICICI,Equity,Sectoral
118989,ICICI Prudential Technology Fund - Direct Growth,2022-08-01,222.1296,221.7964,222.1296,ICICI,Equity,Sectoral
118989,ICICI Prudential Technology Fund - Direct Growth,2022-08-02,225.6604,225.3219,225.6604,ICICI,Equity,Sectoral
118989,ICICI Prudential Technology Fund - Direct Growth,2022-08-03,226.8928,226.5525,226.8928,ICICI,Equity,Sectoral
118989,ICICI Prudential Technology Fund - Direct Growth,2022-08-04,230.5508,230.205,230.5508,ICICI,Equity,Sectoral
118989,ICICI Prudential Technology Fund - Direct Growth,2022-08-05,230.0455,229.7004,230.0455,ICICI,Equity,Sectoral
118989,ICICI Prudential Technology Fund - Direct Growth,2022-08-08,241.2163,240.8545,241.2163,ICICI,Equity,Sectoral
118989,ICICI Prudential Technology Fund - Direct Growth,2022-08-09,238.1515,237.7943,238.1515,ICICI,Equity,Sectoral
118989,ICICI Prudential Technology Fund - Direct Growth,2022-08-10,237.5218,237.1655,237.5218,ICICI,Equity,Sectoral
118989,ICICI Prudential Technology Fund - Direct Growth,2022-08-11,236.633,236.2781,236.633,ICICI,Equity,Sectoral
118989,ICICI Prudential Technology Fund - Direct Growth,2022-08-12,238.1169,237.7597,238.1169,ICICI,Equity,Sectoral
118989,ICICI Prudential Technology Fund - Direct Growth,2022-08-15,238.1404,237.7832,238.1404,ICICI,Equity,Sectoral
118989,ICICI Prudential Technology Fund - Direct Growth,2022-08-16,232.4633,232.1146,232.4633,ICICI,Equity,Sectoral
118989,ICICI Prudential Technology Fund - Direct Growth,2022-08-17,236.5787,236.2238,236.5787,ICICI,Equity,Sectoral
118989,ICICI Prudential Technology Fund - Direct Growth,2022-08-18,235.2187,234.8659,235.2187,ICICI,Equity,Sectoral
118989,ICICI Prudential Technology Fund - Direct Growth,2022-08-19,235.4705,235.1173,235.4705,ICICI,Equity,Sectoral
118989,ICICI Prudential Technology Fund - Direct Growth,2022-08-22,230.002,229.657,230.002,ICICI,Equity,Sectoral
118989,ICICI Prudential Technology Fund - Direct Growth,2022-08-23,230.0482,229.7031,230.0482,ICICI,Equity,Sectoral
118989,ICICI Prudential Technology Fund - Direct Growth,2022-08-24,229.8481,229.5033,229.8481,ICICI,Equity,Sectoral
118989,ICICI Prudential Technology Fund - Direct Growth,2022-08-25,228.6888,228.3458,228.6888,ICICI,Equity,Sectoral
118989,ICICI Prudential Technology Fund - Direct Growth,2022-08-26,233.5175,233.1672,233.5175,ICICI,Equity,Sectoral
118989,ICICI Prudential Technology Fund - Direct Growth,2022-08-29,234.4484,234.0967,234.4484,ICICI,Equity,Sectoral
118989,ICICI Prudential Technology Fund - Direct Growth,2022-08-30,238.0913,237.7342,238.0913,ICICI,Equity,Sectoral
118989,ICICI Prudential Technology Fund - Direct Growth,2022-08-31,236.2803,235.9259,236.2803,ICICI,Equity,Sectoral
118989,ICICI Prudential Technology Fund - Direct Growth,2022-09-01,234.2966,233.9452,234.2966,ICICI,Equity,Sectoral
118989,ICICI Prudential Technology Fund - Direct Growth,2022-09-02,237.472,237.1158,237.472,ICICI,Equity,Sectoral
118989,ICICI Prudential Technology Fund - Direct Growth,2022-09-05,233.0242,232.6747,233.0242,ICICI,Equity,Sectoral
118989,ICICI Prudential Technology Fund - Direct Growth,2022-09-06,234.1978,233.8465,234.1978,ICICI,Equity,Sectoral
118989,ICICI Prudential Technology Fund - Direct Growth,2022-09-07,236.6459,236.2909,236.6459,ICICI,Equity,Sectoral
118989,ICICI Prudential Technology Fund - Direct Growth,2022-09-08,234.8117,234.4595,234.8117,ICICI,Equity,Sectoral
118989,ICICI Prudential Technology Fund - Direct Growth,2022-09-09,226.694,226.354,226.694,ICICI,Equity,Sectoral
118989,ICICI Prudential Technology Fund - Direct Growth,2022-09-12,219.6016,219.2722,219.6016,ICICI,Equity,Sectoral
118989,ICICI Prudential Technology Fund - Direct Growth,2022-09-13,212.2256,211.9073,212.2256,ICICI,Equity,Sectoral
118989,ICICI Prudential Technology Fund - Direct Growth,2022-09-14,214.3835,214.0619,214.3835,ICICI,Equity,Sectoral
118989,ICICI Prudential Technology Fund - Direct Growth,2022-09-15,214.8001,214.4779,214.8001,ICICI,Equity,Sectoral
118989,ICICI Prudential Technology Fund - Direct Growth,2022-09-16,214.3044,213.9829,214.3044,ICICI,Equity,Sectoral
118989,ICICI Prudential Technology Fund - Direct Growth,2022-09-19,224.0657,223.7296,224.0657,ICICI,Equity,Sectoral
118989,ICICI Prudential Technology Fund - Direct Growth,2022-09-20,220.4106,220.08,220.4106,ICICI,Equity,Sectoral
118989,ICICI Prudential Technology Fund - Direct Growth,2022-09-21,220.4074,220.0768,220.4074,ICICI,Equity,Sectoral
118989,ICICI Prudential Technology Fund - Direct Growth,2022-09-22,216.2195,215.8952,216.2195,ICICI,Equity,Sectoral
118989,ICICI Prudential Technology Fund - Direct Growth,2022-09-23,215.7108,215.3872,215.7108,ICICI,Equity,Sectoral
118989,ICICI Prudential Technology Fund - Direct Growth,2022-09-26,217.0627,216.7371,217.0627,ICICI,Equity,Sectoral
118989,ICICI Prudential Technology Fund - Direct Growth,2022-09-27,218.7733,218.4451,218.7733,ICICI,Equity,Sectoral
118989,ICICI Prudential Technology Fund - Direct Growth,2022-09-28,220.7075,220.3764,220.7075,ICICI,Equity,Sectoral
118989,ICICI Prudential Technology Fund - Direct Growth,2022-09-29,226.5031,226.1633,226.5031,ICICI,Equity,Sectoral
118989,ICICI Prudential Technology Fund - Direct Growth,2022-09-30,225.7367,225.3981,225.7367,ICICI,Equity,Sectoral
118989,ICICI Prudential Technology Fund - Direct Growth,2022-10-03,221.9594,221.6265,221.9594,ICICI,Equity,Sectoral
118989,ICICI Prudential Technology Fund - Direct Growth,2022-10-04,225.9954,225.6564,225.9954,ICICI,Equity,Sectoral
118989,ICICI Prudential Technology Fund - Direct Growth,2022-10-05,225.3177,224.9797,225.3177,ICICI,Equity,Sectoral
118989,ICICI Prudential Technology Fund - Direct Growth,2022-10-06,223.8786,223.5428,223.8786,ICICI,Equity,Sectoral
118989,ICICI Prudential Technology Fund - Direct Growth,2022-10-07,222.7019,222.3678,222.7019,ICICI,Equity,Sectoral
118989,ICICI Prudential Technology Fund - Direct Growth,2022-10-10,222.7375,222.4034,222.7375,ICICI,Equity,Sectoral
118989,ICICI Prudential Technology Fund - Direct Growth,2022-10-11,227.2778,226.9369,227.2778,ICICI,Equity,Sectoral
118989,ICICI Prudential Technology Fund - Direct Growth,2022-10-12,225.0337,224.6961,225.0337,ICICI,Equity,Sectoral
118989,ICICI Prudential Technology Fund - Direct Growth,2022-10-13,225.2198,224.882,225.2198,ICICI,Equity,Sectoral
118989,ICICI Prudential Technology Fund - Direct Growth,2022-10-14,227.0728,226.7322,227.0728,ICICI,Equity,Sectoral
118989,ICICI Prudential Technology Fund - Direct Growth,2022-10-17,221.3434,221.0114,221.3434,ICICI,Equity,Sectoral
118989,ICICI Prudential Technology Fund - Direct Growth,2022-10-18,223.6173,223.2819,223.6173,ICICI,Equity,Sectoral
118989,ICICI Prudential Technology Fund - Direct Growth,2022-10-19,221.1236,220.7919,221.1236,ICICI,Equity,Sectoral
118989,ICICI Prudential Technology Fund - Direct Growth,2022-10-20,223.0503,222.7157,223.0503,ICICI,Equity,Sectoral
118989,ICICI Prudential Technology Fund - Direct Growth,2022-10-21,226.0994,225.7603,226.0994,ICICI,Equity,Sectoral
118989,ICICI Prudential Technology Fund - Direct Growth,2022-10-24,228.763,228.4199,228.763,ICICI,Equity,Sectoral
118989,ICICI Prudential Technology Fund - Direct Growth,2022-10-25,227.2721,226.9312,227.2721,ICICI,Equity,Sectoral
118989,ICICI Prudential Technology Fund - Direct Growth,2022-10-26,231.3749,231.0278,231.3749,ICICI,Equity,Sectoral
118989,ICICI Prudential Technology Fund - Direct Growth,2022-10-27,229.5253,229.181,229.5253,ICICI,Equity,Sectoral
118989,ICICI Prudential Technology Fund - Direct Growth,2022-10-28,226.7607,226.4206,226.7607,ICICI,Equity,Sectoral
118989,ICICI Prudential Technology Fund - Direct Growth,2022-10-31,224.0765,223.7404,224.0765,ICICI,Equity,Sectoral
118989,ICICI Prudential Technology Fund - Direct Growth,2022-11-01,220.2844,219.954,220.2844,ICICI,Equity,Sectoral
118989,ICICI Prudential Technology Fund - Direct Growth,2022-11-02,219.096,218.7674,219.096,ICICI,Equity,Sectoral
118989,ICICI Prudential Technology Fund - Direct Growth,2022-11-03,218.9662,218.6378,218.9662,ICICI,Equity,Sectoral
118989,ICICI Prudential Technology Fund - Direct Growth,2022-11-04,219.6925,219.363,219.6925,ICICI,Equity,Sectoral
118989,ICICI Prudential Technology Fund - Direct Growth,2022-11-07,223.3596,223.0246,223.3596,ICICI,Equity,Sectoral
118989,ICICI Prudential Technology Fund - Direct Growth,2022-11-08,222.9177,222.5833,222.9177,ICICI,Equity,Sectoral
118989,ICICI Prudential Technology Fund - Direct Growth,2022-11-09,224.3715,224.0349,224.3715,ICICI,Equity,Sectoral
118989,ICICI Prudential Technology Fund - Direct Growth,2022-11-10,227.8876,227.5458,227.8876,ICICI,Equity,Sectoral
118989,ICICI Prudential Technology Fund - Direct Growth,2022-11-11,228.3242,227.9817,228.3242,ICICI,Equity,Sectoral
118989,ICICI Prudential Technology Fund - Direct Growth,2022-11-14,220.7111,220.38,220.7111,ICICI,Equity,Sectoral
118989,ICICI Prudential Technology Fund - Direct Growth,2022-11-15,222.564,222.2302,222.564,ICICI,Equity,Sectoral
118989,ICICI Prudential Technology Fund - Direct Growth,2022-11-16,224.1967,223.8604,224.1967,ICICI,Equity,Sectoral
118989,ICICI Prudential Technology Fund - Direct Growth,2022-11-17,225.8397,225.5009,225.8397,ICICI,Equity,Sectoral
118989,ICICI Prudential Technology Fund - Direct Growth,2022-11-18,225.5814,225.243,225.5814,ICICI,Equity,Sectoral
118989,ICICI Prudential Technology Fund - Direct Growth,2022-11-21,230.9464,230.6,230.9464,ICICI,Equity,Sectoral
118989,ICICI Prudential Technology Fund - Direct Growth,2022-11-22,230.9314,230.585,230.9314,ICICI,Equity,Sectoral
118989,ICICI Prudential Technology Fund - Direct Growth,2022-11-23,229.3379,228.9939,229.3379,ICICI,Equity,Sectoral
118989,ICICI Prudential Technology Fund - Direct Growth,2022-11-24,231.0603,230.7137,231.0603,ICICI,Equity,Sectoral
118989,ICICI Prudential Technology Fund - Direct Growth,2022-11-25,232.2885,231.9401,232.2885,ICICI,Equity,Sectoral
118989,ICICI Prudential Technology Fund - Direct Growth,2022-11-28,233.6847,233.3342,233.6847,ICICI,Equity,Sectoral
118989,ICICI Prudential Technology Fund - Direct Growth,2022-11-29,240.4757,240.115,240.4757,ICICI,Equity,Sectoral
118989,ICICI Prudential Technology Fund - Direct Growth,2022-11-30,243.9893,243.6233,243.9893,ICICI,Equity,Sectoral
118989,ICICI Prudential Technology Fund - Direct Growth,2022-12-01,246.2032,245.8339,246.2032,ICICI,Equity,Sectoral
118989,ICICI Prudential Technology Fund - Direct Growth,2022-12-02,246.632,246.2621,246.632,ICICI,Equity,Sectoral
118989,ICICI Prudential Technology Fund - Direct Growth,2022-12-05,251.5431,251.1658,251.5431,ICICI,Equity,Sectoral
118989,ICICI Prudential Technology Fund - Direct Growth,2022-12-06,250.7274,250.3513,250.7274,ICICI,Equity,Sectoral
118989,ICICI Prudential Technology Fund - Direct Growth,2022-12-07,250.5842,250.2083,250.5842,ICICI,Equity,Sectoral
118989,ICICI Prudential Technology Fund - Direct Growth,2022-12-08,241.1509,240.7892,241.1509,ICICI,Equity,Sectoral
118989,ICICI Prudential Technology Fund - Direct Growth,2022-12-09,241.8568,241.494,241.8568,ICICI,Equity,Sectoral
118989,ICICI Prudential Technology Fund - Direct Growth,2022-12-12,245.3841,245.016,245.3841,ICICI,Equity,Sectoral
118989,ICICI Prudential Technology Fund - Direct Growth,2022-12-13,241.9812,241.6182,241.9812,ICICI,Equity,Sectoral
118989,ICICI Prudential Technology Fund - Direct Growth,2022-12-14,241.9332,241.5703,241.9332,ICICI,Equity,Sectoral
118989,ICICI Prudential Technology Fund - Direct Growth,2022-12-15,238.9929,238.6344,238.9929,ICICI,Equity,Sectoral
118989,ICICI Prudential Technology Fund - Direct Growth,2022-12-16,240.4462,240.0855,240.4462,ICICI,Equity,Sectoral
118989,ICICI Prudential Technology Fund - Direct Growth,2022-12-19,242.0325,241.6695,242.0325,ICICI,Equity,Sectoral
118989,ICICI Prudential Technology Fund - Direct Growth,2022-12-20,242.2281,241.8648,242.2281,ICICI,Equity,Sectoral
118989,ICICI Prudential Technology Fund - Direct Growth,2022-12-21,238.3572,237.9997,238.3572,ICICI,Equity,Sectoral
118989,ICICI Prudential Technology Fund - Direct Growth,2022-12-22,240.459,240.0983,240.459,ICICI,Equity,Sectoral
118989,ICICI Prudential Technology Fund - Direct Growth,2022-12-23,242.0524,241.6893,242.0524,ICICI,Equity,Sectoral
118989,ICICI Prudential Technology Fund - Direct Growth,2022-12-26,245.002,244.6345,245.002,ICICI,Equity,Sectoral
118989,ICICI Prudential Technology Fund - Direct Growth,2022-12-27,249.8168,249.4421,249.8168,ICICI,Equity,Sectoral
118989,ICICI Prudential Technology Fund - Direct Growth,2022-12-28,249.0621,248.6885,249.0621,ICICI,Equity,Sectoral
118989,ICICI Prudential Technology Fund - Direct Growth,2022-12-29,249.5761,249.2017,249.5761,ICICI,Equity,Sectoral
118989,ICICI Prudential Technology Fund - Direct Growth,2022-12-30,246.4231,246.0535,246.4231,ICICI,Equity,Sectoral
118989,ICICI Prudential Technology Fund - Direct Growth,2023-01-02,247.6726,247.3011,247.6726,ICICI,Equity,Sectoral
118989,ICICI Prudential Technology Fund - Direct Growth,2023-01-03,247.01,246.6395,247.01,ICICI,Equity,Sectoral
118989,ICICI Prudential Technology Fund - Direct Growth,2023-01-04,246.4095,246.0399,246.4095,ICICI,Equity,Sectoral
118989,ICICI Prudential Technology Fund - Direct Growth,2023-01-05,245.3049,244.9369,245.3049,ICICI,Equity,Sectoral
118989,ICICI Prudential Technology Fund - Direct Growth,2023-01-06,243.8289,243.4632,243.8289,ICICI,Equity,Sectoral
118989,ICICI Prudential Technology Fund - Direct Growth,2023-01-09,244.2821,243.9157,244.2821,ICICI,Equity,Sectoral
118989,ICICI Prudential Technology Fund - Direct Growth,2023-01-10,242.4292,242.0656,242.4292,ICICI,Equity,Sectoral
118989,ICICI Prudential Technology Fund - Direct Growth,2023-01-11,244.6263,244.2594,244.6263,ICICI,Equity,Sectoral
118989,ICICI Prudential Technology Fund - Direct Growth,2023-01-12,240.996,240.6345,240.996,ICICI,Equity,Sectoral
118989,ICICI Prudential Technology Fund - Direct Growth,2023-01-13,243.0267,242.6622,243.0267,ICICI,Equity,Sectoral
118989,ICICI Prudential Technology Fund - Direct Growth,2023-01-16,243.4708,243.1056,243.4708,ICICI,Equity,Sectoral
118989,ICICI Prudential Technology Fund - Direct Growth,2023-01-17,244.2973,243.9309,244.2973,ICICI,Equity,Sectoral
118989,ICICI Prudential Technology Fund - Direct Growth,2023-01-18,240.9268,240.5654,240.9268,ICICI,Equity,Sectoral
118989,ICICI Prudential Technology Fund - Direct Growth,2023-01-19,240.2924,239.932,240.2924,ICICI,Equity,Sectoral
118989,ICICI Prudential Technology Fund - Direct Growth,2023-01-20,243.3568,242.9918,243.3568,ICICI,Equity,Sectoral
118989,ICICI Prudential Technology Fund - Direct Growth,2023-01-23,243.1454,242.7807,243.1454,ICICI,Equity,Sectoral
118989,ICICI Prudential Technology Fund - Direct Growth,2023-01-24,245.1263,244.7586,245.1263,ICICI,Equity,Sectoral
118989,ICICI Prudential Technology Fund - Direct Growth,2023-01-25,245.2814,244.9135,245.2814,ICICI,Equity,Sectoral
118989,ICICI Prudential Technology Fund - Direct Growth,2023-01-26,238.5499,238.1921,238.5499,ICICI,Equity,Sectoral
118989,ICICI Prudential Technology Fund - Direct Growth,2023-01-27,240.8857,240.5244,240.8857,ICICI,Equity,Sectoral
118989,ICICI Prudential Technology Fund - Direct Growth,2023-01-30,241.3691,241.007,241.3691,ICICI,Equity,Sectoral
118989,ICICI Prudential Technology Fund - Direct Growth,2023-01-31,232.2645,231.9161,232.2645,ICICI,Equity,Sectoral
118989,ICICI Prudential Technology Fund - Direct Growth,2023-02-01,233.1353,232.7856,233.1353,ICICI,Equity,Sectoral
118989,ICICI Prudential Technology Fund - Direct Growth,2023-02-02,234.0442,233.6931,234.0442,ICICI,Equity,Sectoral
118989,ICICI Prudential Technology Fund - Direct Growth,2023-02-03,229.3895,229.0454,229.3895,ICICI,Equity,Sectoral
118989,ICICI Prudential Technology Fund - Direct Growth,2023-02-06,233.6109,233.2605,233.6109,ICICI,Equity,Sectoral
118989,ICICI Prudential Technology Fund - Direct Growth,2023-02-07,235.7535,235.3999,235.7535,ICICI,Equity,Sectoral
118989,ICICI Prudential Technology Fund - Direct Growth,2023-02-08,234.0071,233.6561,234.0071,ICICI,Equity,Sectoral
118989,ICICI Prudential Technology Fund - Direct Growth,2023-02-09,228.231,227.8887,228.231,ICICI,Equity,Sectoral
118989,ICICI Prudential Technology Fund - Direct Growth,2023-02-10,227.856,227.5142,227.856,ICICI,Equity,Sectoral
118989,ICICI Prudential Technology Fund - Direct Growth,2023-02-13,226.0008,225.6618,226.0008,ICICI,Equity,Sectoral
118989,ICICI Prudential Technology Fund - Direct Growth,2023-02-14,226.8079,226.4677,226.8079,ICICI,Equity,Sectoral
118989,ICICI Prudential Technology Fund - Direct Growth,2023-02-15,226.4901,226.1504,226.4901,ICICI,Equity,Sectoral
118989,ICICI Prudential Technology Fund - Direct Growth,2023-02-16,223.1453,222.8106,223.1453,ICICI,Equity,Sectoral
118989,ICICI Prudential Technology Fund - Direct Growth,2023-02-17,224.5364,224.1996,224.5364,ICICI,Equity,Sectoral
118989,ICICI Prudential Technology Fund - Direct Growth,2023-02-20,216.0484,215.7243,216.0484,ICICI,Equity,Sectoral
118989,ICICI Prudential Technology Fund - Direct Growth,2023-02-21,217.4493,217.1231,217.4493,ICICI,Equity,Sectoral
118989,ICICI Prudential Technology Fund - Direct Growth,2023-02-22,217.3865,217.0604,217.3865,ICICI,Equity,Sectoral
118989,ICICI Prudential Technology Fund - Direct Growth,2023-02-23,213.8332,213.5125,213.8332,ICICI,Equity,Sectoral
118989,ICICI Prudential Technology Fund - Direct Growth,2023-02-24,212.1022,211.784,212.1022,ICICI,Equity,Sectoral
118989,ICICI Prudential Technology Fund - Direct Growth,2023-02-27,205.7946,205.4859,205.7946,ICICI,Equity,Sectoral
118989,ICICI Prudential Technology Fund - Direct Growth,2023-02-28,207.4879,207.1767,207.4879,ICICI,Equity,Sectoral
118989,ICICI Prudential Technology Fund - Direct Growth,2023-03-01,211.1247,210.808,211.1247,ICICI,Equity,Sectoral
118989,ICICI Prudential Technology Fund - Direct Growth,2023-03-02,210.1465,209.8313,210.1465,ICICI,Equity,Sectoral
118989,ICICI Prudential Technology Fund - Direct Growth,2023-03-03,212.1382,211.82,212.1382,ICICI,Equity,Sectoral
118989,ICICI Prudential Technology Fund - Direct Growth,2023-03-06,207.1409,206.8302,207.1409,ICICI,Equity,Sectoral
118989,ICICI Prudential Technology Fund - Direct Growth,2023-03-07,207.9877,207.6757,207.9877,ICICI,Equity,Sectoral
118989,ICICI Prudential Technology Fund - Direct Growth,2023-03-08,207.4525,207.1413,207.4525,ICICI,Equity,Sectoral
118989,ICICI Prudential Technology Fund - Direct Growth,2023-03-09,210.8226,210.5064,210.8226,ICICI,Equity,Sectoral
118989,ICICI Prudential Technology Fund - Direct Growth,2023-03-10,208.6947,208.3817,208.6947,ICICI,Equity,Sectoral
118989,ICICI Prudential Technology Fund - Direct Growth,2023-03-13,209.414,209.0999,209.414,ICICI,Equity,Sectoral
118989,ICICI Prudential Technology Fund - Direct Growth,2023-03-14,209.0357,208.7221,209.0357,ICICI,Equity,Sectoral
118989,ICICI Prudential Technology Fund - Direct Growth,2023-03-15,206.998,206.6875,206.998,ICICI,Equity,Sectoral
118989,ICICI Prudential Technology Fund - Direct Growth,2023-03-16,207.0458,206.7352,207.0458,ICICI,Equity,Sectoral
118989,ICICI Prudential Technology Fund - Direct Growth,2023-03-17,206.973,206.6625,206.973,ICICI,Equity,Sectoral
118989,ICICI Prudential Technology Fund - Direct Growth,2023-03-20,210.0231,209.7081,210.0231,ICICI,Equity,Sectoral
118989,ICICI Prudential Technology Fund - Direct Growth,2023-03-21,212.4346,212.1159,212.4346,ICICI,Equity,Sectoral
118989,ICICI Prudential Technology Fund - Direct Growth,2023-03-22,209.8413,209.5265,209.8413,ICICI,Equity,Sectoral
118989,ICICI Prudential Technology Fund - Direct Growth,2023-03-23,212.1129,211.7947,212.1129,ICICI,Equity,Sectoral
118989,ICICI Prudential Technology Fund - Direct Growth,2023-03-24,209.1781,208.8643,209.1781,ICICI,Equity,Sectoral
118989,ICICI Prudential Technology Fund - Direct Growth,2023-03-27,207.6025,207.2911,207.6025,ICICI,Equity,Sectoral
118989,ICICI Prudential Technology Fund - Direct Growth,2023-03-28,207.9172,207.6053,207.9172,ICICI,Equity,Sectoral
118989,ICICI Prudential Technology Fund - Direct Growth,2023-03-29,206.8315,206.5213,206.8315,ICICI,Equity,Sectoral
118989,ICICI Prudential Technology Fund - Direct Growth,2023-03-30,205.031,204.7235,205.031,ICICI,Equity,Sectoral
118989,ICICI Prudential Technology Fund - Direct Growth,2023-03-31,208.4366,208.1239,208.4366,ICICI,Equity,Sectoral
118989,ICICI Prudential Technology Fund - Direct Growth,2023-04-03,205.234,204.9261,205.234,ICICI,Equity,Sectoral
118989,ICICI Prudential Technology Fund - Direct Growth,2023-04-04,207.0046,206.6941,207.0046,ICICI,Equity,Sectoral
118989,ICICI Prudential Technology Fund - Direct Growth,2023-04-05,206.7355,206.4254,206.7355,ICICI,Equity,Sectoral
118989,ICICI Prudential Technology Fund - Direct Growth,2023-04-06,209.7118,209.3972,209.7118,ICICI,Equity,Sectoral
118989,ICICI Prudential Technology Fund - Direct Growth,2023-04-07,211.1319,210.8152,211.1319,ICICI,Equity,Sectoral
118989,ICICI Prudential Technology Fund - Direct Growth,2023-04-10,203.1763,202.8715,203.1763,ICICI,Equity,Sectoral
118989,ICICI Prudential Technology Fund - Direct Growth,2023-04-11,204.4263,204.1197,204.4263,ICICI,Equity,Sectoral
118989,ICICI Prudential Technology Fund - Direct Growth,2023-04-12,198.0691,197.772,198.0691,ICICI,Equity,Sectoral
118989,ICICI Prudential Technology Fund - Direct Growth,2023-04-13,204.2069,203.9006,204.2069,ICICI,Equity,Sectoral
118989,ICICI Prudential Technology Fund - Direct Growth,2023-04-14,205.5899,205.2815,205.5899,ICICI,Equity,Sectoral
118989,ICICI Prudential Technology Fund - Direct Growth,2023-04-17,215.0059,214.6834,215.0059,ICICI,Equity,Sectoral
118989,ICICI Prudential Technology Fund - Direct Growth,2023-04-18,217.3385,217.0125,217.3385,ICICI,Equity,Sectoral
118989,ICICI Prudential Technology Fund - Direct Growth,2023-04-19,219.9,219.5702,219.9,ICICI,Equity,Sectoral
118989,ICICI Prudential Technology Fund - Direct Growth,2023-04-20,220.3328,220.0023,220.3328,ICICI,Equity,Sectoral
118989,ICICI Prudential Technology Fund - Direct Growth,2023-04-21,220.0467,219.7166,220.0467,ICICI,Equity,Sectoral
118989,ICICI Prudential Technology Fund - Direct Growth,2023-04-24,215.0955,214.7729,215.0955,ICICI,Equity,Sectoral
118989,ICICI Prudential Technology Fund - Direct Growth,2023-04-25,211.6956,211.3781,211.6956,ICICI,Equity,Sectoral
118989,ICICI Prudential Technology Fund - Direct Growth,2023-04-26,211.5875,211.2701,211.5875,ICICI,Equity,Sectoral
118989,ICICI Prudential Technology Fund - Direct Growth,2023-04-27,207.3947,207.0836,207.3947,ICICI,Equity,Sectoral
118989,ICICI Prudential Technology Fund - Direct Growth,2023-04-28,207.9528,207.6409,207.9528,ICICI,Equity,Sectoral
118989,ICICI Prudential Technology Fund - Direct Growth,2023-05-01,207.1727,206.8619,207.1727,ICICI,Equity,Sectoral
118989,ICICI Prudential Technology Fund - Direct Growth,2023-05-02,214.9049,214.5825,214.9049,ICICI,Equity,Sectoral
118989,ICICI Prudential Technology Fund - Direct Growth,2023-05-03,218.4984,218.1707,218.4984,ICICI,Equity,Sectoral
118989,ICICI Prudential Technology Fund - Direct Growth,2023-05-04,215.3226,214.9996,215.3226,ICICI,Equity,Sectoral
118989,ICICI Prudential Technology Fund - Direct Growth,2023-05-05,216.0104,215.6864,216.0104,ICICI,Equity,Sectoral
118989,ICICI Prudential Technology Fund - Direct Growth,2023-05-08,208.6708,208.3578,208.6708,ICICI,Equity,Sectoral
118989,ICICI Prudential Technology Fund - Direct Growth,2023-05-10,208.2048,207.8925,208.2048,ICICI,Equity,Sectoral
118989,ICICI Prudential Technology Fund - Direct Growth,2023-05-11,210.7062,210.3901,210.7062,ICICI,Equity,Sectoral
118989,ICICI Prudential Technology Fund - Direct Growth,2023-05-12,213.3032,212.9832,213.3032,ICICI,Equity,Sectoral
118989,ICICI Prudential Technology Fund - Direct Growth,2023-05-15,216.0844,215.7603,216.0844,ICICI,Equity,Sectoral
118989,ICICI Prudential Technology Fund - Direct Growth,2023-05-16,217.8108,217.4841,217.8108,ICICI,Equity,Sectoral
118989,ICICI Prudential Technology Fund - Direct Growth,2023-05-17,216.6586,216.3336,216.6586,ICICI,Equity,Sectoral
118989,ICICI Prudential Technology Fund - Direct Growth,2023-05-18,214.7387,214.4166,214.7387,ICICI,Equity,Sectoral
118989,ICICI Prudential Technology Fund - Direct Growth,2023-05-19,218.9721,218.6436,218.9721,ICICI,Equity,Sectoral
118989,ICICI Prudential Technology Fund - Direct Growth,2023-05-22,219.326,218.997,219.326,ICICI,Equity,Sectoral
118989,ICICI Prudential Technology Fund - Direct Growth,2023-05-23,216.2047,215.8804,216.2047,ICICI,Equity,Sectoral
118989,ICICI Prudential Technology Fund - Direct Growth,2023-05-24,214.8138,214.4916,214.8138,ICICI,Equity,Sectoral
118989,ICICI Prudential Technology Fund - Direct Growth,2023-05-25,214.58,214.2581,214.58,ICICI,Equity,Sectoral
118989,ICICI Prudential Technology Fund - Direct Growth,2023-05-26,211.9255,211.6076,211.9255,ICICI,Equity,Sectoral
118989,ICICI Prudential Technology Fund - Direct Growth,2023-05-29,205.0652,204.7576,205.0652,ICICI,Equity,Sectoral
118989,ICICI Prudential Technology Fund - Direct Growth,2023-05-30,206.7982,206.488,206.7982,ICICI,Equity,Sectoral
118989,ICICI Prudential Technology Fund - Direct Growth,2023-05-31,208.3793,208.0667,208.3793,ICICI,Equity,Sectoral
118989,ICICI Prudential Technology Fund - Direct Growth,2023-06-01,207.4827,207.1715,207.4827,ICICI,Equity,Sectoral
118989,ICICI Prudential Technology Fund - Direct Growth,2023-06-02,205.0317,204.7242,205.0317,ICICI,Equity,Sectoral
118989,ICICI Prudential Technology Fund - Direct Growth,2023-06-05,203.4007,203.0956,203.4007,ICICI,Equity,Sectoral
118989,ICICI Prudential Technology Fund - Direct Growth,2023-06-06,205.7477,205.4391,205.7477,ICICI,Equity,Sectoral
118989,ICICI Prudential Technology Fund - Direct Growth,2023-06-07,204.6041,204.2972,204.6041,ICICI,Equity,Sectoral
118989,ICICI Prudential Technology Fund - Direct Growth,2023-06-08,201.8538,201.551,201.8538,ICICI,Equity,Sectoral
118989,ICICI Prudential Technology Fund - Direct Growth,2023-06-09,202.5833,202.2794,202.5833,ICICI,Equity,Sectoral
118989,ICICI Prudential Technology Fund - Direct Growth,2023-06-12,202.747,202.4429,202.747,ICICI,Equity,Sectoral
118989,ICICI Prudential Technology Fund - Direct Growth,2023-06-13,204.8404,204.5331,204.8404,ICICI,Equity,Sectoral
118989,ICICI Prudential Technology Fund - Direct Growth,2023-06-14,205.3107,205.0027,205.3107,ICICI,Equity,Sectoral
118989,ICICI Prudential Technology Fund - Direct Growth,2023-06-15,202.2592,201.9558,202.2592,ICICI,Equity,Sectoral
118989,ICICI Prudential Technology Fund - Direct Growth,2023-06-16,202.8532,202.5489,202.8532,ICICI,Equity,Sectoral
118989,ICICI Prudential Technology Fund - Direct Growth,2023-06-19,208.0773,207.7652,208.0773,ICICI,Equity,Sectoral
118989,ICICI Prudential Technology Fund - Direct Growth,2023-06-20,211.3884,211.0713,211.3884,ICICI,Equity,Sectoral
118989,ICICI Prudential Technology Fund - Direct Growth,2023-06-21,215.6933,215.3698,215.6933,ICICI,Equity,Sectoral
118989,ICICI Prudential Technology Fund - Direct Growth,2023-06-22,216.5696,216.2447,216.5696,ICICI,Equity,Sectoral
118989,ICICI Prudential Technology Fund - Direct Growth,2023-06-23,218.1828,217.8555,218.1828,ICICI,Equity,Sectoral
118989,ICICI Prudential Technology Fund - Direct Growth,2023-06-26,221.9997,221.6667,221.9997,ICICI,Equity,Sectoral
118989,ICICI Prudential Technology Fund - Direct Growth,2023-06-27,220.8936,220.5623,220.8936,ICICI,Equity,Sectoral
118989,ICICI Prudential Technology Fund - Direct Growth,2023-06-28,221.6143,221.2819,221.6143,ICICI,Equity,Sectoral
118989,ICICI Prudential Technology Fund - Direct Growth,2023-06-29,218.2709,217.9435,218.2709,ICICI,Equity,Sectoral
118989,ICICI Prudential Technology Fund - Direct Growth,2023-06-30,217.983,217.656,217.983,ICICI,Equity,Sectoral
118989,ICICI Prudential Technology Fund - Direct Growth,2023-07-03,219.2664,218.9375,219.2664,ICICI,Equity,Sectoral
118989,ICICI Prudential Technology Fund - Direct Growth,2023-07-04,222.3073,221.9738,222.3073,ICICI,Equity,Sectoral
118989,ICICI Prudential Technology Fund - Direct Growth,2023-07-05,221.1697,220.8379,221.1697,ICICI,Equity,Sectoral
118989,ICICI Prudential Technology Fund - Direct Growth,2023-07-06,222.7003,222.3662,222.7003,ICICI,Equity,Sectoral
118989,ICICI Prudential Technology Fund - Direct Growth,2023-07-07,222.7978,222.4636,222.7978,ICICI,Equity,Sectoral
118989,ICICI Prudential Technology Fund - Direct Growth,2023-07-10,225.1783,224.8405,225.1783,ICICI,Equity,Sectoral
118989,ICICI Prudential Technology Fund - Direct Growth,2023-07-11,226.8552,226.5149,226.8552,ICICI,Equity,Sectoral
118989,ICICI Prudential Technology Fund - Direct Growth,2023-07-12,226.3862,226.0466,226.3862,ICICI,Equity,Sectoral
118989,ICICI Prudential Technology Fund - Direct Growth,2023-07-13,226.7018,226.3617,226.7018,ICICI,Equity,Sectoral
118989,ICICI Prudential Technology Fund - Direct Growth,2023-07-14,224.8115,224.4743,224.8115,ICICI,Equity,Sectoral
118989,ICICI Prudential Technology Fund - Direct Growth,2023-07-17,230.6034,230.2575,230.6034,ICICI,Equity,Sectoral
118989,ICICI Prudential Technology Fund - Direct Growth,2023-07-18,227.0025,226.662,227.0025,ICICI,Equity,Sectoral
118989,ICICI Prudential Technology Fund - Direct Growth,2023-07-19,226.0427,225.7036,226.0427,ICICI,Equity,Sectoral
118989,ICICI Prudential Technology Fund - Direct Growth,2023-07-20,227.3117,226.9707,227.3117,ICICI,Equity,Sectoral
118989,ICICI Prudential Technology Fund - Direct Growth,2023-07-21,228.0578,227.7157,228.0578,ICICI,Equity,Sectoral
118989,ICICI Prudential Technology Fund - Direct Growth,2023-07-24,236.6808,236.3258,236.6808,ICICI,Equity,Sectoral
118989,ICICI Prudential Technology Fund - Direct Growth,2023-07-25,237.7038,237.3472,237.7038,ICICI,Equity,Sectoral
118989,ICICI Prudential Technology Fund - Direct Growth,2023-07-26,233.836,233.4852,233.836,ICICI,Equity,Sectoral
118989,ICICI Prudential Technology Fund - Direct Growth,2023-07-27,233.3804,233.0303,233.3804,ICICI,Equity,Sectoral
118989,ICICI Prudential Technology Fund - Direct Growth,2023-07-28,236.4426,236.0879,236.4426,ICICI,Equity,Sectoral
118989,ICICI Prudential Technology Fund - Direct Growth,2023-07-31,237.0979,236.7423,237.0979,ICICI,Equity,Sectoral
118989,ICICI Prudential Technology Fund - Direct Growth,2023-08-01,234.2627,233.9113,234.2627,ICICI,Equity,Sectoral
118989,ICICI Prudential Technology Fund - Direct Growth,2023-08-02,234.0097,233.6587,234.0097,ICICI,Equity,Sectoral
118989,ICICI Prudential Technology Fund - Direct Growth,2023-08-03,234.9711,234.6186,234.9711,ICICI,Equity,Sectoral
118989,ICICI Prudential Technology Fund - Direct Growth,2023-08-04,233.2163,232.8665,233.2163,ICICI,Equity,Sectoral
118989,ICICI Prudential Technology Fund - Direct Growth,2023-08-07,233.303,232.953,233.303,ICICI,Equity,Sectoral
118989,ICICI Prudential Technology Fund - Direct Growth,2023-08-08,232.572,232.2231,232.572,ICICI,Equity,Sectoral
118989,ICICI Prudential Technology Fund - Direct Growth,2023-08-09,236.7195,236.3644,236.7195,ICICI,Equity,Sectoral
118989,ICICI Prudential Technology Fund - Direct Growth,2023-08-10,241.1568,240.7951,241.1568,ICICI,Equity,Sectoral
118989,ICICI Prudential Technology Fund - Direct Growth,2023-08-11,241.0187,240.6572,241.0187,ICICI,Equity,Sectoral
118989,ICICI Prudential Technology Fund - Direct Growth,2023-08-14,228.3203,227.9778,228.3203,ICICI,Equity,Sectoral
118989,ICICI Prudential Technology Fund - Direct Growth,2023-08-15,224.6475,224.3105,224.6475,ICICI,Equity,Sectoral
118989,ICICI Prudential Technology Fund - Direct Growth,2023-08-16,228.4534,228.1107,228.4534,ICICI,Equity,Sectoral
118989,ICICI Prudential Technology Fund - Direct Growth,2023-08-17,228.8623,228.519,228.8623,ICICI,Equity,Sectoral
118989,ICICI Prudential Technology Fund - Direct Growth,2023-08-18,230.0238,229.6788,230.0238,ICICI,Equity,Sectoral
118989,ICICI Prudential Technology Fund - Direct Growth,2023-08-21,223.2959,222.961,223.2959,ICICI,Equity,Sectoral
118989,ICICI Prudential Technology Fund - Direct Growth,2023-08-22,224.1536,223.8174,224.1536,ICICI,Equity,Sectoral
118989,ICICI Prudential Technology Fund - Direct Growth,2023-08-23,223.8473,223.5115,223.8473,ICICI,Equity,Sectoral
118989,ICICI Prudential Technology Fund - Direct Growth,2023-08-24,225.4541,225.1159,225.4541,ICICI,Equity,Sectoral
118989,ICICI Prudential Technology Fund - Direct Growth,2023-08-25,229.9698,229.6248,229.9698,ICICI,Equity,Sectoral
118989,ICICI Prudential Technology Fund - Direct Growth,2023-08-28,230.3574,230.0119,230.3574,ICICI,Equity,Sectoral
118989,ICICI Prudential Technology Fund - Direct Growth,2023-08-29,237.062,236.7064,237.062,ICICI,Equity,Sectoral
118989,ICICI Prudential Technology Fund - Direct Growth,2023-08-30,231.1847,230.8379,231.1847,ICICI,Equity,Sectoral
118989,ICICI Prudential Technology Fund - Direct Growth,2023-08-31,233.1726,232.8228,233.1726,ICICI,Equity,Sectoral
118989,ICICI Prudential Technology Fund - Direct Growth,2023-09-01,232.9446,232.5952,232.9446,ICICI,Equity,Sectoral
118989,ICICI Prudential Technology Fund - Direct Growth,2023-09-04,232.8214,232.4722,232.8214,ICICI,Equity,Sectoral
118989,ICICI Prudential Technology Fund - Direct Growth,2023-09-05,234.9021,234.5497,234.9021,ICICI,Equity,Sectoral
118989,ICICI Prudential Technology Fund - Direct Growth,2023-09-06,243.7708,243.4051,243.7708,ICICI,Equity,Sectoral
118989,ICICI Prudential Technology Fund - Direct Growth,2023-09-07,246.232,245.8627,246.232,ICICI,Equity,Sectoral
118989,ICICI Prudential Technology Fund - Direct Growth,2023-09-08,243.8246,243.4589,243.8246,ICICI,Equity,Sectoral
118989,ICICI Prudential Technology Fund - Direct Growth,2023-09-11,236.3526,235.9981,236.3526,ICICI,Equity,Sectoral
118989,ICICI Prudential Technology Fund - Direct Growth,2023-09-12,235.5109,235.1576,235.5109,ICICI,Equity,Sectoral
118989,ICICI Prudential Technology Fund - Direct Growth,2023-09-13,237.6762,237.3197,237.6762,ICICI,Equity,Sectoral
118989,ICICI Prudential Technology Fund - Direct Growth,2023-09-14,234.137,233.7858,234.137,ICICI,Equity,Sectoral
118989,ICICI Prudential Technology Fund - Direct Growth,2023-09-15,237.1765,236.8207,237.1765,ICICI,Equity,Sectoral
118989,ICICI Prudential Technology Fund - Direct Growth,2023-09-18,236.345,235.9905,236.345,ICICI,Equity,Sectoral
118989,ICICI Prudential Technology Fund - Direct Growth,2023-09-19,240.9726,240.6111,240.9726,ICICI,Equity,Sectoral
118989,ICICI Prudential Technology Fund - Direct Growth,2023-09-20,243.1902,242.8254,243.1902,ICICI,Equity,Sectoral
118989,ICICI Prudential Technology Fund - Direct Growth,2023-09-21,243.3131,242.9481,243.3131,ICICI,Equity,Sectoral
118989,ICICI Prudential Technology Fund - Direct Growth,2023-09-22,242.7164,242.3523,242.7164,ICICI,Equity,Sectoral
118989,ICICI Prudential Technology Fund - Direct Growth,2023-09-25,235.6348,235.2813,235.6348,ICICI,Equity,Sectoral
118989,ICICI Prudential Technology Fund - Direct Growth,2023-09-26,241.5036,241.1413,241.5036,ICICI,Equity,Sectoral
118989,ICICI Prudential Technology Fund - Direct Growth,2023-09-27,242.0503,241.6872,242.0503,ICICI,Equity,Sectoral
118989,ICICI Prudential Technology Fund - Direct Growth,2023-09-28,243.3036,242.9386,243.3036,ICICI,Equity,Sectoral
118989,ICICI Prudential Technology Fund - Direct Growth,2023-09-29,243.2319,242.8671,243.2319,ICICI,Equity,Sectoral
118989,ICICI Prudential Technology Fund - Direct Growth,2023-10-02,236.2177,235.8634,236.2177,ICICI,Equity,Sectoral
118989,ICICI Prudential Technology Fund - Direct Growth,2023-10-03,242.7668,242.4026,242.7668,ICICI,Equity,Sectoral
118989,ICICI Prudential Technology Fund - Direct Growth,2023-10-04,239.2675,238.9086,239.2675,ICICI,Equity,Sectoral
118989,ICICI Prudential Technology Fund - Direct Growth,2023-10-05,236.4002,236.0456,236.4002,ICICI,Equity,Sectoral
118989,ICICI Prudential Technology Fund - Direct Growth,2023-10-06,235.2458,234.8929,235.2458,ICICI,Equity,Sectoral
118989,ICICI Prudential Technology Fund - Direct Growth,2023-10-09,235.662,235.3085,235.662,ICICI,Equity,Sectoral
118989,ICICI Prudential Technology Fund - Direct Growth,2023-10-10,239.3035,238.9445,239.3035,ICICI,Equity,Sectoral
118989,ICICI Prudential Technology Fund - Direct Growth,2023-10-11,241.4984,241.1362,241.4984,ICICI,Equity,Sectoral
118989,ICICI Prudential Technology Fund - Direct Growth,2023-10-12,243.1554,242.7907,243.1554,ICICI,Equity,Sectoral
118989,ICICI Prudential Technology Fund - Direct Growth,2023-10-13,245.3411,244.9731,245.3411,ICICI,Equity,Sectoral
118989,ICICI Prudential Technology Fund - Direct Growth,2023-10-16,257.1776,256.7918,257.1776,ICICI,Equity,Sectoral
118989,ICICI Prudential Technology Fund - Direct Growth,2023-10-17,262.292,261.8986,262.292,ICICI,Equity,Sectoral
118989,ICICI Prudential Technology Fund - Direct Growth,2023-10-18,263.6029,263.2075,263.6029,ICICI,Equity,Sectoral
118989,ICICI Prudential Technology Fund - Direct Growth,2023-10-19,265.2871,264.8892,265.2871,ICICI,Equity,Sectoral
118989,ICICI Prudential Technology Fund - Direct Growth,2023-10-20,260.006,259.616,260.006,ICICI,Equity,Sectoral
118989,ICICI Prudential Technology Fund - Direct Growth,2023-10-23,259.8084,259.4187,259.8084,ICICI,Equity,Sectoral
118989,ICICI Prudential Technology Fund - Direct Growth,2023-10-24,263.2516,262.8567,263.2516,ICICI,Equity,Sectoral
118989,ICICI Prudential Technology Fund - Direct Growth,2023-10-25,256.8036,256.4184,256.8036,ICICI,Equity,Sectoral
118989,ICICI Prudential Technology Fund - Direct Growth,2023-10-26,256.8384,256.4531,256.8384,ICICI,Equity,Sectoral
118989,ICICI Prudential Technology Fund - Direct Growth,2023-10-27,260.3988,260.0082,260.3988,ICICI,Equity,Sectoral
118989,ICICI Prudential Technology Fund - Direct Growth,2023-10-30,263.5077,263.1124,263.5077,ICICI,Equity,Sectoral
118989,ICICI Prudential Technology Fund - Direct Growth,2023-10-31,264.6935,264.2965,264.6935,ICICI,Equity,Sectoral
118989,ICICI Prudential Technology Fund - Direct Growth,2023-11-01,263.9376,263.5417,263.9376,ICICI,Equity,Sectoral
118989,ICICI Prudential Technology Fund - Direct Growth,2023-11-02,260.19,259.7997,260.19,ICICI,Equity,Sectoral
118989,ICICI Prudential Technology Fund - Direct Growth,2023-11-03,256.7923,256.4071,256.7923,ICICI,Equity,Sectoral
118989,ICICI Prudential Technology Fund - Direct Growth,2023-11-06,258.9178,258.5294,258.9178,ICICI,Equity,Sectoral
118989,ICICI Prudential Technology Fund - Direct Growth,2023-11-07,257.7043,257.3177,257.7043,ICICI,Equity,Sectoral
118989,ICICI Prudential Technology Fund - Direct Growth,2023-11-08,256.8636,256.4783,256.8636,ICICI,Equity,Sectoral
118989,ICICI Prudential Technology Fund - Direct Growth,2023-11-09,260.1933,259.803,260.1933,ICICI,Equity,Sectoral
118989,ICICI Prudential Technology Fund - Direct Growth,2023-11-10,259.2506,258.8617,259.2506,ICICI,Equity,Sectoral
118989,ICICI Prudential Technology Fund - Direct Growth,2023-11-13,257.0313,256.6458,257.0313,ICICI,Equity,Sectoral
118989,ICICI Prudential Technology Fund - Direct Growth,2023-11-14,257.2309,256.8451,257.2309,ICICI,Equity,Sectoral
118989,ICICI Prudential Technology Fund - Direct Growth,2023-11-15,262.296,261.9026,262.296,ICICI,Equity,Sectoral
118989,ICICI Prudential Technology Fund - Direct Growth,2023-11-16,262.3362,261.9427,262.3362,ICICI,Equity,Sectoral
118989,ICICI Prudential Technology Fund - Direct Growth,2023-11-17,263.3515,262.9565,263.3515,ICICI,Equity,Sectoral
118989,ICICI Prudential Technology Fund - Direct Growth,2023-11-20,261.1496,260.7579,261.1496,ICICI,Equity,Sectoral
118989,ICICI Prudential Technology Fund - Direct Growth,2023-11-21,256.3798,255.9952,256.3798,ICICI,Equity,Sectoral
118989,ICICI Prudential Technology Fund - Direct Growth,2023-11-22,257.1003,256.7146,257.1003,ICICI,Equity,Sectoral
118989,ICICI Prudential Technology Fund - Direct Growth,2023-11-23,257.5141,257.1278,257.5141,ICICI,Equity,Sectoral
118989,ICICI Prudential Technology Fund - Direct Growth,2023-11-24,257.7447,257.3581,257.7447,ICICI,Equity,Sectoral
118989,ICICI Prudential Technology Fund - Direct Growth,2023-11-27,266.9634,266.563,266.9634,ICICI,Equity,Sectoral
118989,ICICI Prudential Technology Fund - Direct Growth,2023-11-28,263.8872,263.4914,263.8872,ICICI,Equity,Sectoral
118989,ICICI Prudential Technology Fund - Direct Growth,2023-11-29,264.4232,264.0266,264.4232,ICICI,Equity,Sectoral
118989,ICICI Prudential Technology Fund - Direct Growth,2023-11-30,264.797,264.3998,264.797,ICICI,Equity,Sectoral
118989,ICICI Prudential Technology Fund - Direct Growth,2023-12-01,261.5053,261.113,261.5053,ICICI,Equity,Sectoral
118989,ICICI Prudential Technology Fund - Direct Growth,2023-12-04,272.1515,271.7433,272.1515,ICICI,Equity,Sectoral
118989,ICICI Prudential Technology Fund - Direct Growth,2023-12-05,273.9097,273.4988,273.9097,ICICI,Equity,Sectoral
118989,ICICI Prudential Technology Fund - Direct Growth,2023-12-06,274.2971,273.8857,274.2971,ICICI,Equity,Sectoral
118989,ICICI Prudential Technology Fund - Direct Growth,2023-12-07,272.058,271.6499,272.058,ICICI,Equity,Sectoral
118989,ICICI Prudential Technology Fund - Direct Growth,2023-12-08,266.2226,265.8233,266.2226,ICICI,Equity,Sectoral
118989,ICICI Prudential Technology Fund - Direct Growth,2023-12-11,265.1851,264.7873,265.1851,ICICI,Equity,Sectoral
118989,ICICI Prudential Technology Fund - Direct Growth,2023-12-12,264.9249,264.5275,264.9249,ICICI,Equity,Sectoral
118989,ICICI Prudential Technology Fund - Direct Growth,2023-12-13,263.9312,263.5353,263.9312,ICICI,Equity,Sectoral
118989,ICICI Prudential Technology Fund - Direct Growth,2023-12-14,266.8529,266.4526,266.8529,ICICI,Equity,Sectoral
118989,ICICI Prudential Technology Fund - Direct Growth,2023-12-15,263.3675,262.9724,263.3675,ICICI,Equity,Sectoral
118989,ICICI Prudential Technology Fund - Direct Growth,2023-12-18,264.6981,264.3011,264.6981,ICICI,Equity,Sectoral
118989,ICICI Prudential Technology Fund - Direct Growth,2023-12-19,266.3975,265.9979,266.3975,ICICI,Equity,Sectoral
118989,ICICI Prudential Technology Fund - Direct Growth,2023-12-20,267.2979,266.897,267.2979,ICICI,Equity,Sectoral
118989,ICICI Prudential Technology Fund - Direct Growth,2023-12-21,267.6554,267.2539,267.6554,ICICI,Equity,Sectoral
118989,ICICI Prudential Technology Fund - Direct Growth,2023-12-22,269.048,268.6444,269.048,ICICI,Equity,Sectoral
118989,ICICI Prudential Technology Fund - Direct Growth,2023-12-25,266.8339,266.4336,266.8339,ICICI,Equity,Sectoral
118989,ICICI Prudential Technology Fund - Direct Growth,2023-12-26,263.5027,263.1074,263.5027,ICICI,Equity,Sectoral
118989,ICICI Prudential Technology Fund - Direct Growth,2023-12-27,263.8645,263.4687,263.8645,ICICI,Equity,Sectoral
118989,ICICI Prudential Technology Fund - Direct Growth,2023-12-28,262.4481,262.0544,262.4481,ICICI,Equity,Sectoral
118989,ICICI Prudential Technology Fund - Direct Growth,2023-12-29,270.5505,270.1447,270.5505,ICICI,Equity,Sectoral
118989,ICICI Prudential Technology Fund - Direct Growth,2024-01-01,265.7568,265.3582,265.7568,ICICI,Equity,Sectoral
118989,ICICI Prudential Technology Fund - Direct Growth,2024-01-02,267.5194,267.1181,267.5194,ICICI,Equity,Sectoral
118989,ICICI Prudential Technology Fund - Direct Growth,2024-01-03,272.9983,272.5888,272.9983,ICICI,Equity,Sectoral
118989,ICICI Prudential Technology Fund - Direct Growth,2024-01-04,271.1765,270.7697,271.1765,ICICI,Equity,Sectoral
118989,ICICI Prudential Technology Fund - Direct Growth,2024-01-05,266.1356,265.7364,266.1356,ICICI,Equity,Sectoral
118989,ICICI Prudential Technology Fund - Direct Growth,2024-01-08,263.2255,262.8307,263.2255,ICICI,Equity,Sectoral
118989,ICICI Prudential Technology Fund - Direct Growth,2024-01-09,262.517,262.1232,262.517,ICICI,Equity,Sectoral
118989,ICICI Prudential Technology Fund - Direct Growth,2024-01-10,262.4026,262.009,262.4026,ICICI,Equity,Sectoral
118989,ICICI Prudential Technology Fund - Direct Growth,2024-01-11,264.6776,264.2806,264.6776,ICICI,Equity,Sectoral
118989,ICICI Prudential Technology Fund - Direct Growth,2024-01-12,262.6122,262.2183,262.6122,ICICI,Equity,Sectoral
118989,ICICI Prudential Technology Fund - Direct Growth,2024-01-15,262.4894,262.0957,262.4894,ICICI,Equity,Sectoral
118989,ICICI Prudential Technology Fund - Direct Growth,2024-01-16,262.9025,262.5081,262.9025,ICICI,Equity,Sectoral
118989,ICICI Prudential Technology Fund - Direct Growth,2024-01-17,264.3832,263.9866,264.3832,ICICI,Equity,Sectoral
118989,ICICI Prudential Technology Fund - Direct Growth,2024-01-18,267.1661,266.7654,267.1661,ICICI,Equity,Sectoral
118989,ICICI Prudential Technology Fund - Direct Growth,2024-01-19,268.5317,268.1289,268.5317,ICICI,Equity,Sectoral
118989,ICICI Prudential Technology Fund - Direct Growth,2024-01-22,265.3462,264.9482,265.3462,ICICI,Equity,Sectoral
118989,ICICI Prudential Technology Fund - Direct Growth,2024-01-23,266.9792,266.5787,266.9792,ICICI,Equity,Sectoral
118989,ICICI Prudential Technology Fund - Direct Growth,2024-01-24,269.4213,269.0172,269.4213,ICICI,Equity,Sectoral
118989,ICICI Prudential Technology Fund - Direct Growth,2024-01-25,267.2907,266.8898,267.2907,ICICI,Equity,Sectoral
118989,ICICI Prudential Technology Fund - Direct Growth,2024-01-26,265.2838,264.8859,265.2838,ICICI,Equity,Sectoral
118989,ICICI Prudential Technology Fund - Direct Growth,2024-01-29,268.7627,268.3596,268.7627,ICICI,Equity,Sectoral
118989,ICICI Prudential Technology Fund - Direct Growth,2024-01-30,267.5561,267.1548,267.5561,ICICI,Equity,Sectoral
118989,ICICI Prudential Technology Fund - Direct Growth,2024-01-31,270.5783,270.1724,270.5783,ICICI,Equity,Sectoral
118989,ICICI Prudential Technology Fund - Direct Growth,2024-02-01,271.0875,270.6809,271.0875,ICICI,Equity,Sectoral
118989,ICICI Prudential Technology Fund - Direct Growth,2024-02-02,270.7916,270.3854,270.7916,ICICI,Equity,Sectoral
118989,ICICI Prudential Technology Fund - Direct Growth,2024-02-05,273.9167,273.5058,273.9167,ICICI,Equity,Sectoral
118989,ICICI Prudential Technology Fund - Direct Growth,2024-02-06,281.5069,281.0846,281.5069,ICICI,Equity,Sectoral
118989,ICICI Prudential Technology Fund - Direct Growth,2024-02-07,278.7406,278.3225,278.7406,ICICI,Equity,Sectoral
118989,ICICI Prudential Technology Fund - Direct Growth,2024-02-08,280.5851,280.1642,280.5851,ICICI,Equity,Sectoral
118989,ICICI Prudential Technology Fund - Direct Growth,2024-02-09,278.9155,278.4971,278.9155,ICICI,Equity,Sectoral
118989,ICICI Prudential Technology Fund - Direct Growth,2024-02-12,276.7577,276.3426,276.7577,ICICI,Equity,Sectoral
118989,ICICI Prudential Technology Fund - Direct Growth,2024-02-13,286.5599,286.1301,286.5599,ICICI,Equity,Sectoral
118989,ICICI Prudential Technology Fund - Direct Growth,2024-02-14,286.0413,285.6122,286.0413,ICICI,Equity,Sectoral
118989,ICICI Prudential Technology Fund - Direct Growth,2024-02-15,282.2764,281.853,282.2764,ICICI,Equity,Sectoral
118989,ICICI Prudential Technology Fund - Direct Growth,2024-02-16,283.3141,282.8891,283.3141,ICICI,Equity,Sectoral
118989,ICICI Prudential Technology Fund - Direct Growth,2024-02-19,276.3433,275.9288,276.3433,ICICI,Equity,Sectoral
118989,ICICI Prudential Technology Fund - Direct Growth,2024-02-20,279.0888,278.6702,279.0888,ICICI,Equity,Sectoral
118989,ICICI Prudential Technology Fund - Direct Growth,2024-02-21,282.4612,282.0375,282.4612,ICICI,Equity,Sectoral
118989,ICICI Prudential Technology Fund - Direct Growth,2024-02-22,280.8673,280.446,280.8673,ICICI,Equity,Sectoral
118989,ICICI Prudential Technology Fund - Direct Growth,2024-02-23,280.472,280.0513,280.472,ICICI,Equity,Sectoral
118989,ICICI Prudential Technology Fund - Direct Growth,2024-02-26,275.4836,275.0704,275.4836,ICICI,Equity,Sectoral
118989,ICICI Prudential Technology Fund - Direct Growth,2024-02-27,271.3836,270.9765,271.3836,ICICI,Equity,Sectoral
118989,ICICI Prudential Technology Fund - Direct Growth,2024-02-28,270.1419,269.7367,270.1419,ICICI,Equity,Sectoral
118989,ICICI Prudential Technology Fund - Direct Growth,2024-02-29,267.0239,266.6234,267.0239,ICICI,Equity,Sectoral
118989,ICICI Prudential Technology Fund - Direct Growth,2024-03-01,268.8921,268.4888,268.8921,ICICI,Equity,Sectoral
118989,ICICI Prudential Technology Fund - Direct Growth,2024-03-04,264.7204,264.3233,264.7204,ICICI,Equity,Sectoral
118989,ICICI Prudential Technology Fund - Direct Growth,2024-03-05,264.4296,264.033,264.4296,ICICI,Equity,Sectoral
118989,ICICI Prudential Technology Fund - Direct Growth,2024-03-06,264.5852,264.1883,264.5852,ICICI,Equity,Sectoral
118989,ICICI Prudential Technology Fund - Direct Growth,2024-03-07,265.3853,264.9872,265.3853,ICICI,Equity,Sectoral
118989,ICICI Prudential Technology Fund - Direct Growth,2024-03-08,264.0701,263.674,264.0701,ICICI,Equity,Sectoral
118989,ICICI Prudential Technology Fund - Direct Growth,2024-03-11,268.2197,267.8174,268.2197,ICICI,Equity,Sectoral
118989,ICICI Prudential Technology Fund - Direct Growth,2024-03-12,262.0344,261.6413,262.0344,ICICI,Equity,Sectoral
118989,ICICI Prudential Technology Fund - Direct Growth,2024-03-13,260.9791,260.5876,260.9791,ICICI,Equity,Sectoral
118989,ICICI Prudential Technology Fund - Direct Growth,2024-03-14,261.7531,261.3605,261.7531,ICICI,Equity,Sectoral
118989,ICICI Prudential Technology Fund - Direct Growth,2024-03-15,258.9744,258.5859,258.9744,ICICI,Equity,Sectoral
118989,ICICI Prudential Technology Fund - Direct Growth,2024-03-18,262.5221,262.1283,262.5221,ICICI,Equity,Sectoral
118989,ICICI Prudential Technology Fund - Direct Growth,2024-03-19,264.3787,263.9821,264.3787,ICICI,Equity,Sectoral
118989,ICICI Prudential Technology Fund - Direct Growth,2024-03-20,262.6086,262.2147,262.6086,ICICI,Equity,Sectoral
118989,ICICI Prudential Technology Fund - Direct Growth,2024-03-21,256.8945,256.5092,256.8945,ICICI,Equity,Sectoral
118989,ICICI Prudential Technology Fund - Direct Growth,2024-03-22,255.6758,255.2923,255.6758,ICICI,Equity,Sectoral
118989,ICICI Prudential Technology Fund - Direct Growth,2024-03-25,255.476,255.0928,255.476,ICICI,Equity,Sectoral
118989,ICICI Prudential Technology Fund - Direct Growth,2024-03-26,258.416,258.0284,258.416,ICICI,Equity,Sectoral
118989,ICICI Prudential Technology Fund - Direct Growth,2024-03-27,257.4936,257.1074,257.4936,ICICI,Equity,Sectoral
118989,ICICI Prudential Technology Fund - Direct Growth,2024-03-28,256.0202,255.6362,256.0202,ICICI,Equity,Sectoral
118989,ICICI Prudential Technology Fund - Direct Growth,2024-03-29,256.5818,256.1969,256.5818,ICICI,Equity,Sectoral
118989,ICICI Prudential Technology Fund - Direct Growth,2024-04-01,269.318,268.914,269.318,ICICI,Equity,Sectoral
118989,ICICI Prudential Technology Fund - Direct Growth,2024-04-02,273.1741,272.7643,273.1741,ICICI,Equity,Sectoral
118989,ICICI Prudential Technology Fund - Direct Growth,2024-04-03,271.6248,271.2174,271.6248,ICICI,Equity,Sectoral
118989,ICICI Prudential Technology Fund - Direct Growth,2024-04-04,268.3896,267.987,268.3896,ICICI,Equity,Sectoral
118989,ICICI Prudential Technology Fund - Direct Growth,2024-04-05,268.6977,268.2947,268.6977,ICICI,Equity,Sectoral
118989,ICICI Prudential Technology Fund - Direct Growth,2024-04-08,265.3222,264.9242,265.3222,ICICI,Equity,Sectoral
118989,ICICI Prudential Technology Fund - Direct Growth,2024-04-09,266.6997,266.2997,266.6997,ICICI,Equity,Sectoral
118989,ICICI Prudential Technology Fund - Direct Growth,2024-04-10,267.9598,267.5579,267.9598,ICICI,Equity,Sectoral
118989,ICICI Prudential Technology Fund - Direct Growth,2024-04-11,269.6885,269.284,269.6885,ICICI,Equity,Sectoral
118989,ICICI Prudential Technology Fund - Direct Growth,2024-04-12,270.738,270.3319,270.738,ICICI,Equity,Sectoral
118989,ICICI Prudential Technology Fund - Direct Growth,2024-04-15,263.903,263.5071,263.903,ICICI,Equity,Sectoral
118989,ICICI Prudential Technology Fund - Direct Growth,2024-04-16,269.6607,269.2562,269.6607,ICICI,Equity,Sectoral
118989,ICICI Prudential Technology Fund - Direct Growth,2024-04-17,269.8121,269.4074,269.8121,ICICI,Equity,Sectoral
118989,ICICI Prudential Technology Fund - Direct Growth,2024-04-18,269.192,268.7882,269.192,ICICI,Equity,Sectoral
118989,ICICI Prudential Technology Fund - Direct Growth,2024-04-19,266.2994,265.9,266.2994,ICICI,Equity,Sectoral
118989,ICICI Prudential Technology Fund - Direct Growth,2024-04-22,271.0527,270.6461,271.0527,ICICI,Equity,Sectoral
118989,ICICI Prudential Technology Fund - Direct Growth,2024-04-23,272.5137,272.1049,272.5137,ICICI,Equity,Sectoral
118989,ICICI Prudential Technology Fund - Direct Growth,2024-04-24,274.5855,274.1736,274.5855,ICICI,Equity,Sectoral
118989,ICICI Prudential Technology Fund - Direct Growth,2024-04-25,277.8517,277.4349,277.8517,ICICI,Equity,Sectoral
118989,ICICI Prudential Technology Fund - Direct Growth,2024-04-26,283.9898,283.5638,283.9898,ICICI,Equity,Sectoral
118989,ICICI Prudential Technology Fund - Direct Growth,2024-04-29,281.5629,281.1406,281.5629,ICICI,Equity,Sectoral
118989,ICICI Prudential Technology Fund - Direct Growth,2024-04-30,282.7156,282.2915,282.7156,ICICI,Equity,Sectoral
118989,ICICI Prudential Technology Fund - Direct Growth,2024-05-01,289.8453,289.4105,289.8453,ICICI,Equity,Sectoral
118989,ICICI Prudential Technology Fund - Direct Growth,2024-05-02,285.0995,284.6719,285.0995,ICICI,Equity,Sectoral
118989,ICICI Prudential Technology Fund - Direct Growth,2024-05-03,289.3278,288.8938,289.3278,ICICI,Equity,Sectoral
118989,ICICI Prudential Technology Fund - Direct Growth,2024-05-06,292.8591,292.4198,292.8591,ICICI,Equity,Sectoral
118989,ICICI Prudential Technology Fund - Direct Growth,2024-05-07,290.0157,289.5807,290.0157,ICICI,Equity,Sectoral
118989,ICICI Prudential Technology Fund - Direct Growth,2024-05-08,292.7449,292.3058,292.7449,ICICI,Equity,Sectoral
118989,ICICI Prudential Technology Fund - Direct Growth,2024-05-09,295.161,294.7183,295.161,ICICI,Equity,Sectoral
118989,ICICI Prudential Technology Fund - Direct Growth,2024-05-10,298.722,298.2739,298.722,ICICI,Equity,Sectoral
118989,ICICI Prudential Technology Fund - Direct Growth,2024-05-13,291.3302,290.8932,291.3302,ICICI,Equity,Sectoral
118989,ICICI Prudential Technology Fund - Direct Growth,2024-05-14,294.3112,293.8697,294.3112,ICICI,Equity,Sectoral
118989,ICICI Prudential Technology Fund - Direct Growth,2024-05-15,295.926,295.4821,295.926,ICICI,Equity,Sectoral
118989,ICICI Prudential Technology Fund - Direct Growth,2024-05-16,292.6148,292.1759,292.6148,ICICI,Equity,Sectoral
118989,ICICI Prudential Technology Fund - Direct Growth,2024-05-17,290.8407,290.4044,290.8407,ICICI,Equity,Sectoral
118989,ICICI Prudential Technology Fund - Direct Growth,2024-05-20,281.6191,281.1967,281.6191,ICICI,Equity,Sectoral
118989,ICICI Prudential Technology Fund - Direct Growth,2024-05-21,277.9,277.4831,277.9,ICICI,Equity,Sectoral
118989,ICICI Prudential Technology Fund - Direct Growth,2024-05-22,276.6356,276.2206,276.6356,ICICI,Equity,Sectoral
118989,ICICI Prudential Technology Fund - Direct Growth,2024-05-23,274.2941,273.8827,274.2941,ICICI,Equity,Sectoral
118989,ICICI Prudential Technology Fund - Direct Growth,2024-05-24,269.0485,268.6449,269.0485,ICICI,Equity,Sectoral
118989,ICICI Prudential Technology Fund - Direct Growth,2024-05-27,277.4352,277.019,277.4352,ICICI,Equity,Sectoral
118989,ICICI Prudential Technology Fund - Direct Growth,2024-05-28,278.4531,278.0354,278.4531,ICICI,Equity,Sectoral
118989,ICICI Prudential Technology Fund - Direct Growth,2024-05-29,279.9594,279.5395,279.9594,ICICI,Equity,Sectoral
118989,ICICI Prudential Technology Fund - Direct Growth,2024-05-30,284.0729,283.6468,284.0729,ICICI,Equity,Sectoral
118989,ICICI Prudential Technology Fund - Direct Growth,2024-05-31,281.396,280.9739,281.396,ICICI,Equity,Sectoral
118989,ICICI Prudential Technology Fund - Direct Growth,2024-06-03,279.0051,278.5866,279.0051,ICICI,Equity,Sectoral
118989,ICICI Prudential Technology Fund - Direct Growth,2024-06-04,281.5412,281.1189,281.5412,ICICI,Equity,Sectoral
118989,ICICI Prudential Technology Fund - Direct Growth,2024-06-05,286.0146,285.5856,286.0146,ICICI,Equity,Sectoral
118989,ICICI Prudential Technology Fund - Direct Growth,2024-06-06,295.0112,294.5687,295.0112,ICICI,Equity,Sectoral
118989,ICICI Prudential Technology Fund - Direct Growth,2024-06-07,290.882,290.4457,290.882,ICICI,Equity,Sectoral
118989,ICICI Prudential Technology Fund - Direct Growth,2024-06-10,294.9752,294.5327,294.9752,ICICI,Equity,Sectoral
118989,ICICI Prudential Technology Fund - Direct Growth,2024-06-11,289.8881,289.4533,289.8881,ICICI,Equity,Sectoral
118989,ICICI Prudential Technology Fund - Direct Growth,2024-06-12,285.6113,285.1829,285.6113,ICICI,Equity,Sectoral
118989,ICICI Prudential Technology Fund - Direct Growth,2024-06-13,283.0664,282.6418,283.0664,ICICI,Equity,Sectoral
118989,ICICI Prudential Technology Fund - Direct Growth,2024-06-14,283.4479,283.0227,283.4479,ICICI,Equity,Sectoral
118989,ICICI Prudential Technology Fund - Direct Growth,2024-06-17,287.3283,286.8973,287.3283,ICICI,Equity,Sectoral
118989,ICICI Prudential Technology Fund - Direct Growth,2024-06-18,289.5105,289.0762,289.5105,ICICI,Equity,Sectoral
118989,ICICI Prudential Technology Fund - Direct Growth,2024-06-19,295.2502,294.8073,295.2502,ICICI,Equity,Sectoral
118989,ICICI Prudential Technology Fund - Direct Growth,2024-06-20,296.8416,296.3963,296.8416,ICICI,Equity,Sectoral
118989,ICICI Prudential Technology Fund - Direct Growth,2024-06-21,292.6256,292.1867,292.6256,ICICI,Equity,Sectoral
118989,ICICI Prudential Technology Fund - Direct Growth,2024-06-24,298.835,298.3867,298.835,ICICI,Equity,Sectoral
118989,ICICI Prudential Technology Fund - Direct Growth,2024-06-25,304.598,304.1411,304.598,ICICI,Equity,Sectoral
118989,ICICI Prudential Technology Fund - Direct Growth,2024-06-26,306.3891,305.9295,306.3891,ICICI,Equity,Sectoral
118989,ICICI Prudential Technology Fund - Direct Growth,2024-06-27,301.0108,300.5593,301.0108,ICICI,Equity,Sectoral
118989,ICICI Prudential Technology Fund - Direct Growth,2024-06-28,297.8145,297.3678,297.8145,ICICI,Equity,Sectoral
118989,ICICI Prudential Technology Fund - Direct Growth,2024-07-01,302.577,302.1231,302.577,ICICI,Equity,Sectoral
118989,ICICI Prudential Technology Fund - Direct Growth,2024-07-02,305.4533,304.9951,305.4533,ICICI,Equity,Sectoral
118989,ICICI Prudential Technology Fund - Direct Growth,2024-07-03,308.1278,307.6656,308.1278,ICICI,Equity,Sectoral
118989,ICICI Prudential Technology Fund - Direct Growth,2024-07-04,309.2819,308.818,309.2819,ICICI,Equity,Sectoral
118989,ICICI Prudential Technology Fund - Direct Growth,2024-07-05,308.6312,308.1683,308.6312,ICICI,Equity,Sectoral
118989,ICICI Prudential Technology Fund - Direct Growth,2024-07-08,313.0759,312.6063,313.0759,ICICI,Equity,Sectoral
118989,ICICI Prudential Technology Fund - Direct Growth,2024-07-09,312.2345,311.7661,312.2345,ICICI,Equity,Sectoral
118989,ICICI Prudential Technology Fund - Direct Growth,2024-07-10,316.4139,315.9393,316.4139,ICICI,Equity,Sectoral
118989,ICICI Prudential Technology Fund - Direct Growth,2024-07-11,316.0505,315.5764,316.0505,ICICI,Equity,Sectoral
118989,ICICI Prudential Technology Fund - Direct Growth,2024-07-12,312.9469,312.4775,312.9469,ICICI,Equity,Sectoral
118989,ICICI Prudential Technology Fund - Direct Growth,2024-07-15,305.8226,305.3639,305.8226,ICICI,Equity,Sectoral
118989,ICICI Prudential Technology Fund - Direct Growth,2024-07-16,310.4725,310.0068,310.4725,ICICI,Equity,Sectoral
118989,ICICI Prudential Technology Fund - Direct Growth,2024-07-17,307.5972,307.1358,307.5972,ICICI,Equity,Sectoral
118989,ICICI Prudential Technology Fund - Direct Growth,2024-07-18,308.4159,307.9533,308.4159,ICICI,Equity,Sectoral
118989,ICICI Prudential Technology Fund - Direct Growth,2024-07-19,306.1089,305.6497,306.1089,ICICI,Equity,Sectoral
118989,ICICI Prudential Technology Fund - Direct Growth,2024-07-22,299.1919,298.7431,299.1919,ICICI,Equity,Sectoral
118989,ICICI Prudential Technology Fund - Direct Growth,2024-07-23,298.6161,298.1682,298.6161,ICICI,Equity,Sectoral
118989,ICICI Prudential Technology Fund - Direct Growth,2024-07-24,300.6716,300.2206,300.6716,ICICI,Equity,Sectoral
118989,ICICI Prudential Technology Fund - Direct Growth,2024-07-25,301.5975,301.1451,301.5975,ICICI,Equity,Sectoral
118989,ICICI Prudential Technology Fund - Direct Growth,2024-07-26,297.381,296.9349,297.381,ICICI,Equity,Sectoral
118989,ICICI Prudential Technology Fund - Direct Growth,2024-07-29,303.0906,302.636,303.0906,ICICI,Equity,Sectoral
118989,ICICI Prudential Technology Fund - Direct Growth,2024-07-30,303.1784,302.7236,303.1784,ICICI,Equity,Sectoral
118989,ICICI Prudential Technology Fund - Direct Growth,2024-07-31,301.416,300.9639,301.416,ICICI,Equity,Sectoral
118989,ICICI Prudential Technology Fund - Direct Growth,2024-08-01,302.3244,301.8709,302.3244,ICICI,Equity,Sectoral
118989,ICICI Prudential Technology Fund - Direct Growth,2024-08-02,304.1707,303.7144,304.1707,ICICI,Equity,Sectoral
118989,ICICI Prudential Technology Fund - Direct Growth,2024-08-05,295.3217,294.8787,295.3217,ICICI,Equity,Sectoral
118989,ICICI Prudential Technology Fund - Direct Growth,2024-08-06,296.3477,295.9032,296.3477,ICICI,Equity,Sectoral
118989,ICICI Prudential Technology Fund - Direct Growth,2024-08-07,300.7099,300.2588,300.7099,ICICI,Equity,Sectoral
118989,ICICI Prudential Technology Fund - Direct Growth,2024-08-08,298.0453,297.5982,298.0453,ICICI,Equity,Sectoral
118989,ICICI Prudential Technology Fund - Direct Growth,2024-08-09,296.3835,295.9389,296.3835,ICICI,Equity,Sectoral
118989,ICICI Prudential Technology Fund - Direct Growth,2024-08-12,290.8631,290.4268,290.8631,ICICI,Equity,Sectoral
118989,ICICI Prudential Technology Fund - Direct Growth,2024-08-13,293.6698,293.2293,293.6698,ICICI,Equity,Sectoral
118989,ICICI Prudential Technology Fund - Direct Growth,2024-08-14,290.0735,289.6384,290.0735,ICICI,Equity,Sectoral
118989,ICICI Prudential Technology Fund - Direct Growth,2024-08-15,291.6787,291.2412,291.6787,ICICI,Equity,Sectoral
118989,ICICI Prudential Technology Fund - Direct Growth,2024-08-16,285.8385,285.4097,285.8385,ICICI,Equity,Sectoral
118989,ICICI Prudential Technology Fund - Direct Growth,2024-08-19,288.8194,288.3862,288.8194,ICICI,Equity,Sectoral
118989,ICICI Prudential Technology Fund - Direct Growth,2024-08-20,287.9825,287.5505,287.9825,ICICI,Equity,Sectoral
118989,ICICI Prudential Technology Fund - Direct Growth,2024-08-21,280.4907,280.07,280.4907,ICICI,Equity,Sectoral
118989,ICICI Prudential Technology Fund - Direct Growth,2024-08-22,273.8749,273.4641,273.8749,ICICI,Equity,Sectoral
118989,ICICI Prudential Technology Fund - Direct Growth,2024-08-23,274.0963,273.6852,274.0963,ICICI,Equity,Sectoral
118989,ICICI Prudential Technology Fund - Direct Growth,2024-08-26,278.2489,277.8315,278.2489,ICICI,Equity,Sectoral
118989,ICICI Prudential Technology Fund - Direct Growth,2024-08-27,282.241,281.8176,282.241,ICICI,Equity,Sectoral
118989,ICICI Prudential Technology Fund - Direct Growth,2024-08-28,280.5264,280.1056,280.5264,ICICI,Equity,Sectoral
118989,ICICI Prudential Technology Fund - Direct Growth,2024-08-29,283.6512,283.2257,283.6512,ICICI,Equity,Sectoral
118989,ICICI Prudential Technology Fund - Direct Growth,2024-08-30,278.2096,277.7923,278.2096,ICICI,Equity,Sectoral
118989,ICICI Prudential Technology Fund - Direct Growth,2024-09-02,268.6592,268.2562,268.6592,ICICI,Equity,Sectoral
118989,ICICI Prudential Technology Fund - Direct Growth,2024-09-03,268.6175,268.2146,268.6175,ICICI,Equity,Sectoral
118989,ICICI Prudential Technology Fund - Direct Growth,2024-09-04,269.0927,268.6891,269.0927,ICICI,Equity,Sectoral
118989,ICICI Prudential Technology Fund - Direct Growth,2024-09-05,269.4002,268.9961,269.4002,ICICI,Equity,Sectoral
118989,ICICI Prudential Technology Fund - Direct Growth,2024-09-06,266.5094,266.1096,266.5094,ICICI,Equity,Sectoral
118989,ICICI Prudential Technology Fund - Direct Growth,2024-09-09,265.7136,265.315,265.7136,ICICI,Equity,Sectoral
118989,ICICI Prudential Technology Fund - Direct Growth,2024-09-10,264.8518,264.4545,264.8518,ICICI,Equity,Sectoral
118989,ICICI Prudential Technology Fund - Direct Growth,2024-09-11,263.404,263.0089,263.404,ICICI,Equity,Sectoral
118989,ICICI Prudential Technology Fund - Direct Growth,2024-09-12,268.5318,268.129,268.5318,ICICI,Equity,Sectoral
118989,ICICI Prudential Technology Fund - Direct Growth,2024-09-13,264.6362,264.2392,264.6362,ICICI,Equity,Sectoral
118989,ICICI Prudential Technology Fund - Direct Growth,2024-09-16,257.7296,257.343,257.7296,ICICI,Equity,Sectoral
118989,ICICI Prudential Technology Fund - Direct Growth,2024-09-17,259.1676,258.7788,259.1676,ICICI,Equity,Sectoral
118989,ICICI Prudential Technology Fund - Direct Growth,2024-09-18,261.5717,261.1793,261.5717,ICICI,Equity,Sectoral
118989,ICICI Prudential Technology Fund - Direct Growth,2024-09-19,269.7495,269.3449,269.7495,ICICI,Equity,Sectoral
118989,ICICI Prudential Technology Fund - Direct Growth,2024-09-20,262.576,262.1821,262.576,ICICI,Equity,Sectoral
118989,ICICI Prudential Technology Fund - Direct Growth,2024-09-23,261.1908,260.799,261.1908,ICICI,Equity,Sectoral
118989,ICICI Prudential Technology Fund - Direct Growth,2024-09-24,259.3527,258.9637,259.3527,ICICI,Equity,Sectoral
118989,ICICI Prudential Technology Fund - Direct Growth,2024-09-25,256.6281,256.2432,256.6281,ICICI,Equity,Sectoral
118989,ICICI Prudential Technology Fund - Direct Growth,2024-09-26,261.9183,261.5254,261.9183,ICICI,Equity,Sectoral
118989,ICICI Prudential Technology Fund - Direct Growth,2024-09-27,264.6704,264.2734,264.6704,ICICI,Equity,Sectoral
118989,ICICI Prudential Technology Fund - Direct Growth,2024-09-30,264.4703,264.0736,264.4703,ICICI,Equity,Sectoral
118989,ICICI Prudential Technology Fund - Direct Growth,2024-10-01,260.3529,259.9624,260.3529,ICICI,Equity,Sectoral
118989,ICICI Prudential Technology Fund - Direct Growth,2024-10-02,253.6526,253.2721,253.6526,ICICI,Equity,Sectoral
118989,ICICI Prudential Technology Fund - Direct Growth,2024-10-03,251.6252,251.2478,251.6252,ICICI,Equity,Sectoral
118989,ICICI Prudential Technology Fund - Direct Growth,2024-10-04,252.2141,251.8358,252.2141,ICICI,Equity,Sectoral
118989,ICICI Prudential Technology Fund - Direct Growth,2024-10-07,248.9944,248.6209,248.9944,ICICI,Equity,Sectoral
118989,ICICI Prudential Technology Fund - Direct Growth,2024-10-08,251.4938,251.1166,251.4938,ICICI,Equity,Sectoral
118989,ICICI Prudential Technology Fund - Direct Growth,2024-10-09,252.3176,251.9391,252.3176,ICICI,Equity,Sectoral
118989,ICICI Prudential Technology Fund - Direct Growth,2024-10-10,254.6381,254.2561,254.6381,ICICI,Equity,Sectoral
118989,ICICI Prudential Technology Fund - Direct Growth,2024-10-11,248.9563,248.5829,248.9563,ICICI,Equity,Sectoral
118989,ICICI Prudential Technology Fund - Direct Growth,2024-10-14,245.4466,245.0784,245.4466,ICICI,Equity,Sectoral
118989,ICICI Prudential Technology Fund - Direct Growth,2024-10-15,247.1187,246.748,247.1187,ICICI,Equity,Sectoral
118989,ICICI Prudential Technology Fund - Direct Growth,2024-10-16,247.4877,247.1165,247.4877,ICICI,Equity,Sectoral
118989,ICICI Prudential Technology Fund - Direct Growth,2024-10-17,245.0577,244.6901,245.0577,ICICI,Equity,Sectoral
118989,ICICI Prudential Technology Fund - Direct Growth,2024-10-18,245.1742,244.8064,245.1742,ICICI,Equity,Sectoral
118989,ICICI Prudential Technology Fund - Direct Growth,2024-10-21,243.6822,243.3167,243.6822,ICICI,Equity,Sectoral
118989,ICICI Prudential Technology Fund - Direct Growth,2024-10-22,247.0505,246.6799,247.0505,ICICI,Equity,Sectoral
118989,ICICI Prudential Technology Fund - Direct Growth,2024-10-23,245.5884,245.22,245.5884,ICICI,Equity,Sectoral
118989,ICICI Prudential Technology Fund - Direct Growth,2024-10-24,244.1436,243.7774,244.1436,ICICI,Equity,Sectoral
118989,ICICI Prudential Technology Fund - Direct Growth,2024-10-25,242.0024,241.6394,242.0024,ICICI,Equity,Sectoral
118989,ICICI Prudential Technology Fund - Direct Growth,2024-10-28,244.6329,244.266,244.6329,ICICI,Equity,Sectoral
118989,ICICI Prudential Technology Fund - Direct Growth,2024-10-29,243.608,243.2426,243.608,ICICI,Equity,Sectoral
118989,ICICI Prudential Technology Fund - Direct Growth,2024-10-30,237.9291,237.5722,237.9291,ICICI,Equity,Sectoral
118989,ICICI Prudential Technology Fund - Direct Growth,2024-10-31,236.3959,236.0413,236.3959,ICICI,Equity,Sectoral
118989,ICICI Prudential Technology Fund - Direct Growth,2024-11-01,233.1456,232.7959,233.1456,ICICI,Equity,Sectoral
118989,ICICI Prudential Technology Fund - Direct Growth,2024-11-04,232.7427,232.3936,232.7427,ICICI,Equity,Sectoral
118989,ICICI Prudential Technology Fund - Direct Growth,2024-11-05,232.5814,232.2325,232.5814,ICICI,Equity,Sectoral
118989,ICICI Prudential Technology Fund - Direct Growth,2024-11-06,232.1788,231.8305,232.1788,ICICI,Equity,Sectoral
118989,ICICI Prudential Technology Fund - Direct Growth,2024-11-07,234.0991,233.748,234.0991,ICICI,Equity,Sectoral
118989,ICICI Prudential Technology Fund - Direct Growth,2024-11-08,236.9005,236.5451,236.9005,ICICI,Equity,Sectoral
118989,ICICI Prudential Technology Fund - Direct Growth,2024-11-11,229.9349,229.59,229.9349,ICICI,Equity,Sectoral
118989,ICICI Prudential Technology Fund - Direct Growth,2024-11-12,228.1339,227.7917,228.1339,ICICI,Equity,Sectoral
118989,ICICI Prudential Technology Fund - Direct Growth,2024-11-13,226.5355,226.1957,226.5355,ICICI,Equity,Sectoral
118989,ICICI Prudential Technology Fund - Direct Growth,2024-11-14,226.9171,226.5767,226.9171,ICICI,Equity,Sectoral
118989,ICICI Prudential Technology Fund - Direct Growth,2024-11-15,226.068,225.7289,226.068,ICICI,Equity,Sectoral
118989,ICICI Prudential Technology Fund - Direct Growth,2024-11-18,226.3742,226.0346,226.3742,ICICI,Equity,Sectoral
118989,ICICI Prudential Technology Fund - Direct Growth,2024-11-19,229.681,229.3365,229.681,ICICI,Equity,Sectoral
118989,ICICI Prudential Technology Fund - Direct Growth,2024-11-20,230.715,230.3689,230.715,ICICI,Equity,Sectoral
118989,ICICI Prudential Technology Fund - Direct Growth,2024-11-21,230.6411,230.2951,230.6411,ICICI,Equity,Sectoral
118989,ICICI Prudential Technology Fund - Direct Growth,2024-11-22,229.0674,228.7238,229.0674,ICICI,Equity,Sectoral
118989,ICICI Prudential Technology Fund - Direct Growth,2024-11-25,223.8161,223.4804,223.8161,ICICI,Equity,Sectoral
118989,ICICI Prudential Technology Fund - Direct Growth,2024-11-26,225.9352,225.5963,225.9352,ICICI,Equity,Sectoral
118989,ICICI Prudential Technology Fund - Direct Growth,2024-11-27,225.424,225.0859,225.424,ICICI,Equity,Sectoral
118989,ICICI Prudential Technology Fund - Direct Growth,2024-11-28,221.8629,221.5301,221.8629,ICICI,Equity,Sectoral
118989,ICICI Prudential Technology Fund - Direct Growth,2024-11-29,226.6591,226.3191,226.6591,ICICI,Equity,Sectoral
118989,ICICI Prudential Technology Fund - Direct Growth,2024-12-02,222.7707,222.4365,222.7707,ICICI,Equity,Sectoral
118989,ICICI Prudential Technology Fund - Direct Growth,2024-12-03,223.1562,222.8215,223.1562,ICICI,Equity,Sectoral
118989,ICICI Prudential Technology Fund - Direct Growth,2024-12-04,227.8101,227.4684,227.8101,ICICI,Equity,Sectoral
118989,ICICI Prudential Technology Fund - Direct Growth,2024-12-05,224.872,224.5347,224.872,ICICI,Equity,Sectoral
118989,ICICI Prudential Technology Fund - Direct Growth,2024-12-06,227.5958,227.2544,227.5958,ICICI,Equity,Sectoral
118989,ICICI Prudential Technology Fund - Direct Growth,2024-12-09,229.1816,228.8378,229.1816,ICICI,Equity,Sectoral
118989,ICICI Prudential Technology Fund - Direct Growth,2024-12-10,226.4232,226.0836,226.4232,ICICI,Equity,Sectoral
118989,ICICI Prudential Technology Fund - Direct Growth,2024-12-11,225.9609,225.622,225.9609,ICICI,Equity,Sectoral
118989,ICICI Prudential Technology Fund - Direct Growth,2024-12-12,225.9521,225.6132,225.9521,ICICI,Equity,Sectoral
118989,ICICI Prudential Technology Fund - Direct Growth,2024-12-13,227.8311,227.4894,227.8311,ICICI,Equity,Sectoral
118989,ICICI Prudential Technology Fund - Direct Growth,2024-12-16,223.6095,223.2741,223.6095,ICICI,Equity,Sectoral
118989,ICICI Prudential Technology Fund - Direct Growth,2024-12-17,223.6419,223.3064,223.6419,ICICI,Equity,Sectoral
118989,ICICI Prudential Technology Fund - Direct Growth,2024-12-18,224.5191,224.1823,224.5191,ICICI,Equity,Sectoral
118989,ICICI Prudential Technology Fund - Direct Growth,2024-12-19,225.2809,224.943,225.2809,ICICI,Equity,Sectoral
118989,ICICI Prudential Technology Fund - Direct Growth,2024-12-20,224.4879,224.1512,224.4879,ICICI,Equity,Sectoral
118989,ICICI Prudential Technology Fund - Direct Growth,2024-12-23,230.235,229.8896,230.235,ICICI,Equity,Sectoral
118989,ICICI Prudential Technology Fund - Direct Growth,2024-12-24,229.2955,228.9516,229.2955,ICICI,Equity,Sectoral
118989,ICICI Prudential Technology Fund - Direct Growth,2024-12-25,228.0109,227.6689,228.0109,ICICI,Equity,Sectoral
118989,ICICI Prudential Technology Fund - Direct Growth,2024-12-26,227.6374,227.2959,227.6374,ICICI,Equity,Sectoral
118989,ICICI Prudential Technology Fund - Direct Growth,2024-12-27,232.1995,231.8512,232.1995,ICICI,Equity,Sectoral
118989,ICICI Prudential Technology Fund - Direct Growth,2024-12-30,230.5703,230.2244,230.5703,ICICI,Equity,Sectoral
118989,ICICI Prudential Technology Fund - Direct Growth,2024-12-31,233.7032,233.3526,233.7032,ICICI,Equity,Sectoral
119598,Kotak Bluechip Fund - Direct Growth,2022-01-03,64.6029,64.506,64.6029,KOTAK,Equity,Large Cap
119598,Kotak Bluechip Fund - Direct Growth,2022-01-04,64.6573,64.5603,64.6573,KOTAK,Equity,Large Cap
119598,Kotak Bluechip Fund - Direct Growth,2022-01-05,62.8332,62.739,62.8332,KOTAK,Equity,Large Cap
119598,Kotak Bluechip Fund - Direct Growth,2022-01-06,63.4202,63.3251,63.4202,KOTAK,Equity,Large Cap
119598,Kotak Bluechip Fund - Direct Growth,2022-01-07,63.5477,63.4524,63.5477,KOTAK,Equity,Large Cap
119598,Kotak Bluechip Fund - Direct Growth,2022-01-10,63.1128,63.0181,63.1128,KOTAK,Equity,Large Cap
119598,Kotak Bluechip Fund - Direct Growth,2022-01-11,62.8268,62.7326,62.8268,KOTAK,Equity,Large Cap
119598,Kotak Bluechip Fund - Direct Growth,2022-01-12,63.6222,63.5268,63.6222,KOTAK,Equity,Large Cap
119598,Kotak Bluechip Fund - Direct Growth,2022-01-13,63.3585,63.2635,63.3585,KOTAK,Equity,Large Cap
119598,Kotak Bluechip Fund - Direct Growth,2022-01-14,64.9673,64.8698,64.9673,KOTAK,Equity,Large Cap
119598,Kotak Bluechip Fund - Direct Growth,2022-01-17,64.2818,64.1854,64.2818,KOTAK,Equity,Large Cap
119598,Kotak Bluechip Fund - Direct Growth,2022-01-18,63.8048,63.7091,63.8048,KOTAK,Equity,Large Cap
119598,Kotak Bluechip Fund - Direct Growth,2022-01-19,62.1502,62.057,62.1502,KOTAK,Equity,Large Cap
119598,Kotak Bluechip Fund - Direct Growth,2022-01-20,63.3679,63.2728,63.3679,KOTAK,Equity,Large Cap
119598,Kotak Bluechip Fund - Direct Growth,2022-01-21,63.9279,63.832,63.9279,KOTAK,Equity,Large Cap
119598,Kotak Bluechip Fund - Direct Growth,2022-01-24,63.4719,63.3767,63.4719,KOTAK,Equity,Large Cap
119598,Kotak Bluechip Fund - Direct Growth,2022-01-25,63.1289,63.0342,63.1289,KOTAK,Equity,Large Cap
119598,Kotak Bluechip Fund - Direct Growth,2022-01-26,63.7918,63.6961,63.7918,KOTAK,Equity,Large Cap
119598,Kotak Bluechip Fund - Direct Growth,2022-01-27,63.0126,62.9181,63.0126,KOTAK,Equity,Large Cap
119598,Kotak Bluechip Fund - Direct Growth,2022-01-28,61.1234,61.0317,61.1234,KOTAK,Equity,Large Cap
119598,Kotak Bluechip Fund - Direct Growth,2022-01-31,61.0254,60.9339,61.0254,KOTAK,Equity,Large Cap
119598,Kotak Bluechip Fund - Direct Growth,2022-02-01,61.5833,61.4909,61.5833,KOTAK,Equity,Large Cap
119598,Kotak Bluechip Fund - Direct Growth,2022-02-02,62.0791,61.986,62.0791,KOTAK,Equity,Large Cap
119598,Kotak Bluechip Fund - Direct Growth,2022-02-03,62.2967,62.2033,62.2967,KOTAK,Equity,Large Cap
119598,Kotak Bluechip Fund - Direct Growth,2022-02-04,63.2154,63.1206,63.2154,KOTAK,Equity,Large Cap
119598,Kotak Bluechip Fund - Direct Growth,2022-02-07,62.984,62.8895,62.984,KOTAK,Equity,Large Cap
119598,Kotak Bluechip Fund - Direct Growth,2022-02-08,62.0723,61.9792,62.0723,KOTAK,Equity,Large Cap
119598,Kotak Bluechip Fund - Direct Growth,2022-02-09,60.9777,60.8862,60.9777,KOTAK,Equity,Large Cap
119598,Kotak Bluechip Fund - Direct Growth,2022-02-10,60.4563,60.3656,60.4563,KOTAK,Equity,Large Cap
119598,Kotak Bluechip Fund - Direct Growth,2022-02-11,60.0006,59.9106,60.0006,KOTAK,Equity,Large Cap
119598,Kotak Bluechip Fund - Direct Growth,2022-02-14,59.5507,59.4614,59.5507,KOTAK,Equity,Large Cap
119598,Kotak Bluechip Fund - Direct Growth,2022-02-15,59.1374,59.0487,59.1374,KOTAK,Equity,Large Cap
119598,Kotak Bluechip Fund - Direct Growth,2022-02-16,59.9549,59.865,59.9549,KOTAK,Equity,Large Cap
119598,Kotak Bluechip Fund - Direct Growth,2022-02-17,59.9883,59.8983,59.9883,KOTAK,Equity,Large Cap
119598,Kotak Bluechip Fund - Direct Growth,2022-02-18,59.8833,59.7935,59.8833,KOTAK,Equity,Large Cap
119598,Kotak Bluechip Fund - Direct Growth,2022-02-21,60.2577,60.1673,60.2577,KOTAK,Equity,Large Cap
119598,Kotak Bluechip Fund - Direct Growth,2022-02-22,61.233,61.1412,61.233,KOTAK,Equity,Large Cap
119598,Kotak Bluechip Fund - Direct Growth,2022-02-23,61.4122,61.3201,61.4122,KOTAK,Equity,Large Cap
119598,Kotak Bluechip Fund - Direct Growth,2022-02-24,61.3185,61.2265,61.3185,KOTAK,Equity,Large Cap
119598,Kotak Bluechip Fund - Direct Growth,2022-02-25,63.1832,63.0884,63.1832,KOTAK,Equity,Large Cap
119598,Kotak Bluechip Fund - Direct Growth,2022-02-28,61.2737,61.1818,61.2737,KOTAK,Equity,Large Cap
119598,Kotak Bluechip Fund - Direct Growth,2022-03-01,61.9985,61.9055,61.9985,KOTAK,Equity,Large Cap
119598,Kotak Bluechip Fund - Direct Growth,2022-03-03,64.5734,64.4765,64.5734,KOTAK,Equity,Large Cap
119598,Kotak Bluechip Fund - Direct Growth,2022-03-04,65.5476,65.4493,65.5476,KOTAK,Equity,Large Cap
119598,Kotak Bluechip Fund - Direct Growth,2022-03-07,63.8772,63.7814,63.8772,KOTAK,Equity,Large Cap
119598,Kotak Bluechip Fund - Direct Growth,2022-03-08,65.4633,65.3651,65.4633,KOTAK,Equity,Large Cap
119598,Kotak Bluechip Fund - Direct Growth,2022-03-09,65.8579,65.7591,65.8579,KOTAK,Equity,Large Cap
119598,Kotak Bluechip Fund - Direct Growth,2022-03-10,65.4955,65.3973,65.4955,KOTAK,Equity,Large Cap
119598,Kotak Bluechip Fund - Direct Growth,2022-03-11,66.5655,66.4657,66.5655,KOTAK,Equity,Large Cap
119598,Kotak Bluechip Fund - Direct Growth,2022-03-14,66.052,65.9529,66.052,KOTAK,Equity,Large Cap
119598,Kotak Bluechip Fund - Direct Growth,2022-03-15,66.5847,66.4848,66.5847,KOTAK,Equity,Large Cap
119598,Kotak Bluechip Fund - Direct Growth,2022-03-16,66.5605,66.4607,66.5605,KOTAK,Equity,Large Cap
119598,Kotak Bluechip Fund - Direct Growth,2022-03-17,65.4282,65.3301,65.4282,KOTAK,Equity,Large Cap
119598,Kotak Bluechip Fund - Direct Growth,2022-03-18,65.5137,65.4154,65.5137,KOTAK,Equity,Large Cap
119598,Kotak Bluechip Fund - Direct Growth,2022-03-21,67.0117,66.9112,67.0117,KOTAK,Equity,Large Cap
119598,Kotak Bluechip Fund - Direct Growth,2022-03-22,66.1978,66.0985,66.1978,KOTAK,Equity,Large Cap
119598,Kotak Bluechip Fund - Direct Growth,2022-03-23,66.2034,66.1041,66.2034,KOTAK,Equity,Large Cap
119598,Kotak Bluechip Fund - Direct Growth,2022-03-24,65.7337,65.6351,65.7337,KOTAK,Equity,Large Cap
119598,Kotak Bluechip Fund - Direct Growth,2022-03-25,66.3492,66.2497,66.3492,KOTAK,Equity,Large Cap
119598,Kotak Bluechip Fund - Direct Growth,2022-03-28,67.8782,67.7764,67.8782,KOTAK,Equity,Large Cap
119598,Kotak Bluechip Fund - Direct Growth,2022-03-29,68.4687,68.366,68.4687,KOTAK,Equity,Large Cap
119598,Kotak Bluechip Fund - Direct Growth,2022-03-30,68.7205,68.6174,68.7205,KOTAK,Equity,Large Cap
119598,Kotak Bluechip Fund - Direct Growth,2022-03-31,67.9248,67.8229,67.9248,KOTAK,Equity,Large Cap
119598,Kotak Bluechip Fund - Direct Growth,2022-04-01,67.9497,67.8478,67.9497,KOTAK,Equity,Large Cap
119598,Kotak Bluechip Fund - Direct Growth,2022-04-04,67.0149,66.9144,67.0149,KOTAK,Equity,Large Cap
119598,Kotak Bluechip Fund - Direct Growth,2022-04-05,66.2537,66.1543,66.2537,KOTAK,Equity,Large Cap
119598,Kotak Bluechip Fund - Direct Growth,2022-04-06,64.724,64.6269,64.724,KOTAK,Equity,Large Cap
119598,Kotak Bluechip Fund - Direct Growth,2022-04-07,64.231,64.1347,64.231,KOTAK,Equity,Large Cap
119598,Kotak Bluechip Fund - Direct Growth,2022-04-08,64.4057,64.3091,64.4057,KOTAK,Equity,Large Cap
119598,Kotak Bluechip Fund - Direct Growth,2022-04-11,64.8985,64.8012,64.8985,KOTAK,Equity,Large Cap
119598,Kotak Bluechip Fund - Direct Growth,2022-04-12,65.7212,65.6226,65.7212,KOTAK,Equity,Large Cap
119598,Kotak Bluechip Fund - Direct Growth,2022-04-13,67.0437,66.9431,67.0437,KOTAK,Equity,Large Cap
119598,Kotak Bluechip Fund - Direct Growth,2022-04-14,67.3852,67.2841,67.3852,KOTAK,Equity,Large Cap
119598,Kotak Bluechip Fund - Direct Growth,2022-04-15,68.3562,68.2537,68.3562,KOTAK,Equity,Large Cap
119598,Kotak Bluechip Fund - Direct Growth,2022-04-18,65.1077,65.01,65.1077,KOTAK,Equity,Large Cap
119598,Kotak Bluechip Fund - Direct Growth,2022-04-19,66.0605,65.9614,66.0605,KOTAK,Equity,Large Cap
119598,Kotak Bluechip Fund - Direct Growth,2022-04-20,67.308,67.207,67.308,KOTAK,Equity,Large Cap
119598,Kotak Bluechip Fund - Direct Growth,2022-04-21,66.8881,66.7878,66.8881,KOTAK,Equity,Large Cap
119598,Kotak Bluechip Fund - Direct Growth,2022-04-22,66.711,66.6109,66.711,KOTAK,Equity,Large Cap
119598,Kotak Bluechip Fund - Direct Growth,2022-04-25,67.3881,67.287,67.3881,KOTAK,Equity,Large Cap
119598,Kotak Bluechip Fund - Direct Growth,2022-04-26,66.0058,65.9068,66.0058,KOTAK,Equity,Large Cap
119598,Kotak Bluechip Fund - Direct Growth,2022-04-27,66.3565,66.257,66.3565,KOTAK,Equity,Large Cap
119598,Kotak Bluechip Fund - Direct Growth,2022-04-28,66.1627,66.0635,66.1627,KOTAK,Equity,Large Cap
119598,Kotak Bluechip Fund - Direct Growth,2022-04-29,66.2792,66.1798,66.2792,KOTAK,Equity,Large Cap
119598,Kotak Bluechip Fund - Direct Growth,2022-05-02,66.4908,66.3911,66.4908,KOTAK,Equity,Large Cap
119598,Kotak Bluechip Fund - Direct Growth,2022-05-03,66.3467,66.2472,66.3467,KOTAK,Equity,Large Cap
119598,Kotak Bluechip Fund - Direct Growth,2022-05-04,67.1458,67.0451,67.1458,KOTAK,Equity,Large Cap
119598,Kotak Bluechip Fund - Direct Growth,2022-05-05,67.5101,67.4088,67.5101,KOTAK,Equity,Large Cap
119598,Kotak Bluechip Fund - Direct Growth,2022-05-06,67.7158,67.6142,67.7158,KOTAK,Equity,Large Cap
119598,Kotak Bluechip Fund - Direct Growth,2022-05-09,67.1767,67.0759,67.1767,KOTAK,Equity,Large Cap
119598,Kotak Bluechip Fund - Direct Growth,2022-05-10,67.234,67.1331,67.234,KOTAK,Equity,Large Cap
119598,Kotak Bluechip Fund - Direct Growth,2022-05-11,67.793,67.6913,67.793,KOTAK,Equity,Large Cap
119598,Kotak Bluechip Fund - Direct Growth,2022-05-12,69.2572,69.1533,69.2572,KOTAK,Equity,Large Cap
119598,Kotak Bluechip Fund - Direct Growth,2022-05-13,70.1481,70.0429,70.1481,KOTAK,Equity,Large Cap
119598,Kotak Bluechip Fund - Direct Growth,2022-05-16,67.7394,67.6378,67.7394,KOTAK,Equity,Large Cap
119598,Kotak Bluechip Fund - Direct Growth,2022-05-17,67.6296,67.5282,67.6296,KOTAK,Equity,Large Cap
119598,Kotak Bluechip Fund - Direct Growth,2022-05-18,67.3921,67.291,67.3921,KOTAK,Equity,Large Cap
119598,Kotak Bluechip Fund - Direct Growth,2022-05-19,67.7347,67.6331,67.7347,KOTAK,Equity,Large Cap
119598,Kotak Bluechip Fund - Direct Growth,2022-05-20,67.6367,67.5352,67.6367,KOTAK,Equity,Large Cap
119598,Kotak Bluechip Fund - Direct Growth,2022-05-23,65.2734,65.1755,65.2734,KOTAK,Equity,Large Cap
119598,Kotak Bluechip Fund - Direct Growth,2022-05-24,65.6729,65.5744,65.6729,KOTAK,Equity,Large Cap
119598,Kotak Bluechip Fund - Direct Growth,2022-05-25,67.0514,66.9508,67.0514,KOTAK,Equity,Large Cap
119598,Kotak Bluechip Fund - Direct Growth,2022-05-26,66.9997,66.8992,66.9997,KOTAK,Equity,Large Cap
119598,Kotak Bluechip Fund - Direct Growth,2022-05-27,67.2901,67.1892,67.2901,KOTAK,Equity,Large Cap
119598,Kotak Bluechip Fund - Direct Growth,2022-05-30,67.7747,67.673,67.7747,KOTAK,Equity,Large Cap
119598,Kotak Bluechip Fund - Direct Growth,2022-05-31,67.1996,67.0988,67.1996,KOTAK,Equity,Large Cap
119598,Kotak Bluechip Fund - Direct Growth,2022-06-01,67.9239,67.822,67.9239,KOTAK,Equity,Large Cap
119598,Kotak Bluechip Fund - Direct Growth,2022-06-02,68.0745,67.9724,68.0745,KOTAK,Equity,Large Cap
119598,Kotak Bluechip Fund - Direct Growth,2022-06-03,68.3455,68.243,68.3455,KOTAK,Equity,Large Cap
119598,Kotak Bluechip Fund - Direct Growth,2022-06-06,70.0695,69.9644,70.0695,KOTAK,Equity,Large Cap
119598,Kotak Bluechip Fund - Direct Growth,2022-06-07,69.25,69.1461,69.25,KOTAK,Equity,Large Cap
119598,Kotak Bluechip Fund - Direct Growth,2022-06-08,68.9954,68.8919,68.9954,KOTAK,Equity,Large Cap
119598,Kotak Bluechip Fund - Direct Growth,2022-06-09,69.2148,69.111,69.2148,KOTAK,Equity,Large Cap
119598,Kotak Bluechip Fund - Direct Growth,2022-06-10,69.8957,69.7909,69.8957,KOTAK,Equity,Large Cap
119598,Kotak Bluechip Fund - Direct Growth,2022-06-13,68.2425,68.1401,68.2425,KOTAK,Equity,Large Cap
119598,Kotak Bluechip Fund - Direct Growth,2022-06-14,68.8926,68.7893,68.8926,KOTAK,Equity,Large Cap
119598,Kotak Bluechip Fund - Direct Growth,2022-06-15,67.4792,67.378,67.4792,KOTAK,Equity,Large Cap
119598,Kotak Bluechip Fund - Direct Growth,2022-06-16,67.0142,66.9137,67.0142,KOTAK,Equity,Large Cap
119598,Kotak Bluechip Fund - Direct Growth,2022-06-17,68.3021,68.1996,68.3021,KOTAK,Equity,Large Cap
119598,Kotak Bluechip Fund - Direct Growth,2022-06-20,70.2064,70.1011,70.2064,KOTAK,Equity,Large Cap
119598,Kotak Bluechip Fund - Direct Growth,2022-06-21,70.3044,70.1989,70.3044,KOTAK,Equity,Large Cap
119598,Kotak Bluechip Fund - Direct Growth,2022-06-22,70.2221,70.1168,70.2221,KOTAK,Equity,Large Cap
119598,Kotak Bluechip Fund - Direct Growth,2022-06-23,71.2009,71.0941,71.2009,KOTAK,Equity,Large Cap
119598,Kotak Bluechip Fund - Direct Growth,2022-06-24,70.4811,70.3754,70.4811,KOTAK,Equity,Large Cap
119598,Kotak Bluechip Fund - Direct Growth,2022-06-27,70.6929,70.5869,70.6929,KOTAK,Equity,Large Cap
119598,Kotak Bluechip Fund - Direct Growth,2022-06-28,71.8906,71.7828,71.8906,KOTAK,Equity,Large Cap
119598,Kotak Bluechip Fund - Direct Growth,2022-06-29,71.3401,71.2331,71.3401,KOTAK,Equity,Large Cap
119598,Kotak Bluechip Fund - Direct Growth,2022-06-30,71.3217,71.2147,71.3217,KOTAK,Equity,Large Cap
119598,Kotak Bluechip Fund - Direct Growth,2022-07-01,70.5608,70.455,70.5608,KOTAK,Equity,Large Cap
119598,Kotak Bluechip Fund - Direct Growth,2022-07-04,68.9928,68.8893,68.9928,KOTAK,Equity,Large Cap
119598,Kotak Bluechip Fund - Direct Growth,2022-07-05,67.8313,67.7296,67.8313,KOTAK,Equity,Large Cap
119598,Kotak Bluechip Fund - Direct Growth,2022-07-06,68.4233,68.3207,68.4233,KOTAK,Equity,Large Cap
119598,Kotak Bluechip Fund - Direct Growth,2022-07-07,69.039,68.9354,69.039,KOTAK,Equity,Large Cap
119598,Kotak Bluechip Fund - Direct Growth,2022-07-08,67.6331,67.5317,67.6331,KOTAK,Equity,Large Cap
119598,Kotak Bluechip Fund - Direct Growth,2022-07-11,70.8977,70.7914,70.8977,KOTAK,Equity,Large Cap
119598,Kotak Bluechip Fund - Direct Growth,2022-07-12,70.3806,70.275,70.3806,KOTAK,Equity,Large Cap
119598,Kotak Bluechip Fund - Direct Growth,2022-07-13,72.7941,72.6849,72.7941,KOTAK,Equity,Large Cap
119598,Kotak Bluechip Fund - Direct Growth,2022-07-14,71.6711,71.5636,71.6711,KOTAK,Equity,Large Cap
119598,Kotak Bluechip Fund - Direct Growth,2022-07-15,71.7171,71.6095,71.7171,KOTAK,Equity,Large Cap
119598,Kotak Bluechip Fund - Direct Growth,2022-07-18,73.4346,73.3244,73.4346,KOTAK,Equity,Large Cap
119598,Kotak Bluechip Fund - Direct Growth,2022-07-19,73.0246,72.9151,73.0246,KOTAK,Equity,Large Cap
119598,Kotak Bluechip Fund - Direct Growth,2022-07-20,72.2203,72.112,72.2203,KOTAK,Equity,Large Cap
119598,Kotak Bluechip Fund - Direct Growth,2022-07-21,71.953,71.8451,71.953,KOTAK,Equity,Large Cap
119598,Kotak Bluechip Fund - Direct Growth,2022-07-22,71.1124,71.0057,71.1124,KOTAK,Equity,Large Cap
119598,Kotak Bluechip Fund - Direct Growth,2022-07-25,69.4884,69.3842,69.4884,KOTAK,Equity,Large Cap
119598,Kotak Bluechip Fund - Direct Growth,2022-07-26,70.5628,70.457,70.5628,KOTAK,Equity,Large Cap
119598,Kotak Bluechip Fund - Direct Growth,2022-07-27,70.1696,70.0643,70.1696,KOTAK,Equity,Large Cap
119598,Kotak Bluechip Fund - Direct Growth,2022-07-28,69.1299,69.0262,69.1299,KOTAK,Equity,Large Cap
119598,Kotak Bluechip Fund - Direct Growth,2022-07-29,69.018,68.9145,69.018,KOTAK,Equity,Large Cap
119598,Kotak Bluechip Fund - Direct Growth,2022-08-01,67.978,67.876,67.978,KOTAK,Equity,Large Cap
119598,Kotak Bluechip Fund - Direct Growth,2022-08-02,67.151,67.0503,67.151,KOTAK,Equity,Large Cap
119598,Kotak Bluechip Fund - Direct Growth,2022-08-03,68.5566,68.4538,68.5566,KOTAK,Equity,Large Cap
119598,Kotak Bluechip Fund - Direct Growth,2022-08-04,69.0151,68.9116,69.0151,KOTAK,Equity,Large Cap
119598,Kotak Bluechip Fund - Direct Growth,2022-08-05,68.7115,68.6084,68.7115,KOTAK,Equity,Large Cap
119598,Kotak Bluechip Fund - Direct Growth,2022-08-08,68.5937,68.4908,68.5937,KOTAK,Equity,Large Cap
119598,Kotak Bluechip Fund - Direct Growth,2022-08-09,68.6002,68.4973,68.6002,KOTAK,Equity,Large Cap
119598,Kotak Bluechip Fund - Direct Growth,2022-08-10,68.4489,68.3462,68.4489,KOTAK,Equity,Large Cap
119598,Kotak Bluechip Fund - Direct Growth,2022-08-11,68.5242,68.4214,68.5242,KOTAK,Equity,Large Cap
119598,Kotak Bluechip Fund - Direct Growth,2022-08-12,68.0551,67.953,68.0551,KOTAK,Equity,Large Cap
119598,Kotak Bluechip Fund - Direct Growth,2022-08-15,66.9313,66.8309,66.9313,KOTAK,Equity,Large Cap
119598,Kotak Bluechip Fund - Direct Growth,2022-08-16,67.1981,67.0973,67.1981,KOTAK,Equity,Large Cap
119598,Kotak Bluechip Fund - Direct Growth,2022-08-17,66.6013,66.5014,66.6013,KOTAK,Equity,Large Cap
119598,Kotak Bluechip Fund - Direct Growth,2022-08-18,68.1454,68.0432,68.1454,KOTAK,Equity,Large Cap
119598,Kotak Bluechip Fund - Direct Growth,2022-08-19,68.2438,68.1414,68.2438,KOTAK,Equity,Large Cap
119598,Kotak Bluechip Fund - Direct Growth,2022-08-22,68.4954,68.3927,68.4954,KOTAK,Equity,Large Cap
119598,Kotak Bluechip Fund - Direct Growth,2022-08-23,68.8471,68.7438,68.8471,KOTAK,Equity,Large Cap
119598,Kotak Bluechip Fund - Direct Growth,2022-08-24,68.5229,68.4201,68.5229,KOTAK,Equity,Large Cap
119598,Kotak Bluechip Fund - Direct Growth,2022-08-25,68.9207,68.8173,68.9207,KOTAK,Equity,Large Cap
119598,Kotak Bluechip Fund - Direct Growth,2022-08-26,68.7318,68.6287,68.7318,KOTAK,Equity,Large Cap
119598,Kotak Bluechip Fund - Direct Growth,2022-08-29,67.338,67.237,67.338,KOTAK,Equity,Large Cap
119598,Kotak Bluechip Fund - Direct Growth,2022-08-30,68.7565,68.6534,68.7565,KOTAK,Equity,Large Cap
119598,Kotak Bluechip Fund - Direct Growth,2022-08-31,68.1511,68.0489,68.1511,KOTAK,Equity,Large Cap
119598,Kotak Bluechip Fund - Direct Growth,2022-09-01,67.6845,67.583,67.6845,KOTAK,Equity,Large Cap
119598,Kotak Bluechip Fund - Direct Growth,2022-09-02,67.3477,67.2467,67.3477,KOTAK,Equity,Large Cap
119598,Kotak Bluechip Fund - Direct Growth,2022-09-05,64.507,64.4102,64.507,KOTAK,Equity,Large Cap
119598,Kotak Bluechip Fund - Direct Growth,2022-09-06,64.638,64.541,64.638,KOTAK,Equity,Large Cap
119598,Kotak Bluechip Fund - Direct Growth,2022-09-07,64.6231,64.5262,64.6231,KOTAK,Equity,Large Cap
119598,Kotak Bluechip Fund - Direct Growth,2022-09-08,64.5366,64.4398,64.5366,KOTAK,Equity,Large Cap
119598,Kotak Bluechip Fund - Direct Growth,2022-09-09,64.5957,64.4988,64.5957,KOTAK,Equity,Large Cap
119598,Kotak Bluechip Fund - Direct Growth,2022-09-12,64.8674,64.7701,64.8674,KOTAK,Equity,Large Cap
119598,Kotak Bluechip Fund - Direct Growth,2022-09-13,64.6745,64.5775,64.6745,KOTAK,Equity,Large Cap
119598,Kotak Bluechip Fund - Direct Growth,2022-09-14,65.15,65.0523,65.15,KOTAK,Equity,Large Cap
119598,Kotak Bluechip Fund - Direct Growth,2022-09-15,66.28,66.1806,66.28,KOTAK,Equity,Large Cap
119598,Kotak Bluechip Fund - Direct Growth,2022-09-16,65.8069,65.7082,65.8069,KOTAK,Equity,Large Cap
119598,Kotak Bluechip Fund - Direct Growth,2022-09-19,65.4432,65.345,65.4432,KOTAK,Equity,Large Cap
119598,Kotak Bluechip Fund - Direct Growth,2022-09-20,65.4854,65.3872,65.4854,KOTAK,Equity,Large Cap
119598,Kotak Bluechip Fund - Direct Growth,2022-09-21,64.3598,64.2633,64.3598,KOTAK,Equity,Large Cap
119598,Kotak Bluechip Fund - Direct Growth,2022-09-22,63.0193,62.9248,63.0193,KOTAK,Equity,Large Cap
119598,Kotak Bluechip Fund - Direct Growth,2022-09-23,63.3219,63.2269,63.3219,KOTAK,Equity,Large Cap
119598,Kotak Bluechip Fund - Direct Growth,2022-09-26,63.2455,63.1506,63.2455,KOTAK,Equity,Large Cap
119598,Kotak Bluechip Fund - Direct Growth,2022-09-27,62.5298,62.436,62.5298,KOTAK,Equity,Large Cap
119598,Kotak Bluechip Fund - Direct Growth,2022-09-28,62.5209,62.4271,62.5209,KOTAK,Equity,Large Cap
119598,Kotak Bluechip Fund - Direct Growth,2022-09-29,61.6208,61.5284,61.6208,KOTAK,Equity,Large Cap
119598,Kotak Bluechip Fund - Direct Growth,2022-09-30,62.674,62.58,62.674,KOTAK,Equity,Large Cap
119598,Kotak Bluechip Fund - Direct Growth,2022-10-03,60.8138,60.7226,60.8138,KOTAK,Equity,Large Cap
119598,Kotak Bluechip Fund - Direct Growth,2022-10-04,61.2544,61.1625,61.2544,KOTAK,Equity,Large Cap
119598,Kotak Bluechip Fund - Direct Growth,2022-10-05,61.0353,60.9437,61.0353,KOTAK,Equity,Large Cap
119598,Kotak Bluechip Fund - Direct Growth,2022-10-06,60.6798,60.5888,60.6798,KOTAK,Equity,Large Cap
119598,Kotak Bluechip Fund - Direct Growth,2022-10-07,61.3253,61.2333,61.3253,KOTAK,Equity,Large Cap
119598,Kotak Bluechip Fund - Direct Growth,2022-10-10,61.0737,60.9821,61.0737,KOTAK,Equity,Large Cap
119598,Kotak Bluechip Fund - Direct Growth,2022-10-11,60.0686,59.9785,60.0686,KOTAK,Equity,Large Cap
119598,Kotak Bluechip Fund - Direct Growth,2022-10-12,60.1699,60.0796,60.1699,KOTAK,Equity,Large Cap
119598,Kotak Bluechip Fund - Direct Growth,2022-10-13,59.9637,59.8738,59.9637,KOTAK,Equity,Large Cap
119598,Kotak Bluechip Fund - Direct Growth,2022-10-14,60.4384,60.3477,60.4384,KOTAK,Equity,Large Cap
119598,Kotak Bluechip Fund - Direct Growth,2022-10-17,59.4215,59.3324,59.4215,KOTAK,Equity,Large Cap
119598,Kotak Bluechip Fund - Direct Growth,2022-10-18,60.7918,60.7006,60.7918,KOTAK,Equity,Large Cap
119598,Kotak Bluechip Fund - Direct Growth,2022-10-19,60.6963,60.6053,60.6963,KOTAK,Equity,Large Cap
119598,Kotak Bluechip Fund - Direct Growth,2022-10-20,61.2287,61.1369,61.2287,KOTAK,Equity,Large Cap
119598,Kotak Bluechip Fund - Direct Growth,2022-10-21,60.6389,60.5479,60.6389,KOTAK,Equity,Large Cap
119598,Kotak Bluechip Fund - Direct Growth,2022-10-24,60.309,60.2185,60.309,KOTAK,Equity,Large Cap
119598,Kotak Bluechip Fund - Direct Growth,2022-10-25,60.0755,59.9854,60.0755,KOTAK,Equity,Large Cap
119598,Kotak Bluechip Fund - Direct Growth,2022-10-26,60.1206,60.0304,60.1206,KOTAK,Equity,Large Cap
119598,Kotak Bluechip Fund - Direct Growth,2022-10-27,60.6482,60.5572,60.6482,KOTAK,Equity,Large Cap
119598,Kotak Bluechip Fund - Direct Growth,2022-10-28,59.7754,59.6857,59.7754,KOTAK,Equity,Large Cap
119598,Kotak Bluechip Fund - Direct Growth,2022-10-31,61.1835,61.0917,61.1835,KOTAK,Equity,Large Cap
119598,Kotak Bluechip Fund - Direct Growth,2022-11-01,61.1066,61.0149,61.1066,KOTAK,Equity,Large Cap
119598,Kotak Bluechip Fund - Direct Growth,2022-11-02,61.5645,61.4722,61.5645,KOTAK,Equity,Large Cap
119598,Kotak Bluechip Fund - Direct Growth,2022-11-03,61.5101,61.4178,61.5101,KOTAK,Equity,Large Cap
119598,Kotak Bluechip Fund - Direct Growth,2022-11-04,62.9683,62.8738,62.9683,KOTAK,Equity,Large Cap
119598,Kotak Bluechip Fund - Direct Growth,2022-11-07,60.5878,60.4969,60.5878,KOTAK,Equity,Large Cap
119598,Kotak Bluechip Fund - Direct Growth,2022-11-08,58.7896,58.7014,58.7896,KOTAK,Equity,Large Cap
119598,Kotak Bluechip Fund - Direct Growth,2022-11-09,59.023,58.9345,59.023,KOTAK,Equity,Large Cap
119598,Kotak Bluechip Fund - Direct Growth,2022-11-10,59.1454,59.0567,59.1454,KOTAK,Equity,Large Cap
119598,Kotak Bluechip Fund - Direct Growth,2022-11-11,58.9669,58.8784,58.9669,KOTAK,Equity,Large Cap
119598,Kotak Bluechip Fund - Direct Growth,2022-11-14,60.9644,60.873,60.9644,KOTAK,Equity,Large Cap
119598,Kotak Bluechip Fund - Direct Growth,2022-11-15,61.362,61.27,61.362,KOTAK,Equity,Large Cap
119598,Kotak Bluechip Fund - Direct Growth,2022-11-16,60.9084,60.817,60.9084,KOTAK,Equity,Large Cap
119598,Kotak Bluechip Fund - Direct Growth,2022-11-17,61.1485,61.0568,61.1485,KOTAK,Equity,Large Cap
119598,Kotak Bluechip Fund - Direct Growth,2022-11-18,60.9981,60.9066,60.9981,KOTAK,Equity,Large Cap
119598,Kotak Bluechip Fund - Direct Growth,2022-11-21,62.9734,62.8789,62.9734,KOTAK,Equity,Large Cap
119598,Kotak Bluechip Fund - Direct Growth,2022-11-22,63.1019,63.0072,63.1019,KOTAK,Equity,Large Cap
119598,Kotak Bluechip Fund - Direct Growth,2022-11-23,61.3823,61.2902,61.3823,KOTAK,Equity,Large Cap
119598,Kotak Bluechip Fund - Direct Growth,2022-11-24,61.1409,61.0492,61.1409,KOTAK,Equity,Large Cap
119598,Kotak Bluechip Fund - Direct Growth,2022-11-25,63.1485,63.0538,63.1485,KOTAK,Equity,Large Cap
119598,Kotak Bluechip Fund - Direct Growth,2022-11-28,64.9887,64.8912,64.9887,KOTAK,Equity,Large Cap
119598,Kotak Bluechip Fund - Direct Growth,2022-11-29,65.1855,65.0877,65.1855,KOTAK,Equity,Large Cap
119598,Kotak Bluechip Fund - Direct Growth,2022-11-30,64.5531,64.4563,64.5531,KOTAK,Equity,Large Cap
119598,Kotak Bluechip Fund - Direct Growth,2022-12-01,62.6924,62.5984,62.6924,KOTAK,Equity,Large Cap
119598,Kotak Bluechip Fund - Direct Growth,2022-12-02,63.2322,63.1374,63.2322,KOTAK,Equity,Large Cap
119598,Kotak Bluechip Fund - Direct Growth,2022-12-05,61.8801,61.7873,61.8801,KOTAK,Equity,Large Cap
119598,Kotak Bluechip Fund - Direct Growth,2022-12-06,61.7079,61.6153,61.7079,KOTAK,Equity,Large Cap
119598,Kotak Bluechip Fund - Direct Growth,2022-12-07,61.7576,61.665,61.7576,KOTAK,Equity,Large Cap
119598,Kotak Bluechip Fund - Direct Growth,2022-12-08,61.9814,61.8884,61.9814,KOTAK,Equity,Large Cap
119598,Kotak Bluechip Fund - Direct Growth,2022-12-09,61.177,61.0852,61.177,KOTAK,Equity,Large Cap
119598,Kotak Bluechip Fund - Direct Growth,2022-12-12,60.4461,60.3554,60.4461,KOTAK,Equity,Large Cap
119598,Kotak Bluechip Fund - Direct Growth,2022-12-13,60.3912,60.3006,60.3912,KOTAK,Equity,Large Cap
119598,Kotak Bluechip Fund - Direct Growth,2022-12-14,60.4403,60.3496,60.4403,KOTAK,Equity,Large Cap
119598,Kotak Bluechip Fund - Direct Growth,2022-12-15,60.5809,60.49,60.5809,KOTAK,Equity,Large Cap
119598,Kotak Bluechip Fund - Direct Growth,2022-12-16,61.5954,61.503,61.5954,KOTAK,Equity,Large Cap
119598,Kotak Bluechip Fund - Direct Growth,2022-12-19,60.5937,60.5028,60.5937,KOTAK,Equity,Large Cap
119598,Kotak Bluechip Fund - Direct Growth,2022-12-20,61.2146,61.1228,61.2146,KOTAK,Equity,Large Cap
119598,Kotak Bluechip Fund - Direct Growth,2022-12-21,61.3745,61.2824,61.3745,KOTAK,Equity,Large Cap
119598,Kotak Bluechip Fund - Direct Growth,2022-12-22,61.0897,60.9981,61.0897,KOTAK,Equity,Large Cap
119598,Kotak Bluechip Fund - Direct Growth,2022-12-23,59.7179,59.6283,59.7179,KOTAK,Equity,Large Cap
119598,Kotak Bluechip Fund - Direct Growth,2022-12-26,59.5047,59.4154,59.5047,KOTAK,Equity,Large Cap
119598,Kotak Bluechip Fund - Direct Growth,2022-12-27,59.7844,59.6947,59.7844,KOTAK,Equity,Large Cap
119598,Kotak Bluechip Fund - Direct Growth,2022-12-28,58.9499,58.8615,58.9499,KOTAK,Equity,Large Cap
119598,Kotak Bluechip Fund - Direct Growth,2022-12-29,57.917,57.8301,57.917,KOTAK,Equity,Large Cap
119598,Kotak Bluechip Fund - Direct Growth,2022-12-30,56.464,56.3793,56.464,KOTAK,Equity,Large Cap
119598,Kotak Bluechip Fund - Direct Growth,2023-01-02,58.6368,58.5488,58.6368,KOTAK,Equity,Large Cap
119598,Kotak Bluechip Fund - Direct Growth,2023-01-03,57.9606,57.8737,57.9606,KOTAK,Equity,Large Cap
119598,Kotak Bluechip Fund - Direct Growth,2023-01-04,57.3429,57.2569,57.3429,KOTAK,Equity,Large Cap
119598,Kotak Bluechip Fund - Direct Growth,2023-01-05,56.9768,56.8913,56.9768,KOTAK,Equity,Large Cap
119598,Kotak Bluechip Fund - Direct Growth,2023-01-06,57.1658,57.0801,57.1658,KOTAK,Equity,Large Cap
119598,Kotak Bluechip Fund - Direct Growth,2023-01-09,56.6567,56.5717,56.6567,KOTAK,Equity,Large Cap
119598,Kotak Bluechip Fund - Direct Growth,2023-01-10,55.74,55.6564,55.74,KOTAK,Equity,Large Cap
119598,Kotak Bluechip Fund - Direct Growth,2023-01-11,54.5595,54.4777,54.5595,KOTAK,Equity,Large Cap
119598,Kotak Bluechip Fund - Direct Growth,2023-01-12,53.1255,53.0458,53.1255,KOTAK,Equity,Large Cap
119598,Kotak Bluechip Fund - Direct Growth,2023-01-13,52.8165,52.7373,52.8165,KOTAK,Equity,Large Cap
119598,Kotak Bluechip Fund - Direct Growth,2023-01-16,53.0698,52.9902,53.0698,KOTAK,Equity,Large Cap
119598,Kotak Bluechip Fund - Direct Growth,2023-01-17,53.8731,53.7923,53.8731,KOTAK,Equity,Large Cap
119598,Kotak Bluechip Fund - Direct Growth,2023-01-18,53.6782,53.5977,53.6782,KOTAK,Equity,Large Cap
119598,Kotak Bluechip Fund - Direct Growth,2023-01-19,52.5441,52.4653,52.5441,KOTAK,Equity,Large Cap
119598,Kotak Bluechip Fund - Direct Growth,2023-01-20,52.2078,52.1295,52.2078,KOTAK,Equity,Large Cap
119598,Kotak Bluechip Fund - Direct Growth,2023-01-23,51.0544,50.9778,51.0544,KOTAK,Equity,Large Cap
119598,Kotak Bluechip Fund - Direct Growth,2023-01-24,50.6745,50.5985,50.6745,KOTAK,Equity,Large Cap
119598,Kotak Bluechip Fund - Direct Growth,2023-01-25,50.4597,50.384,50.4597,KOTAK,Equity,Large Cap
119598,Kotak Bluechip Fund - Direct Growth,2023-01-26,50.0951,50.02,50.0951,KOTAK,Equity,Large Cap
119598,Kotak Bluechip Fund - Direct Growth,2023-01-27,50.2404,50.165,50.2404,KOTAK,Equity,Large Cap
119598,Kotak Bluechip Fund - Direct Growth,2023-01-30,50.7282,50.6521,50.7282,KOTAK,Equity,Large Cap
119598,Kotak Bluechip Fund - Direct Growth,2023-01-31,50.1519,50.0767,50.1519,KOTAK,Equity,Large Cap
119598,Kotak Bluechip Fund - Direct Growth,2023-02-01,49.1983,49.1245,49.1983,KOTAK,Equity,Large Cap
119598,Kotak Bluechip Fund - Direct Growth,2023-02-02,49.4428,49.3686,49.4428,KOTAK,Equity,Large Cap
119598,Kotak Bluechip Fund - Direct Growth,2023-02-03,48.9776,48.9041,48.9776,KOTAK,Equity,Large Cap
119598,Kotak Bluechip Fund - Direct Growth,2023-02-06,48.6046,48.5317,48.6046,KOTAK,Equity,Large Cap
119598,Kotak Bluechip Fund - Direct Growth,2023-02-07,49.0162,48.9427,49.0162,KOTAK,Equity,Large Cap
119598,Kotak Bluechip Fund - Direct Growth,2023-02-08,48.1532,48.081,48.1532,KOTAK,Equity,Large Cap
119598,Kotak Bluechip Fund - Direct Growth,2023-02-09,47.318,47.247,47.318,KOTAK,Equity,Large Cap
119598,Kotak Bluechip Fund - Direct Growth,2023-02-13,46.1479,46.0787,46.1479,KOTAK,Equity,Large Cap
119598,Kotak Bluechip Fund - Direct Growth,2023-02-14,45.9721,45.9031,45.9721,KOTAK,Equity,Large Cap
119598,Kotak Bluechip Fund - Direct Growth,2023-02-15,45.8649,45.7961,45.8649,KOTAK,Equity,Large Cap
119598,Kotak Bluechip Fund - Direct Growth,2023-02-16,46.277,46.2076,46.277,KOTAK,Equity,Large Cap
119598,Kotak Bluechip Fund - Direct Growth,2023-02-17,45.5186,45.4503,45.5186,KOTAK,Equity,Large Cap
119598,Kotak Bluechip Fund - Direct Growth,2023-02-20,45.5274,45.4591,45.5274,KOTAK,Equity,Large Cap
119598,Kotak Bluechip Fund - Direct Growth,2023-02-21,44.6872,44.6202,44.6872,KOTAK,Equity,Large Cap
119598,Kotak Bluechip Fund - Direct Growth,2023-02-22,45.285,45.2171,45.285,KOTAK,Equity,Large Cap
119598,Kotak Bluechip Fund - Direct Growth,2023-02-23,45.3235,45.2555,45.3235,KOTAK,Equity,Large Cap
119598,Kotak Bluechip Fund - Direct Growth,2023-02-24,45.9354,45.8665,45.9354,KOTAK,Equity,Large Cap
119598,Kotak Bluechip Fund - Direct Growth,2023-02-27,44.4803,44.4136,44.4803,KOTAK,Equity,Large Cap
119598,Kotak Bluechip Fund - Direct Growth,2023-02-28,45.064,44.9964,45.064,KOTAK,Equity,Large Cap
119598,Kotak Bluechip Fund - Direct Growth,2023-03-01,44.5987,44.5318,44.5987,KOTAK,Equity,Large Cap
119598,Kotak Bluechip Fund - Direct Growth,2023-03-02,44.4089,44.3423,44.4089,KOTAK,Equity,Large Cap
119598,Kotak Bluechip Fund - Direct Growth,2023-03-03,44.3328,44.2663,44.3328,KOTAK,Equity,Large Cap
119598,Kotak Bluechip Fund - Direct Growth,2023-03-06,43.2287,43.1639,43.2287,KOTAK,Equity,Large Cap
119598,Kotak Bluechip Fund - Direct Growth,2023-03-07,43.5083,43.443,43.5083,KOTAK,Equity,Large Cap
119598,Kotak Bluechip Fund - Direct Growth,2023-03-08,43.4804,43.4152,43.4804,KOTAK,Equity,Large Cap
119598,Kotak Bluechip Fund - Direct Growth,2023-03-09,44.154,44.0878,44.154,KOTAK,Equity,Large Cap
119598,Kotak Bluechip Fund - Direct Growth,2023-03-10,44.3868,44.3202,44.3868,KOTAK,Equity,Large Cap
119598,Kotak Bluechip Fund - Direct Growth,2023-03-13,44.2594,44.193,44.2594,KOTAK,Equity,Large Cap
119598,Kotak Bluechip Fund - Direct Growth,2023-03-14,43.2821,43.2172,43.2821,KOTAK,Equity,Large Cap
119598,Kotak Bluechip Fund - Direct Growth,2023-03-15,43.6349,43.5694,43.6349,KOTAK,Equity,Large Cap
119598,Kotak Bluechip Fund - Direct Growth,2023-03-16,43.0769,43.0123,43.0769,KOTAK,Equity,Large Cap
119598,Kotak Bluechip Fund - Direct Growth,2023-03-17,43.7415,43.6759,43.7415,KOTAK,Equity,Large Cap
119598,Kotak Bluechip Fund - Direct Growth,2023-03-20,44.2613,44.1949,44.2613,KOTAK,Equity,Large Cap
119598,Kotak Bluechip Fund - Direct Growth,2023-03-21,43.3483,43.2833,43.3483,KOTAK,Equity,Large Cap
119598,Kotak Bluechip Fund - Direct Growth,2023-03-22,42.9179,42.8535,42.9179,KOTAK,Equity,Large Cap
119598,Kotak Bluechip Fund - Direct Growth,2023-03-23,43.2814,43.2165,43.2814,KOTAK,Equity,Large Cap
119598,Kotak Bluechip Fund - Direct Growth,2023-03-24,43.3853,43.3202,43.3853,KOTAK,Equity,Large Cap
119598,Kotak Bluechip Fund - Direct Growth,2023-03-27,43.7525,43.6869,43.7525,KOTAK,Equity,Large Cap
119598,Kotak Bluechip Fund - Direct Growth,2023-03-28,43.352,43.287,43.352,KOTAK,Equity,Large Cap
119598,Kotak Bluechip Fund - Direct Growth,2023-03-29,43.4229,43.3578,43.4229,KOTAK,Equity,Large Cap
119598,Kotak Bluechip Fund - Direct Growth,2023-03-30,42.2345,42.1711,42.2345,KOTAK,Equity,Large Cap
119598,Kotak Bluechip Fund - Direct Growth,2023-03-31,43.0995,43.0349,43.0995,KOTAK,Equity,Large Cap
119598,Kotak Bluechip Fund - Direct Growth,2023-04-03,43.1838,43.119,43.1838,KOTAK,Equity,Large Cap
119598,Kotak Bluechip Fund - Direct Growth,2023-04-04,43.846,43.7802,43.846,KOTAK,Equity,Large Cap
119598,Kotak Bluechip Fund - Direct Growth,2023-04-05,45.0376,44.97,45.0376,KOTAK,Equity,Large Cap
119598,Kotak Bluechip Fund - Direct Growth,2023-04-06,44.3417,44.2752,44.3417,KOTAK,Equity,Large Cap
119598,Kotak Bluechip Fund - Direct Growth,2023-04-07,44.7699,44.7027,44.7699,KOTAK,Equity,Large Cap
119598,Kotak Bluechip Fund - Direct Growth,2023-04-10,44.2539,44.1875,44.2539,KOTAK,Equity,Large Cap
119598,Kotak Bluechip Fund - Direct Growth,2023-04-11,44.7143,44.6472,44.7143,KOTAK,Equity,Large Cap
119598,Kotak Bluechip Fund - Direct Growth,2023-04-12,44.4096,44.343,44.4096,KOTAK,Equity,Large Cap
119598,Kotak Bluechip Fund - Direct Growth,2023-04-13,45.0487,44.9811,45.0487,KOTAK,Equity,Large Cap
119598,Kotak Bluechip Fund - Direct Growth,2023-04-14,44.1657,44.0995,44.1657,KOTAK,Equity,Large Cap
119598,Kotak Bluechip Fund - Direct Growth,2023-04-17,43.5103,43.445,43.5103,KOTAK,Equity,Large Cap
119598,Kotak Bluechip Fund - Direct Growth,2023-04-18,43.1536,43.0889,43.1536,KOTAK,Equity,Large Cap
119598,Kotak Bluechip Fund - Direct Growth,2023-04-19,43.5901,43.5247,43.5901,KOTAK,Equity,Large Cap
119598,Kotak Bluechip Fund - Direct Growth,2023-04-20,43.8852,43.8194,43.8852,KOTAK,Equity,Large Cap
119598,Kotak Bluechip Fund - Direct Growth,2023-04-21,44.3547,44.2882,44.3547,KOTAK,Equity,Large Cap
119598,Kotak Bluechip Fund - Direct Growth,2023-04-24,44.4241,44.3575,44.4241,KOTAK,Equity,Large Cap
119598,Kotak Bluechip Fund - Direct Growth,2023-04-25,45.5367,45.4684,45.5367,KOTAK,Equity,Large Cap
119598,Kotak Bluechip Fund - Direct Growth,2023-04-26,45.1109,45.0432,45.1109,KOTAK,Equity,Large Cap
119598,Kotak Bluechip Fund - Direct Growth,2023-04-27,46.2686,46.1992,46.2686,KOTAK,Equity,Large Cap
119598,Kotak Bluechip Fund - Direct Growth,2023-04-28,46.3065,46.237,46.3065,KOTAK,Equity,Large Cap
119598,Kotak Bluechip Fund - Direct Growth,2023-05-01,46.4154,46.3458,46.4154,KOTAK,Equity,Large Cap
119598,Kotak Bluechip Fund - Direct Growth,2023-05-02,46.908,46.8376,46.908,KOTAK,Equity,Large Cap
119598,Kotak Bluechip Fund - Direct Growth,2023-05-03,47.6157,47.5443,47.6157,KOTAK,Equity,Large Cap
119598,Kotak Bluechip Fund - Direct Growth,2023-05-04,47.8279,47.7562,47.8279,KOTAK,Equity,Large Cap
119598,Kotak Bluechip Fund - Direct Growth,2023-05-05,47.5071,47.4358,47.5071,KOTAK,Equity,Large Cap
119598,Kotak Bluechip Fund - Direct Growth,2023-05-08,48.5171,48.4443,48.5171,KOTAK,Equity,Large Cap
119598,Kotak Bluechip Fund - Direct Growth,2023-05-09,47.2826,47.2117,47.2826,KOTAK,Equity,Large Cap
119598,Kotak Bluechip Fund - Direct Growth,2023-05-10,47.5551,47.4838,47.5551,KOTAK,Equity,Large Cap
119598,Kotak Bluechip Fund - Direct Growth,2023-05-11,47.2097,47.1389,47.2097,KOTAK,Equity,Large Cap
119598,Kotak Bluechip Fund - Direct Growth,2023-05-12,48.1652,48.093,48.1652,KOTAK,Equity,Large Cap
119598,Kotak Bluechip Fund - Direct Growth,2023-05-15,49.0074,48.9339,49.0074,KOTAK,Equity,Large Cap
119598,Kotak Bluechip Fund - Direct Growth,2023-05-16,48.4398,48.3671,48.4398,KOTAK,Equity,Large Cap
119598,Kotak Bluechip Fund - Direct Growth,2023-05-17,49.4027,49.3286,49.4027,KOTAK,Equity,Large Cap
119598,Kotak Bluechip Fund - Direct Growth,2023-05-18,50.603,50.5271,50.603,KOTAK,Equity,Large Cap
119598,Kotak Bluechip Fund - Direct Growth,2023-05-19,50.8618,50.7855,50.8618,KOTAK,Equity,Large Cap
119598,Kotak Bluechip Fund - Direct Growth,2023-05-22,51.0472,50.9706,51.0472,KOTAK,Equity,Large Cap
119598,Kotak Bluechip Fund - Direct Growth,2023-05-23,51.0927,51.0161,51.0927,KOTAK,Equity,Large Cap
119598,Kotak Bluechip Fund - Direct Growth,2023-05-24,51.3798,51.3027,51.3798,KOTAK,Equity,Large Cap
119598,Kotak Bluechip Fund - Direct Growth,2023-05-25,51.1574,51.0807,51.1574,KOTAK,Equity,Large Cap
119598,Kotak Bluechip Fund - Direct Growth,2023-05-26,51.508,51.4307,51.508,KOTAK,Equity,Large Cap
119598,Kotak Bluechip Fund - Direct Growth,2023-05-29,51.4578,51.3806,51.4578,KOTAK,Equity,Large Cap
119598,Kotak Bluechip Fund - Direct Growth,2023-05-30,52.0116,51.9336,52.0116,KOTAK,Equity,Large Cap
119598,Kotak Bluechip Fund - Direct Growth,2023-05-31,52.1394,52.0612,52.1394,KOTAK,Equity,Large Cap
119598,Kotak Bluechip Fund - Direct Growth,2023-06-01,52.8814,52.8021,52.8814,KOTAK,Equity,Large Cap
119598,Kotak Bluechip Fund - Direct Growth,2023-06-02,52.13,52.0518,52.13,KOTAK,Equity,Large Cap
119598,Kotak Bluechip Fund - Direct Growth,2023-06-05,51.0572,50.9806,51.0572,KOTAK,Equity,Large Cap
119598,Kotak Bluechip Fund - Direct Growth,2023-06-06,50.6911,50.6151,50.6911,KOTAK,Equity,Large Cap
119598,Kotak Bluechip Fund - Direct Growth,2023-06-07,50.1383,50.0631,50.1383,KOTAK,Equity,Large Cap
119598,Kotak Bluechip Fund - Direct Growth,2023-06-08,49.8286,49.7539,49.8286,KOTAK,Equity,Large Cap
119598,Kotak Bluechip Fund - Direct Growth,2023-06-09,49.7205,49.6459,49.7205,KOTAK,Equity,Large Cap
119598,Kotak Bluechip Fund - Direct Growth,2023-06-12,49.1338,49.0601,49.1338,KOTAK,Equity,Large Cap
119598,Kotak Bluechip Fund - Direct Growth,2023-06-13,49.8256,49.7509,49.8256,KOTAK,Equity,Large Cap
119598,Kotak Bluechip Fund - Direct Growth,2023-06-14,49.345,49.271,49.345,KOTAK,Equity,Large Cap
119598,Kotak Bluechip Fund - Direct Growth,2023-06-15,49.33,49.256,49.33,KOTAK,Equity,Large Cap
119598,Kotak Bluechip Fund - Direct Growth,2023-06-16,49.6141,49.5397,49.6141,KOTAK,Equity,Large Cap
119598,Kotak Bluechip Fund - Direct Growth,2023-06-19,50.736,50.6599,50.736,KOTAK,Equity,Large Cap
119598,Kotak Bluechip Fund - Direct Growth,2023-06-20,50.2319,50.1566,50.2319,KOTAK,Equity,Large Cap
119598,Kotak Bluechip Fund - Direct Growth,2023-06-21,51.5652,51.4879,51.5652,KOTAK,Equity,Large Cap
119598,Kotak Bluechip Fund - Direct Growth,2023-06-22,51.7061,51.6285,51.7061,KOTAK,Equity,Large Cap
119598,Kotak Bluechip Fund - Direct Growth,2023-06-23,51.6354,51.5579,51.6354,KOTAK,Equity,Large Cap
119598,Kotak Bluechip Fund - Direct Growth,2023-06-26,52.7028,52.6237,52.7028,KOTAK,Equity,Large Cap
119598,Kotak Bluechip Fund - Direct Growth,2023-06-27,54.3,54.2186,54.3,KOTAK,Equity,Large Cap
119598,Kotak Bluechip Fund - Direct Growth,2023-06-28,54.1425,54.0613,54.1425,KOTAK,Equity,Large Cap
119598,Kotak Bluechip Fund - Direct Growth,2023-06-29,53.9577,53.8768,53.9577,KOTAK,Equity,Large Cap
119598,Kotak Bluechip Fund - Direct Growth,2023-06-30,54.0548,53.9737,54.0548,KOTAK,Equity,Large Cap
119598,Kotak Bluechip Fund - Direct Growth,2023-07-03,52.5557,52.4769,52.5557,KOTAK,Equity,Large Cap
119598,Kotak Bluechip Fund - Direct Growth,2023-07-04,52.2064,52.1281,52.2064,KOTAK,Equity,Large Cap
119598,Kotak Bluechip Fund - Direct Growth,2023-07-05,51.2037,51.1269,51.2037,KOTAK,Equity,Large Cap
119598,Kotak Bluechip Fund - Direct Growth,2023-07-06,50.9631,50.8867,50.9631,KOTAK,Equity,Large Cap
119598,Kotak Bluechip Fund - Direct Growth,2023-07-07,51.2908,51.2139,51.2908,KOTAK,Equity,Large Cap
119598,Kotak Bluechip Fund - Direct Growth,2023-07-10,49.9757,49.9007,49.9757,KOTAK,Equity,Large Cap
119598,Kotak Bluechip Fund - Direct Growth,2023-07-11,50.513,50.4372,50.513,KOTAK,Equity,Large Cap
119598,Kotak Bluechip Fund - Direct Growth,2023-07-12,49.5058,49.4315,49.5058,KOTAK,Equity,Large Cap
119598,Kotak Bluechip Fund - Direct Growth,2023-07-13,50.0129,49.9379,50.0129,KOTAK,Equity,Large Cap
119598,Kotak Bluechip Fund - Direct Growth,2023-07-14,50.5234,50.4476,50.5234,KOTAK,Equity,Large Cap
119598,Kotak Bluechip Fund - Direct Growth,2023-07-17,53.2819,53.202,53.2819,KOTAK,Equity,Large Cap
119598,Kotak Bluechip Fund - Direct Growth,2023-07-18,53.0755,52.9959,53.0755,KOTAK,Equity,Large Cap
119598,Kotak Bluechip Fund - Direct Growth,2023-07-19,53.1665,53.0868,53.1665,KOTAK,Equity,Large Cap
119598,Kotak Bluechip Fund - Direct Growth,2023-07-20,52.9221,52.8427,52.9221,KOTAK,Equity,Large Cap
119598,Kotak Bluechip Fund - Direct Growth,2023-07-21,52.9445,52.8651,52.9445,KOTAK,Equity,Large Cap
119598,Kotak Bluechip Fund - Direct Growth,2023-07-24,52.5633,52.4845,52.5633,KOTAK,Equity,Large Cap
119598,Kotak Bluechip Fund - Direct Growth,2023-07-25,53.453,53.3728,53.453,KOTAK,Equity,Large Cap
119598,Kotak Bluechip Fund - Direct Growth,2023-07-26,54.1287,54.0475,54.1287,KOTAK,Equity,Large Cap
119598,Kotak Bluechip Fund - Direct Growth,2023-07-27,53.9145,53.8336,53.9145,KOTAK,Equity,Large Cap
119598,Kotak Bluechip Fund - Direct Growth,2023-07-28,54.4888,54.4071,54.4888,KOTAK,Equity,Large Cap
119598,Kotak Bluechip Fund - Direct Growth,2023-07-31,55.8131,55.7294,55.8131,KOTAK,Equity,Large Cap
119598,Kotak Bluechip Fund - Direct Growth,2023-08-01,56.5223,56.4375,56.5223,KOTAK,Equity,Large Cap
119598,Kotak Bluechip Fund - Direct Growth,2023-08-02,58.3369,58.2494,58.3369,KOTAK,Equity,Large Cap
119598,Kotak Bluechip Fund - Direct Growth,2023-08-03,58.7789,58.6907,58.7789,KOTAK,Equity,Large Cap
119598,Kotak Bluechip Fund - Direct Growth,2023-08-04,58.8372,58.7489,58.8372,KOTAK,Equity,Large Cap
119598,Kotak Bluechip Fund - Direct Growth,2023-08-07,60.8525,60.7612,60.8525,KOTAK,Equity,Large Cap
119598,Kotak Bluechip Fund - Direct Growth,2023-08-08,61.0083,60.9168,61.0083,KOTAK,Equity,Large Cap
119598,Kotak Bluechip Fund - Direct Growth,2023-08-09,60.8329,60.7417,60.8329,KOTAK,Equity,Large Cap
119598,Kotak Bluechip Fund - Direct Growth,2023-08-10,60.2472,60.1568,60.2472,KOTAK,Equity,Large Cap
119598,Kotak Bluechip Fund - Direct Growth,2023-08-11,61.0646,60.973,61.0646,KOTAK,Equity,Large Cap
119598,Kotak Bluechip Fund - Direct Growth,2023-08-14,61.8299,61.7372,61.8299,KOTAK,Equity,Large Cap
119598,Kotak Bluechip Fund - Direct Growth,2023-08-15,60.7353,60.6442,60.7353,KOTAK,Equity,Large Cap
119598,Kotak Bluechip Fund - Direct Growth,2023-08-16,60.8944,60.8031,60.8944,KOTAK,Equity,Large Cap
119598,Kotak Bluechip Fund - Direct Growth,2023-08-17,61.2496,61.1577,61.2496,KOTAK,Equity,Large Cap
119598,Kotak Bluechip Fund - Direct Growth,2023-08-18,62.529,62.4352,62.529,KOTAK,Equity,Large Cap
119598,Kotak Bluechip Fund - Direct Growth,2023-08-21,60.4181,60.3275,60.4181,KOTAK,Equity,Large Cap
119598,Kotak Bluechip Fund - Direct Growth,2023-08-22,59.4732,59.384,59.4732,KOTAK,Equity,Large Cap
119598,Kotak Bluechip Fund - Direct Growth,2023-08-23,60.4509,60.3602,60.4509,KOTAK,Equity,Large Cap
119598,Kotak Bluechip Fund - Direct Growth,2023-08-24,61.5985,61.5061,61.5985,KOTAK,Equity,Large Cap
119598,Kotak Bluechip Fund - Direct Growth,2023-08-25,61.8598,61.767,61.8598,KOTAK,Equity,Large Cap
119598,Kotak Bluechip Fund - Direct Growth,2023-08-28,62.8706,62.7763,62.8706,KOTAK,Equity,Large Cap
119598,Kotak Bluechip Fund - Direct Growth,2023-08-29,62.6445,62.5505,62.6445,KOTAK,Equity,Large Cap
119598,Kotak Bluechip Fund - Direct Growth,2023-08-30,62.4362,62.3425,62.4362,KOTAK,Equity,Large Cap
119598,Kotak Bluechip Fund - Direct Growth,2023-08-31,61.3015,61.2095,61.3015,KOTAK,Equity,Large Cap
119598,Kotak Bluechip Fund - Direct Growth,2023-09-01,61.5204,61.4281,61.5204,KOTAK,Equity,Large Cap
119598,Kotak Bluechip Fund - Direct Growth,2023-09-04,62.1845,62.0912,62.1845,KOTAK,Equity,Large Cap
119598,Kotak Bluechip Fund - Direct Growth,2023-09-05,62.088,61.9949,62.088,KOTAK,Equity,Large Cap
119598,Kotak Bluechip Fund - Direct Growth,2023-09-06,61.4637,61.3715,61.4637,KOTAK,Equity,Large Cap
119598,Kotak Bluechip Fund - Direct Growth,2023-09-07,61.5415,61.4492,61.5415,KOTAK,Equity,Large Cap
119598,Kotak Bluechip Fund - Direct Growth,2023-09-08,62.1113,62.0181,62.1113,KOTAK,Equity,Large Cap
119598,Kotak Bluechip Fund - Direct Growth,2023-09-11,61.569,61.4766,61.569,KOTAK,Equity,Large Cap
119598,Kotak Bluechip Fund - Direct Growth,2023-09-12,61.0631,60.9715,61.0631,KOTAK,Equity,Large Cap
119598,Kotak Bluechip Fund - Direct Growth,2023-09-13,60.6568,60.5658,60.6568,KOTAK,Equity,Large Cap
119598,Kotak Bluechip Fund - Direct Growth,2023-09-14,60.8489,60.7576,60.8489,KOTAK,Equity,Large Cap
119598,Kotak Bluechip Fund - Direct Growth,2023-09-15,60.0456,59.9555,60.0456,KOTAK,Equity,Large Cap
119598,Kotak Bluechip Fund - Direct Growth,2023-09-18,60.4831,60.3924,60.4831,KOTAK,Equity,Large Cap
119598,Kotak Bluechip Fund - Direct Growth,2023-09-19,62.2041,62.1108,62.2041,KOTAK,Equity,Large Cap
119598,Kotak Bluechip Fund - Direct Growth,2023-09-20,61.5865,61.4941,61.5865,KOTAK,Equity,Large Cap
119598,Kotak Bluechip Fund - Direct Growth,2023-09-21,62.0059,61.9129,62.0059,KOTAK,Equity,Large Cap
119598,Kotak Bluechip Fund - Direct Growth,2023-09-22,61.49,61.3978,61.49,KOTAK,Equity,Large Cap
119598,Kotak Bluechip Fund - Direct Growth,2023-09-25,61.7404,61.6478,61.7404,KOTAK,Equity,Large Cap
119598,Kotak Bluechip Fund - Direct Growth,2023-09-26,61.1183,61.0266,61.1183,KOTAK,Equity,Large Cap
119598,Kotak Bluechip Fund - Direct Growth,2023-09-28,60.2607,60.1703,60.2607,KOTAK,Equity,Large Cap
119598,Kotak Bluechip Fund - Direct Growth,2023-09-29,60.8795,60.7882,60.8795,KOTAK,Equity,Large Cap
119598,Kotak Bluechip Fund - Direct Growth,2023-10-02,60.4895,60.3988,60.4895,KOTAK,Equity,Large Cap
119598,Kotak Bluechip Fund - Direct Growth,2023-10-03,60.4306,60.34,60.4306,KOTAK,Equity,Large Cap
119598,Kotak Bluechip Fund - Direct Growth,2023-10-04,60.5619,60.4711,60.5619,KOTAK,Equity,Large Cap
119598,Kotak Bluechip Fund - Direct Growth,2023-10-05,60.0325,59.9425,60.0325,KOTAK,Equity,Large Cap
119598,Kotak Bluechip Fund - Direct Growth,2023-10-06,60.2081,60.1178,60.2081,KOTAK,Equity,Large Cap
119598,Kotak Bluechip Fund - Direct Growth,2023-10-09,61.6687,61.5762,61.6687,KOTAK,Equity,Large Cap
119598,Kotak Bluechip Fund - Direct Growth,2023-10-10,62.802,62.7078,62.802,KOTAK,Equity,Large Cap
119598,Kotak Bluechip Fund - Direct Growth,2023-10-11,62.212,62.1187,62.212,KOTAK,Equity,Large Cap
119598,Kotak Bluechip Fund - Direct Growth,2023-10-12,61.1506,61.0589,61.1506,KOTAK,Equity,Large Cap
119598,Kotak Bluechip Fund - Direct Growth,2023-10-13,61.3966,61.3045,61.3966,KOTAK,Equity,Large Cap
119598,Kotak Bluechip Fund - Direct Growth,2023-10-16,62.4615,62.3678,62.4615,KOTAK,Equity,Large Cap
119598,Kotak Bluechip Fund - Direct Growth,2023-10-17,61.8852,61.7924,61.8852,KOTAK,Equity,Large Cap
119598,Kotak Bluechip Fund - Direct Growth,2023-10-18,61.058,60.9664,61.058,KOTAK,Equity,Large Cap
119598,Kotak Bluechip Fund - Direct Growth,2023-10-19,61.881,61.7882,61.881,KOTAK,Equity,Large Cap
119598,Kotak Bluechip Fund - Direct Growth,2023-10-20,61.4816,61.3894,61.4816,KOTAK,Equity,Large Cap
119598,Kotak Bluechip Fund - Direct Growth,2023-10-23,61.932,61.8391,61.932,KOTAK,Equity,Large Cap
119598,Kotak Bluechip Fund - Direct Growth,2023-10-24,61.9226,61.8297,61.9226,KOTAK,Equity,Large Cap
119598,Kotak Bluechip Fund - Direct Growth,2023-10-25,61.9351,61.8422,61.9351,KOTAK,Equity,Large Cap
119598,Kotak Bluechip Fund - Direct Growth,2023-10-26,62.4677,62.374,62.4677,KOTAK,Equity,Large Cap
119598,Kotak Bluechip Fund - Direct Growth,2023-10-27,62.9355,62.8411,62.9355,KOTAK,Equity,Large Cap
119598,Kotak Bluechip Fund - Direct Growth,2023-10-30,62.6122,62.5183,62.6122,KOTAK,Equity,Large Cap
119598,Kotak Bluechip Fund - Direct Growth,2023-10-31,61.527,61.4347,61.527,KOTAK,Equity,Large Cap
119598,Kotak Bluechip Fund - Direct Growth,2023-11-01,61.7418,61.6492,61.7418,KOTAK,Equity,Large Cap
119598,Kotak Bluechip Fund - Direct Growth,2023-11-02,63.1684,63.0736,63.1684,KOTAK,Equity,Large Cap
119598,Kotak Bluechip Fund - Direct Growth,2023-11-03,62.5238,62.43,62.5238,KOTAK,Equity,Large Cap
119598,Kotak Bluechip Fund - Direct Growth,2023-11-06,61.904,61.8111,61.904,KOTAK,Equity,Large Cap
119598,Kotak Bluechip Fund - Direct Growth,2023-11-07,62.2619,62.1685,62.2619,KOTAK,Equity,Large Cap
119598,Kotak Bluechip Fund - Direct Growth,2023-11-08,62.1684,62.0751,62.1684,KOTAK,Equity,Large Cap
119598,Kotak Bluechip Fund - Direct Growth,2023-11-09,61.5084,61.4161,61.5084,KOTAK,Equity,Large Cap
119598,Kotak Bluechip Fund - Direct Growth,2023-11-10,61.6012,61.5088,61.6012,KOTAK,Equity,Large Cap
119598,Kotak Bluechip Fund - Direct Growth,2023-11-13,61.2555,61.1636,61.2555,KOTAK,Equity,Large Cap
119598,Kotak Bluechip Fund - Direct Growth,2023-11-14,60.3603,60.2698,60.3603,KOTAK,Equity,Large Cap
119598,Kotak Bluechip Fund - Direct Growth,2023-11-15,59.2744,59.1855,59.2744,KOTAK,Equity,Large Cap
119598,Kotak Bluechip Fund - Direct Growth,2023-11-16,60.4216,60.331,60.4216,KOTAK,Equity,Large Cap
119598,Kotak Bluechip Fund - Direct Growth,2023-11-17,60.0022,59.9122,60.0022,KOTAK,Equity,Large Cap
119598,Kotak Bluechip Fund - Direct Growth,2023-11-20,60.6622,60.5712,60.6622,KOTAK,Equity,Large Cap
119598,Kotak Bluechip Fund - Direct Growth,2023-11-21,61.0056,60.9141,61.0056,KOTAK,Equity,Large Cap
119598,Kotak Bluechip Fund - Direct Growth,2023-11-22,60.3829,60.2923,60.3829,KOTAK,Equity,Large Cap
119598,Kotak Bluechip Fund - Direct Growth,2023-11-23,60.5031,60.4123,60.5031,KOTAK,Equity,Large Cap
119598,Kotak Bluechip Fund - Direct Growth,2023-11-24,60.2503,60.1599,60.2503,KOTAK,Equity,Large Cap
119598,Kotak Bluechip Fund - Direct Growth,2023-11-27,59.4193,59.3302,59.4193,KOTAK,Equity,Large Cap
119598,Kotak Bluechip Fund - Direct Growth,2023-11-28,59.3311,59.2421,59.3311,KOTAK,Equity,Large Cap
119598,Kotak Bluechip Fund - Direct Growth,2023-11-29,58.4932,58.4055,58.4932,KOTAK,Equity,Large Cap
119598,Kotak Bluechip Fund - Direct Growth,2023-11-30,59.6336,59.5441,59.6336,KOTAK,Equity,Large Cap
119598,Kotak Bluechip Fund - Direct Growth,2023-12-01,60.2848,60.1944,60.2848,KOTAK,Equity,Large Cap
119598,Kotak Bluechip Fund - Direct Growth,2023-12-04,59.5698,59.4804,59.5698,KOTAK,Equity,Large Cap
119598,Kotak Bluechip Fund - Direct Growth,2023-12-05,60.9896,60.8981,60.9896,KOTAK,Equity,Large Cap
119598,Kotak Bluechip Fund - Direct Growth,2023-12-06,60.9693,60.8778,60.9693,KOTAK,Equity,Large Cap
119598,Kotak Bluechip Fund - Direct Growth,2023-12-07,60.4458,60.3551,60.4458,KOTAK,Equity,Large Cap
119598,Kotak Bluechip Fund - Direct Growth,2023-12-08,60.7723,60.6811,60.7723,KOTAK,Equity,Large Cap
119598,Kotak Bluechip Fund - Direct Growth,2023-12-11,62.626,62.5321,62.626,KOTAK,Equity,Large Cap
119598,Kotak Bluechip Fund - Direct Growth,2023-12-12,63.4649,63.3697,63.4649,KOTAK,Equity,Large Cap
119598,Kotak Bluechip Fund - Direct Growth,2023-12-13,62.6705,62.5765,62.6705,KOTAK,Equity,Large Cap
119598,Kotak Bluechip Fund - Direct Growth,2023-12-14,62.1888,62.0955,62.1888,KOTAK,Equity,Large Cap
119598,Kotak Bluechip Fund - Direct Growth,2023-12-15,62.9283,62.8339,62.9283,KOTAK,Equity,Large Cap
119598,Kotak Bluechip Fund - Direct Growth,2023-12-18,59.8002,59.7105,59.8002,KOTAK,Equity,Large Cap
119598,Kotak Bluechip Fund - Direct Growth,2023-12-19,59.4821,59.3929,59.4821,KOTAK,Equity,Large Cap
119598,Kotak Bluechip Fund - Direct Growth,2023-12-20,59.2926,59.2037,59.2926,KOTAK,Equity,Large Cap
119598,Kotak Bluechip Fund - Direct Growth,2023-12-21,59.0614,58.9728,59.0614,KOTAK,Equity,Large Cap
119598,Kotak Bluechip Fund - Direct Growth,2023-12-22,58.6936,58.6056,58.6936,KOTAK,Equity,Large Cap
119598,Kotak Bluechip Fund - Direct Growth,2023-12-25,60.9197,60.8283,60.9197,KOTAK,Equity,Large Cap
119598,Kotak Bluechip Fund - Direct Growth,2023-12-26,60.0946,60.0045,60.0946,KOTAK,Equity,Large Cap
119598,Kotak Bluechip Fund - Direct Growth,2023-12-27,61.2596,61.1677,61.2596,KOTAK,Equity,Large Cap
119598,Kotak Bluechip Fund - Direct Growth,2023-12-28,60.9905,60.899,60.9905,KOTAK,Equity,Large Cap
119598,Kotak Bluechip Fund - Direct Growth,2023-12-29,61.1094,61.0177,61.1094,KOTAK,Equity,Large Cap
119598,Kotak Bluechip Fund - Direct Growth,2024-01-01,61.3682,61.2761,61.3682,KOTAK,Equity,Large Cap
119598,Kotak Bluechip Fund - Direct Growth,2024-01-02,61.4855,61.3933,61.4855,KOTAK,Equity,Large Cap
119598,Kotak Bluechip Fund - Direct Growth,2024-01-03,61.1585,61.0668,61.1585,KOTAK,Equity,Large Cap
119598,Kotak Bluechip Fund - Direct Growth,2024-01-04,60.2255,60.1352,60.2255,KOTAK,Equity,Large Cap
119598,Kotak Bluechip Fund - Direct Growth,2024-01-05,59.6038,59.5144,59.6038,KOTAK,Equity,Large Cap
119598,Kotak Bluechip Fund - Direct Growth,2024-01-08,57.6692,57.5827,57.6692,KOTAK,Equity,Large Cap
119598,Kotak Bluechip Fund - Direct Growth,2024-01-09,57.5085,57.4222,57.5085,KOTAK,Equity,Large Cap
119598,Kotak Bluechip Fund - Direct Growth,2024-01-10,58.477,58.3893,58.477,KOTAK,Equity,Large Cap
119598,Kotak Bluechip Fund - Direct Growth,2024-01-11,59.342,59.253,59.342,KOTAK,Equity,Large Cap
119598,Kotak Bluechip Fund - Direct Growth,2024-01-12,59.3428,59.2538,59.3428,KOTAK,Equity,Large Cap
119598,Kotak Bluechip Fund - Direct Growth,2024-01-15,61.0694,60.9778,61.0694,KOTAK,Equity,Large Cap
119598,Kotak Bluechip Fund - Direct Growth,2024-01-16,60.8536,60.7623,60.8536,KOTAK,Equity,Large Cap
119598,Kotak Bluechip Fund - Direct Growth,2024-01-17,59.8366,59.7468,59.8366,KOTAK,Equity,Large Cap
119598,Kotak Bluechip Fund - Direct Growth,2024-01-18,60.1434,60.0532,60.1434,KOTAK,Equity,Large Cap
119598,Kotak Bluechip Fund - Direct Growth,2024-01-19,60.766,60.6749,60.766,KOTAK,Equity,Large Cap
119598,Kotak Bluechip Fund - Direct Growth,2024-01-22,60.3246,60.2341,60.3246,KOTAK,Equity,Large Cap
119598,Kotak Bluechip Fund - Direct Growth,2024-01-23,60.2155,60.1252,60.2155,KOTAK,Equity,Large Cap
119598,Kotak Bluechip Fund - Direct Growth,2024-01-24,58.4419,58.3542,58.4419,KOTAK,Equity,Large Cap
119598,Kotak Bluechip Fund - Direct Growth,2024-01-25,58.3097,58.2222,58.3097,KOTAK,Equity,Large Cap
119598,Kotak Bluechip Fund - Direct Growth,2024-01-26,59.0113,58.9228,59.0113,KOTAK,Equity,Large Cap
119598,Kotak Bluechip Fund - Direct Growth,2024-01-29,58.1396,58.0524,58.1396,KOTAK,Equity,Large Cap
119598,Kotak Bluechip Fund - Direct Growth,2024-01-30,58.4143,58.3267,58.4143,KOTAK,Equity,Large Cap
119598,Kotak Bluechip Fund - Direct Growth,2024-01-31,58.2859,58.1985,58.2859,KOTAK,Equity,Large Cap
119598,Kotak Bluechip Fund - Direct Growth,2024-02-01,57.6523,57.5658,57.6523,KOTAK,Equity,Large Cap
119598,Kotak Bluechip Fund - Direct Growth,2024-02-02,58.5973,58.5094,58.5973,KOTAK,Equity,Large Cap
119598,Kotak Bluechip Fund - Direct Growth,2024-02-05,59.2425,59.1536,59.2425,KOTAK,Equity,Large Cap
119598,Kotak Bluechip Fund - Direct Growth,2024-02-06,59.6482,59.5587,59.6482,KOTAK,Equity,Large Cap
119598,Kotak Bluechip Fund - Direct Growth,2024-02-07,60.1318,60.0416,60.1318,KOTAK,Equity,Large Cap
119598,Kotak Bluechip Fund - Direct Growth,2024-02-08,58.9333,58.8449,58.9333,KOTAK,Equity,Large Cap
119598,Kotak Bluechip Fund - Direct Growth,2024-02-09,59.6687,59.5792,59.6687,KOTAK,Equity,Large Cap
119598,Kotak Bluechip Fund - Direct Growth,2024-02-12,60.9466,60.8552,60.9466,KOTAK,Equity,Large Cap
119598,Kotak Bluechip Fund - Direct Growth,2024-02-13,61.1918,61.1,61.1918,KOTAK,Equity,Large Cap
119598,Kotak Bluechip Fund - Direct Growth,2024-02-14,60.9326,60.8412,60.9326,KOTAK,Equity,Large Cap
119598,Kotak Bluechip Fund - Direct Growth,2024-02-15,59.3445,59.2555,59.3445,KOTAK,Equity,Large Cap
119598,Kotak Bluechip Fund - Direct Growth,2024-02-16,60.3579,60.2674,60.3579,KOTAK,Equity,Large Cap
119598,Kotak Bluechip Fund - Direct Growth,2024-02-19,58.5061,58.4183,58.5061,KOTAK,Equity,Large Cap
119598,Kotak Bluechip Fund - Direct Growth,2024-02-20,59.5239,59.4346,59.5239,KOTAK,Equity,Large Cap
119598,Kotak Bluechip Fund - Direct Growth,2024-02-21,60.1,60.0099,60.1,KOTAK,Equity,Large Cap
119598,Kotak Bluechip Fund - Direct Growth,2024-02-22,60.0102,59.9202,60.0102,KOTAK,Equity,Large Cap
119598,Kotak Bluechip Fund - Direct Growth,2024-02-23,60.2562,60.1658,60.2562,KOTAK,Equity,Large Cap
119598,Kotak Bluechip Fund - Direct Growth,2024-02-26,60.0472,59.9571,60.0472,KOTAK,Equity,Large Cap
119598,Kotak Bluechip Fund - Direct Growth,2024-02-27,60.7693,60.6781,60.7693,KOTAK,Equity,Large Cap
119598,Kotak Bluechip Fund - Direct Growth,2024-02-28,61.4989,61.4067,61.4989,KOTAK,Equity,Large Cap
119598,Kotak Bluechip Fund - Direct Growth,2024-02-29,61.888,61.7952,61.888,KOTAK,Equity,Large Cap
119598,Kotak Bluechip Fund - Direct Growth,2024-03-01,61.6437,61.5512,61.6437,KOTAK,Equity,Large Cap
119598,Kotak Bluechip Fund - Direct Growth,2024-03-04,61.391,61.2989,61.391,KOTAK,Equity,Large Cap
119598,Kotak Bluechip Fund - Direct Growth,2024-03-05,61.1185,61.0268,61.1185,KOTAK,Equity,Large Cap
119598,Kotak Bluechip Fund - Direct Growth,2024-03-06,61.2049,61.1131,61.2049,KOTAK,Equity,Large Cap
119598,Kotak Bluechip Fund - Direct Growth,2024-03-07,61.8979,61.8051,61.8979,KOTAK,Equity,Large Cap
119598,Kotak Bluechip Fund - Direct Growth,2024-03-08,61.7863,61.6936,61.7863,KOTAK,Equity,Large Cap
119598,Kotak Bluechip Fund - Direct Growth,2024-03-11,61.0877,60.9961,61.0877,KOTAK,Equity,Large Cap
119598,Kotak Bluechip Fund - Direct Growth,2024-03-12,61.2484,61.1565,61.2484,KOTAK,Equity,Large Cap
119598,Kotak Bluechip Fund - Direct Growth,2024-03-13,61.949,61.8561,61.949,KOTAK,Equity,Large Cap
119598,Kotak Bluechip Fund - Direct Growth,2024-03-14,62.7312,62.6371,62.7312,KOTAK,Equity,Large Cap
119598,Kotak Bluechip Fund - Direct Growth,2024-03-15,62.309,62.2155,62.309,KOTAK,Equity,Large Cap
119598,Kotak Bluechip Fund - Direct Growth,2024-03-18,61.6626,61.5701,61.6626,KOTAK,Equity,Large Cap
119598,Kotak Bluechip Fund - Direct Growth,2024-03-19,62.7593,62.6652,62.7593,KOTAK,Equity,Large Cap
119598,Kotak Bluechip Fund - Direct Growth,2024-03-20,62.5471,62.4533,62.5471,KOTAK,Equity,Large Cap
119598,Kotak Bluechip Fund - Direct Growth,2024-03-21,62.3909,62.2973,62.3909,KOTAK,Equity,Large Cap
119598,Kotak Bluechip Fund - Direct Growth,2024-03-22,63.514,63.4187,63.514,KOTAK,Equity,Large Cap
119598,Kotak Bluechip Fund - Direct Growth,2024-03-25,63.3919,63.2968,63.3919,KOTAK,Equity,Large Cap
119598,Kotak Bluechip Fund - Direct Growth,2024-03-26,63.9336,63.8377,63.9336,KOTAK,Equity,Large Cap
119598,Kotak Bluechip Fund - Direct Growth,2024-03-27,63.2463,63.1514,63.2463,KOTAK,Equity,Large Cap
119598,Kotak Bluechip Fund - Direct Growth,2024-03-28,62.4109,62.3173,62.4109,KOTAK,Equity,Large Cap
119598,Kotak Bluechip Fund - Direct Growth,2024-03-29,62.1762,62.0829,62.1762,KOTAK,Equity,Large Cap
119598,Kotak Bluechip Fund - Direct Growth,2024-04-01,60.5836,60.4927,60.5836,KOTAK,Equity,Large Cap
119598,Kotak Bluechip Fund - Direct Growth,2024-04-03,62.159,62.0658,62.159,KOTAK,Equity,Large Cap
119598,Kotak Bluechip Fund - Direct Growth,2024-04-04,60.7313,60.6402,60.7313,KOTAK,Equity,Large Cap
119598,Kotak Bluechip Fund - Direct Growth,2024-04-05,61.4687,61.3765,61.4687,KOTAK,Equity,Large Cap
119598,Kotak Bluechip Fund - Direct Growth,2024-04-08,61.5201,61.4278,61.5201,KOTAK,Equity,Large Cap
119598,Kotak Bluechip Fund - Direct Growth,2024-04-09,61.566,61.4737,61.566,KOTAK,Equity,Large Cap
119598,Kotak Bluechip Fund - Direct Growth,2024-04-10,61.4539,61.3617,61.4539,KOTAK,Equity,Large Cap
119598,Kotak Bluechip Fund - Direct Growth,2024-04-11,62.3724,62.2788,62.3724,KOTAK,Equity,Large Cap
119598,Kotak Bluechip Fund - Direct Growth,2024-04-12,61.4696,61.3774,61.4696,KOTAK,Equity,Large Cap
119598,Kotak Bluechip Fund - Direct Growth,2024-04-15,63.3508,63.2558,63.3508,KOTAK,Equity,Large Cap
119598,Kotak Bluechip Fund - Direct Growth,2024-04-16,65.1434,65.0457,65.1434,KOTAK,Equity,Large Cap
119598,Kotak Bluechip Fund - Direct Growth,2024-04-17,64.756,64.6589,64.756,KOTAK,Equity,Large Cap
119598,Kotak Bluechip Fund - Direct Growth,2024-04-18,65.5258,65.4275,65.5258,KOTAK,Equity,Large Cap
119598,Kotak Bluechip Fund - Direct Growth,2024-04-19,65.4686,65.3704,65.4686,KOTAK,Equity,Large Cap
119598,Kotak Bluechip Fund - Direct Growth,2024-04-22,66.2014,66.1021,66.2014,KOTAK,Equity,Large Cap
119598,Kotak Bluechip Fund - Direct Growth,2024-04-23,67.2654,67.1645,67.2654,KOTAK,Equity,Large Cap
119598,Kotak Bluechip Fund - Direct Growth,2024-04-24,66.8955,66.7952,66.8955,KOTAK,Equity,Large Cap
119598,Kotak Bluechip Fund - Direct Growth,2024-04-25,65.7882,65.6895,65.7882,KOTAK,Equity,Large Cap
119598,Kotak Bluechip Fund - Direct Growth,2024-04-26,65.4065,65.3084,65.4065,KOTAK,Equity,Large Cap
119598,Kotak Bluechip Fund - Direct Growth,2024-04-29,67.1622,67.0615,67.1622,KOTAK,Equity,Large Cap
119598,Kotak Bluechip Fund - Direct Growth,2024-04-30,68.2515,68.1491,68.2515,KOTAK,Equity,Large Cap
119598,Kotak Bluechip Fund - Direct Growth,2024-05-01,67.1664,67.0657,67.1664,KOTAK,Equity,Large Cap
119598,Kotak Bluechip Fund - Direct Growth,2024-05-02,66.836,66.7357,66.836,KOTAK,Equity,Large Cap
119598,Kotak Bluechip Fund - Direct Growth,2024-05-03,66.6313,66.5314,66.6313,KOTAK,Equity,Large Cap
119598,Kotak Bluechip Fund - Direct Growth,2024-05-06,67.2395,67.1386,67.2395,KOTAK,Equity,Large Cap
119598,Kotak Bluechip Fund - Direct Growth,2024-05-07,66.9075,66.8071,66.9075,KOTAK,Equity,Large Cap
119598,Kotak Bluechip Fund - Direct Growth,2024-05-08,67.0459,66.9453,67.0459,KOTAK,Equity,Large Cap
119598,Kotak Bluechip Fund - Direct Growth,2024-05-09,67.0364,66.9358,67.0364,KOTAK,Equity,Large Cap
119598,Kotak Bluechip Fund - Direct Growth,2024-05-10,66.3184,66.2189,66.3184,KOTAK,Equity,Large Cap
119598,Kotak Bluechip Fund - Direct Growth,2024-05-13,66.0622,65.9631,66.0622,KOTAK,Equity,Large Cap
119598,Kotak Bluechip Fund - Direct Growth,2024-05-14,66.1138,66.0146,66.1138,KOTAK,Equity,Large Cap
119598,Kotak Bluechip Fund - Direct Growth,2024-05-15,66.2003,66.101,66.2003,KOTAK,Equity,Large Cap
119598,Kotak Bluechip Fund - Direct Growth,2024-05-16,65.8834,65.7846,65.8834,KOTAK,Equity,Large Cap
119598,Kotak Bluechip Fund - Direct Growth,2024-05-17,66.916,66.8156,66.916,KOTAK,Equity,Large Cap
119598,Kotak Bluechip Fund - Direct Growth,2024-05-20,67.669,67.5675,67.669,KOTAK,Equity,Large Cap
119598,Kotak Bluechip Fund - Direct Growth,2024-05-21,66.8532,66.7529,66.8532,KOTAK,Equity,Large Cap
119598,Kotak Bluechip Fund - Direct Growth,2024-05-22,65.7939,65.6952,65.7939,KOTAK,Equity,Large Cap
119598,Kotak Bluechip Fund - Direct Growth,2024-05-23,66.4001,66.3005,66.4001,KOTAK,Equity,Large Cap
119598,Kotak Bluechip Fund - Direct Growth,2024-05-24,64.7716,64.6744,64.7716,KOTAK,Equity,Large Cap
119598,Kotak Bluechip Fund - Direct Growth,2024-05-27,65.1016,65.0039,65.1016,KOTAK,Equity,Large Cap
119598,Kotak Bluechip Fund - Direct Growth,2024-05-28,63.5793,63.4839,63.5793,KOTAK,Equity,Large Cap
119598,Kotak Bluechip Fund - Direct Growth,2024-05-29,62.4609,62.3672,62.4609,KOTAK,Equity,Large Cap
119598,Kotak Bluechip Fund - Direct Growth,2024-05-30,63.1592,63.0645,63.1592,KOTAK,Equity,Large Cap
119598,Kotak Bluechip Fund - Direct Growth,2024-05-31,64.0369,63.9408,64.0369,KOTAK,Equity,Large Cap
119598,Kotak Bluechip Fund - Direct Growth,2024-06-03,65.3131,65.2151,65.3131,KOTAK,Equity,Large Cap
119598,Kotak Bluechip Fund - Direct Growth,2024-06-04,66.7401,66.64,66.7401,KOTAK,Equity,Large Cap
119598,Kotak Bluechip Fund - Direct Growth,2024-06-05,66.5695,66.4696,66.5695,KOTAK,Equity,Large Cap
119598,Kotak Bluechip Fund - Direct Growth,2024-06-06,64.7576,64.6605,64.7576,KOTAK,Equity,Large Cap
119598,Kotak Bluechip Fund - Direct Growth,2024-06-07,64.1456,64.0494,64.1456,KOTAK,Equity,Large Cap
119598,Kotak Bluechip Fund - Direct Growth,2024-06-10,63.5518,63.4565,63.5518,KOTAK,Equity,Large Cap
119598,Kotak Bluechip Fund - Direct Growth,2024-06-11,64.4305,64.3339,64.4305,KOTAK,Equity,Large Cap
119598,Kotak Bluechip Fund - Direct Growth,2024-06-12,65.4416,65.3434,65.4416,KOTAK,Equity,Large Cap
119598,Kotak Bluechip Fund - Direct Growth,2024-06-13,65.333,65.235,65.333,KOTAK,Equity,Large Cap
119598,Kotak Bluechip Fund - Direct Growth,2024-06-14,66.2203,66.121,66.2203,KOTAK,Equity,Large Cap
119598,Kotak Bluechip Fund - Direct Growth,2024-06-17,67.3604,67.2594,67.3604,KOTAK,Equity,Large Cap
119598,Kotak Bluechip Fund - Direct Growth,2024-06-18,67.4457,67.3445,67.4457,KOTAK,Equity,Large Cap
119598,Kotak Bluechip Fund - Direct Growth,2024-06-19,69.1382,69.0345,69.1382,KOTAK,Equity,Large Cap
119598,Kotak Bluechip Fund - Direct Growth,2024-06-20,67.9725,67.8705,67.9725,KOTAK,Equity,Large Cap
119598,Kotak Bluechip Fund - Direct Growth,2024-06-21,67.5795,67.4781,67.5795,KOTAK,Equity,Large Cap
119598,Kotak Bluechip Fund - Direct Growth,2024-06-24,68.947,68.8436,68.947,KOTAK,Equity,Large Cap
119598,Kotak Bluechip Fund - Direct Growth,2024-06-25,68.9544,68.851,68.9544,KOTAK,Equity,Large Cap
119598,Kotak Bluechip Fund - Direct Growth,2024-06-26,67.8052,67.7035,67.8052,KOTAK,Equity,Large Cap
119598,Kotak Bluechip Fund - Direct Growth,2024-06-27,68.5178,68.415,68.5178,KOTAK,Equity,Large Cap
119598,Kotak Bluechip Fund - Direct Growth,2024-06-28,69.1659,69.0622,69.1659,KOTAK,Equity,Large Cap
119598,Kotak Bluechip Fund - Direct Growth,2024-07-01,66.3427,66.2432,66.3427,KOTAK,Equity,Large Cap
119598,Kotak Bluechip Fund - Direct Growth,2024-07-02,65.8401,65.7413,65.8401,KOTAK,Equity,Large Cap
119598,Kotak Bluechip Fund - Direct Growth,2024-07-03,65.1531,65.0554,65.1531,KOTAK,Equity,Large Cap
119598,Kotak Bluechip Fund - Direct Growth,2024-07-04,65.8119,65.7132,65.8119,KOTAK,Equity,Large Cap
119598,Kotak Bluechip Fund - Direct Growth,2024-07-05,65.9305,65.8316,65.9305,KOTAK,Equity,Large Cap
119598,Kotak Bluechip Fund - Direct Growth,2024-07-08,64.5483,64.4515,64.5483,KOTAK,Equity,Large Cap
119598,Kotak Bluechip Fund - Direct Growth,2024-07-09,64.8298,64.7326,64.8298,KOTAK,Equity,Large Cap
119598,Kotak Bluechip Fund - Direct Growth,2024-07-10,64.2225,64.1262,64.2225,KOTAK,Equity,Large Cap
119598,Kotak Bluechip Fund - Direct Growth,2024-07-11,63.9664,63.8705,63.9664,KOTAK,Equity,Large Cap
119598,Kotak Bluechip Fund - Direct Growth,2024-07-12,64.3791,64.2825,64.3791,KOTAK,Equity,Large Cap
119598,Kotak Bluechip Fund - Direct Growth,2024-07-15,65.8347,65.7359,65.8347,KOTAK,Equity,Large Cap
119598,Kotak Bluechip Fund - Direct Growth,2024-07-16,66.1031,66.0039,66.1031,KOTAK,Equity,Large Cap
119598,Kotak Bluechip Fund - Direct Growth,2024-07-17,65.7823,65.6836,65.7823,KOTAK,Equity,Large Cap
119598,Kotak Bluechip Fund - Direct Growth,2024-07-18,65.9523,65.8534,65.9523,KOTAK,Equity,Large Cap
119598,Kotak Bluechip Fund - Direct Growth,2024-07-19,66.3265,66.227,66.3265,KOTAK,Equity,Large Cap
119598,Kotak Bluechip Fund - Direct Growth,2024-07-22,65.1508,65.0531,65.1508,KOTAK,Equity,Large Cap
119598,Kotak Bluechip Fund - Direct Growth,2024-07-23,65.4619,65.3637,65.4619,KOTAK,Equity,Large Cap
119598,Kotak Bluechip Fund - Direct Growth,2024-07-24,64.9538,64.8564,64.9538,KOTAK,Equity,Large Cap
119598,Kotak Bluechip Fund - Direct Growth,2024-07-25,63.9787,63.8827,63.9787,KOTAK,Equity,Large Cap
119598,Kotak Bluechip Fund - Direct Growth,2024-07-26,65.1374,65.0397,65.1374,KOTAK,Equity,Large Cap
119598,Kotak Bluechip Fund - Direct Growth,2024-07-29,64.5275,64.4307,64.5275,KOTAK,Equity,Large Cap
119598,Kotak Bluechip Fund - Direct Growth,2024-07-30,63.917,63.8211,63.917,KOTAK,Equity,Large Cap
119598,Kotak Bluechip Fund - Direct Growth,2024-07-31,64.9417,64.8443,64.9417,KOTAK,Equity,Large Cap
119598,Kotak Bluechip Fund - Direct Growth,2024-08-01,65.075,64.9774,65.075,KOTAK,Equity,Large Cap
119598,Kotak Bluechip Fund - Direct Growth,2024-08-02,64.6711,64.5741,64.6711,KOTAK,Equity,Large Cap
119598,Kotak Bluechip Fund - Direct Growth,2024-08-05,65.6695,65.571,65.6695,KOTAK,Equity,Large Cap
119598,Kotak Bluechip Fund - Direct Growth,2024-08-06,66.7618,66.6617,66.7618,KOTAK,Equity,Large Cap
119598,Kotak Bluechip Fund - Direct Growth,2024-08-07,66.4147,66.3151,66.4147,KOTAK,Equity,Large Cap
119598,Kotak Bluechip Fund - Direct Growth,2024-08-08,65.9402,65.8413,65.9402,KOTAK,Equity,Large Cap
119598,Kotak Bluechip Fund - Direct Growth,2024-08-09,63.8949,63.7991,63.8949,KOTAK,Equity,Large Cap
119598,Kotak Bluechip Fund - Direct Growth,2024-08-12,61.9254,61.8325,61.9254,KOTAK,Equity,Large Cap
119598,Kotak Bluechip Fund - Direct Growth,2024-08-13,61.7077,61.6151,61.7077,KOTAK,Equity,Large Cap
119598,Kotak Bluechip Fund - Direct Growth,2024-08-14,60.7362,60.6451,60.7362,KOTAK,Equity,Large Cap
119598,Kotak Bluechip Fund - Direct Growth,2024-08-15,60.5556,60.4648,60.5556,KOTAK,Equity,Large Cap
119598,Kotak Bluechip Fund - Direct Growth,2024-08-16,60.947,60.8556,60.947,KOTAK,Equity,Large Cap
119598,Kotak Bluechip Fund - Direct Growth,2024-08-19,59.9149,59.825,59.9149,KOTAK,Equity,Large Cap
119598,Kotak Bluechip Fund - Direct Growth,2024-08-20,58.9443,58.8559,58.9443,KOTAK,Equity,Large Cap
119598,Kotak Bluechip Fund - Direct Growth,2024-08-21,59.6057,59.5163,59.6057,KOTAK,Equity,Large Cap
119598,Kotak Bluechip Fund - Direct Growth,2024-08-22,60.1904,60.1001,60.1904,KOTAK,Equity,Large Cap
119598,Kotak Bluechip Fund - Direct Growth,2024-08-23,59.5658,59.4765,59.5658,KOTAK,Equity,Large Cap
119598,Kotak Bluechip Fund - Direct Growth,2024-08-26,57.1745,57.0887,57.1745,KOTAK,Equity,Large Cap
119598,Kotak Bluechip Fund - Direct Growth,2024-08-27,57.4279,57.3418,57.4279,KOTAK,Equity,Large Cap
119598,Kotak Bluechip Fund - Direct Growth,2024-08-28,57.2628,57.1769,57.2628,KOTAK,Equity,Large Cap
119598,Kotak Bluechip Fund - Direct Growth,2024-08-29,57.9524,57.8655,57.9524,KOTAK,Equity,Large Cap
119598,Kotak Bluechip Fund - Direct Growth,2024-08-30,57.2117,57.1259,57.2117,KOTAK,Equity,Large Cap
119598,Kotak Bluechip Fund - Direct Growth,2024-09-02,55.155,55.0723,55.155,KOTAK,Equity,Large Cap
119598,Kotak Bluechip Fund - Direct Growth,2024-09-03,54.3948,54.3132,54.3948,KOTAK,Equity,Large Cap
119598,Kotak Bluechip Fund - Direct Growth,2024-09-04,55.0667,54.9841,55.0667,KOTAK,Equity,Large Cap
119598,Kotak Bluechip Fund - Direct Growth,2024-09-05,54.6273,54.5454,54.6273,KOTAK,Equity,Large Cap
119598,Kotak Bluechip Fund - Direct Growth,2024-09-06,54.7306,54.6485,54.7306,KOTAK,Equity,Large Cap
119598,Kotak Bluechip Fund - Direct Growth,2024-09-09,53.6069,53.5265,53.6069,KOTAK,Equity,Large Cap
119598,Kotak Bluechip Fund - Direct Growth,2024-09-10,54.0137,53.9327,54.0137,KOTAK,Equity,Large Cap
119598,Kotak Bluechip Fund - Direct Growth,2024-09-11,53.2525,53.1726,53.2525,KOTAK,Equity,Large Cap
119598,Kotak Bluechip Fund - Direct Growth,2024-09-12,53.7908,53.7101,53.7908,KOTAK,Equity,Large Cap
119598,Kotak Bluechip Fund - Direct Growth,2024-09-13,53.2638,53.1839,53.2638,KOTAK,Equity,Large Cap
119598,Kotak Bluechip Fund - Direct Growth,2024-09-16,52.9317,52.8523,52.9317,KOTAK,Equity,Large Cap
119598,Kotak Bluechip Fund - Direct Growth,2024-09-17,52.9767,52.8972,52.9767,KOTAK,Equity,Large Cap
119598,Kotak Bluechip Fund - Direct Growth,2024-09-18,52.7978,52.7186,52.7978,KOTAK,Equity,Large Cap
119598,Kotak Bluechip Fund - Direct Growth,2024-09-19,52.9009,52.8215,52.9009,KOTAK,Equity,Large Cap
119598,Kotak Bluechip Fund - Direct Growth,2024-09-20,51.4107,51.3336,51.4107,KOTAK,Equity,Large Cap
119598,Kotak Bluechip Fund - Direct Growth,2024-09-23,51.3456,51.2686,51.3456,KOTAK,Equity,Large Cap
119598,Kotak Bluechip Fund - Direct Growth,2024-09-24,50.8051,50.7289,50.8051,KOTAK,Equity,Large Cap
119598,Kotak Bluechip Fund - Direct Growth,2024-09-25,50.6766,50.6006,50.6766,KOTAK,Equity,Large Cap
119598,Kotak Bluechip Fund - Direct Growth,2024-09-26,50.8761,50.7998,50.8761,KOTAK,Equity,Large Cap
119598,Kotak Bluechip Fund - Direct Growth,2024-09-27,51.3197,51.2427,51.3197,KOTAK,Equity,Large Cap
119598,Kotak Bluechip Fund - Direct Growth,2024-09-30,49.4009,49.3268,49.4009,KOTAK,Equity,Large Cap
119598,Kotak Bluechip Fund - Direct Growth,2024-10-01,49.8375,49.7627,49.8375,KOTAK,Equity,Large Cap
119598,Kotak Bluechip Fund - Direct Growth,2024-10-02,51.3516,51.2746,51.3516,KOTAK,Equity,Large Cap
119598,Kotak Bluechip Fund - Direct Growth,2024-10-03,51.2316,51.1548,51.2316,KOTAK,Equity,Large Cap
119598,Kotak Bluechip Fund - Direct Growth,2024-10-04,50.3871,50.3115,50.3871,KOTAK,Equity,Large Cap
119598,Kotak Bluechip Fund - Direct Growth,2024-10-07,51.561,51.4837,51.561,KOTAK,Equity,Large Cap
119598,Kotak Bluechip Fund - Direct Growth,2024-10-08,51.0207,50.9442,51.0207,KOTAK,Equity,Large Cap
119598,Kotak Bluechip Fund - Direct Growth,2024-10-09,51.6276,51.5502,51.6276,KOTAK,Equity,Large Cap
119598,Kotak Bluechip Fund - Direct Growth,2024-10-10,52.0593,51.9812,52.0593,KOTAK,Equity,Large Cap
119598,Kotak Bluechip Fund - Direct Growth,2024-10-11,51.4391,51.3619,51.4391,KOTAK,Equity,Large Cap
119598,Kotak Bluechip Fund - Direct Growth,2024-10-14,53.0976,53.018,53.0976,KOTAK,Equity,Large Cap
119598,Kotak Bluechip Fund - Direct Growth,2024-10-15,53.0765,52.9969,53.0765,KOTAK,Equity,Large Cap
119598,Kotak Bluechip Fund - Direct Growth,2024-10-16,52.8697,52.7904,52.8697,KOTAK,Equity,Large Cap
119598,Kotak Bluechip Fund - Direct Growth,2024-10-17,53.6695,53.589,53.6695,KOTAK,Equity,Large Cap
119598,Kotak Bluechip Fund - Direct Growth,2024-10-18,52.9116,52.8322,52.9116,KOTAK,Equity,Large Cap
119598,Kotak Bluechip Fund - Direct Growth,2024-10-21,53.048,52.9684,53.048,KOTAK,Equity,Large Cap
119598,Kotak Bluechip Fund - Direct Growth,2024-10-22,52.905,52.8256,52.905,KOTAK,Equity,Large Cap
119598,Kotak Bluechip Fund - Direct Growth,2024-10-23,53.7315,53.6509,53.7315,KOTAK,Equity,Large Cap
119598,Kotak Bluechip Fund - Direct Growth,2024-10-24,54.0698,53.9887,54.0698,KOTAK,Equity,Large Cap
119598,Kotak Bluechip Fund - Direct Growth,2024-10-25,53.2978,53.2179,53.2978,KOTAK,Equity,Large Cap
119598,Kotak Bluechip Fund - Direct Growth,2024-10-28,55.8687,55.7849,55.8687,KOTAK,Equity,Large Cap
119598,Kotak Bluechip Fund - Direct Growth,2024-10-29,55.3805,55.2974,55.3805,KOTAK,Equity,Large Cap
119598,Kotak Bluechip Fund - Direct Growth,2024-10-30,55.1993,55.1165,55.1993,KOTAK,Equity,Large Cap
119598,Kotak Bluechip Fund - Direct Growth,2024-10-31,55.3177,55.2347,55.3177,KOTAK,Equity,Large Cap
119598,Kotak Bluechip Fund - Direct Growth,2024-11-01,54.8727,54.7904,54.8727,KOTAK,Equity,Large Cap
119598,Kotak Bluechip Fund - Direct Growth,2024-11-04,54.33,54.2485,54.33,KOTAK,Equity,Large Cap
119598,Kotak Bluechip Fund - Direct Growth,2024-11-05,54.573,54.4911,54.573,KOTAK,Equity,Large Cap
119598,Kotak Bluechip Fund - Direct Growth,2024-11-06,54.3668,54.2852,54.3668,KOTAK,Equity,Large Cap
119598,Kotak Bluechip Fund - Direct Growth,2024-11-07,54.3397,54.2582,54.3397,KOTAK,Equity,Large Cap
119598,Kotak Bluechip Fund - Direct Growth,2024-11-08,54.1211,54.0399,54.1211,KOTAK,Equity,Large Cap
119598,Kotak Bluechip Fund - Direct Growth,2024-11-11,55.6337,55.5502,55.6337,KOTAK,Equity,Large Cap
119598,Kotak Bluechip Fund - Direct Growth,2024-11-12,55.4294,55.3463,55.4294,KOTAK,Equity,Large Cap
119598,Kotak Bluechip Fund - Direct Growth,2024-11-13,55.4241,55.341,55.4241,KOTAK,Equity,Large Cap
119598,Kotak Bluechip Fund - Direct Growth,2024-11-14,55.4593,55.3761,55.4593,KOTAK,Equity,Large Cap
119598,Kotak Bluechip Fund - Direct Growth,2024-11-15,54.9475,54.8651,54.9475,KOTAK,Equity,Large Cap
119598,Kotak Bluechip Fund - Direct Growth,2024-11-18,56.7304,56.6453,56.7304,KOTAK,Equity,Large Cap
119598,Kotak Bluechip Fund - Direct Growth,2024-11-19,57.6077,57.5213,57.6077,KOTAK,Equity,Large Cap
119598,Kotak Bluechip Fund - Direct Growth,2024-11-20,57.1567,57.071,57.1567,KOTAK,Equity,Large Cap
119598,Kotak Bluechip Fund - Direct Growth,2024-11-21,57.7422,57.6556,57.7422,KOTAK,Equity,Large Cap
119598,Kotak Bluechip Fund - Direct Growth,2024-11-22,57.1064,57.0207,57.1064,KOTAK,Equity,Large Cap
119598,Kotak Bluechip Fund - Direct Growth,2024-11-25,56.5917,56.5068,56.5917,KOTAK,Equity,Large Cap
119598,Kotak Bluechip Fund - Direct Growth,2024-11-26,56.8045,56.7193,56.8045,KOTAK,Equity,Large Cap
119598,Kotak Bluechip Fund - Direct Growth,2024-11-27,55.0041,54.9216,55.0041,KOTAK,Equity,Large Cap
119598,Kotak Bluechip Fund - Direct Growth,2024-11-28,53.8704,53.7896,53.8704,KOTAK,Equity,Large Cap
119598,Kotak Bluechip Fund - Direct Growth,2024-11-29,53.7772,53.6965,53.7772,KOTAK,Equity,Large Cap
119598,Kotak Bluechip Fund - Direct Growth,2024-12-02,52.6397,52.5607,52.6397,KOTAK,Equity,Large Cap
119598,Kotak Bluechip Fund - Direct Growth,2024-12-03,52.1441,52.0659,52.1441,KOTAK,Equity,Large Cap
119598,Kotak Bluechip Fund - Direct Growth,2024-12-04,52.4097,52.3311,52.4097,KOTAK,Equity,Large Cap
119598,Kotak Bluechip Fund - Direct Growth,2024-12-05,52.7966,52.7174,52.7966,KOTAK,Equity,Large Cap
119598,Kotak Bluechip Fund - Direct Growth,2024-12-06,52.8074,52.7282,52.8074,KOTAK,Equity,Large Cap
119598,Kotak Bluechip Fund - Direct Growth,2024-12-09,53.377,53.2969,53.377,KOTAK,Equity,Large Cap
119598,Kotak Bluechip Fund - Direct Growth,2024-12-10,53.2187,53.1389,53.2187,KOTAK,Equity,Large Cap
119598,Kotak Bluechip Fund - Direct Growth,2024-12-11,52.3441,52.2656,52.3441,KOTAK,Equity,Large Cap
119598,Kotak Bluechip Fund - Direct Growth,2024-12-12,52.2971,52.2187,52.2971,KOTAK,Equity,Large Cap
119598,Kotak Bluechip Fund - Direct Growth,2024-12-13,53.0159,52.9364,53.0159,KOTAK,Equity,Large Cap
119598,Kotak Bluechip Fund - Direct Growth,2024-12-16,54.2182,54.1369,54.2182,KOTAK,Equity,Large Cap
119598,Kotak Bluechip Fund - Direct Growth,2024-12-17,55.1157,55.033,55.1157,KOTAK,Equity,Large Cap
119598,Kotak Bluechip Fund - Direct Growth,2024-12-18,55.0099,54.9274,55.0099,KOTAK,Equity,Large Cap
119598,Kotak Bluechip Fund - Direct Growth,2024-12-19,56.0033,55.9193,56.0033,KOTAK,Equity,Large Cap
119598,Kotak Bluechip Fund - Direct Growth,2024-12-20,56.011,55.927,56.011,KOTAK,Equity,Large Cap
119598,Kotak Bluechip Fund - Direct Growth,2024-12-23,57.4212,57.3351,57.4212,KOTAK,Equity,Large Cap
119598,Kotak Bluechip Fund - Direct Growth,2024-12-24,57.5947,57.5083,57.5947,KOTAK,Equity,Large Cap
119598,Kotak Bluechip Fund - Direct Growth,2024-12-25,58.5085,58.4207,58.5085,KOTAK,Equity,Large Cap
119598,Kotak Bluechip Fund - Direct Growth,2024-12-26,58.4385,58.3508,58.4385,KOTAK,Equity,Large Cap
119598,Kotak Bluechip Fund - Direct Growth,2024-12-27,57.5356,57.4493,57.5356,KOTAK,Equity,Large Cap
119598,Kotak Bluechip Fund - Direct Growth,2024-12-30,58.8644,58.7761,58.8644,KOTAK,Equity,Large Cap
119598,Kotak Bluechip Fund - Direct Growth,2024-12-31,59.7045,59.6149,59.7045,KOTAK,Equity,Large Cap
120465,Nippon India Large Cap Fund - Direct Growth,2022-01-03,230.2892,229.9438,230.2892,NIPPON,Equity,Large Cap
120465,Nippon India Large Cap Fund - Direct Growth,2022-01-04,225.4262,225.0881,225.4262,NIPPON,Equity,Large Cap
120465,Nippon India Large Cap Fund - Direct Growth,2022-01-05,224.7376,224.4005,224.7376,NIPPON,Equity,Large Cap
120465,Nippon India Large Cap Fund - Direct Growth,2022-01-06,225.4883,225.1501,225.4883,NIPPON,Equity,Large Cap
120465,Nippon India Large Cap Fund - Direct Growth,2022-01-07,224.848,224.5107,224.848,NIPPON,Equity,Large Cap
120465,Nippon India Large Cap Fund - Direct Growth,2022-01-10,225.4548,225.1166,225.4548,NIPPON,Equity,Large Cap
120465,Nippon India Large Cap Fund - Direct Growth,2022-01-11,229.4169,229.0728,229.4169,NIPPON,Equity,Large Cap
120465,Nippon India Large Cap Fund - Direct Growth,2022-01-12,228.7928,228.4496,228.7928,NIPPON,Equity,Large Cap
120465,Nippon India Large Cap Fund - Direct Growth,2022-01-13,226.4682,226.1285,226.4682,NIPPON,Equity,Large Cap
120465,Nippon India Large Cap Fund - Direct Growth,2022-01-14,227.2903,226.9494,227.2903,NIPPON,Equity,Large Cap
120465,Nippon India Large Cap Fund - Direct Growth,2022-01-17,227.7127,227.3711,227.7127,NIPPON,Equity,Large Cap
120465,Nippon India Large Cap Fund - Direct Growth,2022-01-18,226.1034,225.7642,226.1034,NIPPON,Equity,Large Cap
120465,Nippon India Large Cap Fund - Direct Growth,2022-01-19,221.2008,220.869,221.2008,NIPPON,Equity,Large Cap
120465,Nippon India Large Cap Fund - Direct Growth,2022-01-20,224.8148,224.4776,224.8148,NIPPON,Equity,Large Cap
120465,Nippon India Large Cap Fund - Direct Growth,2022-01-21,223.5442,223.2089,223.5442,NIPPON,Equity,Large Cap
120465,Nippon India Large Cap Fund - Direct Growth,2022-01-24,222.0173,221.6843,222.0173,NIPPON,Equity,Large Cap
120465,Nippon India Large Cap Fund - Direct Growth,2022-01-25,218.6707,218.3427,218.6707,NIPPON,Equity,Large Cap
120465,Nippon India Large Cap Fund - Direct Growth,2022-01-26,218.9115,218.5831,218.9115,NIPPON,Equity,Large Cap
120465,Nippon India Large Cap Fund - Direct Growth,2022-01-27,221.3965,221.0644,221.3965,NIPPON,Equity,Large Cap
120465,Nippon India Large Cap Fund - Direct Growth,2022-01-28,222.6055,222.2716,222.6055,NIPPON,Equity,Large Cap
120465,Nippon India Large Cap Fund - Direct Growth,2022-01-31,216.0482,215.7241,216.0482,NIPPON,Equity,Large Cap
120465,Nippon India Large Cap Fund - Direct Growth,2022-02-01,216.6215,216.2966,216.6215,NIPPON,Equity,Large Cap
120465,Nippon India Large Cap Fund - Direct Growth,2022-02-02,214.6619,214.3399,214.6619,NIPPON,Equity,Large Cap
120465,Nippon India Large Cap Fund - Direct Growth,2022-02-03,215.2716,214.9487,215.2716,NIPPON,Equity,Large Cap
120465,Nippon India Large Cap Fund - Direct Growth,2022-02-04,217.1188,216.7931,217.1188,NIPPON,Equity,Large Cap
120465,Nippon India Large Cap Fund - Direct Growth,2022-02-07,222.3637,222.0302,222.3637,NIPPON,Equity,Large Cap
120465,Nippon India Large Cap Fund - Direct Growth,2022-02-08,224.5006,224.1638,224.5006,NIPPON,Equity,Large Cap
120465,Nippon India Large Cap Fund - Direct Growth,2022-02-09,224.5858,224.2489,224.5858,NIPPON,Equity,Large Cap
120465,Nippon India Large Cap Fund - Direct Growth,2022-02-10,227.612,227.2706,227.612,NIPPON,Equity,Large Cap
120465,Nippon India Large Cap Fund - Direct Growth,2022-02-11,234.1638,233.8126,234.1638,NIPPON,Equity,Large Cap
120465,Nippon India Large Cap Fund - Direct Growth,2022-02-14,223.2209,222.8861,223.2209,NIPPON,Equity,Large Cap
120465,Nippon India Large Cap Fund - Direct Growth,2022-02-15,223.8262,223.4905,223.8262,NIPPON,Equity,Large Cap
120465,Nippon India Large Cap Fund - Direct Growth,2022-02-16,224.8971,224.5598,224.8971,NIPPON,Equity,Large Cap
120465,Nippon India Large Cap Fund - Direct Growth,2022-02-17,224.8814,224.5441,224.8814,NIPPON,Equity,Large Cap
120465,Nippon India Large Cap Fund - Direct Growth,2022-02-18,223.205,222.8702,223.205,NIPPON,Equity,Large Cap
120465,Nippon India Large Cap Fund - Direct Growth,2022-02-21,222.7782,222.444,222.7782,NIPPON,Equity,Large Cap
120465,Nippon India Large Cap Fund - Direct Growth,2022-02-22,221.2873,220.9554,221.2873,NIPPON,Equity,Large Cap
120465,Nippon India Large Cap Fund - Direct Growth,2022-02-23,222.5444,222.2106,222.5444,NIPPON,Equity,Large Cap
120465,Nippon India Large Cap Fund - Direct Growth,2022-02-24,218.4456,218.1179,218.4456,NIPPON,Equity,Large Cap
120465,Nippon India Large Cap Fund - Direct Growth,2022-02-25,219.7315,219.4019,219.7315,NIPPON,Equity,Large Cap
120465,Nippon India Large Cap Fund - Direct Growth,2022-02-28,214.976,214.6535,214.976,NIPPON,Equity,Large Cap
120465,Nippon India Large Cap Fund - Direct Growth,2022-03-01,214.0466,213.7255,214.0466,NIPPON,Equity,Large Cap
120465,Nippon India Large Cap Fund - Direct Growth,2022-03-02,215.1145,214.7918,215.1145,NIPPON,Equity,Large Cap
120465,Nippon India Large Cap Fund - Direct Growth,2022-03-03,211.8134,211.4957,211.8134,NIPPON,Equity,Large Cap
120465,Nippon India Large Cap Fund - Direct Growth,2022-03-04,210.8888,210.5725,210.8888,NIPPON,Equity,Large Cap
120465,Nippon India Large Cap Fund - Direct Growth,2022-03-07,212.7429,212.4238,212.7429,NIPPON,Equity,Large Cap
120465,Nippon India Large Cap Fund - Direct Growth,2022-03-08,210.6491,210.3331,210.6491,NIPPON,Equity,Large Cap
120465,Nippon India Large Cap Fund - Direct Growth,2022-03-09,209.0412,208.7276,209.0412,NIPPON,Equity,Large Cap
120465,Nippon India Large Cap Fund - Direct Growth,2022-03-10,206.6707,206.3607,206.6707,NIPPON,Equity,Large Cap
120465,Nippon India Large Cap Fund - Direct Growth,2022-03-11,211.2137,210.8969,211.2137,NIPPON,Equity,Large Cap
120465,Nippon India Large Cap Fund - Direct Growth,2022-03-14,213.2712,212.9513,213.2712,NIPPON,Equity,Large Cap
120465,Nippon India Large Cap Fund - Direct Growth,2022-03-15,213.8701,213.5493,213.8701,NIPPON,Equity,Large Cap
120465,Nippon India Large Cap Fund - Direct Growth,2022-03-16,214.6159,214.294,214.6159,NIPPON,Equity,Large Cap
120465,Nippon India Large Cap Fund - Direct Growth,2022-03-17,213.8146,213.4939,213.8146,NIPPON,Equity,Large Cap
120465,Nippon India Large Cap Fund - Direct Growth,2022-03-18,211.9773,211.6593,211.9773,NIPPON,Equity,Large Cap
120465,Nippon India Large Cap Fund - Direct Growth,2022-03-21,216.3118,215.9873,216.3118,NIPPON,Equity,Large Cap
120465,Nippon India Large Cap Fund - Direct Growth,2022-03-22,213.1036,212.7839,213.1036,NIPPON,Equity,Large Cap
120465,Nippon India Large Cap Fund - Direct Growth,2022-03-23,217.1172,216.7915,217.1172,NIPPON,Equity,Large Cap
120465,Nippon India Large Cap Fund - Direct Growth,2022-03-24,216.914,216.5886,216.914,NIPPON,Equity,Large Cap
120465,Nippon India Large Cap Fund - Direct Growth,2022-03-25,217.7793,217.4526,217.7793,NIPPON,Equity,Large Cap
120465,Nippon India Large Cap Fund - Direct Growth,2022-03-28,220.8206,220.4894,220.8206,NIPPON,Equity,Large Cap
120465,Nippon India Large Cap Fund - Direct Growth,2022-03-29,213.7344,213.4138,213.7344,NIPPON,Equity,Large Cap
120465,Nippon India Large Cap Fund - Direct Growth,2022-03-30,211.9733,211.6553,211.9733,NIPPON,Equity,Large Cap
120465,Nippon India Large Cap Fund - Direct Growth,2022-03-31,209.7076,209.393,209.7076,NIPPON,Equity,Large Cap
120465,Nippon India Large Cap Fund - Direct Growth,2022-04-01,206.637,206.327,206.637,NIPPON,Equity,Large Cap
120465,Nippon India Large Cap Fund - Direct Growth,2022-04-04,209.0537,208.7401,209.0537,NIPPON,Equity,Large Cap
120465,Nippon India Large Cap Fund - Direct Growth,2022-04-05,209.7416,209.427,209.7416,NIPPON,Equity,Large Cap
120465,Nippon India Large Cap Fund - Direct Growth,2022-04-06,208.15,207.8378,208.15,NIPPON,Equity,Large Cap
120465,Nippon India Large Cap Fund - Direct Growth,2022-04-07,209.155,208.8413,209.155,NIPPON,Equity,Large Cap
120465,Nippon India Large Cap Fund - Direct Growth,2022-04-08,209.5506,209.2363,209.5506,NIPPON,Equity,Large Cap
120465,Nippon India Large Cap Fund - Direct Growth,2022-04-11,214.2133,213.892,214.2133,NIPPON,Equity,Large Cap
120465,Nippon India Large Cap Fund - Direct Growth,2022-04-12,211.9925,211.6745,211.9925,NIPPON,Equity,Large Cap
120465,Nippon India Large Cap Fund - Direct Growth,2022-04-13,210.4163,210.1007,210.4163,NIPPON,Equity,Large Cap
120465,Nippon India Large Cap Fund - Direct Growth,2022-04-14,209.1123,208.7986,209.1123,NIPPON,Equity,Large Cap
120465,Nippon India Large Cap Fund - Direct Growth,2022-04-15,208.4048,208.0922,208.4048,NIPPON,Equity,Large Cap
120465,Nippon India Large Cap Fund - Direct Growth,2022-04-18,210.9922,210.6757,210.9922,NIPPON,Equity,Large Cap
120465,Nippon India Large Cap Fund - Direct Growth,2022-04-19,211.1174,210.8007,211.1174,NIPPON,Equity,Large Cap
120465,Nippon India Large Cap Fund - Direct Growth,2022-04-20,211.5649,211.2476,211.5649,NIPPON,Equity,Large Cap
120465,Nippon India Large Cap Fund - Direct Growth,2022-04-21,210.3398,210.0243,210.3398,NIPPON,Equity,Large Cap
120465,Nippon India Large Cap Fund - Direct Growth,2022-04-22,208.0882,207.7761,208.0882,NIPPON,Equity,Large Cap
120465,Nippon India Large Cap Fund - Direct Growth,2022-04-25,203.3983,203.0932,203.3983,NIPPON,Equity,Large Cap
120465,Nippon India Large Cap Fund - Direct Growth,2022-04-26,201.764,201.4614,201.764,NIPPON,Equity,Large Cap
120465,Nippon India Large Cap Fund - Direct Growth,2022-04-27,201.2689,200.967,201.2689,NIPPON,Equity,Large Cap
120465,Nippon India Large Cap Fund - Direct Growth,2022-04-28,202.4759,202.1722,202.4759,NIPPON,Equity,Large Cap
120465,Nippon India Large Cap Fund - Direct Growth,2022-04-29,203.822,203.5163,203.822,NIPPON,Equity,Large Cap
120465,Nippon India Large Cap Fund - Direct Growth,2022-05-02,206.5896,206.2797,206.5896,NIPPON,Equity,Large Cap
120465,Nippon India Large Cap Fund - Direct Growth,2022-05-03,203.8713,203.5655,203.8713,NIPPON,Equity,Large Cap
120465,Nippon India Large Cap Fund - Direct Growth,2022-05-04,201.9374,201.6345,201.9374,NIPPON,Equity,Large Cap
120465,Nippon India Large Cap Fund - Direct Growth,2022-05-05,204.9045,204.5971,204.9045,NIPPON,Equity,Large Cap
120465,Nippon India Large Cap Fund - Direct Growth,2022-05-06,204.6254,204.3185,204.6254,NIPPON,Equity,Large Cap
120465,Nippon India Large Cap Fund - Direct Growth,2022-05-09,195.4815,195.1883,195.4815,NIPPON,Equity,Large Cap
120465,Nippon India Large Cap Fund - Direct Growth,2022-05-10,192.8315,192.5423,192.8315,NIPPON,Equity,Large Cap
120465,Nippon India Large Cap Fund - Direct Growth,2022-05-11,191.952,191.6641,191.952,NIPPON,Equity,Large Cap
120465,Nippon India Large Cap Fund - Direct Growth,2022-05-12,192.1034,191.8152,192.1034,NIPPON,Equity,Large Cap
120465,Nippon India Large Cap Fund - Direct Growth,2022-05-13,195.5511,195.2578,195.5511,NIPPON,Equity,Large Cap
120465,Nippon India Large Cap Fund - Direct Growth,2022-05-16,201.0006,200.6991,201.0006,NIPPON,Equity,Large Cap
120465,Nippon India Large Cap Fund - Direct Growth,2022-05-17,204.5406,204.2338,204.5406,NIPPON,Equity,Large Cap
120465,Nippon India Large Cap Fund - Direct Growth,2022-05-18,205.3213,205.0133,205.3213,NIPPON,Equity,Large Cap
120465,Nippon India Large Cap Fund - Direct Growth,2022-05-19,200.5662,200.2654,200.5662,NIPPON,Equity,Large Cap
120465,Nippon India Large Cap Fund - Direct Growth,2022-05-20,201.7555,201.4529,201.7555,NIPPON,Equity,Large Cap
120465,Nippon India Large Cap Fund - Direct Growth,2022-05-23,208.6151,208.3022,208.6151,NIPPON,Equity,Large Cap
120465,Nippon India Large Cap Fund - Direct Growth,2022-05-24,210.851,210.5347,210.851,NIPPON,Equity,Large Cap
120465,Nippon India Large Cap Fund - Direct Growth,2022-05-25,212.3732,212.0546,212.3732,NIPPON,Equity,Large Cap
120465,Nippon India Large Cap Fund - Direct Growth,2022-05-26,215.2268,214.904,215.2268,NIPPON,Equity,Large Cap
120465,Nippon India Large Cap Fund - Direct Growth,2022-05-27,216.1739,215.8496,216.1739,NIPPON,Equity,Large Cap
120465,Nippon India Large Cap Fund - Direct Growth,2022-05-30,211.7016,211.384,211.7016,NIPPON,Equity,Large Cap
120465,Nippon India Large Cap Fund - Direct Growth,2022-05-31,209.7347,209.4201,209.7347,NIPPON,Equity,Large Cap
120465,Nippon India Large Cap Fund - Direct Growth,2022-06-01,209.2562,208.9423,209.2562,NIPPON,Equity,Large Cap
120465,Nippon India Large Cap Fund - Direct Growth,2022-06-02,206.7162,206.4061,206.7162,NIPPON,Equity,Large Cap
120465,Nippon India Large Cap Fund - Direct Growth,2022-06-03,211.2241,210.9073,211.2241,NIPPON,Equity,Large Cap
120465,Nippon India Large Cap Fund - Direct Growth,2022-06-06,213.833,213.5123,213.833,NIPPON,Equity,Large Cap
120465,Nippon India Large Cap Fund - Direct Growth,2022-06-07,212.1724,211.8541,212.1724,NIPPON,Equity,Large Cap
120465,Nippon India Large Cap Fund - Direct Growth,2022-06-08,213.823,213.5023,213.823,NIPPON,Equity,Large Cap
120465,Nippon India Large Cap Fund - Direct Growth,2022-06-09,215.2163,214.8935,215.2163,NIPPON,Equity,Large Cap
120465,Nippon India Large Cap Fund - Direct Growth,2022-06-10,217.3987,217.0726,217.3987,NIPPON,Equity,Large Cap
120465,Nippon India Large Cap Fund - Direct Growth,2022-06-13,223.4314,223.0963,223.4314,NIPPON,Equity,Large Cap
120465,Nippon India Large Cap Fund - Direct Growth,2022-06-14,218.9343,218.6059,218.9343,NIPPON,Equity,Large Cap
120465,Nippon India Large Cap Fund - Direct Growth,2022-06-15,217.9891,217.6621,217.9891,NIPPON,Equity,Large Cap
120465,Nippon India Large Cap Fund - Direct Growth,2022-06-16,213.9746,213.6536,213.9746,NIPPON,Equity,Large Cap
120465,Nippon India Large Cap Fund - Direct Growth,2022-06-17,210.228,209.9127,210.228,NIPPON,Equity,Large Cap
120465,Nippon India Large Cap Fund - Direct Growth,2022-06-20,203.297,202.9921,203.297,NIPPON,Equity,Large Cap
120465,Nippon India Large Cap Fund - Direct Growth,2022-06-21,204.6425,204.3355,204.6425,NIPPON,Equity,Large Cap
120465,Nippon India Large Cap Fund - Direct Growth,2022-06-22,203.4813,203.1761,203.4813,NIPPON,Equity,Large Cap
120465,Nippon India Large Cap Fund - Direct Growth,2022-06-23,203.1244,202.8197,203.1244,NIPPON,Equity,Large Cap
120465,Nippon India Large Cap Fund - Direct Growth,2022-06-24,205.3853,205.0772,205.3853,NIPPON,Equity,Large Cap
120465,Nippon India Large Cap Fund - Direct Growth,2022-06-27,203.9863,203.6803,203.9863,NIPPON,Equity,Large Cap
120465,Nippon India Large Cap Fund - Direct Growth,2022-06-28,199.3153,199.0163,199.3153,NIPPON,Equity,Large Cap
120465,Nippon India Large Cap Fund - Direct Growth,2022-06-29,193.6908,193.4003,193.6908,NIPPON,Equity,Large Cap
120465,Nippon India Large Cap Fund - Direct Growth,2022-06-30,194.5728,194.2809,194.5728,NIPPON,Equity,Large Cap
120465,Nippon India Large Cap Fund - Direct Growth,2022-07-01,195.7994,195.5057,195.7994,NIPPON,Equity,Large Cap
120465,Nippon India Large Cap Fund - Direct Growth,2022-07-04,203.2484,202.9435,203.2484,NIPPON,Equity,Large Cap
120465,Nippon India Large Cap Fund - Direct Growth,2022-07-05,202.8529,202.5486,202.8529,NIPPON,Equity,Large Cap
120465,Nippon India Large Cap Fund - Direct Growth,2022-07-06,203.6576,203.3521,203.6576,NIPPON,Equity,Large Cap
120465,Nippon India Large Cap Fund - Direct Growth,2022-07-07,207.8137,207.502,207.8137,NIPPON,Equity,Large Cap
120465,Nippon India Large Cap Fund - Direct Growth,2022-07-08,202.6001,202.2962,202.6001,NIPPON,Equity,Large Cap
120465,Nippon India Large Cap Fund - Direct Growth,2022-07-11,209.779,209.4643,209.779,NIPPON,Equity,Large Cap
120465,Nippon India Large Cap Fund - Direct Growth,2022-07-12,214.018,213.697,214.018,NIPPON,Equity,Large Cap
120465,Nippon India Large Cap Fund - Direct Growth,2022-07-13,212.4877,212.169,212.4877,NIPPON,Equity,Large Cap
120465,Nippon India Large Cap Fund - Direct Growth,2022-07-14,212.491,212.1723,212.491,NIPPON,Equity,Large Cap
120465,Nippon India Large Cap Fund - Direct Growth,2022-07-15,212.6615,212.3425,212.6615,NIPPON,Equity,Large Cap
120465,Nippon India Large Cap Fund - Direct Growth,2022-07-18,201.6603,201.3578,201.6603,NIPPON,Equity,Large Cap
120465,Nippon India Large Cap Fund - Direct Growth,2022-07-19,203.7303,203.4247,203.7303,NIPPON,Equity,Large Cap
120465,Nippon India Large Cap Fund - Direct Growth,2022-07-20,205.944,205.6351,205.944,NIPPON,Equity,Large Cap
120465,Nippon India Large Cap Fund - Direct Growth,2022-07-21,206.8272,206.517,206.8272,NIPPON,Equity,Large Cap
120465,Nippon India Large Cap Fund - Direct Growth,2022-07-22,208.9553,208.6419,208.9553,NIPPON,Equity,Large Cap
120465,Nippon India Large Cap Fund - Direct Growth,2022-07-25,211.8268,211.5091,211.8268,NIPPON,Equity,Large Cap
120465,Nippon India Large Cap Fund - Direct Growth,2022-07-26,212.0586,211.7405,212.0586,NIPPON,Equity,Large Cap
120465,Nippon India Large Cap Fund - Direct Growth,2022-07-27,211.4676,211.1504,211.4676,NIPPON,Equity,Large Cap
120465,Nippon India Large Cap Fund - Direct Growth,2022-07-28,213.2891,212.9692,213.2891,NIPPON,Equity,Large Cap
120465,Nippon India Large Cap Fund - Direct Growth,2022-07-29,212.2964,211.978,212.2964,NIPPON,Equity,Large Cap
120465,Nippon India Large Cap Fund - Direct Growth,2022-08-01,209.3243,209.0103,209.3243,NIPPON,Equity,Large Cap
120465,Nippon India Large Cap Fund - Direct Growth,2022-08-02,211.1348,210.8181,211.1348,NIPPON,Equity,Large Cap
120465,Nippon India Large Cap Fund - Direct Growth,2022-08-03,210.9949,210.6784,210.9949,NIPPON,Equity,Large Cap
120465,Nippon India Large Cap Fund - Direct Growth,2022-08-04,209.9301,209.6152,209.9301,NIPPON,Equity,Large Cap
120465,Nippon India Large Cap Fund - Direct Growth,2022-08-05,212.2563,211.9379,212.2563,NIPPON,Equity,Large Cap
120465,Nippon India Large Cap Fund - Direct Growth,2022-08-08,213.9889,213.6679,213.9889,NIPPON,Equity,Large Cap
120465,Nippon India Large Cap Fund - Direct Growth,2022-08-09,218.0268,217.6998,218.0268,NIPPON,Equity,Large Cap
120465,Nippon India Large Cap Fund - Direct Growth,2022-08-10,222.2279,221.8946,222.2279,NIPPON,Equity,Large Cap
120465,Nippon India Large Cap Fund - Direct Growth,2022-08-11,221.5644,221.2321,221.5644,NIPPON,Equity,Large Cap
120465,Nippon India Large Cap Fund - Direct Growth,2022-08-12,224.9252,224.5878,224.9252,NIPPON,Equity,Large Cap
120465,Nippon India Large Cap Fund - Direct Growth,2022-08-15,214.0013,213.6803,214.0013,NIPPON,Equity,Large Cap
120465,Nippon India Large Cap Fund - Direct Growth,2022-08-16,218.3829,218.0553,218.3829,NIPPON,Equity,Large Cap
120465,Nippon India Large Cap Fund - Direct Growth,2022-08-17,216.2061,215.8818,216.2061,NIPPON,Equity,Large Cap
120465,Nippon India Large Cap Fund - Direct Growth,2022-08-18,215.9643,215.6404,215.9643,NIPPON,Equity,Large Cap
120465,Nippon India Large Cap Fund - Direct Growth,2022-08-19,213.6915,213.371,213.6915,NIPPON,Equity,Large Cap
120465,Nippon India Large Cap Fund - Direct Growth,2022-08-22,211.3987,211.0816,211.3987,NIPPON,Equity,Large Cap
120465,Nippon India Large Cap Fund - Direct Growth,2022-08-23,212.6037,212.2848,212.6037,NIPPON,Equity,Large Cap
120465,Nippon India Large Cap Fund - Direct Growth,2022-08-24,209.0309,208.7174,209.0309,NIPPON,Equity,Large Cap
120465,Nippon India Large Cap Fund - Direct Growth,2022-08-25,207.014,206.7035,207.014,NIPPON,Equity,Large Cap
120465,Nippon India Large Cap Fund - Direct Growth,2022-08-26,201.8629,201.5601,201.8629,NIPPON,Equity,Large Cap
120465,Nippon India Large Cap Fund - Direct Growth,2022-08-29,194.3872,194.0956,194.3872,NIPPON,Equity,Large Cap
120465,Nippon India Large Cap Fund - Direct Growth,2022-08-30,191.01,190.7235,191.01,NIPPON,Equity,Large Cap
120465,Nippon India Large Cap Fund - Direct Growth,2022-08-31,191.081,190.7944,191.081,NIPPON,Equity,Large Cap
120465,Nippon India Large Cap Fund - Direct Growth,2022-09-01,189.911,189.6261,189.911,NIPPON,Equity,Large Cap
120465,Nippon India Large Cap Fund - Direct Growth,2022-09-02,194.5267,194.2349,194.5267,NIPPON,Equity,Large Cap
120465,Nippon India Large Cap Fund - Direct Growth,2022-09-05,198.2886,197.9912,198.2886,NIPPON,Equity,Large Cap
120465,Nippon India Large Cap Fund - Direct Growth,2022-09-06,200.1508,199.8506,200.1508,NIPPON,Equity,Large Cap
120465,Nippon India Large Cap Fund - Direct Growth,2022-09-07,198.7958,198.4976,198.7958,NIPPON,Equity,Large Cap
120465,Nippon India Large Cap Fund - Direct Growth,2022-09-08,195.3076,195.0146,195.3076,NIPPON,Equity,Large Cap
120465,Nippon India Large Cap Fund - Direct Growth,2022-09-09,195.3569,195.0639,195.3569,NIPPON,Equity,Large Cap
120465,Nippon India Large Cap Fund - Direct Growth,2022-09-12,195.1958,194.903,195.1958,NIPPON,Equity,Large Cap
120465,Nippon India Large Cap Fund - Direct Growth,2022-09-13,193.5154,193.2251,193.5154,NIPPON,Equity,Large Cap
120465,Nippon India Large Cap Fund - Direct Growth,2022-09-14,190.9177,190.6313,190.9177,NIPPON,Equity,Large Cap
120465,Nippon India Large Cap Fund - Direct Growth,2022-09-15,191.244,190.9571,191.244,NIPPON,Equity,Large Cap
120465,Nippon India Large Cap Fund - Direct Growth,2022-09-16,192.2063,191.918,192.2063,NIPPON,Equity,Large Cap
120465,Nippon India Large Cap Fund - Direct Growth,2022-09-19,187.7591,187.4775,187.7591,NIPPON,Equity,Large Cap
120465,Nippon India Large Cap Fund - Direct Growth,2022-09-20,186.5317,186.2519,186.5317,NIPPON,Equity,Large Cap
120465,Nippon India Large Cap Fund - Direct Growth,2022-09-21,186.0288,185.7498,186.0288,NIPPON,Equity,Large Cap
120465,Nippon India Large Cap Fund - Direct Growth,2022-09-22,184.6829,184.4059,184.6829,NIPPON,Equity,Large Cap
120465,Nippon India Large Cap Fund - Direct Growth,2022-09-23,183.5045,183.2292,183.5045,NIPPON,Equity,Large Cap
120465,Nippon India Large Cap Fund - Direct Growth,2022-09-26,191.3757,191.0886,191.3757,NIPPON,Equity,Large Cap
120465,Nippon India Large Cap Fund - Direct Growth,2022-09-27,192.4561,192.1674,192.4561,NIPPON,Equity,Large Cap
120465,Nippon India Large Cap Fund - Direct Growth,2022-09-28,192.7457,192.4566,192.7457,NIPPON,Equity,Large Cap
120465,Nippon India Large Cap Fund - Direct Growth,2022-09-29,193.9243,193.6334,193.9243,NIPPON,Equity,Large Cap
120465,Nippon India Large Cap Fund - Direct Growth,2022-09-30,199.8892,199.5894,199.8892,NIPPON,Equity,Large Cap
120465,Nippon India Large Cap Fund - Direct Growth,2022-10-03,193.3199,193.0299,193.3199,NIPPON,Equity,Large Cap
120465,Nippon India Large Cap Fund - Direct Growth,2022-10-04,193.4718,193.1816,193.4718,NIPPON,Equity,Large Cap
120465,Nippon India Large Cap Fund - Direct Growth,2022-10-05,189.5425,189.2582,189.5425,NIPPON,Equity,Large Cap
120465,Nippon India Large Cap Fund - Direct Growth,2022-10-06,189.6691,189.3846,189.6691,NIPPON,Equity,Large Cap
120465,Nippon India Large Cap Fund - Direct Growth,2022-10-07,193.5995,193.3091,193.5995,NIPPON,Equity,Large Cap
120465,Nippon India Large Cap Fund - Direct Growth,2022-10-10,192.0674,191.7793,192.0674,NIPPON,Equity,Large Cap
120465,Nippon India Large Cap Fund - Direct Growth,2022-10-11,194.2151,193.9238,194.2151,NIPPON,Equity,Large Cap
120465,Nippon India Large Cap Fund - Direct Growth,2022-10-12,192.3681,192.0795,192.3681,NIPPON,Equity,Large Cap
120465,Nippon India Large Cap Fund - Direct Growth,2022-10-13,196.7073,196.4122,196.7073,NIPPON,Equity,Large Cap
120465,Nippon India Large Cap Fund - Direct Growth,2022-10-14,201.3497,201.0477,201.3497,NIPPON,Equity,Large Cap
120465,Nippon India Large Cap Fund - Direct Growth,2022-10-17,204.6839,204.3769,204.6839,NIPPON,Equity,Large Cap
120465,Nippon India Large Cap Fund - Direct Growth,2022-10-18,207.4548,207.1436,207.4548,NIPPON,Equity,Large Cap
120465,Nippon India Large Cap Fund - Direct Growth,2022-10-19,205.5313,205.223,205.5313,NIPPON,Equity,Large Cap
120465,Nippon India Large Cap Fund - Direct Growth,2022-10-20,204.3148,204.0083,204.3148,NIPPON,Equity,Large Cap
120465,Nippon India Large Cap Fund - Direct Growth,2022-10-21,201.1544,200.8527,201.1544,NIPPON,Equity,Large Cap
120465,Nippon India Large Cap Fund - Direct Growth,2022-10-24,200.6991,200.3981,200.6991,NIPPON,Equity,Large Cap
120465,Nippon India Large Cap Fund - Direct Growth,2022-10-25,199.6831,199.3836,199.6831,NIPPON,Equity,Large Cap
120465,Nippon India Large Cap Fund - Direct Growth,2022-10-26,196.5347,196.2399,196.5347,NIPPON,Equity,Large Cap
120465,Nippon India Large Cap Fund - Direct Growth,2022-10-27,194.4936,194.2019,194.4936,NIPPON,Equity,Large Cap
120465,Nippon India Large Cap Fund - Direct Growth,2022-10-28,195.8574,195.5636,195.8574,NIPPON,Equity,Large Cap
120465,Nippon India Large Cap Fund - Direct Growth,2022-10-31,189.8855,189.6007,189.8855,NIPPON,Equity,Large Cap
120465,Nippon India Large Cap Fund - Direct Growth,2022-11-01,190.3875,190.1019,190.3875,NIPPON,Equity,Large Cap
120465,Nippon India Large Cap Fund - Direct Growth,2022-11-02,190.3625,190.077,190.3625,NIPPON,Equity,Large Cap
120465,Nippon India Large Cap Fund - Direct Growth,2022-11-03,188.7734,188.4902,188.7734,NIPPON,Equity,Large Cap
120465,Nippon India Large Cap Fund - Direct Growth,2022-11-04,188.4207,188.1381,188.4207,NIPPON,Equity,Large Cap
120465,Nippon India Large Cap Fund - Direct Growth,2022-11-07,183.8919,183.6161,183.8919,NIPPON,Equity,Large Cap
120465,Nippon India Large Cap Fund - Direct Growth,2022-11-08,187.9498,187.6679,187.9498,NIPPON,Equity,Large Cap
120465,Nippon India Large Cap Fund - Direct Growth,2022-11-09,186.5967,186.3168,186.5967,NIPPON,Equity,Large Cap
120465,Nippon India Large Cap Fund - Direct Growth,2022-11-10,186.4547,186.175,186.4547,NIPPON,Equity,Large Cap
120465,Nippon India Large Cap Fund - Direct Growth,2022-11-11,188.791,188.5078,188.791,NIPPON,Equity,Large Cap
120465,Nippon India Large Cap Fund - Direct Growth,2022-11-14,195.1252,194.8325,195.1252,NIPPON,Equity,Large Cap
120465,Nippon India Large Cap Fund - Direct Growth,2022-11-15,193.5465,193.2562,193.5465,NIPPON,Equity,Large Cap
120465,Nippon India Large Cap Fund - Direct Growth,2022-11-16,192.3725,192.0839,192.3725,NIPPON,Equity,Large Cap
120465,Nippon India Large Cap Fund - Direct Growth,2022-11-17,190.7869,190.5007,190.7869,NIPPON,Equity,Large Cap
120465,Nippon India Large Cap Fund - Direct Growth,2022-11-18,188.2861,188.0037,188.2861,NIPPON,Equity,Large Cap
120465,Nippon India Large Cap Fund - Direct Growth,2022-11-21,187.1883,186.9075,187.1883,NIPPON,Equity,Large Cap
120465,Nippon India Large Cap Fund - Direct Growth,2022-11-22,187.3867,187.1056,187.3867,NIPPON,Equity,Large Cap
120465,Nippon India Large Cap Fund - Direct Growth,2022-11-23,188.4116,188.129,188.4116,NIPPON,Equity,Large Cap
120465,Nippon India Large Cap Fund - Direct Growth,2022-11-24,187.4329,187.1518,187.4329,NIPPON,Equity,Large Cap
120465,Nippon India Large Cap Fund - Direct Growth,2022-11-25,186.682,186.402,186.682,NIPPON,Equity,Large Cap
120465,Nippon India Large Cap Fund - Direct Growth,2022-11-28,184.1379,183.8617,184.1379,NIPPON,Equity,Large Cap
120465,Nippon India Large Cap Fund - Direct Growth,2022-11-29,182.3121,182.0386,182.3121,NIPPON,Equity,Large Cap
120465,Nippon India Large Cap Fund - Direct Growth,2022-11-30,180.4367,180.166,180.4367,NIPPON,Equity,Large Cap
120465,Nippon India Large Cap Fund - Direct Growth,2022-12-01,175.9406,175.6767,175.9406,NIPPON,Equity,Large Cap
120465,Nippon India Large Cap Fund - Direct Growth,2022-12-02,178.8387,178.5704,178.8387,NIPPON,Equity,Large Cap
120465,Nippon India Large Cap Fund - Direct Growth,2022-12-05,182.3654,182.0919,182.3654,NIPPON,Equity,Large Cap
120465,Nippon India Large Cap Fund - Direct Growth,2022-12-06,179.6241,179.3547,179.6241,NIPPON,Equity,Large Cap
120465,Nippon India Large Cap Fund - Direct Growth,2022-12-07,177.3499,177.0839,177.3499,NIPPON,Equity,Large Cap
120465,Nippon India Large Cap Fund - Direct Growth,2022-12-08,182.8701,182.5958,182.8701,NIPPON,Equity,Large Cap
120465,Nippon India Large Cap Fund - Direct Growth,2022-12-09,186.7856,186.5054,186.7856,NIPPON,Equity,Large Cap
120465,Nippon India Large Cap Fund - Direct Growth,2022-12-12,186.0973,185.8182,186.0973,NIPPON,Equity,Large Cap
120465,Nippon India Large Cap Fund - Direct Growth,2022-12-13,187.1373,186.8566,187.1373,NIPPON,Equity,Large Cap
120465,Nippon India Large Cap Fund - Direct Growth,2022-12-14,185.6016,185.3232,185.6016,NIPPON,Equity,Large Cap
120465,Nippon India Large Cap Fund - Direct Growth,2022-12-15,181.1493,180.8776,181.1493,NIPPON,Equity,Large Cap
120465,Nippon India Large Cap Fund - Direct Growth,2022-12-16,178.349,178.0815,178.349,NIPPON,Equity,Large Cap
120465,Nippon India Large Cap Fund - Direct Growth,2022-12-19,176.0429,175.7788,176.0429,NIPPON,Equity,Large Cap
120465,Nippon India Large Cap Fund - Direct Growth,2022-12-20,173.8431,173.5823,173.8431,NIPPON,Equity,Large Cap
120465,Nippon India Large Cap Fund - Direct Growth,2022-12-21,172.2806,172.0222,172.2806,NIPPON,Equity,Large Cap
120465,Nippon India Large Cap Fund - Direct Growth,2022-12-22,174.1133,173.8521,174.1133,NIPPON,Equity,Large Cap
120465,Nippon India Large Cap Fund - Direct Growth,2022-12-23,174.7,174.438,174.7,NIPPON,Equity,Large Cap
120465,Nippon India Large Cap Fund - Direct Growth,2022-12-26,177.7522,177.4856,177.7522,NIPPON,Equity,Large Cap
120465,Nippon India Large Cap Fund - Direct Growth,2022-12-27,180.9089,180.6375,180.9089,NIPPON,Equity,Large Cap
120465,Nippon India Large Cap Fund - Direct Growth,2022-12-28,179.983,179.713,179.983,NIPPON,Equity,Large Cap
120465,Nippon India Large Cap Fund - Direct Growth,2022-12-29,179.1271,178.8584,179.1271,NIPPON,Equity,Large Cap
120465,Nippon India Large Cap Fund - Direct Growth,2022-12-30,176.402,176.1374,176.402,NIPPON,Equity,Large Cap
120465,Nippon India Large Cap Fund - Direct Growth,2023-01-02,180.5099,180.2391,180.5099,NIPPON,Equity,Large Cap
120465,Nippon India Large Cap Fund - Direct Growth,2023-01-03,182.6622,182.3882,182.6622,NIPPON,Equity,Large Cap
120465,Nippon India Large Cap Fund - Direct Growth,2023-01-04,178.8025,178.5343,178.8025,NIPPON,Equity,Large Cap
120465,Nippon India Large Cap Fund - Direct Growth,2023-01-05,181.198,180.9262,181.198,NIPPON,Equity,Large Cap
120465,Nippon India Large Cap Fund - Direct Growth,2023-01-06,177.2728,177.0069,177.2728,NIPPON,Equity,Large Cap
120465,Nippon India Large Cap Fund - Direct Growth,2023-01-09,180.1114,179.8412,180.1114,NIPPON,Equity,Large Cap
120465,Nippon India Large Cap Fund - Direct Growth,2023-01-10,177.3036,177.0376,177.3036,NIPPON,Equity,Large Cap
120465,Nippon India Large Cap Fund - Direct Growth,2023-01-11,179.8663,179.5965,179.8663,NIPPON,Equity,Large Cap
120465,Nippon India Large Cap Fund - Direct Growth,2023-01-12,176.7763,176.5111,176.7763,NIPPON,Equity,Large Cap
120465,Nippon India Large Cap Fund - Direct Growth,2023-01-13,175.429,175.1659,175.429,NIPPON,Equity,Large Cap
120465,Nippon India Large Cap Fund - Direct Growth,2023-01-16,170.0777,169.8226,170.0777,NIPPON,Equity,Large Cap
120465,Nippon India Large Cap Fund - Direct Growth,2023-01-17,173.8318,173.5711,173.8318,NIPPON,Equity,Large Cap
120465,Nippon India Large Cap Fund - Direct Growth,2023-01-18,179.4644,179.1952,179.4644,NIPPON,Equity,Large Cap
120465,Nippon India Large Cap Fund - Direct Growth,2023-01-19,179.7454,179.4758,179.7454,NIPPON,Equity,Large Cap
120465,Nippon India Large Cap Fund - Direct Growth,2023-01-20,182.2259,181.9526,182.2259,NIPPON,Equity,Large Cap
120465,Nippon India Large Cap Fund - Direct Growth,2023-01-23,183.292,183.0171,183.292,NIPPON,Equity,Large Cap
120465,Nippon India Large Cap Fund - Direct Growth,2023-01-24,183.7944,183.5187,183.7944,NIPPON,Equity,Large Cap
120465,Nippon India Large Cap Fund - Direct Growth,2023-01-25,185.0533,184.7757,185.0533,NIPPON,Equity,Large Cap
120465,Nippon India Large Cap Fund - Direct Growth,2023-01-26,183.8428,183.567,183.8428,NIPPON,Equity,Large Cap
120465,Nippon India Large Cap Fund - Direct Growth,2023-01-27,183.7454,183.4698,183.7454,NIPPON,Equity,Large Cap
120465,Nippon India Large Cap Fund - Direct Growth,2023-01-30,183.2854,183.0105,183.2854,NIPPON,Equity,Large Cap
120465,Nippon India Large Cap Fund - Direct Growth,2023-01-31,183.2454,182.9705,183.2454,NIPPON,Equity,Large Cap
120465,Nippon India Large Cap Fund - Direct Growth,2023-02-01,187.5231,187.2418,187.5231,NIPPON,Equity,Large Cap
120465,Nippon India Large Cap Fund - Direct Growth,2023-02-02,190.2176,189.9323,190.2176,NIPPON,Equity,Large Cap
120465,Nippon India Large Cap Fund - Direct Growth,2023-02-03,193.3733,193.0832,193.3733,NIPPON,Equity,Large Cap
120465,Nippon India Large Cap Fund - Direct Growth,2023-02-06,196.745,196.4499,196.745,NIPPON,Equity,Large Cap
120465,Nippon India Large Cap Fund - Direct Growth,2023-02-07,200.5074,200.2066,200.5074,NIPPON,Equity,Large Cap
120465,Nippon India Large Cap Fund - Direct Growth,2023-02-08,195.8919,195.5981,195.8919,NIPPON,Equity,Large Cap
120465,Nippon India Large Cap Fund - Direct Growth,2023-02-09,192.878,192.5887,192.878,NIPPON,Equity,Large Cap
120465,Nippon India Large Cap Fund - Direct Growth,2023-02-10,195.9859,195.6919,195.9859,NIPPON,Equity,Large Cap
120465,Nippon India Large Cap Fund - Direct Growth,2023-02-13,191.0752,190.7886,191.0752,NIPPON,Equity,Large Cap
120465,Nippon India Large Cap Fund - Direct Growth,2023-02-14,189.879,189.5942,189.879,NIPPON,Equity,Large Cap
120465,Nippon India Large Cap Fund - Direct Growth,2023-02-15,186.7596,186.4795,186.7596,NIPPON,Equity,Large Cap
120465,Nippon India Large Cap Fund - Direct Growth,2023-02-16,191.5207,191.2334,191.5207,NIPPON,Equity,Large Cap
120465,Nippon India Large Cap Fund - Direct Growth,2023-02-17,191.5457,191.2584,191.5457,NIPPON,Equity,Large Cap
120465,Nippon India Large Cap Fund - Direct Growth,2023-02-20,195.222,194.9292,195.222,NIPPON,Equity,Large Cap
120465,Nippon India Large Cap Fund - Direct Growth,2023-02-21,197.516,197.2197,197.516,NIPPON,Equity,Large Cap
120465,Nippon India Large Cap Fund - Direct Growth,2023-02-22,200.1397,199.8395,200.1397,NIPPON,Equity,Large Cap
120465,Nippon India Large Cap Fund - Direct Growth,2023-02-23,198.7047,198.4066,198.7047,NIPPON,Equity,Large Cap
120465,Nippon India Large Cap Fund - Direct Growth,2023-02-24,198.0739,197.7768,198.0739,NIPPON,Equity,Large Cap
120465,Nippon India Large Cap Fund - Direct Growth,2023-02-27,198.8627,198.5644,198.8627,NIPPON,Equity,Large Cap
120465,Nippon India Large Cap Fund - Direct Growth,2023-02-28,199.8938,199.594,199.8938,NIPPON,Equity,Large Cap
120465,Nippon India Large Cap Fund - Direct Growth,2023-03-01,201.8572,201.5544,201.8572,NIPPON,Equity,Large Cap
120465,Nippon India Large Cap Fund - Direct Growth,2023-03-02,197.6319,197.3355,197.6319,NIPPON,Equity,Large Cap
120465,Nippon India Large Cap Fund - Direct Growth,2023-03-03,199.406,199.1069,199.406,NIPPON,Equity,Large Cap
120465,Nippon India Large Cap Fund - Direct Growth,2023-03-06,202.6463,202.3423,202.6463,NIPPON,Equity,Large Cap
120465,Nippon India Large Cap Fund - Direct Growth,2023-03-07,206.6374,206.3274,206.6374,NIPPON,Equity,Large Cap
120465,Nippon India Large Cap Fund - Direct Growth,2023-03-08,210.0761,209.761,210.0761,NIPPON,Equity,Large Cap
120465,Nippon India Large Cap Fund - Direct Growth,2023-03-09,213.5547,213.2344,213.5547,NIPPON,Equity,Large Cap
120465,Nippon India Large Cap Fund - Direct Growth,2023-03-10,217.3398,217.0138,217.3398,NIPPON,Equity,Large Cap
120465,Nippon India Large Cap Fund - Direct Growth,2023-03-13,220.7326,220.4015,220.7326,NIPPON,Equity,Large Cap
120465,Nippon India Large Cap Fund - Direct Growth,2023-03-14,222.76,222.4259,222.76,NIPPON,Equity,Large Cap
120465,Nippon India Large Cap Fund - Direct Growth,2023-03-15,222.0229,221.6899,222.0229,NIPPON,Equity,Large Cap
120465,Nippon India Large Cap Fund - Direct Growth,2023-03-16,223.1903,222.8555,223.1903,NIPPON,Equity,Large Cap
120465,Nippon India Large Cap Fund - Direct Growth,2023-03-17,223.1856,222.8508,223.1856,NIPPON,Equity,Large Cap
120465,Nippon India Large Cap Fund - Direct Growth,2023-03-20,224.7368,224.3997,224.7368,NIPPON,Equity,Large Cap
120465,Nippon India Large Cap Fund - Direct Growth,2023-03-21,230.3517,230.0062,230.3517,NIPPON,Equity,Large Cap
120465,Nippon India Large Cap Fund - Direct Growth,2023-03-22,225.9506,225.6117,225.9506,NIPPON,Equity,Large Cap
120465,Nippon India Large Cap Fund - Direct Growth,2023-03-23,224.5313,224.1945,224.5313,NIPPON,Equity,Large Cap
120465,Nippon India Large Cap Fund - Direct Growth,2023-03-24,224.7091,224.372,224.7091,NIPPON,Equity,Large Cap
120465,Nippon India Large Cap Fund - Direct Growth,2023-03-27,229.9944,229.6494,229.9944,NIPPON,Equity,Large Cap
120465,Nippon India Large Cap Fund - Direct Growth,2023-03-28,226.9752,226.6347,226.9752,NIPPON,Equity,Large Cap
120465,Nippon India Large Cap Fund - Direct Growth,2023-03-29,223.9148,223.5789,223.9148,NIPPON,Equity,Large Cap
120465,Nippon India Large Cap Fund - Direct Growth,2023-03-30,224.8709,224.5336,224.8709,NIPPON,Equity,Large Cap
120465,Nippon India Large Cap Fund - Direct Growth,2023-03-31,221.2799,220.948,221.2799,NIPPON,Equity,Large Cap
120465,Nippon India Large Cap Fund - Direct Growth,2023-04-03,218.8453,218.517,218.8453,NIPPON,Equity,Large Cap
120465,Nippon India Large Cap Fund - Direct Growth,2023-04-04,223.1487,222.814,223.1487,NIPPON,Equity,Large Cap
120465,Nippon India Large Cap Fund - Direct Growth,2023-04-05,226.5154,226.1756,226.5154,NIPPON,Equity,Large Cap
120465,Nippon India Large Cap Fund - Direct Growth,2023-04-06,222.3346,222.0011,222.3346,NIPPON,Equity,Large Cap
120465,Nippon India Large Cap Fund - Direct Growth,2023-04-07,219.936,219.6061,219.936,NIPPON,Equity,Large Cap
120465,Nippon India Large Cap Fund - Direct Growth,2023-04-10,214.1024,213.7812,214.1024,NIPPON,Equity,Large Cap
120465,Nippon India Large Cap Fund - Direct Growth,2023-04-11,213.1247,212.805,213.1247,NIPPON,Equity,Large Cap
120465,Nippon India Large Cap Fund - Direct Growth,2023-04-12,214.3884,214.0668,214.3884,NIPPON,Equity,Large Cap
120465,Nippon India Large Cap Fund - Direct Growth,2023-04-13,210.5577,210.2419,210.5577,NIPPON,Equity,Large Cap
120465,Nippon India Large Cap Fund - Direct Growth,2023-04-14,212.6582,212.3392,212.6582,NIPPON,Equity,Large Cap
120465,Nippon India Large Cap Fund - Direct Growth,2023-04-17,211.291,210.9741,211.291,NIPPON,Equity,Large Cap
120465,Nippon India Large Cap Fund - Direct Growth,2023-04-18,208.1515,207.8393,208.1515,NIPPON,Equity,Large Cap
120465,Nippon India Large Cap Fund - Direct Growth,2023-04-19,205.3546,205.0466,205.3546,NIPPON,Equity,Large Cap
120465,Nippon India Large Cap Fund - Direct Growth,2023-04-20,207.8216,207.5099,207.8216,NIPPON,Equity,Large Cap
120465,Nippon India Large Cap Fund - Direct Growth,2023-04-21,208.8998,208.5865,208.8998,NIPPON,Equity,Large Cap
120465,Nippon India Large Cap Fund - Direct Growth,2023-04-24,212.9744,212.6549,212.9744,NIPPON,Equity,Large Cap
120465,Nippon India Large Cap Fund - Direct Growth,2023-04-25,208.6484,208.3354,208.6484,NIPPON,Equity,Large Cap
120465,Nippon India Large Cap Fund - Direct Growth,2023-04-26,208.0549,207.7428,208.0549,NIPPON,Equity,Large Cap
120465,Nippon India Large Cap Fund - Direct Growth,2023-04-27,208.0698,207.7577,208.0698,NIPPON,Equity,Large Cap
120465,Nippon India Large Cap Fund - Direct Growth,2023-04-28,213.0296,212.7101,213.0296,NIPPON,Equity,Large Cap
120465,Nippon India Large Cap Fund - Direct Growth,2023-05-01,220.5748,220.2439,220.5748,NIPPON,Equity,Large Cap
120465,Nippon India Large Cap Fund - Direct Growth,2023-05-02,218.7803,218.4521,218.7803,NIPPON,Equity,Large Cap
120465,Nippon India Large Cap Fund - Direct Growth,2023-05-03,219.1753,218.8465,219.1753,NIPPON,Equity,Large Cap
120465,Nippon India Large Cap Fund - Direct Growth,2023-05-04,219.8843,219.5545,219.8843,NIPPON,Equity,Large Cap
120465,Nippon India Large Cap Fund - Direct Growth,2023-05-05,217.4942,217.168,217.4942,NIPPON,Equity,Large Cap
120465,Nippon India Large Cap Fund - Direct Growth,2023-05-08,220.3806,220.05,220.3806,NIPPON,Equity,Large Cap
120465,Nippon India Large Cap Fund - Direct Growth,2023-05-09,214.9661,214.6437,214.9661,NIPPON,Equity,Large Cap
120465,Nippon India Large Cap Fund - Direct Growth,2023-05-10,218.1626,217.8354,218.1626,NIPPON,Equity,Large Cap
120465,Nippon India Large Cap Fund - Direct Growth,2023-05-11,215.7974,215.4737,215.7974,NIPPON,Equity,Large Cap
120465,Nippon India Large Cap Fund - Direct Growth,2023-05-12,212.3306,212.0121,212.3306,NIPPON,Equity,Large Cap
120465,Nippon India Large Cap Fund - Direct Growth,2023-05-15,220.76,220.4289,220.76,NIPPON,Equity,Large Cap
120465,Nippon India Large Cap Fund - Direct Growth,2023-05-16,222.9695,222.635,222.9695,NIPPON,Equity,Large Cap
120465,Nippon India Large Cap Fund - Direct Growth,2023-05-17,228.5701,228.2272,228.5701,NIPPON,Equity,Large Cap
120465,Nippon India Large Cap Fund - Direct Growth,2023-05-18,230.194,229.8487,230.194,NIPPON,Equity,Large Cap
120465,Nippon India Large Cap Fund - Direct Growth,2023-05-19,229.8538,229.509,229.8538,NIPPON,Equity,Large Cap
120465,Nippon India Large Cap Fund - Direct Growth,2023-05-22,232.3305,231.982,232.3305,NIPPON,Equity,Large Cap
120465,Nippon India Large Cap Fund - Direct Growth,2023-05-23,230.606,230.2601,230.606,NIPPON,Equity,Large Cap
120465,Nippon India Large Cap Fund - Direct Growth,2023-05-24,229.8433,229.4985,229.8433,NIPPON,Equity,Large Cap
120465,Nippon India Large Cap Fund - Direct Growth,2023-05-25,224.1305,223.7943,224.1305,NIPPON,Equity,Large Cap
120465,Nippon India Large Cap Fund - Direct Growth,2023-05-26,224.5915,224.2546,224.5915,NIPPON,Equity,Large Cap
120465,Nippon India Large Cap Fund - Direct Growth,2023-05-29,222.1962,221.8629,222.1962,NIPPON,Equity,Large Cap
120465,Nippon India Large Cap Fund - Direct Growth,2023-05-30,221.0136,220.6821,221.0136,NIPPON,Equity,Large Cap
120465,Nippon India Large Cap Fund - Direct Growth,2023-05-31,225.55,225.2117,225.55,NIPPON,Equity,Large Cap
120465,Nippon India Large Cap Fund - Direct Growth,2023-06-01,221.6872,221.3547,221.6872,NIPPON,Equity,Large Cap
120465,Nippon India Large Cap Fund - Direct Growth,2023-06-02,224.9449,224.6075,224.9449,NIPPON,Equity,Large Cap
120465,Nippon India Large Cap Fund - Direct Growth,2023-06-05,229.596,229.2516,229.596,NIPPON,Equity,Large Cap
120465,Nippon India Large Cap Fund - Direct Growth,2023-06-06,229.5122,229.1679,229.5122,NIPPON,Equity,Large Cap
120465,Nippon India Large Cap Fund - Direct Growth,2023-06-07,227.1873,226.8465,227.1873,NIPPON,Equity,Large Cap
120465,Nippon India Large Cap Fund - Direct Growth,2023-06-08,223.4421,223.1069,223.4421,NIPPON,Equity,Large Cap
120465,Nippon India Large Cap Fund - Direct Growth,2023-06-09,222.9415,222.6071,222.9415,NIPPON,Equity,Large Cap
120465,Nippon India Large Cap Fund - Direct Growth,2023-06-12,222.3453,222.0118,222.3453,NIPPON,Equity,Large Cap
120465,Nippon India Large Cap Fund - Direct Growth,2023-06-13,224.1238,223.7876,224.1238,NIPPON,Equity,Large Cap
120465,Nippon India Large Cap Fund - Direct Growth,2023-06-14,223.1709,222.8361,223.1709,NIPPON,Equity,Large Cap
120465,Nippon India Large Cap Fund - Direct Growth,2023-06-15,218.0782,217.7511,218.0782,NIPPON,Equity,Large Cap
120465,Nippon India Large Cap Fund - Direct Growth,2023-06-16,217.7746,217.4479,217.7746,NIPPON,Equity,Large Cap
120465,Nippon India Large Cap Fund - Direct Growth,2023-06-19,210.2441,209.9287,210.2441,NIPPON,Equity,Large Cap
120465,Nippon India Large Cap Fund - Direct Growth,2023-06-20,210.7403,210.4242,210.7403,NIPPON,Equity,Large Cap
120465,Nippon India Large Cap Fund - Direct Growth,2023-06-21,214.1477,213.8265,214.1477,NIPPON,Equity,Large Cap
120465,Nippon India Large Cap Fund - Direct Growth,2023-06-22,211.7953,211.4776,211.7953,NIPPON,Equity,Large Cap
120465,Nippon India Large Cap Fund - Direct Growth,2023-06-23,214.5772,214.2553,214.5772,NIPPON,Equity,Large Cap
120465,Nippon India Large Cap Fund - Direct Growth,2023-06-26,217.2567,216.9308,217.2567,NIPPON,Equity,Large Cap
120465,Nippon India Large Cap Fund - Direct Growth,2023-06-27,215.1524,214.8297,215.1524,NIPPON,Equity,Large Cap
120465,Nippon India Large Cap Fund - Direct Growth,2023-06-28,217.0128,216.6873,217.0128,NIPPON,Equity,Large Cap
120465,Nippon India Large Cap Fund - Direct Growth,2023-06-29,215.9647,215.6408,215.9647,NIPPON,Equity,Large Cap
120465,Nippon India Large Cap Fund - Direct Growth,2023-06-30,213.8704,213.5496,213.8704,NIPPON,Equity,Large Cap
120465,Nippon India Large Cap Fund - Direct Growth,2023-07-03,216.2117,215.8874,216.2117,NIPPON,Equity,Large Cap
120465,Nippon India Large Cap Fund - Direct Growth,2023-07-04,211.2801,210.9632,211.2801,NIPPON,Equity,Large Cap
120465,Nippon India Large Cap Fund - Direct Growth,2023-07-05,211.4231,211.106,211.4231,NIPPON,Equity,Large Cap
120465,Nippon India Large Cap Fund - Direct Growth,2023-07-06,213.0931,212.7735,213.0931,NIPPON,Equity,Large Cap
120465,Nippon India Large Cap Fund - Direct Growth,2023-07-07,213.673,213.3525,213.673,NIPPON,Equity,Large Cap
120465,Nippon India Large Cap Fund - Direct Growth,2023-07-10,216.6164,216.2915,216.6164,NIPPON,Equity,Large Cap
120465,Nippon India Large Cap Fund - Direct Growth,2023-07-11,218.2427,217.9153,218.2427,NIPPON,Equity,Large Cap
120465,Nippon India Large Cap Fund - Direct Growth,2023-07-12,218.5901,218.2622,218.5901,NIPPON,Equity,Large Cap
120465,Nippon India Large Cap Fund - Direct Growth,2023-07-13,217.6535,217.327,217.6535,NIPPON,Equity,Large Cap
120465,Nippon India Large Cap Fund - Direct Growth,2023-07-14,219.0886,218.76,219.0886,NIPPON,Equity,Large Cap
120465,Nippon India Large Cap Fund - Direct Growth,2023-07-17,214.6709,214.3489,214.6709,NIPPON,Equity,Large Cap
120465,Nippon India Large Cap Fund - Direct Growth,2023-07-18,218.2423,217.9149,218.2423,NIPPON,Equity,Large Cap
120465,Nippon India Large Cap Fund - Direct Growth,2023-07-19,209.8941,209.5793,209.8941,NIPPON,Equity,Large Cap
120465,Nippon India Large Cap Fund - Direct Growth,2023-07-20,210.9745,210.658,210.9745,NIPPON,Equity,Large Cap
120465,Nippon India Large Cap Fund - Direct Growth,2023-07-21,211.1457,210.829,211.1457,NIPPON,Equity,Large Cap
120465,Nippon India Large Cap Fund - Direct Growth,2023-07-24,209.0929,208.7793,209.0929,NIPPON,Equity,Large Cap
120465,Nippon India Large Cap Fund - Direct Growth,2023-07-25,210.656,210.34,210.656,NIPPON,Equity,Large Cap
120465,Nippon India Large Cap Fund - Direct Growth,2023-07-26,204.0368,203.7307,204.0368,NIPPON,Equity,Large Cap
120465,Nippon India Large Cap Fund - Direct Growth,2023-07-27,207.4639,207.1527,207.4639,NIPPON,Equity,Large Cap
120465,Nippon India Large Cap Fund - Direct Growth,2023-07-28,205.7102,205.4016,205.7102,NIPPON,Equity,Large Cap
120465,Nippon India Large Cap Fund - Direct Growth,2023-07-31,207.2961,206.9852,207.2961,NIPPON,Equity,Large Cap
120465,Nippon India Large Cap Fund - Direct Growth,2023-08-01,209.0219,208.7084,209.0219,NIPPON,Equity,Large Cap
120465,Nippon India Large Cap Fund - Direct Growth,2023-08-02,208.1386,207.8264,208.1386,NIPPON,Equity,Large Cap
120465,Nippon India Large Cap Fund - Direct Growth,2023-08-03,203.0483,202.7437,203.0483,NIPPON,Equity,Large Cap
120465,Nippon India Large Cap Fund - Direct Growth,2023-08-04,205.9748,205.6658,205.9748,NIPPON,Equity,Large Cap
120465,Nippon India Large Cap Fund - Direct Growth,2023-08-07,201.2331,200.9313,201.2331,NIPPON,Equity,Large Cap
120465,Nippon India Large Cap Fund - Direct Growth,2023-08-08,201.971,201.668,201.971,NIPPON,Equity,Large Cap
120465,Nippon India Large Cap Fund - Direct Growth,2023-08-09,201.913,201.6101,201.913,NIPPON,Equity,Large Cap
120465,Nippon India Large Cap Fund - Direct Growth,2023-08-10,203.3217,203.0167,203.3217,NIPPON,Equity,Large Cap
120465,Nippon India Large Cap Fund - Direct Growth,2023-08-11,200.1349,199.8347,200.1349,NIPPON,Equity,Large Cap
120465,Nippon India Large Cap Fund - Direct Growth,2023-08-14,202.8292,202.525,202.8292,NIPPON,Equity,Large Cap
120465,Nippon India Large Cap Fund - Direct Growth,2023-08-15,202.6333,202.3294,202.6333,NIPPON,Equity,Large Cap
120465,Nippon India Large Cap Fund - Direct Growth,2023-08-16,205.3532,205.0452,205.3532,NIPPON,Equity,Large Cap
120465,Nippon India Large Cap Fund - Direct Growth,2023-08-17,205.5304,205.2221,205.5304,NIPPON,Equity,Large Cap
120465,Nippon India Large Cap Fund - Direct Growth,2023-08-18,204.4197,204.1131,204.4197,NIPPON,Equity,Large Cap
120465,Nippon India Large Cap Fund - Direct Growth,2023-08-21,205.1217,204.814,205.1217,NIPPON,Equity,Large Cap
120465,Nippon India Large Cap Fund - Direct Growth,2023-08-22,208.5873,208.2744,208.5873,NIPPON,Equity,Large Cap
120465,Nippon India Large Cap Fund - Direct Growth,2023-08-23,209.571,209.2566,209.571,NIPPON,Equity,Large Cap
120465,Nippon India Large Cap Fund - Direct Growth,2023-08-24,212.6402,212.3212,212.6402,NIPPON,Equity,Large Cap
120465,Nippon India Large Cap Fund - Direct Growth,2023-08-25,210.2634,209.948,210.2634,NIPPON,Equity,Large Cap
120465,Nippon India Large Cap Fund - Direct Growth,2023-08-28,208.4321,208.1195,208.4321,NIPPON,Equity,Large Cap
120465,Nippon India Large Cap Fund - Direct Growth,2023-08-29,207.6177,207.3063,207.6177,NIPPON,Equity,Large Cap
120465,Nippon India Large Cap Fund - Direct Growth,2023-08-30,209.5189,209.2046,209.5189,NIPPON,Equity,Large Cap
120465,Nippon India Large Cap Fund - Direct Growth,2023-08-31,207.262,206.9511,207.262,NIPPON,Equity,Large Cap
120465,Nippon India Large Cap Fund - Direct Growth,2023-09-01,207.4519,207.1407,207.4519,NIPPON,Equity,Large Cap
120465,Nippon India Large Cap Fund - Direct Growth,2023-09-04,209.4217,209.1076,209.4217,NIPPON,Equity,Large Cap
120465,Nippon India Large Cap Fund - Direct Growth,2023-09-05,208.7939,208.4807,208.7939,NIPPON,Equity,Large Cap
120465,Nippon India Large Cap Fund - Direct Growth,2023-09-06,203.8036,203.4979,203.8036,NIPPON,Equity,Large Cap
120465,Nippon India Large Cap Fund - Direct Growth,2023-09-07,204.2718,203.9654,204.2718,NIPPON,Equity,Large Cap
120465,Nippon India Large Cap Fund - Direct Growth,2023-09-08,204.4355,204.1288,204.4355,NIPPON,Equity,Large Cap
120465,Nippon India Large Cap Fund - Direct Growth,2023-09-11,208.7661,208.453,208.7661,NIPPON,Equity,Large Cap
120465,Nippon India Large Cap Fund - Direct Growth,2023-09-12,209.5958,209.2814,209.5958,NIPPON,Equity,Large Cap
120465,Nippon India Large Cap Fund - Direct Growth,2023-09-13,210.8118,210.4956,210.8118,NIPPON,Equity,Large Cap
120465,Nippon India Large Cap Fund - Direct Growth,2023-09-14,210.6321,210.3162,210.6321,NIPPON,Equity,Large Cap
120465,Nippon India Large Cap Fund - Direct Growth,2023-09-15,215.2041,214.8813,215.2041,NIPPON,Equity,Large Cap
120465,Nippon India Large Cap Fund - Direct Growth,2023-09-18,212.1593,211.8411,212.1593,NIPPON,Equity,Large Cap
120465,Nippon India Large Cap Fund - Direct Growth,2023-09-19,214.3147,213.9932,214.3147,NIPPON,Equity,Large Cap
120465,Nippon India Large Cap Fund - Direct Growth,2023-09-20,212.2302,211.9119,212.2302,NIPPON,Equity,Large Cap
120465,Nippon India Large Cap Fund - Direct Growth,2023-09-21,207.8744,207.5626,207.8744,NIPPON,Equity,Large Cap
120465,Nippon India Large Cap Fund - Direct Growth,2023-09-22,208.3487,208.0362,208.3487,NIPPON,Equity,Large Cap
120465,Nippon India Large Cap Fund - Direct Growth,2023-09-25,209.796,209.4813,209.796,NIPPON,Equity,Large Cap
120465,Nippon India Large Cap Fund - Direct Growth,2023-09-26,212.7869,212.4677,212.7869,NIPPON,Equity,Large Cap
120465,Nippon India Large Cap Fund - Direct Growth,2023-09-27,218.9171,218.5887,218.9171,NIPPON,Equity,Large Cap
120465,Nippon India Large Cap Fund - Direct Growth,2023-09-28,218.0123,217.6853,218.0123,NIPPON,Equity,Large Cap
120465,Nippon India Large Cap Fund - Direct Growth,2023-09-29,214.7222,214.4001,214.7222,NIPPON,Equity,Large Cap
120465,Nippon India Large Cap Fund - Direct Growth,2023-10-02,215.4135,215.0904,215.4135,NIPPON,Equity,Large Cap
120465,Nippon India Large Cap Fund - Direct Growth,2023-10-03,213.9709,213.6499,213.9709,NIPPON,Equity,Large Cap
120465,Nippon India Large Cap Fund - Direct Growth,2023-10-04,218.0497,217.7226,218.0497,NIPPON,Equity,Large Cap
120465,Nippon India Large Cap Fund - Direct Growth,2023-10-05,215.2206,214.8978,215.2206,NIPPON,Equity,Large Cap
120465,Nippon India Large Cap Fund - Direct Growth,2023-10-06,210.8149,210.4987,210.8149,NIPPON,Equity,Large Cap
120465,Nippon India Large Cap Fund - Direct Growth,2023-10-09,207.5253,207.214,207.5253,NIPPON,Equity,Large Cap
120465,Nippon India Large Cap Fund - Direct Growth,2023-10-10,215.3723,215.0492,215.3723,NIPPON,Equity,Large Cap
120465,Nippon India Large Cap Fund - Direct Growth,2023-10-11,215.4273,215.1042,215.4273,NIPPON,Equity,Large Cap
120465,Nippon India Large Cap Fund - Direct Growth,2023-10-12,212.6161,212.2972,212.6161,NIPPON,Equity,Large Cap
120465,Nippon India Large Cap Fund - Direct Growth,2023-10-13,212.5547,212.2359,212.5547,NIPPON,Equity,Large Cap
120465,Nippon India Large Cap Fund - Direct Growth,2023-10-16,214.7828,214.4606,214.7828,NIPPON,Equity,Large Cap
120465,Nippon India Large Cap Fund - Direct Growth,2023-10-17,212.1905,211.8722,212.1905,NIPPON,Equity,Large Cap
120465,Nippon India Large Cap Fund - Direct Growth,2023-10-18,216.5724,216.2475,216.5724,NIPPON,Equity,Large Cap
120465,Nippon India Large Cap Fund - Direct Growth,2023-10-19,217.296,216.9701,217.296,NIPPON,Equity,Large Cap
120465,Nippon India Large Cap Fund - Direct Growth,2023-10-20,219.2781,218.9492,219.2781,NIPPON,Equity,Large Cap
120465,Nippon India Large Cap Fund - Direct Growth,2023-10-23,220.567,220.2361,220.567,NIPPON,Equity,Large Cap
120465,Nippon India Large Cap Fund - Direct Growth,2023-10-24,221.3899,221.0578,221.3899,NIPPON,Equity,Large Cap
120465,Nippon India Large Cap Fund - Direct Growth,2023-10-25,218.9995,218.671,218.9995,NIPPON,Equity,Large Cap
120465,Nippon India Large Cap Fund - Direct Growth,2023-10-26,216.4672,216.1425,216.4672,NIPPON,Equity,Large Cap
120465,Nippon India Large Cap Fund - Direct Growth,2023-10-27,218.3415,218.014,218.3415,NIPPON,Equity,Large Cap
120465,Nippon India Large Cap Fund - Direct Growth,2023-10-30,213.553,213.2327,213.553,NIPPON,Equity,Large Cap
120465,Nippon India Large Cap Fund - Direct Growth,2023-10-31,215.4296,215.1065,215.4296,NIPPON,Equity,Large Cap
120465,Nippon India Large Cap Fund - Direct Growth,2023-11-01,213.8896,213.5688,213.8896,NIPPON,Equity,Large Cap
120465,Nippon India Large Cap Fund - Direct Growth,2023-11-02,213.6732,213.3527,213.6732,NIPPON,Equity,Large Cap
120465,Nippon India Large Cap Fund - Direct Growth,2023-11-03,213.7972,213.4765,213.7972,NIPPON,Equity,Large Cap
120465,Nippon India Large Cap Fund - Direct Growth,2023-11-06,206.269,205.9596,206.269,NIPPON,Equity,Large Cap
120465,Nippon India Large Cap Fund - Direct Growth,2023-11-07,204.5272,204.2204,204.5272,NIPPON,Equity,Large Cap
120465,Nippon India Large Cap Fund - Direct Growth,2023-11-08,207.2026,206.8918,207.2026,NIPPON,Equity,Large Cap
120465,Nippon India Large Cap Fund - Direct Growth,2023-11-09,209.6894,209.3749,209.6894,NIPPON,Equity,Large Cap
120465,Nippon India Large Cap Fund - Direct Growth,2023-11-10,211.5829,211.2655,211.5829,NIPPON,Equity,Large Cap
120465,Nippon India Large Cap Fund - Direct Growth,2023-11-13,217.9284,217.6015,217.9284,NIPPON,Equity,Large Cap
120465,Nippon India Large Cap Fund - Direct Growth,2023-11-14,216.4873,216.1626,216.4873,NIPPON,Equity,Large Cap
120465,Nippon India Large Cap Fund - Direct Growth,2023-11-15,222.9448,222.6104,222.9448,NIPPON,Equity,Large Cap
120465,Nippon India Large Cap Fund - Direct Growth,2023-11-16,228.3409,227.9984,228.3409,NIPPON,Equity,Large Cap
120465,Nippon India Large Cap Fund - Direct Growth,2023-11-17,228.4648,228.1221,228.4648,NIPPON,Equity,Large Cap
120465,Nippon India Large Cap Fund - Direct Growth,2023-11-20,233.1344,232.7847,233.1344,NIPPON,Equity,Large Cap
120465,Nippon India Large Cap Fund - Direct Growth,2023-11-21,231.3907,231.0436,231.3907,NIPPON,Equity,Large Cap
120465,Nippon India Large Cap Fund - Direct Growth,2023-11-22,233.9101,233.5592,233.9101,NIPPON,Equity,Large Cap
120465,Nippon India Large Cap Fund - Direct Growth,2023-11-23,234.2238,233.8725,234.2238,NIPPON,Equity,Large Cap
120465,Nippon India Large Cap Fund - Direct Growth,2023-11-24,234.8318,234.4796,234.8318,NIPPON,Equity,Large Cap
120465,Nippon India Large Cap Fund - Direct Growth,2023-11-27,228.6109,228.268,228.6109,NIPPON,Equity,Large Cap
120465,Nippon India Large Cap Fund - Direct Growth,2023-11-28,231.185,230.8382,231.185,NIPPON,Equity,Large Cap
120465,Nippon India Large Cap Fund - Direct Growth,2023-11-29,230.651,230.305,230.651,NIPPON,Equity,Large Cap
120465,Nippon India Large Cap Fund - Direct Growth,2023-11-30,234.719,234.3669,234.719,NIPPON,Equity,Large Cap
120465,Nippon India Large Cap Fund - Direct Growth,2023-12-01,232.8302,232.481,232.8302,NIPPON,Equity,Large Cap
120465,Nippon India Large Cap Fund - Direct Growth,2023-12-04,229.7471,229.4025,229.7471,NIPPON,Equity,Large Cap
120465,Nippon India Large Cap Fund - Direct Growth,2023-12-05,231.9618,231.6139,231.9618,NIPPON,Equity,Large Cap
120465,Nippon India Large Cap Fund - Direct Growth,2023-12-06,229.8974,229.5526,229.8974,NIPPON,Equity,Large Cap
120465,Nippon India Large Cap Fund - Direct Growth,2023-12-07,233.7636,233.413,233.7636,NIPPON,Equity,Large Cap
120465,Nippon India Large Cap Fund - Direct Growth,2023-12-08,239.3746,239.0155,239.3746,NIPPON,Equity,Large Cap
120465,Nippon India Large Cap Fund - Direct Growth,2023-12-11,240.0591,239.699,240.0591,NIPPON,Equity,Large Cap
120465,Nippon India Large Cap Fund - Direct Growth,2023-12-12,243.2525,242.8876,243.2525,NIPPON,Equity,Large Cap
120465,Nippon India Large Cap Fund - Direct Growth,2023-12-13,246.4068,246.0372,246.4068,NIPPON,Equity,Large Cap
120465,Nippon India Large Cap Fund - Direct Growth,2023-12-14,249.0584,248.6848,249.0584,NIPPON,Equity,Large Cap
120465,Nippon India Large Cap Fund - Direct Growth,2023-12-15,249.1115,248.7378,249.1115,NIPPON,Equity,Large Cap
120465,Nippon India Large Cap Fund - Direct Growth,2023-12-18,236.9281,236.5727,236.9281,NIPPON,Equity,Large Cap
120465,Nippon India Large Cap Fund - Direct Growth,2023-12-19,234.2416,233.8902,234.2416,NIPPON,Equity,Large Cap
120465,Nippon India Large Cap Fund - Direct Growth,2023-12-20,234.6789,234.3269,234.6789,NIPPON,Equity,Large Cap
120465,Nippon India Large Cap Fund - Direct Growth,2023-12-21,233.5929,233.2425,233.5929,NIPPON,Equity,Large Cap
120465,Nippon India Large Cap Fund - Direct Growth,2023-12-22,231.3749,231.0278,231.3749,NIPPON,Equity,Large Cap
120465,Nippon India Large Cap Fund - Direct Growth,2023-12-25,229.7979,229.4532,229.7979,NIPPON,Equity,Large Cap
120465,Nippon India Large Cap Fund - Direct Growth,2023-12-26,228.067,227.7249,228.067,NIPPON,Equity,Large Cap
120465,Nippon India Large Cap Fund - Direct Growth,2023-12-27,226.7489,226.4088,226.7489,NIPPON,Equity,Large Cap
120465,Nippon India Large Cap Fund - Direct Growth,2023-12-28,225.5969,225.2585,225.5969,NIPPON,Equity,Large Cap
120465,Nippon India Large Cap Fund - Direct Growth,2023-12-29,226.6048,226.2649,226.6048,NIPPON,Equity,Large Cap
120465,Nippon India Large Cap Fund - Direct Growth,2024-01-01,222.4807,222.147,222.4807,NIPPON,Equity,Large Cap
120465,Nippon India Large Cap Fund - Direct Growth,2024-01-02,226.4045,226.0649,226.4045,NIPPON,Equity,Large Cap
120465,Nippon India Large Cap Fund - Direct Growth,2024-01-03,223.6419,223.3064,223.6419,NIPPON,Equity,Large Cap
120465,Nippon India Large Cap Fund - Direct Growth,2024-01-04,221.122,220.7903,221.122,NIPPON,Equity,Large Cap
120465,Nippon India Large Cap Fund - Direct Growth,2024-01-05,220.0157,219.6857,220.0157,NIPPON,Equity,Large Cap
120465,Nippon India Large Cap Fund - Direct Growth,2024-01-08,213.7582,213.4376,213.7582,NIPPON,Equity,Large Cap
120465,Nippon India Large Cap Fund - Direct Growth,2024-01-09,210.9761,210.6596,210.9761,NIPPON,Equity,Large Cap
120465,Nippon India Large Cap Fund - Direct Growth,2024-01-10,214.9573,214.6349,214.9573,NIPPON,Equity,Large Cap
120465,Nippon India Large Cap Fund - Direct Growth,2024-01-11,212.649,212.33,212.649,NIPPON,Equity,Large Cap
120465,Nippon India Large Cap Fund - Direct Growth,2024-01-12,215.907,215.5831,215.907,NIPPON,Equity,Large Cap
120465,Nippon India Large Cap Fund - Direct Growth,2024-01-15,213.9947,213.6737,213.9947,NIPPON,Equity,Large Cap
120465,Nippon India Large Cap Fund - Direct Growth,2024-01-16,213.7781,213.4574,213.7781,NIPPON,Equity,Large Cap
120465,Nippon India Large Cap Fund - Direct Growth,2024-01-17,212.6952,212.3762,212.6952,NIPPON,Equity,Large Cap
120465,Nippon India Large Cap Fund - Direct Growth,2024-01-18,213.4055,213.0854,213.4055,NIPPON,Equity,Large Cap
120465,Nippon India Large Cap Fund - Direct Growth,2024-01-19,214.7063,214.3842,214.7063,NIPPON,Equity,Large Cap
120465,Nippon India Large Cap Fund - Direct Growth,2024-01-22,220.9289,220.5975,220.9289,NIPPON,Equity,Large Cap
120465,Nippon India Large Cap Fund - Direct Growth,2024-01-23,217.3703,217.0442,217.3703,NIPPON,Equity,Large Cap
120465,Nippon India Large Cap Fund - Direct Growth,2024-01-24,216.2218,215.8975,216.2218,NIPPON,Equity,Large Cap
120465,Nippon India Large Cap Fund - Direct Growth,2024-01-25,223.9445,223.6086,223.9445,NIPPON,Equity,Large Cap
120465,Nippon India Large Cap Fund - Direct Growth,2024-01-26,225.981,225.642,225.981,NIPPON,Equity,Large Cap
120465,Nippon India Large Cap Fund - Direct Growth,2024-01-29,237.2634,236.9075,237.2634,NIPPON,Equity,Large Cap
120465,Nippon India Large Cap Fund - Direct Growth,2024-01-30,238.2165,237.8592,238.2165,NIPPON,Equity,Large Cap
120465,Nippon India Large Cap Fund - Direct Growth,2024-01-31,238.2072,237.8499,238.2072,NIPPON,Equity,Large Cap
120465,Nippon India Large Cap Fund - Direct Growth,2024-02-01,233.335,232.985,233.335,NIPPON,Equity,Large Cap
120465,Nippon India Large Cap Fund - Direct Growth,2024-02-02,233.4789,233.1287,233.4789,NIPPON,Equity,Large Cap
120465,Nippon India Large Cap Fund - Direct Growth,2024-02-05,236.6116,236.2567,236.6116,NIPPON,Equity,Large Cap
120465,Nippon India Large Cap Fund - Direct Growth,2024-02-06,239.1242,238.7655,239.1242,NIPPON,Equity,Large Cap
120465,Nippon India Large Cap Fund - Direct Growth,2024-02-07,236.6095,236.2546,236.6095,NIPPON,Equity,Large Cap
120465,Nippon India Large Cap Fund - Direct Growth,2024-02-08,235.4228,235.0697,235.4228,NIPPON,Equity,Large Cap
120465,Nippon India Large Cap Fund - Direct Growth,2024-02-09,232.6413,232.2923,232.6413,NIPPON,Equity,Large Cap
120465,Nippon India Large Cap Fund - Direct Growth,2024-02-12,224.609,224.2721,224.609,NIPPON,Equity,Large Cap
120465,Nippon India Large Cap Fund - Direct Growth,2024-02-13,228.5247,228.1819,228.5247,NIPPON,Equity,Large Cap
120465,Nippon India Large Cap Fund - Direct Growth,2024-02-14,226.1056,225.7664,226.1056,NIPPON,Equity,Large Cap
120465,Nippon India Large Cap Fund - Direct Growth,2024-02-15,226.5392,226.1994,226.5392,NIPPON,Equity,Large Cap
120465,Nippon India Large Cap Fund - Direct Growth,2024-02-16,225.2628,224.9249,225.2628,NIPPON,Equity,Large Cap
120465,Nippon India Large Cap Fund - Direct Growth,2024-02-19,234.7276,234.3755,234.7276,NIPPON,Equity,Large Cap
120465,Nippon India Large Cap Fund - Direct Growth,2024-02-20,235.6838,235.3303,235.6838,NIPPON,Equity,Large Cap
120465,Nippon India Large Cap Fund - Direct Growth,2024-02-21,235.1246,234.7719,235.1246,NIPPON,Equity,Large Cap
120465,Nippon India Large Cap Fund - Direct Growth,2024-02-22,231.8558,231.508,231.8558,NIPPON,Equity,Large Cap
120465,Nippon India Large Cap Fund - Direct Growth,2024-02-23,237.356,237.0,237.356,NIPPON,Equity,Large Cap
120465,Nippon India Large Cap Fund - Direct Growth,2024-02-26,240.3667,240.0061,240.3667,NIPPON,Equity,Large Cap
120465,Nippon India Large Cap Fund - Direct Growth,2024-02-27,238.8612,238.5029,238.8612,NIPPON,Equity,Large Cap
120465,Nippon India Large Cap Fund - Direct Growth,2024-02-28,241.932,241.5691,241.932,NIPPON,Equity,Large Cap
120465,Nippon India Large Cap Fund - Direct Growth,2024-02-29,244.2474,243.881,244.2474,NIPPON,Equity,Large Cap
120465,Nippon India Large Cap Fund - Direct Growth,2024-03-01,249.4097,249.0356,249.4097,NIPPON,Equity,Large Cap
120465,Nippon India Large Cap Fund - Direct Growth,2024-03-04,242.991,242.6265,242.991,NIPPON,Equity,Large Cap
120465,Nippon India Large Cap Fund - Direct Growth,2024-03-05,243.6972,243.3317,243.6972,NIPPON,Equity,Large Cap
120465,Nippon India Large Cap Fund - Direct Growth,2024-03-06,243.9649,243.599,243.9649,NIPPON,Equity,Large Cap
120465,Nippon India Large Cap Fund - Direct Growth,2024-03-07,242.9107,242.5463,242.9107,NIPPON,Equity,Large Cap
120465,Nippon India Large Cap Fund - Direct Growth,2024-03-08,237.4427,237.0865,237.4427,NIPPON,Equity,Large Cap
120465,Nippon India Large Cap Fund - Direct Growth,2024-03-11,246.0883,245.7192,246.0883,NIPPON,Equity,Large Cap
120465,Nippon India Large Cap Fund - Direct Growth,2024-03-12,247.9855,247.6135,247.9855,NIPPON,Equity,Large Cap
120465,Nippon India Large Cap Fund - Direct Growth,2024-03-13,249.7882,249.4135,249.7882,NIPPON,Equity,Large Cap
120465,Nippon India Large Cap Fund - Direct Growth,2024-03-14,251.0782,250.7016,251.0782,NIPPON,Equity,Large Cap
120465,Nippon India Large Cap Fund - Direct Growth,2024-03-15,253.9857,253.6047,253.9857,NIPPON,Equity,Large Cap
120465,Nippon India Large Cap Fund - Direct Growth,2024-03-18,252.1079,251.7297,252.1079,NIPPON,Equity,Large Cap
120465,Nippon India Large Cap Fund - Direct Growth,2024-03-19,251.4555,251.0783,251.4555,NIPPON,Equity,Large Cap
120465,Nippon India Large Cap Fund - Direct Growth,2024-03-20,252.504,252.1252,252.504,NIPPON,Equity,Large Cap
120465,Nippon India Large Cap Fund - Direct Growth,2024-03-21,251.6473,251.2698,251.6473,NIPPON,Equity,Large Cap
120465,Nippon India Large Cap Fund - Direct Growth,2024-03-22,252.6972,252.3182,252.6972,NIPPON,Equity,Large Cap
120465,Nippon India Large Cap Fund - Direct Growth,2024-03-25,260.8277,260.4365,260.8277,NIPPON,Equity,Large Cap
120465,Nippon India Large Cap Fund - Direct Growth,2024-03-26,261.1762,260.7844,261.1762,NIPPON,Equity,Large Cap
120465,Nippon India Large Cap Fund - Direct Growth,2024-03-27,257.1819,256.7961,257.1819,NIPPON,Equity,Large Cap
120465,Nippon India Large Cap Fund - Direct Growth,2024-03-28,256.2197,255.8354,256.2197,NIPPON,Equity,Large Cap
120465,Nippon India Large Cap Fund - Direct Growth,2024-03-29,256.4577,256.073,256.4577,NIPPON,Equity,Large Cap
120465,Nippon India Large Cap Fund - Direct Growth,2024-04-01,255.7303,255.3467,255.7303,NIPPON,Equity,Large Cap
120465,Nippon India Large Cap Fund - Direct Growth,2024-04-02,257.0029,256.6174,257.0029,NIPPON,Equity,Large Cap
120465,Nippon India Large Cap Fund - Direct Growth,2024-04-03,261.317,260.925,261.317,NIPPON,Equity,Large Cap
120465,Nippon India Large Cap Fund - Direct Growth,2024-04-04,259.4455,259.0563,259.4455,NIPPON,Equity,Large Cap
120465,Nippon India Large Cap Fund - Direct Growth,2024-04-05,261.3365,260.9445,261.3365,NIPPON,Equity,Large Cap
120465,Nippon India Large Cap Fund - Direct Growth,2024-04-08,258.3134,257.9259,258.3134,NIPPON,Equity,Large Cap
120465,Nippon India Large Cap Fund - Direct Growth,2024-04-09,263.5797,263.1843,263.5797,NIPPON,Equity,Large Cap
120465,Nippon India Large Cap Fund - Direct Growth,2024-04-10,262.4974,262.1037,262.4974,NIPPON,Equity,Large Cap
120465,Nippon India Large Cap Fund - Direct Growth,2024-04-11,264.8057,264.4085,264.8057,NIPPON,Equity,Large Cap
120465,Nippon India Large Cap Fund - Direct Growth,2024-04-12,258.9535,258.5651,258.9535,NIPPON,Equity,Large Cap
120465,Nippon India Large Cap Fund - Direct Growth,2024-04-15,266.5638,266.164,266.5638,NIPPON,Equity,Large Cap
120465,Nippon India Large Cap Fund - Direct Growth,2024-04-16,265.9445,265.5456,265.9445,NIPPON,Equity,Large Cap
120465,Nippon India Large Cap Fund - Direct Growth,2024-04-17,267.3274,266.9264,267.3274,NIPPON,Equity,Large Cap
120465,Nippon India Large Cap Fund - Direct Growth,2024-04-18,274.7766,274.3644,274.7766,NIPPON,Equity,Large Cap
120465,Nippon India Large Cap Fund - Direct Growth,2024-04-19,269.0726,268.669,269.0726,NIPPON,Equity,Large Cap
120465,Nippon India Large Cap Fund - Direct Growth,2024-04-22,268.885,268.4817,268.885,NIPPON,Equity,Large Cap
120465,Nippon India Large Cap Fund - Direct Growth,2024-04-23,268.1927,267.7904,268.1927,NIPPON,Equity,Large Cap
120465,Nippon India Large Cap Fund - Direct Growth,2024-04-24,266.9215,266.5211,266.9215,NIPPON,Equity,Large Cap
120465,Nippon India Large Cap Fund - Direct Growth,2024-04-25,266.9947,266.5942,266.9947,NIPPON,Equity,Large Cap
120465,Nippon India Large Cap Fund - Direct Growth,2024-04-26,263.4677,263.0725,263.4677,NIPPON,Equity,Large Cap
120465,Nippon India Large Cap Fund - Direct Growth,2024-04-29,262.9852,262.5907,262.9852,NIPPON,Equity,Large Cap
120465,Nippon India Large Cap Fund - Direct Growth,2024-04-30,262.0599,261.6668,262.0599,NIPPON,Equity,Large Cap
120465,Nippon India Large Cap Fund - Direct Growth,2024-05-01,258.4825,258.0948,258.4825,NIPPON,Equity,Large Cap
120465,Nippon India Large Cap Fund - Direct Growth,2024-05-02,259.2136,258.8248,259.2136,NIPPON,Equity,Large Cap
120465,Nippon India Large Cap Fund - Direct Growth,2024-05-03,254.4743,254.0926,254.4743,NIPPON,Equity,Large Cap
120465,Nippon India Large Cap Fund - Direct Growth,2024-05-06,251.9369,251.559,251.9369,NIPPON,Equity,Large Cap
120465,Nippon India Large Cap Fund - Direct Growth,2024-05-07,249.2431,248.8692,249.2431,NIPPON,Equity,Large Cap
120465,Nippon India Large Cap Fund - Direct Growth,2024-05-08,247.9939,247.6219,247.9939,NIPPON,Equity,Large Cap
120465,Nippon India Large Cap Fund - Direct Growth,2024-05-09,248.9679,248.5944,248.9679,NIPPON,Equity,Large Cap
120465,Nippon India Large Cap Fund - Direct Growth,2024-05-10,246.7594,246.3893,246.7594,NIPPON,Equity,Large Cap
120465,Nippon India Large Cap Fund - Direct Growth,2024-05-13,244.2352,243.8688,244.2352,NIPPON,Equity,Large Cap
120465,Nippon India Large Cap Fund - Direct Growth,2024-05-14,249.5055,249.1312,249.5055,NIPPON,Equity,Large Cap
120465,Nippon India Large Cap Fund - Direct Growth,2024-05-15,257.9654,257.5785,257.9654,NIPPON,Equity,Large Cap
120465,Nippon India Large Cap Fund - Direct Growth,2024-05-16,258.3508,257.9633,258.3508,NIPPON,Equity,Large Cap
120465,Nippon India Large Cap Fund - Direct Growth,2024-05-17,260.8977,260.5064,260.8977,NIPPON,Equity,Large Cap
120465,Nippon India Large Cap Fund - Direct Growth,2024-05-20,262.6626,262.2686,262.6626,NIPPON,Equity,Large Cap
120465,Nippon India Large Cap Fund - Direct Growth,2024-05-21,261.2423,260.8504,261.2423,NIPPON,Equity,Large Cap
120465,Nippon India Large Cap Fund - Direct Growth,2024-05-22,265.2252,264.8274,265.2252,NIPPON,Equity,Large Cap
120465,Nippon India Large Cap Fund - Direct Growth,2024-05-23,264.5214,264.1246,264.5214,NIPPON,Equity,Large Cap
120465,Nippon India Large Cap Fund - Direct Growth,2024-05-24,263.1733,262.7785,263.1733,NIPPON,Equity,Large Cap
120465,Nippon India Large Cap Fund - Direct Growth,2024-05-27,264.8175,264.4203,264.8175,NIPPON,Equity,Large Cap
120465,Nippon India Large Cap Fund - Direct Growth,2024-05-28,261.5677,261.1753,261.5677,NIPPON,Equity,Large Cap
120465,Nippon India Large Cap Fund - Direct Growth,2024-05-29,258.3764,257.9888,258.3764,NIPPON,Equity,Large Cap
120465,Nippon India Large Cap Fund - Direct Growth,2024-05-30,255.6592,255.2757,255.6592,NIPPON,Equity,Large Cap
120465,Nippon India Large Cap Fund - Direct Growth,2024-05-31,258.0915,257.7044,258.0915,NIPPON,Equity,Large Cap
120465,Nippon India Large Cap Fund - Direct Growth,2024-06-03,250.509,250.1332,250.509,NIPPON,Equity,Large Cap
120465,Nippon India Large Cap Fund - Direct Growth,2024-06-04,250.5129,250.1371,250.5129,NIPPON,Equity,Large Cap
120465,Nippon India Large Cap Fund - Direct Growth,2024-06-05,247.0629,246.6923,247.0629,NIPPON,Equity,Large Cap
120465,Nippon India Large Cap Fund - Direct Growth,2024-06-06,243.7473,243.3817,243.7473,NIPPON,Equity,Large Cap
120465,Nippon India Large Cap Fund - Direct Growth,2024-06-07,250.0203,249.6453,250.0203,NIPPON,Equity,Large Cap
120465,Nippon India Large Cap Fund - Direct Growth,2024-06-10,245.6894,245.3209,245.6894,NIPPON,Equity,Large Cap
120465,Nippon India Large Cap Fund - Direct Growth,2024-06-11,244.5454,244.1786,244.5454,NIPPON,Equity,Large Cap
120465,Nippon India Large Cap Fund - Direct Growth,2024-06-12,246.4666,246.0969,246.4666,NIPPON,Equity,Large Cap
120465,Nippon India Large Cap Fund - Direct Growth,2024-06-13,249.3694,248.9953,249.3694,NIPPON,Equity,Large Cap
120465,Nippon India Large Cap Fund - Direct Growth,2024-06-14,248.5536,248.1808,248.5536,NIPPON,Equity,Large Cap
120465,Nippon India Large Cap Fund - Direct Growth,2024-06-17,248.6242,248.2513,248.6242,NIPPON,Equity,Large Cap
120465,Nippon India Large Cap Fund - Direct Growth,2024-06-18,253.886,253.5052,253.886,NIPPON,Equity,Large Cap
120465,Nippon India Large Cap Fund - Direct Growth,2024-06-19,247.1461,246.7754,247.1461,NIPPON,Equity,Large Cap
120465,Nippon India Large Cap Fund - Direct Growth,2024-06-20,247.8245,247.4528,247.8245,NIPPON,Equity,Large Cap
120465,Nippon India Large Cap Fund - Direct Growth,2024-06-21,253.6294,253.249,253.6294,NIPPON,Equity,Large Cap
120465,Nippon India Large Cap Fund - Direct Growth,2024-06-24,253.0678,252.6882,253.0678,NIPPON,Equity,Large Cap
120465,Nippon India Large Cap Fund - Direct Growth,2024-06-25,251.4721,251.0949,251.4721,NIPPON,Equity,Large Cap
120465,Nippon India Large Cap Fund - Direct Growth,2024-06-26,250.631,250.2551,250.631,NIPPON,Equity,Large Cap
120465,Nippon India Large Cap Fund - Direct Growth,2024-06-27,249.7152,249.3406,249.7152,NIPPON,Equity,Large Cap
120465,Nippon India Large Cap Fund - Direct Growth,2024-06-28,247.935,247.5631,247.935,NIPPON,Equity,Large Cap
120465,Nippon India Large Cap Fund - Direct Growth,2024-07-01,254.0463,253.6652,254.0463,NIPPON,Equity,Large Cap
120465,Nippon India Large Cap Fund - Direct Growth,2024-07-02,256.6129,256.228,256.6129,NIPPON,Equity,Large Cap
120465,Nippon India Large Cap Fund - Direct Growth,2024-07-03,255.9015,255.5176,255.9015,NIPPON,Equity,Large Cap
120465,Nippon India Large Cap Fund - Direct Growth,2024-07-04,253.6264,253.246,253.6264,NIPPON,Equity,Large Cap
120465,Nippon India Large Cap Fund - Direct Growth,2024-07-05,251.8938,251.516,251.8938,NIPPON,Equity,Large Cap
120465,Nippon India Large Cap Fund - Direct Growth,2024-07-08,247.503,247.1317,247.503,NIPPON,Equity,Large Cap
120465,Nippon India Large Cap Fund - Direct Growth,2024-07-09,246.0691,245.7,246.0691,NIPPON,Equity,Large Cap
120465,Nippon India Large Cap Fund - Direct Growth,2024-07-10,252.441,252.0623,252.441,NIPPON,Equity,Large Cap
120465,Nippon India Large Cap Fund - Direct Growth,2024-07-11,244.1393,243.7731,244.1393,NIPPON,Equity,Large Cap
120465,Nippon India Large Cap Fund - Direct Growth,2024-07-12,243.7107,243.3451,243.7107,NIPPON,Equity,Large Cap
120465,Nippon India Large Cap Fund - Direct Growth,2024-07-15,251.6722,251.2947,251.6722,NIPPON,Equity,Large Cap
120465,Nippon India Large Cap Fund - Direct Growth,2024-07-16,252.0744,251.6963,252.0744,NIPPON,Equity,Large Cap
120465,Nippon India Large Cap Fund - Direct Growth,2024-07-17,250.1566,249.7814,250.1566,NIPPON,Equity,Large Cap
120465,Nippon India Large Cap Fund - Direct Growth,2024-07-18,243.5267,243.1614,243.5267,NIPPON,Equity,Large Cap
120465,Nippon India Large Cap Fund - Direct Growth,2024-07-19,244.2245,243.8582,244.2245,NIPPON,Equity,Large Cap
120465,Nippon India Large Cap Fund - Direct Growth,2024-07-22,238.4812,238.1235,238.4812,NIPPON,Equity,Large Cap
120465,Nippon India Large Cap Fund - Direct Growth,2024-07-23,243.57,243.2046,243.57,NIPPON,Equity,Large Cap
120465,Nippon India Large Cap Fund - Direct Growth,2024-07-24,250.6964,250.3204,250.6964,NIPPON,Equity,Large Cap
120465,Nippon India Large Cap Fund - Direct Growth,2024-07-25,251.4501,251.0729,251.4501,NIPPON,Equity,Large Cap
120465,Nippon India Large Cap Fund - Direct Growth,2024-07-26,250.1483,249.7731,250.1483,NIPPON,Equity,Large Cap
120465,Nippon India Large Cap Fund - Direct Growth,2024-07-29,253.6099,253.2295,253.6099,NIPPON,Equity,Large Cap
120465,Nippon India Large Cap Fund - Direct Growth,2024-07-30,252.9586,252.5792,252.9586,NIPPON,Equity,Large Cap
120465,Nippon India Large Cap Fund - Direct Growth,2024-07-31,245.8383,245.4695,245.8383,NIPPON,Equity,Large Cap
120465,Nippon India Large Cap Fund - Direct Growth,2024-08-01,247.9133,247.5414,247.9133,NIPPON,Equity,Large Cap
120465,Nippon India Large Cap Fund - Direct Growth,2024-08-02,250.944,250.5676,250.944,NIPPON,Equity,Large Cap
120465,Nippon India Large Cap Fund - Direct Growth,2024-08-05,248.3246,247.9521,248.3246,NIPPON,Equity,Large Cap
120465,Nippon India Large Cap Fund - Direct Growth,2024-08-06,248.2061,247.8338,248.2061,NIPPON,Equity,Large Cap
120465,Nippon India Large Cap Fund - Direct Growth,2024-08-07,245.9501,245.5812,245.9501,NIPPON,Equity,Large Cap
120465,Nippon India Large Cap Fund - Direct Growth,2024-08-08,249.0469,248.6733,249.0469,NIPPON,Equity,Large Cap
120465,Nippon India Large Cap Fund - Direct Growth,2024-08-09,247.941,247.5691,247.941,NIPPON,Equity,Large Cap
120465,Nippon India Large Cap Fund - Direct Growth,2024-08-12,241.4191,241.057,241.4191,NIPPON,Equity,Large Cap
120465,Nippon India Large Cap Fund - Direct Growth,2024-08-13,243.3022,242.9372,243.3022,NIPPON,Equity,Large Cap
120465,Nippon India Large Cap Fund - Direct Growth,2024-08-14,243.6564,243.2909,243.6564,NIPPON,Equity,Large Cap
120465,Nippon India Large Cap Fund - Direct Growth,2024-08-15,242.4666,242.1029,242.4666,NIPPON,Equity,Large Cap
120465,Nippon India Large Cap Fund - Direct Growth,2024-08-16,241.0244,240.6629,241.0244,NIPPON,Equity,Large Cap
120465,Nippon India Large Cap Fund - Direct Growth,2024-08-19,230.9409,230.5945,230.9409,NIPPON,Equity,Large Cap
120465,Nippon India Large Cap Fund - Direct Growth,2024-08-20,228.9934,228.6499,228.9934,NIPPON,Equity,Large Cap
120465,Nippon India Large Cap Fund - Direct Growth,2024-08-21,228.2306,227.8883,228.2306,NIPPON,Equity,Large Cap
120465,Nippon India Large Cap Fund - Direct Growth,2024-08-22,229.9922,229.6472,229.9922,NIPPON,Equity,Large Cap
120465,Nippon India Large Cap Fund - Direct Growth,2024-08-23,229.974,229.629,229.974,NIPPON,Equity,Large Cap
120465,Nippon India Large Cap Fund - Direct Growth,2024-08-26,239.2054,238.8466,239.2054,NIPPON,Equity,Large Cap
120465,Nippon India Large Cap Fund - Direct Growth,2024-08-27,240.6517,240.2907,240.6517,NIPPON,Equity,Large Cap
120465,Nippon India Large Cap Fund - Direct Growth,2024-08-28,240.7822,240.421,240.7822,NIPPON,Equity,Large Cap
120465,Nippon India Large Cap Fund - Direct Growth,2024-08-29,238.0446,237.6875,238.0446,NIPPON,Equity,Large Cap
120465,Nippon India Large Cap Fund - Direct Growth,2024-08-30,240.2535,239.8931,240.2535,NIPPON,Equity,Large Cap
120465,Nippon India Large Cap Fund - Direct Growth,2024-09-02,252.0622,251.6841,252.0622,NIPPON,Equity,Large Cap
120465,Nippon India Large Cap Fund - Direct Growth,2024-09-03,247.5486,247.1773,247.5486,NIPPON,Equity,Large Cap
120465,Nippon India Large Cap Fund - Direct Growth,2024-09-04,244.2191,243.8528,244.2191,NIPPON,Equity,Large Cap
120465,Nippon India Large Cap Fund - Direct Growth,2024-09-05,246.8231,246.4529,246.8231,NIPPON,Equity,Large Cap
120465,Nippon India Large Cap Fund - Direct Growth,2024-09-06,247.7046,247.333,247.7046,NIPPON,Equity,Large Cap
120465,Nippon India Large Cap Fund - Direct Growth,2024-09-09,249.2412,248.8673,249.2412,NIPPON,Equity,Large Cap
120465,Nippon India Large Cap Fund - Direct Growth,2024-09-10,248.7021,248.329,248.7021,NIPPON,Equity,Large Cap
120465,Nippon India Large Cap Fund - Direct Growth,2024-09-11,244.2274,243.8611,244.2274,NIPPON,Equity,Large Cap
120465,Nippon India Large Cap Fund - Direct Growth,2024-09-12,241.0175,240.656,241.0175,NIPPON,Equity,Large Cap
120465,Nippon India Large Cap Fund - Direct Growth,2024-09-13,243.9264,243.5605,243.9264,NIPPON,Equity,Large Cap
120465,Nippon India Large Cap Fund - Direct Growth,2024-09-16,242.7337,242.3696,242.7337,NIPPON,Equity,Large Cap
120465,Nippon India Large Cap Fund - Direct Growth,2024-09-17,241.7868,241.4241,241.7868,NIPPON,Equity,Large Cap
120465,Nippon India Large Cap Fund - Direct Growth,2024-09-18,238.3292,237.9717,238.3292,NIPPON,Equity,Large Cap
120465,Nippon India Large Cap Fund - Direct Growth,2024-09-19,241.7894,241.4267,241.7894,NIPPON,Equity,Large Cap
120465,Nippon India Large Cap Fund - Direct Growth,2024-09-20,240.1925,239.8322,240.1925,NIPPON,Equity,Large Cap
120465,Nippon India Large Cap Fund - Direct Growth,2024-09-23,235.6105,235.2571,235.6105,NIPPON,Equity,Large Cap
120465,Nippon India Large Cap Fund - Direct Growth,2024-09-24,239.8998,239.54,239.8998,NIPPON,Equity,Large Cap
120465,Nippon India Large Cap Fund - Direct Growth,2024-09-25,237.8804,237.5236,237.8804,NIPPON,Equity,Large Cap
120465,Nippon India Large Cap Fund - Direct Growth,2024-09-26,233.9814,233.6304,233.9814,NIPPON,Equity,Large Cap
120465,Nippon India Large Cap Fund - Direct Growth,2024-09-27,228.0301,227.6881,228.0301,NIPPON,Equity,Large Cap
120465,Nippon India Large Cap Fund - Direct Growth,2024-09-30,222.7959,222.4617,222.7959,NIPPON,Equity,Large Cap
120465,Nippon India Large Cap Fund - Direct Growth,2024-10-01,226.0645,225.7254,226.0645,NIPPON,Equity,Large Cap
120465,Nippon India Large Cap Fund - Direct Growth,2024-10-02,227.965,227.6231,227.965,NIPPON,Equity,Large Cap
120465,Nippon India Large Cap Fund - Direct Growth,2024-10-03,227.979,227.637,227.979,NIPPON,Equity,Large Cap
120465,Nippon India Large Cap Fund - Direct Growth,2024-10-04,231.8026,231.4549,231.8026,NIPPON,Equity,Large Cap
120465,Nippon India Large Cap Fund - Direct Growth,2024-10-07,228.7292,228.3861,228.7292,NIPPON,Equity,Large Cap
120465,Nippon India Large Cap Fund - Direct Growth,2024-10-08,231.0658,230.7192,231.0658,NIPPON,Equity,Large Cap
120465,Nippon India Large Cap Fund - Direct Growth,2024-10-09,232.2573,231.9089,232.2573,NIPPON,Equity,Large Cap
120465,Nippon India Large Cap Fund - Direct Growth,2024-10-10,232.8233,232.4741,232.8233,NIPPON,Equity,Large Cap
120465,Nippon India Large Cap Fund - Direct Growth,2024-10-11,230.5514,230.2056,230.5514,NIPPON,Equity,Large Cap
120465,Nippon India Large Cap Fund - Direct Growth,2024-10-14,230.1226,229.7774,230.1226,NIPPON,Equity,Large Cap
120465,Nippon India Large Cap Fund - Direct Growth,2024-10-15,234.2103,233.859,234.2103,NIPPON,Equity,Large Cap
120465,Nippon India Large Cap Fund - Direct Growth,2024-10-16,232.4467,232.098,232.4467,NIPPON,Equity,Large Cap
120465,Nippon India Large Cap Fund - Direct Growth,2024-10-17,228.152,227.8098,228.152,NIPPON,Equity,Large Cap
120465,Nippon India Large Cap Fund - Direct Growth,2024-10-18,225.3616,225.0236,225.3616,NIPPON,Equity,Large Cap
120465,Nippon India Large Cap Fund - Direct Growth,2024-10-21,228.6668,228.3238,228.6668,NIPPON,Equity,Large Cap
120465,Nippon India Large Cap Fund - Direct Growth,2024-10-22,227.3613,227.0203,227.3613,NIPPON,Equity,Large Cap
120465,Nippon India Large Cap Fund - Direct Growth,2024-10-23,228.7765,228.4333,228.7765,NIPPON,Equity,Large Cap
120465,Nippon India Large Cap Fund - Direct Growth,2024-10-24,226.5369,226.1971,226.5369,NIPPON,Equity,Large Cap
120465,Nippon India Large Cap Fund - Direct Growth,2024-10-25,227.4584,227.1172,227.4584,NIPPON,Equity,Large Cap
120465,Nippon India Large Cap Fund - Direct Growth,2024-10-28,221.5957,221.2633,221.5957,NIPPON,Equity,Large Cap
120465,Nippon India Large Cap Fund - Direct Growth,2024-10-29,220.6861,220.3551,220.6861,NIPPON,Equity,Large Cap
120465,Nippon India Large Cap Fund - Direct Growth,2024-10-30,220.6451,220.3141,220.6451,NIPPON,Equity,Large Cap
120465,Nippon India Large Cap Fund - Direct Growth,2024-10-31,221.3568,221.0248,221.3568,NIPPON,Equity,Large Cap
120465,Nippon India Large Cap Fund - Direct Growth,2024-11-01,211.648,211.3305,211.648,NIPPON,Equity,Large Cap
120465,Nippon India Large Cap Fund - Direct Growth,2024-11-04,212.6342,212.3152,212.6342,NIPPON,Equity,Large Cap
120465,Nippon India Large Cap Fund - Direct Growth,2024-11-05,209.9635,209.6486,209.9635,NIPPON,Equity,Large Cap
120465,Nippon India Large Cap Fund - Direct Growth,2024-11-06,210.4577,210.142,210.4577,NIPPON,Equity,Large Cap
120465,Nippon India Large Cap Fund - Direct Growth,2024-11-07,214.3176,213.9961,214.3176,NIPPON,Equity,Large Cap
120465,Nippon India Large Cap Fund - Direct Growth,2024-11-08,211.0266,210.7101,211.0266,NIPPON,Equity,Large Cap
120465,Nippon India Large Cap Fund - Direct Growth,2024-11-11,208.963,208.6496,208.963,NIPPON,Equity,Large Cap
120465,Nippon India Large Cap Fund - Direct Growth,2024-11-12,207.0327,206.7222,207.0327,NIPPON,Equity,Large Cap
120465,Nippon India Large Cap Fund - Direct Growth,2024-11-13,205.2973,204.9894,205.2973,NIPPON,Equity,Large Cap
120465,Nippon India Large Cap Fund - Direct Growth,2024-11-14,212.085,211.7669,212.085,NIPPON,Equity,Large Cap
120465,Nippon India Large Cap Fund - Direct Growth,2024-11-15,214.319,213.9975,214.319,NIPPON,Equity,Large Cap
120465,Nippon India Large Cap Fund - Direct Growth,2024-11-18,214.4815,214.1598,214.4815,NIPPON,Equity,Large Cap
120465,Nippon India Large Cap Fund - Direct Growth,2024-11-19,215.5838,215.2604,215.5838,NIPPON,Equity,Large Cap
120465,Nippon India Large Cap Fund - Direct Growth,2024-11-20,218.4457,218.118,218.4457,NIPPON,Equity,Large Cap
120465,Nippon India Large Cap Fund - Direct Growth,2024-11-21,216.296,215.9716,216.296,NIPPON,Equity,Large Cap
120465,Nippon India Large Cap Fund - Direct Growth,2024-11-22,218.8881,218.5598,218.8881,NIPPON,Equity,Large Cap
120465,Nippon India Large Cap Fund - Direct Growth,2024-11-25,224.78,224.4428,224.78,NIPPON,Equity,Large Cap
120465,Nippon India Large Cap Fund - Direct Growth,2024-11-26,221.9093,221.5764,221.9093,NIPPON,Equity,Large Cap
120465,Nippon India Large Cap Fund - Direct Growth,2024-11-27,221.0351,220.7035,221.0351,NIPPON,Equity,Large Cap
120465,Nippon India Large Cap Fund - Direct Growth,2024-11-28,224.9313,224.5939,224.9313,NIPPON,Equity,Large Cap
120465,Nippon India Large Cap Fund - Direct Growth,2024-11-29,220.0861,219.756,220.0861,NIPPON,Equity,Large Cap
120465,Nippon India Large Cap Fund - Direct Growth,2024-12-02,213.9717,213.6507,213.9717,NIPPON,Equity,Large Cap
120465,Nippon India Large Cap Fund - Direct Growth,2024-12-03,214.0771,213.756,214.0771,NIPPON,Equity,Large Cap
120465,Nippon India Large Cap Fund - Direct Growth,2024-12-04,216.5912,216.2663,216.5912,NIPPON,Equity,Large Cap
120465,Nippon India Large Cap Fund - Direct Growth,2024-12-05,215.2417,214.9188,215.2417,NIPPON,Equity,Large Cap
120465,Nippon India Large Cap Fund - Direct Growth,2024-12-06,210.49,210.1743,210.49,NIPPON,Equity,Large Cap
120465,Nippon India Large Cap Fund - Direct Growth,2024-12-09,210.6182,210.3023,210.6182,NIPPON,Equity,Large Cap
120465,Nippon India Large Cap Fund - Direct Growth,2024-12-10,213.492,213.1718,213.492,NIPPON,Equity,Large Cap
120465,Nippon India Large Cap Fund - Direct Growth,2024-12-11,212.5924,212.2735,212.5924,NIPPON,Equity,Large Cap
120465,Nippon India Large Cap Fund - Direct Growth,2024-12-12,212.5157,212.1969,212.5157,NIPPON,Equity,Large Cap
120465,Nippon India Large Cap Fund - Direct Growth,2024-12-13,213.8319,213.5112,213.8319,NIPPON,Equity,Large Cap
120465,Nippon India Large Cap Fund - Direct Growth,2024-12-16,219.9421,219.6122,219.9421,NIPPON,Equity,Large Cap
120465,Nippon India Large Cap Fund - Direct Growth,2024-12-17,214.393,214.0714,214.393,NIPPON,Equity,Large Cap
120465,Nippon India Large Cap Fund - Direct Growth,2024-12-18,216.4335,216.1088,216.4335,NIPPON,Equity,Large Cap
120465,Nippon India Large Cap Fund - Direct Growth,2024-12-19,214.3397,214.0182,214.3397,NIPPON,Equity,Large Cap
120465,Nippon India Large Cap Fund - Direct Growth,2024-12-20,217.955,217.6281,217.955,NIPPON,Equity,Large Cap
120465,Nippon India Large Cap Fund - Direct Growth,2024-12-23,218.548,218.2202,218.548,NIPPON,Equity,Large Cap
120465,Nippon India Large Cap Fund - Direct Growth,2024-12-24,220.9779,220.6464,220.9779,NIPPON,Equity,Large Cap
120465,Nippon India Large Cap Fund - Direct Growth,2024-12-25,222.7684,222.4342,222.7684,NIPPON,Equity,Large Cap
120465,Nippon India Large Cap Fund - Direct Growth,2024-12-26,220.1049,219.7747,220.1049,NIPPON,Equity,Large Cap
120465,Nippon India Large Cap Fund - Direct Growth,2024-12-27,218.9145,218.5861,218.9145,NIPPON,Equity,Large Cap
120465,Nippon India Large Cap Fund - Direct Growth,2024-12-30,221.0283,220.6968,221.0283,NIPPON,Equity,Large Cap
120465,Nippon India Large Cap Fund - Direct Growth,2024-12-31,215.7725,215.4488,215.7725,NIPPON,Equity,Large Cap
120594,DSP Top 100 Equity Fund - Direct Growth,2022-01-03,91.5148,91.3775,91.5148,DSP,Equity,Large Cap
120594,DSP Top 100 Equity Fund - Direct Growth,2022-01-04,90.736,90.5999,90.736,DSP,Equity,Large Cap
120594,DSP Top 100 Equity Fund - Direct Growth,2022-01-05,90.5387,90.4029,90.5387,DSP,Equity,Large Cap
120594,DSP Top 100 Equity Fund - Direct Growth,2022-01-06,86.6625,86.5325,86.6625,DSP,Equity,Large Cap
120594,DSP Top 100 Equity Fund - Direct Growth,2022-01-07,85.9679,85.8389,85.9679,DSP,Equity,Large Cap
120594,DSP Top 100 Equity Fund - Direct Growth,2022-01-10,84.883,84.7557,84.883,DSP,Equity,Large Cap
120594,DSP Top 100 Equity Fund - Direct Growth,2022-01-11,84.6978,84.5708,84.6978,DSP,Equity,Large Cap
120594,DSP Top 100 Equity Fund - Direct Growth,2022-01-12,86.2992,86.1698,86.2992,DSP,Equity,Large Cap
120594,DSP Top 100 Equity Fund - Direct Growth,2022-01-13,87.3635,87.2325,87.3635,DSP,Equity,Large Cap
120594,DSP Top 100 Equity Fund - Direct Growth,2022-01-14,88.3444,88.2119,88.3444,DSP,Equity,Large Cap
120594,DSP Top 100 Equity Fund - Direct Growth,2022-01-17,88.2445,88.1121,88.2445,DSP,Equity,Large Cap
120594,DSP Top 100 Equity Fund - Direct Growth,2022-01-18,88.0721,87.94,88.0721,DSP,Equity,Large Cap
120594,DSP Top 100 Equity Fund - Direct Growth,2022-01-19,88.5403,88.4075,88.5403,DSP,Equity,Large Cap
120594,DSP Top 100 Equity Fund - Direct Growth,2022-01-20,87.9414,87.8095,87.9414,DSP,Equity,Large Cap
120594,DSP Top 100 Equity Fund - Direct Growth,2022-01-21,89.5521,89.4178,89.5521,DSP,Equity,Large Cap
120594,DSP Top 100 Equity Fund - Direct Growth,2022-01-24,91.7252,91.5876,91.7252,DSP,Equity,Large Cap
120594,DSP Top 100 Equity Fund - Direct Growth,2022-01-25,92.8974,92.7581,92.8974,DSP,Equity,Large Cap
120594,DSP Top 100 Equity Fund - Direct Growth,2022-01-26,91.3639,91.2269,91.3639,DSP,Equity,Large Cap
120594,DSP Top 100 Equity Fund - Direct Growth,2022-01-27,91.8882,91.7504,91.8882,DSP,Equity,Large Cap
120594,DSP Top 100 Equity Fund - Direct Growth,2022-01-28,92.863,92.7237,92.863,DSP,Equity,Large Cap
120594,DSP Top 100 Equity Fund - Direct Growth,2022-01-31,91.9836,91.8456,91.9836,DSP,Equity,Large Cap
120594,DSP Top 100 Equity Fund - Direct Growth,2022-02-01,93.1182,92.9785,93.1182,DSP,Equity,Large Cap
120594,DSP Top 100 Equity Fund - Direct Growth,2022-02-02,92.3042,92.1657,92.3042,DSP,Equity,Large Cap
120594,DSP Top 100 Equity Fund - Direct Growth,2022-02-03,92.0092,91.8712,92.0092,DSP,Equity,Large Cap
120594,DSP Top 100 Equity Fund - Direct Growth,2022-02-04,93.7859,93.6452,93.7859,DSP,Equity,Large Cap
120594,DSP Top 100 Equity Fund - Direct Growth,2022-02-07,92.0472,91.9091,92.0472,DSP,Equity,Large Cap
120594,DSP Top 100 Equity Fund - Direct Growth,2022-02-08,92.4515,92.3128,92.4515,DSP,Equity,Large Cap
120594,DSP Top 100 Equity Fund - Direct Growth,2022-02-09,91.0095,90.873,91.0095,DSP,Equity,Large Cap
120594,DSP Top 100 Equity Fund - Direct Growth,2022-02-10,90.7758,90.6396,90.7758,DSP,Equity,Large Cap
120594,DSP Top 100 Equity Fund - Direct Growth,2022-02-11,91.1751,91.0383,91.1751,DSP,Equity,Large Cap
120594,DSP Top 100 Equity Fund - Direct Growth,2022-02-14,92.649,92.51,92.649,DSP,Equity,Large Cap
120594,DSP Top 100 Equity Fund - Direct Growth,2022-02-15,93.9962,93.8552,93.9962,DSP,Equity,Large Cap
120594,DSP Top 100 Equity Fund - Direct Growth,2022-02-16,93.696,93.5555,93.696,DSP,Equity,Large Cap
120594,DSP Top 100 Equity Fund - Direct Growth,2022-02-17,92.3441,92.2056,92.3441,DSP,Equity,Large Cap
120594,DSP Top 100 Equity Fund - Direct Growth,2022-02-18,92.1904,92.0521,92.1904,DSP,Equity,Large Cap
120594,DSP Top 100 Equity Fund - Direct Growth,2022-02-21,94.0936,93.9525,94.0936,DSP,Equity,Large Cap
120594,DSP Top 100 Equity Fund - Direct Growth,2022-02-22,95.9799,95.8359,95.9799,DSP,Equity,Large Cap
120594,DSP Top 100 Equity Fund - Direct Growth,2022-02-23,94.3697,94.2281,94.3697,DSP,Equity,Large Cap
120594,DSP Top 100 Equity Fund - Direct Growth,2022-02-24,92.9516,92.8122,92.9516,DSP,Equity,Large Cap
120594,DSP Top 100 Equity Fund - Direct Growth,2022-02-25,91.1864,91.0496,91.1864,DSP,Equity,Large Cap
120594,DSP Top 100 Equity Fund - Direct Growth,2022-02-28,93.5874,93.447,93.5874,DSP,Equity,Large Cap
120594,DSP Top 100 Equity Fund - Direct Growth,2022-03-01,93.8983,93.7575,93.8983,DSP,Equity,Large Cap
120594,DSP Top 100 Equity Fund - Direct Growth,2022-03-02,93.4805,93.3403,93.4805,DSP,Equity,Large Cap
120594,DSP Top 100 Equity Fund - Direct Growth,2022-03-03,93.5199,93.3796,93.5199,DSP,Equity,Large Cap
120594,DSP Top 100 Equity Fund - Direct Growth,2022-03-04,93.6894,93.5489,93.6894,DSP,Equity,Large Cap
120594,DSP Top 100 Equity Fund - Direct Growth,2022-03-07,95.5012,95.3579,95.5012,DSP,Equity,Large Cap
120594,DSP Top 100 Equity Fund - Direct Growth,2022-03-08,95.7801,95.6364,95.7801,DSP,Equity,Large Cap
120594,DSP Top 100 Equity Fund - Direct Growth,2022-03-09,96.5255,96.3807,96.5255,DSP,Equity,Large Cap
120594,DSP Top 100 Equity Fund - Direct Growth,2022-03-10,97.3858,97.2397,97.3858,DSP,Equity,Large Cap
120594,DSP Top 100 Equity Fund - Direct Growth,2022-03-11,97.2605,97.1146,97.2605,DSP,Equity,Large Cap
120594,DSP Top 100 Equity Fund - Direct Growth,2022-03-14,97.7852,97.6385,97.7852,DSP,Equity,Large Cap
120594,DSP Top 100 Equity Fund - Direct Growth,2022-03-15,96.874,96.7287,96.874,DSP,Equity,Large Cap
120594,DSP Top 100 Equity Fund - Direct Growth,2022-03-16,98.5624,98.4146,98.5624,DSP,Equity,Large Cap
120594,DSP Top 100 Equity Fund - Direct Growth,2022-03-17,98.9488,98.8004,98.9488,DSP,Equity,Large Cap
120594,DSP Top 100 Equity Fund - Direct Growth,2022-03-18,99.855,99.7052,99.855,DSP,Equity,Large Cap
120594,DSP Top 100 Equity Fund - Direct Growth,2022-03-21,102.0573,101.9042,102.0573,DSP,Equity,Large Cap
120594,DSP Top 100 Equity Fund - Direct Growth,2022-03-22,103.0902,102.9356,103.0902,DSP,Equity,Large Cap
120594,DSP Top 100 Equity Fund - Direct Growth,2022-03-23,102.2347,102.0813,102.2347,DSP,Equity,Large Cap
120594,DSP Top 100 Equity Fund - Direct Growth,2022-03-24,102.3419,102.1884,102.3419,DSP,Equity,Large Cap
120594,DSP Top 100 Equity Fund - Direct Growth,2022-03-25,102.537,102.3832,102.537,DSP,Equity,Large Cap
120594,DSP Top 100 Equity Fund - Direct Growth,2022-03-28,102.5433,102.3895,102.5433,DSP,Equity,Large Cap
120594,DSP Top 100 Equity Fund - Direct Growth,2022-03-29,100.987,100.8355,100.987,DSP,Equity,Large Cap
120594,DSP Top 100 Equity Fund - Direct Growth,2022-03-30,102.62,102.4661,102.62,DSP,Equity,Large Cap
120594,DSP Top 100 Equity Fund - Direct Growth,2022-03-31,103.5394,103.3841,103.5394,DSP,Equity,Large Cap
120594,DSP Top 100 Equity Fund - Direct Growth,2022-04-01,102.3061,102.1526,102.3061,DSP,Equity,Large Cap
120594,DSP Top 100 Equity Fund - Direct Growth,2022-04-04,104.9536,104.7962,104.9536,DSP,Equity,Large Cap
120594,DSP Top 100 Equity Fund - Direct Growth,2022-04-05,108.2687,108.1063,108.2687,DSP,Equity,Large Cap
120594,DSP Top 100 Equity Fund - Direct Growth,2022-04-06,106.0721,105.913,106.0721,DSP,Equity,Large Cap
120594,DSP Top 100 Equity Fund - Direct Growth,2022-04-07,106.9977,106.8372,106.9977,DSP,Equity,Large Cap
120594,DSP Top 100 Equity Fund - Direct Growth,2022-04-08,108.5383,108.3755,108.5383,DSP,Equity,Large Cap
120594,DSP Top 100 Equity Fund - Direct Growth,2022-04-11,109.1796,109.0158,109.1796,DSP,Equity,Large Cap
120594,DSP Top 100 Equity Fund - Direct Growth,2022-04-12,109.8052,109.6405,109.8052,DSP,Equity,Large Cap
120594,DSP Top 100 Equity Fund - Direct Growth,2022-04-13,110.924,110.7576,110.924,DSP,Equity,Large Cap
120594,DSP Top 100 Equity Fund - Direct Growth,2022-04-14,111.7703,111.6026,111.7703,DSP,Equity,Large Cap
120594,DSP Top 100 Equity Fund - Direct Growth,2022-04-15,113.21,113.0402,113.21,DSP,Equity,Large Cap
120594,DSP Top 100 Equity Fund - Direct Growth,2022-04-18,110.3958,110.2302,110.3958,DSP,Equity,Large Cap
120594,DSP Top 100 Equity Fund - Direct Growth,2022-04-19,109.9285,109.7636,109.9285,DSP,Equity,Large Cap
120594,DSP Top 100 Equity Fund - Direct Growth,2022-04-20,111.3117,111.1447,111.3117,DSP,Equity,Large Cap
120594,DSP Top 100 Equity Fund - Direct Growth,2022-04-21,111.5005,111.3332,111.5005,DSP,Equity,Large Cap
120594,DSP Top 100 Equity Fund - Direct Growth,2022-04-22,115.0331,114.8606,115.0331,DSP,Equity,Large Cap
120594,DSP Top 100 Equity Fund - Direct Growth,2022-04-25,115.6682,115.4947,115.6682,DSP,Equity,Large Cap
120594,DSP Top 100 Equity Fund - Direct Growth,2022-04-26,114.8292,114.657,114.8292,DSP,Equity,Large Cap
120594,DSP Top 100 Equity Fund - Direct Growth,2022-04-27,114.7954,114.6232,114.7954,DSP,Equity,Large Cap
120594,DSP Top 100 Equity Fund - Direct Growth,2022-04-28,116.3949,116.2203,116.3949,DSP,Equity,Large Cap
120594,DSP Top 100 Equity Fund - Direct Growth,2022-04-29,116.6006,116.4257,116.6006,DSP,Equity,Large Cap
120594,DSP Top 100 Equity Fund - Direct Growth,2022-05-02,113.7288,113.5582,113.7288,DSP,Equity,Large Cap
120594,DSP Top 100 Equity Fund - Direct Growth,2022-05-03,113.8751,113.7043,113.8751,DSP,Equity,Large Cap
120594,DSP Top 100 Equity Fund - Direct Growth,2022-05-04,115.5517,115.3784,115.5517,DSP,Equity,Large Cap
120594,DSP Top 100 Equity Fund - Direct Growth,2022-05-05,113.7392,113.5686,113.7392,DSP,Equity,Large Cap
120594,DSP Top 100 Equity Fund - Direct Growth,2022-05-06,113.3482,113.1782,113.3482,DSP,Equity,Large Cap
120594,DSP Top 100 Equity Fund - Direct Growth,2022-05-09,110.0685,109.9034,110.0685,DSP,Equity,Large Cap
120594,DSP Top 100 Equity Fund - Direct Growth,2022-05-10,109.2145,109.0507,109.2145,DSP,Equity,Large Cap
120594,DSP Top 100 Equity Fund - Direct Growth,2022-05-11,108.215,108.0527,108.215,DSP,Equity,Large Cap
120594,DSP Top 100 Equity Fund - Direct Growth,2022-05-12,108.5075,108.3447,108.5075,DSP,Equity,Large Cap
120594,DSP Top 100 Equity Fund - Direct Growth,2022-05-13,108.3418,108.1793,108.3418,DSP,Equity,Large Cap
120594,DSP Top 100 Equity Fund - Direct Growth,2022-05-16,110.541,110.3752,110.541,DSP,Equity,Large Cap
120594,DSP Top 100 Equity Fund - Direct Growth,2022-05-17,112.7597,112.5906,112.7597,DSP,Equity,Large Cap
120594,DSP Top 100 Equity Fund - Direct Growth,2022-05-18,110.2031,110.0378,110.2031,DSP,Equity,Large Cap
120594,DSP Top 100 Equity Fund - Direct Growth,2022-05-19,111.0103,110.8438,111.0103,DSP,Equity,Large Cap
120594,DSP Top 100 Equity Fund - Direct Growth,2022-05-20,110.8176,110.6514,110.8176,DSP,Equity,Large Cap
120594,DSP Top 100 Equity Fund - Direct Growth,2022-05-23,110.7822,110.616,110.7822,DSP,Equity,Large Cap
120594,DSP Top 100 Equity Fund - Direct Growth,2022-05-24,111.0278,110.8613,111.0278,DSP,Equity,Large Cap
120594,DSP Top 100 Equity Fund - Direct Growth,2022-05-25,110.3009,110.1354,110.3009,DSP,Equity,Large Cap
120594,DSP Top 100 Equity Fund - Direct Growth,2022-05-26,109.1586,108.9949,109.1586,DSP,Equity,Large Cap
120594,DSP Top 100 Equity Fund - Direct Growth,2022-05-27,108.6145,108.4516,108.6145,DSP,Equity,Large Cap
120594,DSP Top 100 Equity Fund - Direct Growth,2022-05-30,110.9583,110.7919,110.9583,DSP,Equity,Large Cap
120594,DSP Top 100 Equity Fund - Direct Growth,2022-05-31,110.3447,110.1792,110.3447,DSP,Equity,Large Cap
120594,DSP Top 100 Equity Fund - Direct Growth,2022-06-01,110.7647,110.5986,110.7647,DSP,Equity,Large Cap
120594,DSP Top 100 Equity Fund - Direct Growth,2022-06-02,112.0883,111.9202,112.0883,DSP,Equity,Large Cap
120594,DSP Top 100 Equity Fund - Direct Growth,2022-06-03,113.7009,113.5303,113.7009,DSP,Equity,Large Cap
120594,DSP Top 100 Equity Fund - Direct Growth,2022-06-06,113.7157,113.5451,113.7157,DSP,Equity,Large Cap
120594,DSP Top 100 Equity Fund - Direct Growth,2022-06-07,112.1923,112.024,112.1923,DSP,Equity,Large Cap
120594,DSP Top 100 Equity Fund - Direct Growth,2022-06-08,111.9765,111.8085,111.9765,DSP,Equity,Large Cap
120594,DSP Top 100 Equity Fund - Direct Growth,2022-06-09,113.0218,112.8523,113.0218,DSP,Equity,Large Cap
120594,DSP Top 100 Equity Fund - Direct Growth,2022-06-10,113.9377,113.7668,113.9377,DSP,Equity,Large Cap
120594,DSP Top 100 Equity Fund - Direct Growth,2022-06-13,112.874,112.7047,112.874,DSP,Equity,Large Cap
120594,DSP Top 100 Equity Fund - Direct Growth,2022-06-14,113.872,113.7012,113.872,DSP,Equity,Large Cap
120594,DSP Top 100 Equity Fund - Direct Growth,2022-06-15,113.8112,113.6405,113.8112,DSP,Equity,Large Cap
120594,DSP Top 100 Equity Fund - Direct Growth,2022-06-16,113.4798,113.3096,113.4798,DSP,Equity,Large Cap
120594,DSP Top 100 Equity Fund - Direct Growth,2022-06-17,113.0326,112.8631,113.0326,DSP,Equity,Large Cap
120594,DSP Top 100 Equity Fund - Direct Growth,2022-06-20,113.3633,113.1933,113.3633,DSP,Equity,Large Cap
120594,DSP Top 100 Equity Fund - Direct Growth,2022-06-21,112.8709,112.7016,112.8709,DSP,Equity,Large Cap
120594,DSP Top 100 Equity Fund - Direct Growth,2022-06-22,115.0736,114.901,115.0736,DSP,Equity,Large Cap
120594,DSP Top 100 Equity Fund - Direct Growth,2022-06-23,117.1429,116.9672,117.1429,DSP,Equity,Large Cap
120594,DSP Top 100 Equity Fund - Direct Growth,2022-06-24,115.9365,115.7626,115.9365,DSP,Equity,Large Cap
120594,DSP Top 100 Equity Fund - Direct Growth,2022-06-27,114.8144,114.6422,114.8144,DSP,Equity,Large Cap
120594,DSP Top 100 Equity Fund - Direct Growth,2022-06-28,117.6192,117.4428,117.6192,DSP,Equity,Large Cap
120594,DSP Top 100 Equity Fund - Direct Growth,2022-06-29,117.2321,117.0563,117.2321,DSP,Equity,Large Cap
120594,DSP Top 100 Equity Fund - Direct Growth,2022-06-30,117.7858,117.6091,117.7858,DSP,Equity,Large Cap
120594,DSP Top 100 Equity Fund - Direct Growth,2022-07-01,118.598,118.4201,118.598,DSP,Equity,Large Cap
120594,DSP Top 100 Equity Fund - Direct Growth,2022-07-04,114.4322,114.2606,114.4322,DSP,Equity,Large Cap
120594,DSP Top 100 Equity Fund - Direct Growth,2022-07-05,113.2614,113.0915,113.2614,DSP,Equity,Large Cap
120594,DSP Top 100 Equity Fund - Direct Growth,2022-07-06,109.4331,109.269,109.4331,DSP,Equity,Large Cap
120594,DSP Top 100 Equity Fund - Direct Growth,2022-07-07,110.192,110.0267,110.192,DSP,Equity,Large Cap
120594,DSP Top 100 Equity Fund - Direct Growth,2022-07-08,112.9523,112.7829,112.9523,DSP,Equity,Large Cap
120594,DSP Top 100 Equity Fund - Direct Growth,2022-07-11,110.5052,110.3394,110.5052,DSP,Equity,Large Cap
120594,DSP Top 100 Equity Fund - Direct Growth,2022-07-12,109.9409,109.776,109.9409,DSP,Equity,Large Cap
120594,DSP Top 100 Equity Fund - Direct Growth,2022-07-13,108.6424,108.4794,108.6424,DSP,Equity,Large Cap
120594,DSP Top 100 Equity Fund - Direct Growth,2022-07-14,109.8073,109.6426,109.8073,DSP,Equity,Large Cap
120594,DSP Top 100 Equity Fund - Direct Growth,2022-07-15,110.9189,110.7525,110.9189,DSP,Equity,Large Cap
120594,DSP Top 100 Equity Fund - Direct Growth,2022-07-18,112.4885,112.3198,112.4885,DSP,Equity,Large Cap
120594,DSP Top 100 Equity Fund - Direct Growth,2022-07-19,115.1017,114.929,115.1017,DSP,Equity,Large Cap
120594,DSP Top 100 Equity Fund - Direct Growth,2022-07-20,119.1052,118.9265,119.1052,DSP,Equity,Large Cap
120594,DSP Top 100 Equity Fund - Direct Growth,2022-07-21,117.8637,117.6869,117.8637,DSP,Equity,Large Cap
120594,DSP Top 100 Equity Fund - Direct Growth,2022-07-22,121.9053,121.7224,121.9053,DSP,Equity,Large Cap
120594,DSP Top 100 Equity Fund - Direct Growth,2022-07-25,121.1428,120.9611,121.1428,DSP,Equity,Large Cap
120594,DSP Top 100 Equity Fund - Direct Growth,2022-07-26,120.3451,120.1646,120.3451,DSP,Equity,Large Cap
120594,DSP Top 100 Equity Fund - Direct Growth,2022-07-27,120.9695,120.788,120.9695,DSP,Equity,Large Cap
120594,DSP Top 100 Equity Fund - Direct Growth,2022-07-28,119.1016,118.9229,119.1016,DSP,Equity,Large Cap
120594,DSP Top 100 Equity Fund - Direct Growth,2022-07-29,118.808,118.6298,118.808,DSP,Equity,Large Cap
120594,DSP Top 100 Equity Fund - Direct Growth,2022-08-01,120.9073,120.7259,120.9073,DSP,Equity,Large Cap
120594,DSP Top 100 Equity Fund - Direct Growth,2022-08-02,121.6452,121.4627,121.6452,DSP,Equity,Large Cap
120594,DSP Top 100 Equity Fund - Direct Growth,2022-08-03,123.4027,123.2176,123.4027,DSP,Equity,Large Cap
120594,DSP Top 100 Equity Fund - Direct Growth,2022-08-04,121.001,120.8195,121.001,DSP,Equity,Large Cap
120594,DSP Top 100 Equity Fund - Direct Growth,2022-08-05,121.8981,121.7153,121.8981,DSP,Equity,Large Cap
120594,DSP Top 100 Equity Fund - Direct Growth,2022-08-08,123.4449,123.2597,123.4449,DSP,Equity,Large Cap
120594,DSP Top 100 Equity Fund - Direct Growth,2022-08-09,121.7253,121.5427,121.7253,DSP,Equity,Large Cap
120594,DSP Top 100 Equity Fund - Direct Growth,2022-08-10,120.2948,120.1144,120.2948,DSP,Equity,Large Cap
120594,DSP Top 100 Equity Fund - Direct Growth,2022-08-11,117.5491,117.3728,117.5491,DSP,Equity,Large Cap
120594,DSP Top 100 Equity Fund - Direct Growth,2022-08-12,116.8215,116.6463,116.8215,DSP,Equity,Large Cap
120594,DSP Top 100 Equity Fund - Direct Growth,2022-08-15,116.749,116.5739,116.749,DSP,Equity,Large Cap
120594,DSP Top 100 Equity Fund - Direct Growth,2022-08-16,116.1153,115.9411,116.1153,DSP,Equity,Large Cap
120594,DSP Top 100 Equity Fund - Direct Growth,2022-08-17,114.0886,113.9175,114.0886,DSP,Equity,Large Cap
120594,DSP Top 100 Equity Fund - Direct Growth,2022-08-18,112.5938,112.4249,112.5938,DSP,Equity,Large Cap
120594,DSP Top 100 Equity Fund - Direct Growth,2022-08-19,113.1642,112.9945,113.1642,DSP,Equity,Large Cap
120594,DSP Top 100 Equity Fund - Direct Growth,2022-08-22,113.099,112.9294,113.099,DSP,Equity,Large Cap
120594,DSP Top 100 Equity Fund - Direct Growth,2022-08-23,113.2604,113.0905,113.2604,DSP,Equity,Large Cap
120594,DSP Top 100 Equity Fund - Direct Growth,2022-08-24,112.9274,112.758,112.9274,DSP,Equity,Large Cap
120594,DSP Top 100 Equity Fund - Direct Growth,2022-08-25,114.0199,113.8489,114.0199,DSP,Equity,Large Cap
120594,DSP Top 100 Equity Fund - Direct Growth,2022-08-26,115.1371,114.9644,115.1371,DSP,Equity,Large Cap
120594,DSP Top 100 Equity Fund - Direct Growth,2022-08-29,116.2262,116.0519,116.2262,DSP,Equity,Large Cap
120594,DSP Top 100 Equity Fund - Direct Growth,2022-08-30,117.0289,116.8534,117.0289,DSP,Equity,Large Cap
120594,DSP Top 100 Equity Fund - Direct Growth,2022-08-31,116.6012,116.4263,116.6012,DSP,Equity,Large Cap
120594,DSP Top 100 Equity Fund - Direct Growth,2022-09-01,116.651,116.476,116.651,DSP,Equity,Large Cap
120594,DSP Top 100 Equity Fund - Direct Growth,2022-09-02,116.3132,116.1387,116.3132,DSP,Equity,Large Cap
120594,DSP Top 100 Equity Fund - Direct Growth,2022-09-05,115.5012,115.3279,115.5012,DSP,Equity,Large Cap
120594,DSP Top 100 Equity Fund - Direct Growth,2022-09-06,117.3639,117.1879,117.3639,DSP,Equity,Large Cap
120594,DSP Top 100 Equity Fund - Direct Growth,2022-09-07,119.0602,118.8816,119.0602,DSP,Equity,Large Cap
120594,DSP Top 100 Equity Fund - Direct Growth,2022-09-08,117.3125,117.1365,117.3125,DSP,Equity,Large Cap
120594,DSP Top 100 Equity Fund - Direct Growth,2022-09-09,119.1743,118.9955,119.1743,DSP,Equity,Large Cap
120594,DSP Top 100 Equity Fund - Direct Growth,2022-09-12,118.4172,118.2396,118.4172,DSP,Equity,Large Cap
120594,DSP Top 100 Equity Fund - Direct Growth,2022-09-13,118.6663,118.4883,118.6663,DSP,Equity,Large Cap
120594,DSP Top 100 Equity Fund - Direct Growth,2022-09-14,119.1605,118.9818,119.1605,DSP,Equity,Large Cap
120594,DSP Top 100 Equity Fund - Direct Growth,2022-09-15,117.0853,116.9097,117.0853,DSP,Equity,Large Cap
120594,DSP Top 100 Equity Fund - Direct Growth,2022-09-16,117.9868,117.8098,117.9868,DSP,Equity,Large Cap
120594,DSP Top 100 Equity Fund - Direct Growth,2022-09-19,121.7384,121.5558,121.7384,DSP,Equity,Large Cap
120594,DSP Top 100 Equity Fund - Direct Growth,2022-09-20,121.51,121.3277,121.51,DSP,Equity,Large Cap
120594,DSP Top 100 Equity Fund - Direct Growth,2022-09-21,122.7974,122.6132,122.7974,DSP,Equity,Large Cap
120594,DSP Top 100 Equity Fund - Direct Growth,2022-09-22,119.5773,119.3979,119.5773,DSP,Equity,Large Cap
120594,DSP Top 100 Equity Fund - Direct Growth,2022-09-23,123.0959,122.9113,123.0959,DSP,Equity,Large Cap
120594,DSP Top 100 Equity Fund - Direct Growth,2022-09-26,122.0686,121.8855,122.0686,DSP,Equity,Large Cap
120594,DSP Top 100 Equity Fund - Direct Growth,2022-09-27,122.5393,122.3555,122.5393,DSP,Equity,Large Cap
120594,DSP Top 100 Equity Fund - Direct Growth,2022-09-28,120.4651,120.2844,120.4651,DSP,Equity,Large Cap
120594,DSP Top 100 Equity Fund - Direct Growth,2022-09-29,121.1564,120.9747,121.1564,DSP,Equity,Large Cap
120594,DSP Top 100 Equity Fund - Direct Growth,2022-09-30,121.8032,121.6205,121.8032,DSP,Equity,Large Cap
120594,DSP Top 100 Equity Fund - Direct Growth,2022-10-03,123.3743,123.1892,123.3743,DSP,Equity,Large Cap
120594,DSP Top 100 Equity Fund - Direct Growth,2022-10-04,124.8683,124.681,124.8683,DSP,Equity,Large Cap
120594,DSP Top 100 Equity Fund - Direct Growth,2022-10-05,124.9315,124.7441,124.9315,DSP,Equity,Large Cap
120594,DSP Top 100 Equity Fund - Direct Growth,2022-10-06,122.8594,122.6751,122.8594,DSP,Equity,Large Cap
120594,DSP Top 100 Equity Fund - Direct Growth,2022-10-07,124.3502,124.1637,124.3502,DSP,Equity,Large Cap
120594,DSP Top 100 Equity Fund - Direct Growth,2022-10-10,124.006,123.82,124.006,DSP,Equity,Large Cap
120594,DSP Top 100 Equity Fund - Direct Growth,2022-10-11,127.1797,126.9889,127.1797,DSP,Equity,Large Cap
120594,DSP Top 100 Equity Fund - Direct Growth,2022-10-13,130.5133,130.3175,130.5133,DSP,Equity,Large Cap
120594,DSP Top 100 Equity Fund - Direct Growth,2022-10-14,130.7085,130.5124,130.7085,DSP,Equity,Large Cap
120594,DSP Top 100 Equity Fund - Direct Growth,2022-10-17,131.8217,131.624,131.8217,DSP,Equity,Large Cap
120594,DSP Top 100 Equity Fund - Direct Growth,2022-10-18,130.6403,130.4443,130.6403,DSP,Equity,Large Cap
120594,DSP Top 100 Equity Fund - Direct Growth,2022-10-19,131.8452,131.6474,131.8452,DSP,Equity,Large Cap
120594,DSP Top 100 Equity Fund - Direct Growth,2022-10-20,131.0133,130.8168,131.0133,DSP,Equity,Large Cap
120594,DSP Top 100 Equity Fund - Direct Growth,2022-10-21,130.342,130.1465,130.342,DSP,Equity,Large Cap
120594,DSP Top 100 Equity Fund - Direct Growth,2022-10-24,130.8704,130.6741,130.8704,DSP,Equity,Large Cap
120594,DSP Top 100 Equity Fund - Direct Growth,2022-10-25,132.7018,132.5027,132.7018,DSP,Equity,Large Cap
120594,DSP Top 100 Equity Fund - Direct Growth,2022-10-26,135.2986,135.0957,135.2986,DSP,Equity,Large Cap
120594,DSP Top 100 Equity Fund - Direct Growth,2022-10-27,136.3994,136.1948,136.3994,DSP,Equity,Large Cap
120594,DSP Top 100 Equity Fund - Direct Growth,2022-10-28,135.3822,135.1791,135.3822,DSP,Equity,Large Cap
120594,DSP Top 100 Equity Fund - Direct Growth,2022-10-31,135.3627,135.1597,135.3627,DSP,Equity,Large Cap
120594,DSP Top 100 Equity Fund - Direct Growth,2022-11-01,133.8122,133.6115,133.8122,DSP,Equity,Large Cap
120594,DSP Top 100 Equity Fund - Direct Growth,2022-11-02,135.0267,134.8242,135.0267,DSP,Equity,Large Cap
120594,DSP Top 100 Equity Fund - Direct Growth,2022-11-03,135.2193,135.0165,135.2193,DSP,Equity,Large Cap
120594,DSP Top 100 Equity Fund - Direct Growth,2022-11-04,132.4894,132.2907,132.4894,DSP,Equity,Large Cap
120594,DSP Top 100 Equity Fund - Direct Growth,2022-11-07,130.2632,130.0678,130.2632,DSP,Equity,Large Cap
120594,DSP Top 100 Equity Fund - Direct Growth,2022-11-08,133.2685,133.0686,133.2685,DSP,Equity,Large Cap
120594,DSP Top 100 Equity Fund - Direct Growth,2022-11-09,133.7027,133.5021,133.7027,DSP,Equity,Large Cap
120594,DSP Top 100 Equity Fund - Direct Growth,2022-11-10,132.4072,132.2086,132.4072,DSP,Equity,Large Cap
120594,DSP Top 100 Equity Fund - Direct Growth,2022-11-11,132.8107,132.6115,132.8107,DSP,Equity,Large Cap
120594,DSP Top 100 Equity Fund - Direct Growth,2022-11-14,133.85,133.6492,133.85,DSP,Equity,Large Cap
120594,DSP Top 100 Equity Fund - Direct Growth,2022-11-15,135.8458,135.642,135.8458,DSP,Equity,Large Cap
120594,DSP Top 100 Equity Fund - Direct Growth,2022-11-16,135.8605,135.6567,135.8605,DSP,Equity,Large Cap
120594,DSP Top 100 Equity Fund - Direct Growth,2022-11-17,138.5869,138.379,138.5869,DSP,Equity,Large Cap
120594,DSP Top 100 Equity Fund - Direct Growth,2022-11-18,140.1524,139.9422,140.1524,DSP,Equity,Large Cap
120594,DSP Top 100 Equity Fund - Direct Growth,2022-11-21,143.3781,143.163,143.3781,DSP,Equity,Large Cap
120594,DSP Top 100 Equity Fund - Direct Growth,2022-11-22,141.9986,141.7856,141.9986,DSP,Equity,Large Cap
120594,DSP Top 100 Equity Fund - Direct Growth,2022-11-23,144.8719,144.6546,144.8719,DSP,Equity,Large Cap
120594,DSP Top 100 Equity Fund - Direct Growth,2022-11-24,148.542,148.3192,148.542,DSP,Equity,Large Cap
120594,DSP Top 100 Equity Fund - Direct Growth,2022-11-25,148.5425,148.3197,148.5425,DSP,Equity,Large Cap
120594,DSP Top 100 Equity Fund - Direct Growth,2022-11-28,148.7815,148.5583,148.7815,DSP,Equity,Large Cap
120594,DSP Top 100 Equity Fund - Direct Growth,2022-11-29,151.1225,150.8958,151.1225,DSP,Equity,Large Cap
120594,DSP Top 100 Equity Fund - Direct Growth,2022-11-30,152.2175,151.9892,152.2175,DSP,Equity,Large Cap
120594,DSP Top 100 Equity Fund - Direct Growth,2022-12-01,152.4642,152.2355,152.4642,DSP,Equity,Large Cap
120594,DSP Top 100 Equity Fund - Direct Growth,2022-12-02,155.2659,155.033,155.2659,DSP,Equity,Large Cap
120594,DSP Top 100 Equity Fund - Direct Growth,2022-12-05,156.2423,156.0079,156.2423,DSP,Equity,Large Cap
120594,DSP Top 100 Equity Fund - Direct Growth,2022-12-06,157.1129,156.8772,157.1129,DSP,Equity,Large Cap
120594,DSP Top 100 Equity Fund - Direct Growth,2022-12-07,156.9616,156.7262,156.9616,DSP,Equity,Large Cap
120594,DSP Top 100 Equity Fund - Direct Growth,2022-12-08,156.9192,156.6838,156.9192,DSP,Equity,Large Cap
120594,DSP Top 100 Equity Fund - Direct Growth,2022-12-09,156.2713,156.0369,156.2713,DSP,Equity,Large Cap
120594,DSP Top 100 Equity Fund - Direct Growth,2022-12-12,156.186,155.9517,156.186,DSP,Equity,Large Cap
120594,DSP Top 100 Equity Fund - Direct Growth,2022-12-13,160.2237,159.9834,160.2237,DSP,Equity,Large Cap
120594,DSP Top 100 Equity Fund - Direct Growth,2022-12-14,162.1679,161.9246,162.1679,DSP,Equity,Large Cap
120594,DSP Top 100 Equity Fund - Direct Growth,2022-12-15,157.5913,157.3549,157.5913,DSP,Equity,Large Cap
120594,DSP Top 100 Equity Fund - Direct Growth,2022-12-16,156.5854,156.3505,156.5854,DSP,Equity,Large Cap
120594,DSP Top 100 Equity Fund - Direct Growth,2022-12-19,145.9091,145.6902,145.9091,DSP,Equity,Large Cap
120594,DSP Top 100 Equity Fund - Direct Growth,2022-12-20,145.7276,145.509,145.7276,DSP,Equity,Large Cap
120594,DSP Top 100 Equity Fund - Direct Growth,2022-12-21,143.7889,143.5732,143.7889,DSP,Equity,Large Cap
120594,DSP Top 100 Equity Fund - Direct Growth,2022-12-22,143.9498,143.7339,143.9498,DSP,Equity,Large Cap
120594,DSP Top 100 Equity Fund - Direct Growth,2022-12-23,141.2001,140.9883,141.2001,DSP,Equity,Large Cap
120594,DSP Top 100 Equity Fund - Direct Growth,2022-12-26,143.3427,143.1277,143.3427,DSP,Equity,Large Cap
120594,DSP Top 100 Equity Fund - Direct Growth,2022-12-27,145.8277,145.609,145.8277,DSP,Equity,Large Cap
120594,DSP Top 100 Equity Fund - Direct Growth,2022-12-28,147.2603,147.0394,147.2603,DSP,Equity,Large Cap
120594,DSP Top 100 Equity Fund - Direct Growth,2022-12-29,146.742,146.5219,146.742,DSP,Equity,Large Cap
120594,DSP Top 100 Equity Fund - Direct Growth,2022-12-30,150.2968,150.0714,150.2968,DSP,Equity,Large Cap
120594,DSP Top 100 Equity Fund - Direct Growth,2023-01-02,145.0418,144.8242,145.0418,DSP,Equity,Large Cap
120594,DSP Top 100 Equity Fund - Direct Growth,2023-01-03,149.023,148.7995,149.023,DSP,Equity,Large Cap
120594,DSP Top 100 Equity Fund - Direct Growth,2023-01-04,148.7208,148.4977,148.7208,DSP,Equity,Large Cap
120594,DSP Top 100 Equity Fund - Direct Growth,2023-01-05,148.4533,148.2306,148.4533,DSP,Equity,Large Cap
120594,DSP Top 100 Equity Fund - Direct Growth,2023-01-09,150.8815,150.6552,150.8815,DSP,Equity,Large Cap
120594,DSP Top 100 Equity Fund - Direct Growth,2023-01-10,149.8026,149.5779,149.8026,DSP,Equity,Large Cap
120594,DSP Top 100 Equity Fund - Direct Growth,2023-01-11,148.5921,148.3692,148.5921,DSP,Equity,Large Cap
120594,DSP Top 100 Equity Fund - Direct Growth,2023-01-12,146.3458,146.1263,146.3458,DSP,Equity,Large Cap
120594,DSP Top 100 Equity Fund - Direct Growth,2023-01-13,146.5516,146.3318,146.5516,DSP,Equity,Large Cap
120594,DSP Top 100 Equity Fund - Direct Growth,2023-01-16,142.0549,141.8418,142.0549,DSP,Equity,Large Cap
120594,DSP Top 100 Equity Fund - Direct Growth,2023-01-17,141.2779,141.066,141.2779,DSP,Equity,Large Cap
120594,DSP Top 100 Equity Fund - Direct Growth,2023-01-18,140.4224,140.2118,140.4224,DSP,Equity,Large Cap
120594,DSP Top 100 Equity Fund - Direct Growth,2023-01-19,141.2646,141.0527,141.2646,DSP,Equity,Large Cap
120594,DSP Top 100 Equity Fund - Direct Growth,2023-01-20,141.4551,141.2429,141.4551,DSP,Equity,Large Cap
120594,DSP Top 100 Equity Fund - Direct Growth,2023-01-23,139.7629,139.5533,139.7629,DSP,Equity,Large Cap
120594,DSP Top 100 Equity Fund - Direct Growth,2023-01-24,139.9954,139.7854,139.9954,DSP,Equity,Large Cap
120594,DSP Top 100 Equity Fund - Direct Growth,2023-01-25,140.3044,140.0939,140.3044,DSP,Equity,Large Cap
120594,DSP Top 100 Equity Fund - Direct Growth,2023-01-26,137.8299,137.6232,137.8299,DSP,Equity,Large Cap
120594,DSP Top 100 Equity Fund - Direct Growth,2023-01-27,139.5319,139.3226,139.5319,DSP,Equity,Large Cap
120594,DSP Top 100 Equity Fund - Direct Growth,2023-01-30,140.3048,140.0943,140.3048,DSP,Equity,Large Cap
120594,DSP Top 100 Equity Fund - Direct Growth,2023-01-31,141.9194,141.7065,141.9194,DSP,Equity,Large Cap
120594,DSP Top 100 Equity Fund - Direct Growth,2023-02-01,142.0346,141.8215,142.0346,DSP,Equity,Large Cap
120594,DSP Top 100 Equity Fund - Direct Growth,2023-02-02,141.4736,141.2614,141.4736,DSP,Equity,Large Cap
120594,DSP Top 100 Equity Fund - Direct Growth,2023-02-03,143.1388,142.9241,143.1388,DSP,Equity,Large Cap
120594,DSP Top 100 Equity Fund - Direct Growth,2023-02-06,142.0316,141.8186,142.0316,DSP,Equity,Large Cap
120594,DSP Top 100 Equity Fund - Direct Growth,2023-02-07,138.5563,138.3485,138.5563,DSP,Equity,Large Cap
120594,DSP Top 100 Equity Fund - Direct Growth,2023-02-08,138.8678,138.6595,138.8678,DSP,Equity,Large Cap
120594,DSP Top 100 Equity Fund - Direct Growth,2023-02-09,138.7855,138.5773,138.7855,DSP,Equity,Large Cap
120594,DSP Top 100 Equity Fund - Direct Growth,2023-02-10,140.7333,140.5222,140.7333,DSP,Equity,Large Cap
120594,DSP Top 100 Equity Fund - Direct Growth,2023-02-13,142.5712,142.3573,142.5712,DSP,Equity,Large Cap
120594,DSP Top 100 Equity Fund - Direct Growth,2023-02-14,144.5754,144.3585,144.5754,DSP,Equity,Large Cap
120594,DSP Top 100 Equity Fund - Direct Growth,2023-02-15,143.7156,143.5,143.7156,DSP,Equity,Large Cap
120594,DSP Top 100 Equity Fund - Direct Growth,2023-02-16,145.1141,144.8964,145.1141,DSP,Equity,Large Cap
120594,DSP Top 100 Equity Fund - Direct Growth,2023-02-17,142.6319,142.418,142.6319,DSP,Equity,Large Cap
120594,DSP Top 100 Equity Fund - Direct Growth,2023-02-20,139.3486,139.1396,139.3486,DSP,Equity,Large Cap
120594,DSP Top 100 Equity Fund - Direct Growth,2023-02-21,140.1407,139.9305,140.1407,DSP,Equity,Large Cap
120594,DSP Top 100 Equity Fund - Direct Growth,2023-02-22,139.3206,139.1116,139.3206,DSP,Equity,Large Cap
120594,DSP Top 100 Equity Fund - Direct Growth,2023-02-23,137.6202,137.4138,137.6202,DSP,Equity,Large Cap
120594,DSP Top 100 Equity Fund - Direct Growth,2023-02-24,139.0726,138.864,139.0726,DSP,Equity,Large Cap
120594,DSP Top 100 Equity Fund - Direct Growth,2023-02-27,138.3196,138.1121,138.3196,DSP,Equity,Large Cap
120594,DSP Top 100 Equity Fund - Direct Growth,2023-02-28,142.7514,142.5373,142.7514,DSP,Equity,Large Cap
120594,DSP Top 100 Equity Fund - Direct Growth,2023-03-01,144.7845,144.5673,144.7845,DSP,Equity,Large Cap
120594,DSP Top 100 Equity Fund - Direct Growth,2023-03-02,146.8623,146.642,146.8623,DSP,Equity,Large Cap
120594,DSP Top 100 Equity Fund - Direct Growth,2023-03-03,147.6886,147.4671,147.6886,DSP,Equity,Large Cap
120594,DSP Top 100 Equity Fund - Direct Growth,2023-03-06,142.7307,142.5166,142.7307,DSP,Equity,Large Cap
120594,DSP Top 100 Equity Fund - Direct Growth,2023-03-07,141.9647,141.7518,141.9647,DSP,Equity,Large Cap
120594,DSP Top 100 Equity Fund - Direct Growth,2023-03-08,138.8275,138.6193,138.8275,DSP,Equity,Large Cap
120594,DSP Top 100 Equity Fund - Direct Growth,2023-03-09,136.9549,136.7495,136.9549,DSP,Equity,Large Cap
120594,DSP Top 100 Equity Fund - Direct Growth,2023-03-10,133.7543,133.5537,133.7543,DSP,Equity,Large Cap
120594,DSP Top 100 Equity Fund - Direct Growth,2023-03-13,136.9624,136.757,136.9624,DSP,Equity,Large Cap
120594,DSP Top 100 Equity Fund - Direct Growth,2023-03-14,137.6989,137.4924,137.6989,DSP,Equity,Large Cap
120594,DSP Top 100 Equity Fund - Direct Growth,2023-03-15,136.1621,135.9579,136.1621,DSP,Equity,Large Cap
120594,DSP Top 100 Equity Fund - Direct Growth,2023-03-16,133.0597,132.8601,133.0597,DSP,Equity,Large Cap
120594,DSP Top 100 Equity Fund - Direct Growth,2023-03-17,130.3077,130.1122,130.3077,DSP,Equity,Large Cap
120594,DSP Top 100 Equity Fund - Direct Growth,2023-03-20,126.8649,126.6746,126.8649,DSP,Equity,Large Cap
120594,DSP Top 100 Equity Fund - Direct Growth,2023-03-21,125.3717,125.1836,125.3717,DSP,Equity,Large Cap
120594,DSP Top 100 Equity Fund - Direct Growth,2023-03-22,125.9318,125.7429,125.9318,DSP,Equity,Large Cap
120594,DSP Top 100 Equity Fund - Direct Growth,2023-03-23,125.6312,125.4428,125.6312,DSP,Equity,Large Cap
120594,DSP Top 100 Equity Fund - Direct Growth,2023-03-24,125.6974,125.5089,125.6974,DSP,Equity,Large Cap
120594,DSP Top 100 Equity Fund - Direct Growth,2023-03-27,126.3952,126.2056,126.3952,DSP,Equity,Large Cap
120594,DSP Top 100 Equity Fund - Direct Growth,2023-03-28,126.4246,126.235,126.4246,DSP,Equity,Large Cap
120594,DSP Top 100 Equity Fund - Direct Growth,2023-03-29,125.9692,125.7802,125.9692,DSP,Equity,Large Cap
120594,DSP Top 100 Equity Fund - Direct Growth,2023-03-30,127.3578,127.1668,127.3578,DSP,Equity,Large Cap
120594,DSP Top 100 Equity Fund - Direct Growth,2023-03-31,128.7521,128.559,128.7521,DSP,Equity,Large Cap
120594,DSP Top 100 Equity Fund - Direct Growth,2023-04-03,127.5936,127.4022,127.5936,DSP,Equity,Large Cap
120594,DSP Top 100 Equity Fund - Direct Growth,2023-04-04,127.2266,127.0358,127.2266,DSP,Equity,Large Cap
120594,DSP Top 100 Equity Fund - Direct Growth,2023-04-05,128.1707,127.9784,128.1707,DSP,Equity,Large Cap
120594,DSP Top 100 Equity Fund - Direct Growth,2023-04-06,128.6545,128.4615,128.6545,DSP,Equity,Large Cap
120594,DSP Top 100 Equity Fund - Direct Growth,2023-04-07,131.5352,131.3379,131.5352,DSP,Equity,Large Cap
120594,DSP Top 100 Equity Fund - Direct Growth,2023-04-10,127.6792,127.4877,127.6792,DSP,Equity,Large Cap
120594,DSP Top 100 Equity Fund - Direct Growth,2023-04-11,128.6559,128.4629,128.6559,DSP,Equity,Large Cap
120594,DSP Top 100 Equity Fund - Direct Growth,2023-04-12,126.2107,126.0214,126.2107,DSP,Equity,Large Cap
120594,DSP Top 100 Equity Fund - Direct Growth,2023-04-13,126.7857,126.5955,126.7857,DSP,Equity,Large Cap
120594,DSP Top 100 Equity Fund - Direct Growth,2023-04-14,125.8778,125.689,125.8778,DSP,Equity,Large Cap
120594,DSP Top 100 Equity Fund - Direct Growth,2023-04-17,122.0668,121.8837,122.0668,DSP,Equity,Large Cap
120594,DSP Top 100 Equity Fund - Direct Growth,2023-04-18,123.7042,123.5186,123.7042,DSP,Equity,Large Cap
120594,DSP Top 100 Equity Fund - Direct Growth,2023-04-19,123.7163,123.5307,123.7163,DSP,Equity,Large Cap
120594,DSP Top 100 Equity Fund - Direct Growth,2023-04-20,124.6976,124.5106,124.6976,DSP,Equity,Large Cap
120594,DSP Top 100 Equity Fund - Direct Growth,2023-04-21,127.2384,127.0475,127.2384,DSP,Equity,Large Cap
120594,DSP Top 100 Equity Fund - Direct Growth,2023-04-24,127.649,127.4575,127.649,DSP,Equity,Large Cap
120594,DSP Top 100 Equity Fund - Direct Growth,2023-04-25,126.8663,126.676,126.8663,DSP,Equity,Large Cap
120594,DSP Top 100 Equity Fund - Direct Growth,2023-04-26,126.1491,125.9599,126.1491,DSP,Equity,Large Cap
120594,DSP Top 100 Equity Fund - Direct Growth,2023-04-27,123.8988,123.713,123.8988,DSP,Equity,Large Cap
120594,DSP Top 100 Equity Fund - Direct Growth,2023-04-28,125.3255,125.1375,125.3255,DSP,Equity,Large Cap
120594,DSP Top 100 Equity Fund - Direct Growth,2023-05-01,123.6123,123.4269,123.6123,DSP,Equity,Large Cap
120594,DSP Top 100 Equity Fund - Direct Growth,2023-05-02,124.3084,124.1219,124.3084,DSP,Equity,Large Cap
120594,DSP Top 100 Equity Fund - Direct Growth,2023-05-03,123.2215,123.0367,123.2215,DSP,Equity,Large Cap
120594,DSP Top 100 Equity Fund - Direct Growth,2023-05-04,123.0612,122.8766,123.0612,DSP,Equity,Large Cap
120594,DSP Top 100 Equity Fund - Direct Growth,2023-05-05,124.4067,124.2201,124.4067,DSP,Equity,Large Cap
120594,DSP Top 100 Equity Fund - Direct Growth,2023-05-08,123.0382,122.8536,123.0382,DSP,Equity,Large Cap
120594,DSP Top 100 Equity Fund - Direct Growth,2023-05-09,127.5062,127.3149,127.5062,DSP,Equity,Large Cap
120594,DSP Top 100 Equity Fund - Direct Growth,2023-05-10,130.2285,130.0332,130.2285,DSP,Equity,Large Cap
120594,DSP Top 100 Equity Fund - Direct Growth,2023-05-11,131.4099,131.2128,131.4099,DSP,Equity,Large Cap
120594,DSP Top 100 Equity Fund - Direct Growth,2023-05-12,130.2747,130.0793,130.2747,DSP,Equity,Large Cap
120594,DSP Top 100 Equity Fund - Direct Growth,2023-05-15,131.3661,131.1691,131.3661,DSP,Equity,Large Cap
120594,DSP Top 100 Equity Fund - Direct Growth,2023-05-16,131.8325,131.6348,131.8325,DSP,Equity,Large Cap
120594,DSP Top 100 Equity Fund - Direct Growth,2023-05-17,130.6447,130.4487,130.6447,DSP,Equity,Large Cap
120594,DSP Top 100 Equity Fund - Direct Growth,2023-05-18,129.9589,129.764,129.9589,DSP,Equity,Large Cap
120594,DSP Top 100 Equity Fund - Direct Growth,2023-05-19,131.7594,131.5618,131.7594,DSP,Equity,Large Cap
120594,DSP Top 100 Equity Fund - Direct Growth,2023-05-22,138.1576,137.9504,138.1576,DSP,Equity,Large Cap
120594,DSP Top 100 Equity Fund - Direct Growth,2023-05-23,137.794,137.5873,137.794,DSP,Equity,Large Cap
120594,DSP Top 100 Equity Fund - Direct Growth,2023-05-24,132.4892,132.2905,132.4892,DSP,Equity,Large Cap
120594,DSP Top 100 Equity Fund - Direct Growth,2023-05-25,133.0146,132.8151,133.0146,DSP,Equity,Large Cap
120594,DSP Top 100 Equity Fund - Direct Growth,2023-05-26,133.0649,132.8653,133.0649,DSP,Equity,Large Cap
120594,DSP Top 100 Equity Fund - Direct Growth,2023-05-29,131.4102,131.2131,131.4102,DSP,Equity,Large Cap
120594,DSP Top 100 Equity Fund - Direct Growth,2023-05-30,132.3418,132.1433,132.3418,DSP,Equity,Large Cap
120594,DSP Top 100 Equity Fund - Direct Growth,2023-05-31,133.3988,133.1987,133.3988,DSP,Equity,Large Cap
120594,DSP Top 100 Equity Fund - Direct Growth,2023-06-01,134.5444,134.3426,134.5444,DSP,Equity,Large Cap
120594,DSP Top 100 Equity Fund - Direct Growth,2023-06-02,136.1265,135.9223,136.1265,DSP,Equity,Large Cap
120594,DSP Top 100 Equity Fund - Direct Growth,2023-06-05,136.4862,136.2815,136.4862,DSP,Equity,Large Cap
120594,DSP Top 100 Equity Fund - Direct Growth,2023-06-06,136.69,136.485,136.69,DSP,Equity,Large Cap
120594,DSP Top 100 Equity Fund - Direct Growth,2023-06-07,136.9213,136.7159,136.9213,DSP,Equity,Large Cap
120594,DSP Top 100 Equity Fund - Direct Growth,2023-06-08,138.6162,138.4083,138.6162,DSP,Equity,Large Cap
120594,DSP Top 100 Equity Fund - Direct Growth,2023-06-09,139.7423,139.5327,139.7423,DSP,Equity,Large Cap
120594,DSP Top 100 Equity Fund - Direct Growth,2023-06-12,147.3323,147.1113,147.3323,DSP,Equity,Large Cap
120594,DSP Top 100 Equity Fund - Direct Growth,2023-06-13,140.6081,140.3972,140.6081,DSP,Equity,Large Cap
120594,DSP Top 100 Equity Fund - Direct Growth,2023-06-14,142.7512,142.5371,142.7512,DSP,Equity,Large Cap
120594,DSP Top 100 Equity Fund - Direct Growth,2023-06-15,141.8826,141.6698,141.8826,DSP,Equity,Large Cap
120594,DSP Top 100 Equity Fund - Direct Growth,2023-06-16,140.5748,140.3639,140.5748,DSP,Equity,Large Cap
120594,DSP Top 100 Equity Fund - Direct Growth,2023-06-19,140.3436,140.1331,140.3436,DSP,Equity,Large Cap
120594,DSP Top 100 Equity Fund - Direct Growth,2023-06-20,137.7735,137.5668,137.7735,DSP,Equity,Large Cap
120594,DSP Top 100 Equity Fund - Direct Growth,2023-06-21,136.0468,135.8427,136.0468,DSP,Equity,Large Cap
120594,DSP Top 100 Equity Fund - Direct Growth,2023-06-22,136.6614,136.4564,136.6614,DSP,Equity,Large Cap
120594,DSP Top 100 Equity Fund - Direct Growth,2023-06-23,137.7377,137.5311,137.7377,DSP,Equity,Large Cap
120594,DSP Top 100 Equity Fund - Direct Growth,2023-06-26,136.0372,135.8331,136.0372,DSP,Equity,Large Cap
120594,DSP Top 100 Equity Fund - Direct Growth,2023-06-27,135.2646,135.0617,135.2646,DSP,Equity,Large Cap
120594,DSP Top 100 Equity Fund - Direct Growth,2023-06-28,135.7081,135.5045,135.7081,DSP,Equity,Large Cap
120594,DSP Top 100 Equity Fund - Direct Growth,2023-06-29,138.1815,137.9742,138.1815,DSP,Equity,Large Cap
120594,DSP Top 100 Equity Fund - Direct Growth,2023-06-30,134.8418,134.6395,134.8418,DSP,Equity,Large Cap
120594,DSP Top 100 Equity Fund - Direct Growth,2023-07-03,129.868,129.6732,129.868,DSP,Equity,Large Cap
120594,DSP Top 100 Equity Fund - Direct Growth,2023-07-04,131.4269,131.2298,131.4269,DSP,Equity,Large Cap
120594,DSP Top 100 Equity Fund - Direct Growth,2023-07-05,132.3384,132.1399,132.3384,DSP,Equity,Large Cap
120594,DSP Top 100 Equity Fund - Direct Growth,2023-07-06,133.1051,132.9054,133.1051,DSP,Equity,Large Cap
120594,DSP Top 100 Equity Fund - Direct Growth,2023-07-07,134.6295,134.4276,134.6295,DSP,Equity,Large Cap
120594,DSP Top 100 Equity Fund - Direct Growth,2023-07-10,136.8154,136.6102,136.8154,DSP,Equity,Large Cap
120594,DSP Top 100 Equity Fund - Direct Growth,2023-07-11,136.4653,136.2606,136.4653,DSP,Equity,Large Cap
120594,DSP Top 100 Equity Fund - Direct Growth,2023-07-12,137.7237,137.5171,137.7237,DSP,Equity,Large Cap
120594,DSP Top 100 Equity Fund - Direct Growth,2023-07-13,137.7893,137.5826,137.7893,DSP,Equity,Large Cap
120594,DSP Top 100 Equity Fund - Direct Growth,2023-07-14,134.7884,134.5862,134.7884,DSP,Equity,Large Cap
120594,DSP Top 100 Equity Fund - Direct Growth,2023-07-17,132.3822,132.1836,132.3822,DSP,Equity,Large Cap
120594,DSP Top 100 Equity Fund - Direct Growth,2023-07-18,133.6874,133.4869,133.6874,DSP,Equity,Large Cap
120594,DSP Top 100 Equity Fund - Direct Growth,2023-07-19,135.2073,135.0045,135.2073,DSP,Equity,Large Cap
120594,DSP Top 100 Equity Fund - Direct Growth,2023-07-20,133.6599,133.4594,133.6599,DSP,Equity,Large Cap
120594,DSP Top 100 Equity Fund - Direct Growth,2023-07-21,136.3051,136.1006,136.3051,DSP,Equity,Large Cap
120594,DSP Top 100 Equity Fund - Direct Growth,2023-07-24,135.2168,135.014,135.2168,DSP,Equity,Large Cap
120594,DSP Top 100 Equity Fund - Direct Growth,2023-07-25,134.9888,134.7863,134.9888,DSP,Equity,Large Cap
120594,DSP Top 100 Equity Fund - Direct Growth,2023-07-26,137.2111,137.0053,137.2111,DSP,Equity,Large Cap
120594,DSP Top 100 Equity Fund - Direct Growth,2023-07-27,136.105,135.9008,136.105,DSP,Equity,Large Cap
120594,DSP Top 100 Equity Fund - Direct Growth,2023-07-28,133.9552,133.7543,133.9552,DSP,Equity,Large Cap
120594,DSP Top 100 Equity Fund - Direct Growth,2023-07-31,138.9134,138.705,138.9134,DSP,Equity,Large Cap
120594,DSP Top 100 Equity Fund - Direct Growth,2023-08-01,140.0967,139.8866,140.0967,DSP,Equity,Large Cap
120594,DSP Top 100 Equity Fund - Direct Growth,2023-08-02,139.4646,139.2554,139.4646,DSP,Equity,Large Cap
120594,DSP Top 100 Equity Fund - Direct Growth,2023-08-03,137.7529,137.5463,137.7529,DSP,Equity,Large Cap
120594,DSP Top 100 Equity Fund - Direct Growth,2023-08-04,134.6998,134.4978,134.6998,DSP,Equity,Large Cap
120594,DSP Top 100 Equity Fund - Direct Growth,2023-08-07,135.6704,135.4669,135.6704,DSP,Equity,Large Cap
120594,DSP Top 100 Equity Fund - Direct Growth,2023-08-08,137.5508,137.3445,137.5508,DSP,Equity,Large Cap
120594,DSP Top 100 Equity Fund - Direct Growth,2023-08-09,137.984,137.777,137.984,DSP,Equity,Large Cap
120594,DSP Top 100 Equity Fund - Direct Growth,2023-08-10,137.5041,137.2978,137.5041,DSP,Equity,Large Cap
120594,DSP Top 100 Equity Fund - Direct Growth,2023-08-11,138.0027,137.7957,138.0027,DSP,Equity,Large Cap
120594,DSP Top 100 Equity Fund - Direct Growth,2023-08-14,139.821,139.6113,139.821,DSP,Equity,Large Cap
120594,DSP Top 100 Equity Fund - Direct Growth,2023-08-15,139.7321,139.5225,139.7321,DSP,Equity,Large Cap
120594,DSP Top 100 Equity Fund - Direct Growth,2023-08-16,136.0725,135.8684,136.0725,DSP,Equity,Large Cap
120594,DSP Top 100 Equity Fund - Direct Growth,2023-08-17,135.8078,135.6041,135.8078,DSP,Equity,Large Cap
120594,DSP Top 100 Equity Fund - Direct Growth,2023-08-18,137.2253,137.0195,137.2253,DSP,Equity,Large Cap
120594,DSP Top 100 Equity Fund - Direct Growth,2023-08-21,135.6871,135.4836,135.6871,DSP,Equity,Large Cap
120594,DSP Top 100 Equity Fund - Direct Growth,2023-08-22,133.337,133.137,133.337,DSP,Equity,Large Cap
120594,DSP Top 100 Equity Fund - Direct Growth,2023-08-23,135.0829,134.8803,135.0829,DSP,Equity,Large Cap
120594,DSP Top 100 Equity Fund - Direct Growth,2023-08-24,134.2743,134.0729,134.2743,DSP,Equity,Large Cap
120594,DSP Top 100 Equity Fund - Direct Growth,2023-08-25,133.7019,133.5013,133.7019,DSP,Equity,Large Cap
120594,DSP Top 100 Equity Fund - Direct Growth,2023-08-28,136.5709,136.366,136.5709,DSP,Equity,Large Cap
120594,DSP Top 100 Equity Fund - Direct Growth,2023-08-29,137.9063,137.6994,137.9063,DSP,Equity,Large Cap
120594,DSP Top 100 Equity Fund - Direct Growth,2023-08-30,136.5312,136.3264,136.5312,DSP,Equity,Large Cap
120594,DSP Top 100 Equity Fund - Direct Growth,2023-08-31,138.4464,138.2387,138.4464,DSP,Equity,Large Cap
120594,DSP Top 100 Equity Fund - Direct Growth,2023-09-01,137.9757,137.7687,137.9757,DSP,Equity,Large Cap
120594,DSP Top 100 Equity Fund - Direct Growth,2023-09-04,136.7723,136.5671,136.7723,DSP,Equity,Large Cap
120594,DSP Top 100 Equity Fund - Direct Growth,2023-09-05,135.179,134.9762,135.179,DSP,Equity,Large Cap
120594,DSP Top 100 Equity Fund - Direct Growth,2023-09-06,136.765,136.5599,136.765,DSP,Equity,Large Cap
120594,DSP Top 100 Equity Fund - Direct Growth,2023-09-07,137.0686,136.863,137.0686,DSP,Equity,Large Cap
120594,DSP Top 100 Equity Fund - Direct Growth,2023-09-08,135.4395,135.2363,135.4395,DSP,Equity,Large Cap
120594,DSP Top 100 Equity Fund - Direct Growth,2023-09-11,131.355,131.158,131.355,DSP,Equity,Large Cap
120594,DSP Top 100 Equity Fund - Direct Growth,2023-09-12,134.8922,134.6899,134.8922,DSP,Equity,Large Cap
120594,DSP Top 100 Equity Fund - Direct Growth,2023-09-13,136.2491,136.0447,136.2491,DSP,Equity,Large Cap
120594,DSP Top 100 Equity Fund - Direct Growth,2023-09-14,139.8849,139.6751,139.8849,DSP,Equity,Large Cap
120594,DSP Top 100 Equity Fund - Direct Growth,2023-09-15,141.4221,141.21,141.4221,DSP,Equity,Large Cap
120594,DSP Top 100 Equity Fund - Direct Growth,2023-09-18,147.3952,147.1741,147.3952,DSP,Equity,Large Cap
120594,DSP Top 100 Equity Fund - Direct Growth,2023-09-19,147.123,146.9023,147.123,DSP,Equity,Large Cap
120594,DSP Top 100 Equity Fund - Direct Growth,2023-09-20,149.005,148.7815,149.005,DSP,Equity,Large Cap
120594,DSP Top 100 Equity Fund - Direct Growth,2023-09-21,151.6642,151.4367,151.6642,DSP,Equity,Large Cap
120594,DSP Top 100 Equity Fund - Direct Growth,2023-09-22,150.8513,150.625,150.8513,DSP,Equity,Large Cap
120594,DSP Top 100 Equity Fund - Direct Growth,2023-09-25,151.4703,151.2431,151.4703,DSP,Equity,Large Cap
120594,DSP Top 100 Equity Fund - Direct Growth,2023-09-26,152.9815,152.752,152.9815,DSP,Equity,Large Cap
120594,DSP Top 100 Equity Fund - Direct Growth,2023-09-27,150.4282,150.2026,150.4282,DSP,Equity,Large Cap
120594,DSP Top 100 Equity Fund - Direct Growth,2023-09-28,153.9391,153.7082,153.9391,DSP,Equity,Large Cap
120594,DSP Top 100 Equity Fund - Direct Growth,2023-09-29,152.8163,152.5871,152.8163,DSP,Equity,Large Cap
120594,DSP Top 100 Equity Fund - Direct Growth,2023-10-02,155.745,155.5114,155.745,DSP,Equity,Large Cap
120594,DSP Top 100 Equity Fund - Direct Growth,2023-10-03,156.2597,156.0253,156.2597,DSP,Equity,Large Cap
120594,DSP Top 100 Equity Fund - Direct Growth,2023-10-04,154.7265,154.4944,154.7265,DSP,Equity,Large Cap
120594,DSP Top 100 Equity Fund - Direct Growth,2023-10-05,156.3925,156.1579,156.3925,DSP,Equity,Large Cap
120594,DSP Top 100 Equity Fund - Direct Growth,2023-10-06,157.8985,157.6617,157.8985,DSP,Equity,Large Cap
120594,DSP Top 100 Equity Fund - Direct Growth,2023-10-09,157.7454,157.5088,157.7454,DSP,Equity,Large Cap
120594,DSP Top 100 Equity Fund - Direct Growth,2023-10-10,156.8754,156.6401,156.8754,DSP,Equity,Large Cap
120594,DSP Top 100 Equity Fund - Direct Growth,2023-10-11,153.1539,152.9242,153.1539,DSP,Equity,Large Cap
120594,DSP Top 100 Equity Fund - Direct Growth,2023-10-12,150.7819,150.5557,150.7819,DSP,Equity,Large Cap
120594,DSP Top 100 Equity Fund - Direct Growth,2023-10-13,154.1129,153.8817,154.1129,DSP,Equity,Large Cap
120594,DSP Top 100 Equity Fund - Direct Growth,2023-10-16,160.6009,160.36,160.6009,DSP,Equity,Large Cap
120594,DSP Top 100 Equity Fund - Direct Growth,2023-10-17,160.3566,160.1161,160.3566,DSP,Equity,Large Cap
120594,DSP Top 100 Equity Fund - Direct Growth,2023-10-18,159.9524,159.7125,159.9524,DSP,Equity,Large Cap
120594,DSP Top 100 Equity Fund - Direct Growth,2023-10-19,160.1248,159.8846,160.1248,DSP,Equity,Large Cap
120594,DSP Top 100 Equity Fund - Direct Growth,2023-10-20,159.9488,159.7089,159.9488,DSP,Equity,Large Cap
120594,DSP Top 100 Equity Fund - Direct Growth,2023-10-23,162.2097,161.9664,162.2097,DSP,Equity,Large Cap
120594,DSP Top 100 Equity Fund - Direct Growth,2023-10-24,163.6614,163.4159,163.6614,DSP,Equity,Large Cap
120594,DSP Top 100 Equity Fund - Direct Growth,2023-10-25,165.7524,165.5038,165.7524,DSP,Equity,Large Cap
120594,DSP Top 100 Equity Fund - Direct Growth,2023-10-26,166.5908,166.3409,166.5908,DSP,Equity,Large Cap
120594,DSP Top 100 Equity Fund - Direct Growth,2023-10-27,164.7178,164.4707,164.7178,DSP,Equity,Large Cap
120594,DSP Top 100 Equity Fund - Direct Growth,2023-10-30,162.195,161.9517,162.195,DSP,Equity,Large Cap
120594,DSP Top 100 Equity Fund - Direct Growth,2023-10-31,162.43,162.1864,162.43,DSP,Equity,Large Cap
120594,DSP Top 100 Equity Fund - Direct Growth,2023-11-01,162.4637,162.22,162.4637,DSP,Equity,Large Cap
120594,DSP Top 100 Equity Fund - Direct Growth,2023-11-02,167.5655,167.3142,167.5655,DSP,Equity,Large Cap
120594,DSP Top 100 Equity Fund - Direct Growth,2023-11-03,164.9577,164.7103,164.9577,DSP,Equity,Large Cap
120594,DSP Top 100 Equity Fund - Direct Growth,2023-11-06,161.1254,160.8837,161.1254,DSP,Equity,Large Cap
120594,DSP Top 100 Equity Fund - Direct Growth,2023-11-07,161.801,161.5583,161.801,DSP,Equity,Large Cap
120594,DSP Top 100 Equity Fund - Direct Growth,2023-11-08,162.9994,162.7549,162.9994,DSP,Equity,Large Cap
120594,DSP Top 100 Equity Fund - Direct Growth,2023-11-09,165.5763,165.3279,165.5763,DSP,Equity,Large Cap
120594,DSP Top 100 Equity Fund - Direct Growth,2023-11-10,162.6478,162.4038,162.6478,DSP,Equity,Large Cap
120594,DSP Top 100 Equity Fund - Direct Growth,2023-11-13,164.0901,163.844,164.0901,DSP,Equity,Large Cap
120594,DSP Top 100 Equity Fund - Direct Growth,2023-11-14,168.4748,168.2221,168.4748,DSP,Equity,Large Cap
120594,DSP Top 100 Equity Fund - Direct Growth,2023-11-15,170.4743,170.2186,170.4743,DSP,Equity,Large Cap
120594,DSP Top 100 Equity Fund - Direct Growth,2023-11-16,170.4263,170.1707,170.4263,DSP,Equity,Large Cap
120594,DSP Top 100 Equity Fund - Direct Growth,2023-11-17,168.6734,168.4204,168.6734,DSP,Equity,Large Cap
120594,DSP Top 100 Equity Fund - Direct Growth,2023-11-20,167.8492,167.5974,167.8492,DSP,Equity,Large Cap
120594,DSP Top 100 Equity Fund - Direct Growth,2023-11-21,168.434,168.1813,168.434,DSP,Equity,Large Cap
120594,DSP Top 100 Equity Fund - Direct Growth,2023-11-22,165.826,165.5773,165.826,DSP,Equity,Large Cap
120594,DSP Top 100 Equity Fund - Direct Growth,2023-11-23,165.0249,164.7774,165.0249,DSP,Equity,Large Cap
120594,DSP Top 100 Equity Fund - Direct Growth,2023-11-24,166.8287,166.5785,166.8287,DSP,Equity,Large Cap
120594,DSP Top 100 Equity Fund - Direct Growth,2023-11-27,169.6533,169.3988,169.6533,DSP,Equity,Large Cap
120594,DSP Top 100 Equity Fund - Direct Growth,2023-11-28,173.0323,172.7728,173.0323,DSP,Equity,Large Cap
120594,DSP Top 100 Equity Fund - Direct Growth,2023-11-29,173.5916,173.3312,173.5916,DSP,Equity,Large Cap
120594,DSP Top 100 Equity Fund - Direct Growth,2023-11-30,172.8569,172.5976,172.8569,DSP,Equity,Large Cap
120594,DSP Top 100 Equity Fund - Direct Growth,2023-12-01,171.0265,170.77,171.0265,DSP,Equity,Large Cap
120594,DSP Top 100 Equity Fund - Direct Growth,2023-12-04,166.3478,166.0983,166.3478,DSP,Equity,Large Cap
120594,DSP Top 100 Equity Fund - Direct Growth,2023-12-05,166.0034,165.7544,166.0034,DSP,Equity,Large Cap
120594,DSP Top 100 Equity Fund - Direct Growth,2023-12-06,163.3517,163.1067,163.3517,DSP,Equity,Large Cap
120594,DSP Top 100 Equity Fund - Direct Growth,2023-12-07,161.5974,161.355,161.5974,DSP,Equity,Large Cap
120594,DSP Top 100 Equity Fund - Direct Growth,2023-12-08,163.2321,162.9873,163.2321,DSP,Equity,Large Cap
120594,DSP Top 100 Equity Fund - Direct Growth,2023-12-11,164.6834,164.4364,164.6834,DSP,Equity,Large Cap
120594,DSP Top 100 Equity Fund - Direct Growth,2023-12-12,164.9323,164.6849,164.9323,DSP,Equity,Large Cap
120594,DSP Top 100 Equity Fund - Direct Growth,2023-12-13,167.4581,167.2069,167.4581,DSP,Equity,Large Cap
120594,DSP Top 100 Equity Fund - Direct Growth,2023-12-14,167.7731,167.5214,167.7731,DSP,Equity,Large Cap
120594,DSP Top 100 Equity Fund - Direct Growth,2023-12-15,164.9044,164.657,164.9044,DSP,Equity,Large Cap
120594,DSP Top 100 Equity Fund - Direct Growth,2023-12-18,167.8834,167.6316,167.8834,DSP,Equity,Large Cap
120594,DSP Top 100 Equity Fund - Direct Growth,2023-12-19,165.4254,165.1773,165.4254,DSP,Equity,Large Cap
120594,DSP Top 100 Equity Fund - Direct Growth,2023-12-20,166.2775,166.0281,166.2775,DSP,Equity,Large Cap
120594,DSP Top 100 Equity Fund - Direct Growth,2023-12-21,166.1102,165.861,166.1102,DSP,Equity,Large Cap
120594,DSP Top 100 Equity Fund - Direct Growth,2023-12-22,169.3144,169.0604,169.3144,DSP,Equity,Large Cap
120594,DSP Top 100 Equity Fund - Direct Growth,2023-12-25,168.9144,168.661,168.9144,DSP,Equity,Large Cap
120594,DSP Top 100 Equity Fund - Direct Growth,2023-12-26,170.8575,170.6012,170.8575,DSP,Equity,Large Cap
120594,DSP Top 100 Equity Fund - Direct Growth,2023-12-27,171.2716,171.0147,171.2716,DSP,Equity,Large Cap
120594,DSP Top 100 Equity Fund - Direct Growth,2023-12-28,172.7302,172.4711,172.7302,DSP,Equity,Large Cap
120594,DSP Top 100 Equity Fund - Direct Growth,2023-12-29,172.7212,172.4621,172.7212,DSP,Equity,Large Cap
120594,DSP Top 100 Equity Fund - Direct Growth,2024-01-01,177.1559,176.8902,177.1559,DSP,Equity,Large Cap
120594,DSP Top 100 Equity Fund - Direct Growth,2024-01-02,176.8669,176.6016,176.8669,DSP,Equity,Large Cap
120594,DSP Top 100 Equity Fund - Direct Growth,2024-01-03,179.8079,179.5382,179.8079,DSP,Equity,Large Cap
120594,DSP Top 100 Equity Fund - Direct Growth,2024-01-04,174.7772,174.515,174.7772,DSP,Equity,Large Cap
120594,DSP Top 100 Equity Fund - Direct Growth,2024-01-05,179.151,178.8823,179.151,DSP,Equity,Large Cap
120594,DSP Top 100 Equity Fund - Direct Growth,2024-01-08,174.2884,174.027,174.2884,DSP,Equity,Large Cap
120594,DSP Top 100 Equity Fund - Direct Growth,2024-01-09,174.0518,173.7907,174.0518,DSP,Equity,Large Cap
120594,DSP Top 100 Equity Fund - Direct Growth,2024-01-10,176.2234,175.9591,176.2234,DSP,Equity,Large Cap
120594,DSP Top 100 Equity Fund - Direct Growth,2024-01-11,174.0569,173.7958,174.0569,DSP,Equity,Large Cap
120594,DSP Top 100 Equity Fund - Direct Growth,2024-01-12,174.6712,174.4092,174.6712,DSP,Equity,Large Cap
120594,DSP Top 100 Equity Fund - Direct Growth,2024-01-15,174.1474,173.8862,174.1474,DSP,Equity,Large Cap
120594,DSP Top 100 Equity Fund - Direct Growth,2024-01-16,174.4113,174.1497,174.4113,DSP,Equity,Large Cap
120594,DSP Top 100 Equity Fund - Direct Growth,2024-01-17,173.3301,173.0701,173.3301,DSP,Equity,Large Cap
120594,DSP Top 100 Equity Fund - Direct Growth,2024-01-18,172.3385,172.08,172.3385,DSP,Equity,Large Cap
120594,DSP Top 100 Equity Fund - Direct Growth,2024-01-19,173.0015,172.742,173.0015,DSP,Equity,Large Cap
120594,DSP Top 100 Equity Fund - Direct Growth,2024-01-22,172.1005,171.8423,172.1005,DSP,Equity,Large Cap
120594,DSP Top 100 Equity Fund - Direct Growth,2024-01-23,173.4363,173.1761,173.4363,DSP,Equity,Large Cap
120594,DSP Top 100 Equity Fund - Direct Growth,2024-01-24,173.438,173.1778,173.438,DSP,Equity,Large Cap
120594,DSP Top 100 Equity Fund - Direct Growth,2024-01-25,175.2359,174.973,175.2359,DSP,Equity,Large Cap
120594,DSP Top 100 Equity Fund - Direct Growth,2024-01-26,173.4013,173.1412,173.4013,DSP,Equity,Large Cap
120594,DSP Top 100 Equity Fund - Direct Growth,2024-01-29,167.2657,167.0148,167.2657,DSP,Equity,Large Cap
120594,DSP Top 100 Equity Fund - Direct Growth,2024-01-30,167.1745,166.9237,167.1745,DSP,Equity,Large Cap
120594,DSP Top 100 Equity Fund - Direct Growth,2024-01-31,165.9638,165.7149,165.9638,DSP,Equity,Large Cap
120594,DSP Top 100 Equity Fund - Direct Growth,2024-02-01,167.506,167.2547,167.506,DSP,Equity,Large Cap
120594,DSP Top 100 Equity Fund - Direct Growth,2024-02-02,166.9938,166.7433,166.9938,DSP,Equity,Large Cap
120594,DSP Top 100 Equity Fund - Direct Growth,2024-02-05,168.2051,167.9528,168.2051,DSP,Equity,Large Cap
120594,DSP Top 100 Equity Fund - Direct Growth,2024-02-06,168.2237,167.9714,168.2237,DSP,Equity,Large Cap
120594,DSP Top 100 Equity Fund - Direct Growth,2024-02-07,169.3217,169.0677,169.3217,DSP,Equity,Large Cap
120594,DSP Top 100 Equity Fund - Direct Growth,2024-02-08,167.7728,167.5211,167.7728,DSP,Equity,Large Cap
120594,DSP Top 100 Equity Fund - Direct Growth,2024-02-09,170.6573,170.4013,170.6573,DSP,Equity,Large Cap
120594,DSP Top 100 Equity Fund - Direct Growth,2024-02-12,168.0753,167.8232,168.0753,DSP,Equity,Large Cap
120594,DSP Top 100 Equity Fund - Direct Growth,2024-02-13,166.4258,166.1762,166.4258,DSP,Equity,Large Cap
120594,DSP Top 100 Equity Fund - Direct Growth,2024-02-14,167.8211,167.5694,167.8211,DSP,Equity,Large Cap
120594,DSP Top 100 Equity Fund - Direct Growth,2024-02-15,172.338,172.0795,172.338,DSP,Equity,Large Cap
120594,DSP Top 100 Equity Fund - Direct Growth,2024-02-16,170.7803,170.5241,170.7803,DSP,Equity,Large Cap
120594,DSP Top 100 Equity Fund - Direct Growth,2024-02-19,168.9672,168.7137,168.9672,DSP,Equity,Large Cap
120594,DSP Top 100 Equity Fund - Direct Growth,2024-02-20,167.2389,166.988,167.2389,DSP,Equity,Large Cap
120594,DSP Top 100 Equity Fund - Direct Growth,2024-02-21,166.0518,165.8027,166.0518,DSP,Equity,Large Cap
120594,DSP Top 100 Equity Fund - Direct Growth,2024-02-22,163.9238,163.6779,163.9238,DSP,Equity,Large Cap
120594,DSP Top 100 Equity Fund - Direct Growth,2024-02-23,165.4296,165.1815,165.4296,DSP,Equity,Large Cap
120594,DSP Top 100 Equity Fund - Direct Growth,2024-02-26,165.9378,165.6889,165.9378,DSP,Equity,Large Cap
120594,DSP Top 100 Equity Fund - Direct Growth,2024-02-27,169.1693,168.9155,169.1693,DSP,Equity,Large Cap
120594,DSP Top 100 Equity Fund - Direct Growth,2024-02-28,167.7136,167.462,167.7136,DSP,Equity,Large Cap
120594,DSP Top 100 Equity Fund - Direct Growth,2024-02-29,163.4295,163.1844,163.4295,DSP,Equity,Large Cap
120594,DSP Top 100 Equity Fund - Direct Growth,2024-03-01,164.3938,164.1472,164.3938,DSP,Equity,Large Cap
120594,DSP Top 100 Equity Fund - Direct Growth,2024-03-04,163.5846,163.3392,163.5846,DSP,Equity,Large Cap
120594,DSP Top 100 Equity Fund - Direct Growth,2024-03-05,164.8351,164.5878,164.8351,DSP,Equity,Large Cap
120594,DSP Top 100 Equity Fund - Direct Growth,2024-03-06,167.6732,167.4217,167.6732,DSP,Equity,Large Cap
120594,DSP Top 100 Equity Fund - Direct Growth,2024-03-07,165.308,165.06,165.308,DSP,Equity,Large Cap
120594,DSP Top 100 Equity Fund - Direct Growth,2024-03-08,164.2515,164.0051,164.2515,DSP,Equity,Large Cap
120594,DSP Top 100 Equity Fund - Direct Growth,2024-03-11,166.0082,165.7592,166.0082,DSP,Equity,Large Cap
120594,DSP Top 100 Equity Fund - Direct Growth,2024-03-12,164.8903,164.643,164.8903,DSP,Equity,Large Cap
120594,DSP Top 100 Equity Fund - Direct Growth,2024-03-13,165.9023,165.6534,165.9023,DSP,Equity,Large Cap
120594,DSP Top 100 Equity Fund - Direct Growth,2024-03-14,164.8195,164.5723,164.8195,DSP,Equity,Large Cap
120594,DSP Top 100 Equity Fund - Direct Growth,2024-03-15,165.1871,164.9393,165.1871,DSP,Equity,Large Cap
120594,DSP Top 100 Equity Fund - Direct Growth,2024-03-18,163.9249,163.679,163.9249,DSP,Equity,Large Cap
120594,DSP Top 100 Equity Fund - Direct Growth,2024-03-19,163.3576,163.1126,163.3576,DSP,Equity,Large Cap
120594,DSP Top 100 Equity Fund - Direct Growth,2024-03-20,163.3593,163.1143,163.3593,DSP,Equity,Large Cap
120594,DSP Top 100 Equity Fund - Direct Growth,2024-03-21,167.1741,166.9233,167.1741,DSP,Equity,Large Cap
120594,DSP Top 100 Equity Fund - Direct Growth,2024-03-22,164.5832,164.3363,164.5832,DSP,Equity,Large Cap
120594,DSP Top 100 Equity Fund - Direct Growth,2024-03-25,171.0856,170.829,171.0856,DSP,Equity,Large Cap
120594,DSP Top 100 Equity Fund - Direct Growth,2024-03-26,169.1326,168.8789,169.1326,DSP,Equity,Large Cap
120594,DSP Top 100 Equity Fund - Direct Growth,2024-03-27,170.3594,170.1039,170.3594,DSP,Equity,Large Cap
120594,DSP Top 100 Equity Fund - Direct Growth,2024-03-28,168.9485,168.6951,168.9485,DSP,Equity,Large Cap
120594,DSP Top 100 Equity Fund - Direct Growth,2024-03-29,171.5841,171.3267,171.5841,DSP,Equity,Large Cap
120594,DSP Top 100 Equity Fund - Direct Growth,2024-04-01,168.4292,168.1766,168.4292,DSP,Equity,Large Cap
120594,DSP Top 100 Equity Fund - Direct Growth,2024-04-02,166.5006,166.2508,166.5006,DSP,Equity,Large Cap
120594,DSP Top 100 Equity Fund - Direct Growth,2024-04-03,168.0484,167.7963,168.0484,DSP,Equity,Large Cap
120594,DSP Top 100 Equity Fund - Direct Growth,2024-04-04,169.1954,168.9416,169.1954,DSP,Equity,Large Cap
120594,DSP Top 100 Equity Fund - Direct Growth,2024-04-05,171.7178,171.4602,171.7178,DSP,Equity,Large Cap
120594,DSP Top 100 Equity Fund - Direct Growth,2024-04-08,175.5223,175.259,175.5223,DSP,Equity,Large Cap
120594,DSP Top 100 Equity Fund - Direct Growth,2024-04-09,174.6412,174.3792,174.6412,DSP,Equity,Large Cap
120594,DSP Top 100 Equity Fund - Direct Growth,2024-04-10,178.6827,178.4147,178.6827,DSP,Equity,Large Cap
120594,DSP Top 100 Equity Fund - Direct Growth,2024-04-11,178.1899,177.9226,178.1899,DSP,Equity,Large Cap
120594,DSP Top 100 Equity Fund - Direct Growth,2024-04-12,175.3266,175.0636,175.3266,DSP,Equity,Large Cap
120594,DSP Top 100 Equity Fund - Direct Growth,2024-04-15,175.312,175.049,175.312,DSP,Equity,Large Cap
120594,DSP Top 100 Equity Fund - Direct Growth,2024-04-16,174.1192,173.858,174.1192,DSP,Equity,Large Cap
120594,DSP Top 100 Equity Fund - Direct Growth,2024-04-17,175.429,175.1659,175.429,DSP,Equity,Large Cap
120594,DSP Top 100 Equity Fund - Direct Growth,2024-04-18,175.5056,175.2423,175.5056,DSP,Equity,Large Cap
120594,DSP Top 100 Equity Fund - Direct Growth,2024-04-19,176.8071,176.5419,176.8071,DSP,Equity,Large Cap
120594,DSP Top 100 Equity Fund - Direct Growth,2024-04-22,177.6198,177.3534,177.6198,DSP,Equity,Large Cap
120594,DSP Top 100 Equity Fund - Direct Growth,2024-04-23,178.1848,177.9175,178.1848,DSP,Equity,Large Cap
120594,DSP Top 100 Equity Fund - Direct Growth,2024-04-24,176.2731,176.0087,176.2731,DSP,Equity,Large Cap
120594,DSP Top 100 Equity Fund - Direct Growth,2024-04-25,179.069,178.8004,179.069,DSP,Equity,Large Cap
120594,DSP Top 100 Equity Fund - Direct Growth,2024-04-26,177.7777,177.511,177.7777,DSP,Equity,Large Cap
120594,DSP Top 100 Equity Fund - Direct Growth,2024-04-29,180.3316,180.0611,180.3316,DSP,Equity,Large Cap
120594,DSP Top 100 Equity Fund - Direct Growth,2024-04-30,179.3326,179.0636,179.3326,DSP,Equity,Large Cap
120594,DSP Top 100 Equity Fund - Direct Growth,2024-05-01,177.2179,176.9521,177.2179,DSP,Equity,Large Cap
120594,DSP Top 100 Equity Fund - Direct Growth,2024-05-02,173.5784,173.318,173.5784,DSP,Equity,Large Cap
120594,DSP Top 100 Equity Fund - Direct Growth,2024-05-03,171.4497,171.1925,171.4497,DSP,Equity,Large Cap
120594,DSP Top 100 Equity Fund - Direct Growth,2024-05-06,173.5007,173.2404,173.5007,DSP,Equity,Large Cap
120594,DSP Top 100 Equity Fund - Direct Growth,2024-05-07,172.642,172.383,172.642,DSP,Equity,Large Cap
120594,DSP Top 100 Equity Fund - Direct Growth,2024-05-08,170.8839,170.6276,170.8839,DSP,Equity,Large Cap
120594,DSP Top 100 Equity Fund - Direct Growth,2024-05-09,167.9938,167.7418,167.9938,DSP,Equity,Large Cap
120594,DSP Top 100 Equity Fund - Direct Growth,2024-05-10,169.0288,168.7753,169.0288,DSP,Equity,Large Cap
120594,DSP Top 100 Equity Fund - Direct Growth,2024-05-13,176.1401,175.8759,176.1401,DSP,Equity,Large Cap
120594,DSP Top 100 Equity Fund - Direct Growth,2024-05-14,177.5602,177.2939,177.5602,DSP,Equity,Large Cap
120594,DSP Top 100 Equity Fund - Direct Growth,2024-05-15,181.2484,180.9765,181.2484,DSP,Equity,Large Cap
120594,DSP Top 100 Equity Fund - Direct Growth,2024-05-16,182.0432,181.7701,182.0432,DSP,Equity,Large Cap
120594,DSP Top 100 Equity Fund - Direct Growth,2024-05-17,183.5275,183.2522,183.5275,DSP,Equity,Large Cap
120594,DSP Top 100 Equity Fund - Direct Growth,2024-05-20,178.5733,178.3054,178.5733,DSP,Equity,Large Cap
120594,DSP Top 100 Equity Fund - Direct Growth,2024-05-21,178.6251,178.3572,178.6251,DSP,Equity,Large Cap
120594,DSP Top 100 Equity Fund - Direct Growth,2024-05-22,178.8268,178.5586,178.8268,DSP,Equity,Large Cap
120594,DSP Top 100 Equity Fund - Direct Growth,2024-05-23,183.032,182.7575,183.032,DSP,Equity,Large Cap
120594,DSP Top 100 Equity Fund - Direct Growth,2024-05-24,183.2837,183.0088,183.2837,DSP,Equity,Large Cap
120594,DSP Top 100 Equity Fund - Direct Growth,2024-05-27,184.4352,184.1585,184.4352,DSP,Equity,Large Cap
120594,DSP Top 100 Equity Fund - Direct Growth,2024-05-28,181.5676,181.2952,181.5676,DSP,Equity,Large Cap
120594,DSP Top 100 Equity Fund - Direct Growth,2024-05-29,180.0228,179.7528,180.0228,DSP,Equity,Large Cap
120594,DSP Top 100 Equity Fund - Direct Growth,2024-05-30,181.2332,180.9614,181.2332,DSP,Equity,Large Cap
120594,DSP Top 100 Equity Fund - Direct Growth,2024-05-31,181.3221,181.0501,181.3221,DSP,Equity,Large Cap
120594,DSP Top 100 Equity Fund - Direct Growth,2024-06-03,183.2144,182.9396,183.2144,DSP,Equity,Large Cap
120594,DSP Top 100 Equity Fund - Direct Growth,2024-06-04,188.0109,187.7289,188.0109,DSP,Equity,Large Cap
120594,DSP Top 100 Equity Fund - Direct Growth,2024-06-05,187.8742,187.5924,187.8742,DSP,Equity,Large Cap
120594,DSP Top 100 Equity Fund - Direct Growth,2024-06-06,190.5713,190.2854,190.5713,DSP,Equity,Large Cap
120594,DSP Top 100 Equity Fund - Direct Growth,2024-06-07,189.73,189.4454,189.73,DSP,Equity,Large Cap
120594,DSP Top 100 Equity Fund - Direct Growth,2024-06-10,194.1917,193.9004,194.1917,DSP,Equity,Large Cap
120594,DSP Top 100 Equity Fund - Direct Growth,2024-06-11,188.7827,188.4995,188.7827,DSP,Equity,Large Cap
120594,DSP Top 100 Equity Fund - Direct Growth,2024-06-12,188.8996,188.6163,188.8996,DSP,Equity,Large Cap
120594,DSP Top 100 Equity Fund - Direct Growth,2024-06-13,191.7644,191.4768,191.7644,DSP,Equity,Large Cap
120594,DSP Top 100 Equity Fund - Direct Growth,2024-06-14,193.0549,192.7653,193.0549,DSP,Equity,Large Cap
120594,DSP Top 100 Equity Fund - Direct Growth,2024-06-17,188.6613,188.3783,188.6613,DSP,Equity,Large Cap
120594,DSP Top 100 Equity Fund - Direct Growth,2024-06-18,189.6681,189.3836,189.6681,DSP,Equity,Large Cap
120594,DSP Top 100 Equity Fund - Direct Growth,2024-06-19,190.678,190.392,190.678,DSP,Equity,Large Cap
120594,DSP Top 100 Equity Fund - Direct Growth,2024-06-20,193.5336,193.2433,193.5336,DSP,Equity,Large Cap
120594,DSP Top 100 Equity Fund - Direct Growth,2024-06-21,193.2746,192.9847,193.2746,DSP,Equity,Large Cap
120594,DSP Top 100 Equity Fund - Direct Growth,2024-06-24,192.1843,191.896,192.1843,DSP,Equity,Large Cap
120594,DSP Top 100 Equity Fund - Direct Growth,2024-06-25,187.0588,186.7782,187.0588,DSP,Equity,Large Cap
120594,DSP Top 100 Equity Fund - Direct Growth,2024-06-26,188.1011,187.8189,188.1011,DSP,Equity,Large Cap
120594,DSP Top 100 Equity Fund - Direct Growth,2024-06-27,188.569,188.2861,188.569,DSP,Equity,Large Cap
120594,DSP Top 100 Equity Fund - Direct Growth,2024-06-28,187.2456,186.9647,187.2456,DSP,Equity,Large Cap
120594,DSP Top 100 Equity Fund - Direct Growth,2024-07-01,184.6271,184.3502,184.6271,DSP,Equity,Large Cap
120594,DSP Top 100 Equity Fund - Direct Growth,2024-07-02,185.9347,185.6558,185.9347,DSP,Equity,Large Cap
120594,DSP Top 100 Equity Fund - Direct Growth,2024-07-03,190.1682,189.8829,190.1682,DSP,Equity,Large Cap
120594,DSP Top 100 Equity Fund - Direct Growth,2024-07-04,185.3575,185.0795,185.3575,DSP,Equity,Large Cap
120594,DSP Top 100 Equity Fund - Direct Growth,2024-07-05,183.8755,183.5997,183.8755,DSP,Equity,Large Cap
120594,DSP Top 100 Equity Fund - Direct Growth,2024-07-08,183.1711,182.8963,183.1711,DSP,Equity,Large Cap
120594,DSP Top 100 Equity Fund - Direct Growth,2024-07-09,187.4995,187.2183,187.4995,DSP,Equity,Large Cap
120594,DSP Top 100 Equity Fund - Direct Growth,2024-07-10,187.8802,187.5984,187.8802,DSP,Equity,Large Cap
120594,DSP Top 100 Equity Fund - Direct Growth,2024-07-11,187.7389,187.4573,187.7389,DSP,Equity,Large Cap
120594,DSP Top 100 Equity Fund - Direct Growth,2024-07-12,187.3678,187.0867,187.3678,DSP,Equity,Large Cap
120594,DSP Top 100 Equity Fund - Direct Growth,2024-07-15,186.5353,186.2555,186.5353,DSP,Equity,Large Cap
120594,DSP Top 100 Equity Fund - Direct Growth,2024-07-16,187.3831,187.102,187.3831,DSP,Equity,Large Cap
120594,DSP Top 100 Equity Fund - Direct Growth,2024-07-17,186.5942,186.3143,186.5942,DSP,Equity,Large Cap
120594,DSP Top 100 Equity Fund - Direct Growth,2024-07-18,184.9623,184.6849,184.9623,DSP,Equity,Large Cap
120594,DSP Top 100 Equity Fund - Direct Growth,2024-07-19,190.776,190.4898,190.776,DSP,Equity,Large Cap
120594,DSP Top 100 Equity Fund - Direct Growth,2024-07-22,196.0164,195.7224,196.0164,DSP,Equity,Large Cap
120594,DSP Top 100 Equity Fund - Direct Growth,2024-07-23,192.7515,192.4624,192.7515,DSP,Equity,Large Cap
120594,DSP Top 100 Equity Fund - Direct Growth,2024-07-24,196.8817,196.5864,196.8817,DSP,Equity,Large Cap
120594,DSP Top 100 Equity Fund - Direct Growth,2024-07-25,191.0328,190.7463,191.0328,DSP,Equity,Large Cap
120594,DSP Top 100 Equity Fund - Direct Growth,2024-07-26,189.3469,189.0629,189.3469,DSP,Equity,Large Cap
120594,DSP Top 100 Equity Fund - Direct Growth,2024-07-29,190.344,190.0585,190.344,DSP,Equity,Large Cap
120594,DSP Top 100 Equity Fund - Direct Growth,2024-07-30,190.0391,189.754,190.0391,DSP,Equity,Large Cap
120594,DSP Top 100 Equity Fund - Direct Growth,2024-07-31,190.0878,189.8027,190.0878,DSP,Equity,Large Cap
120594,DSP Top 100 Equity Fund - Direct Growth,2024-08-01,187.9329,187.651,187.9329,DSP,Equity,Large Cap
120594,DSP Top 100 Equity Fund - Direct Growth,2024-08-02,184.6315,184.3546,184.6315,DSP,Equity,Large Cap
120594,DSP Top 100 Equity Fund - Direct Growth,2024-08-05,191.5892,191.3018,191.5892,DSP,Equity,Large Cap
120594,DSP Top 100 Equity Fund - Direct Growth,2024-08-06,189.8495,189.5647,189.8495,DSP,Equity,Large Cap
120594,DSP Top 100 Equity Fund - Direct Growth,2024-08-07,191.5038,191.2165,191.5038,DSP,Equity,Large Cap
120594,DSP Top 100 Equity Fund - Direct Growth,2024-08-08,190.9284,190.642,190.9284,DSP,Equity,Large Cap
120594,DSP Top 100 Equity Fund - Direct Growth,2024-08-09,193.7323,193.4417,193.7323,DSP,Equity,Large Cap
120594,DSP Top 100 Equity Fund - Direct Growth,2024-08-12,196.0383,195.7442,196.0383,DSP,Equity,Large Cap
120594,DSP Top 100 Equity Fund - Direct Growth,2024-08-13,198.3773,198.0797,198.3773,DSP,Equity,Large Cap
120594,DSP Top 100 Equity Fund - Direct Growth,2024-08-14,199.9966,199.6966,199.9966,DSP,Equity,Large Cap
120594,DSP Top 100 Equity Fund - Direct Growth,2024-08-15,198.434,198.1363,198.434,DSP,Equity,Large Cap
120594,DSP Top 100 Equity Fund - Direct Growth,2024-08-16,195.3516,195.0586,195.3516,DSP,Equity,Large Cap
120594,DSP Top 100 Equity Fund - Direct Growth,2024-08-19,201.1814,200.8796,201.1814,DSP,Equity,Large Cap
120594,DSP Top 100 Equity Fund - Direct Growth,2024-08-20,198.5765,198.2786,198.5765,DSP,Equity,Large Cap
120594,DSP Top 100 Equity Fund - Direct Growth,2024-08-21,195.8733,195.5795,195.8733,DSP,Equity,Large Cap
120594,DSP Top 100 Equity Fund - Direct Growth,2024-08-22,198.9478,198.6494,198.9478,DSP,Equity,Large Cap
120594,DSP Top 100 Equity Fund - Direct Growth,2024-08-23,196.3162,196.0217,196.3162,DSP,Equity,Large Cap
120594,DSP Top 100 Equity Fund - Direct Growth,2024-08-26,200.0987,199.7986,200.0987,DSP,Equity,Large Cap
120594,DSP Top 100 Equity Fund - Direct Growth,2024-08-27,198.3288,198.0313,198.3288,DSP,Equity,Large Cap
120594,DSP Top 100 Equity Fund - Direct Growth,2024-08-28,201.1293,200.8276,201.1293,DSP,Equity,Large Cap
120594,DSP Top 100 Equity Fund - Direct Growth,2024-08-29,201.6559,201.3534,201.6559,DSP,Equity,Large Cap
120594,DSP Top 100 Equity Fund - Direct Growth,2024-08-30,202.3468,202.0433,202.3468,DSP,Equity,Large Cap
120594,DSP Top 100 Equity Fund - Direct Growth,2024-09-02,192.0654,191.7773,192.0654,DSP,Equity,Large Cap
120594,DSP Top 100 Equity Fund - Direct Growth,2024-09-03,192.7113,192.4222,192.7113,DSP,Equity,Large Cap
120594,DSP Top 100 Equity Fund - Direct Growth,2024-09-04,190.1863,189.901,190.1863,DSP,Equity,Large Cap
120594,DSP Top 100 Equity Fund - Direct Growth,2024-09-05,187.7777,187.496,187.7777,DSP,Equity,Large Cap
120594,DSP Top 100 Equity Fund - Direct Growth,2024-09-06,189.118,188.8343,189.118,DSP,Equity,Large Cap
120594,DSP Top 100 Equity Fund - Direct Growth,2024-09-09,192.0895,191.8014,192.0895,DSP,Equity,Large Cap
120594,DSP Top 100 Equity Fund - Direct Growth,2024-09-10,189.4597,189.1755,189.4597,DSP,Equity,Large Cap
120594,DSP Top 100 Equity Fund - Direct Growth,2024-09-11,188.7263,188.4432,188.7263,DSP,Equity,Large Cap
120594,DSP Top 100 Equity Fund - Direct Growth,2024-09-12,192.5338,192.245,192.5338,DSP,Equity,Large Cap
120594,DSP Top 100 Equity Fund - Direct Growth,2024-09-13,192.7687,192.4795,192.7687,DSP,Equity,Large Cap
120594,DSP Top 100 Equity Fund - Direct Growth,2024-09-16,195.3048,195.0118,195.3048,DSP,Equity,Large Cap
120594,DSP Top 100 Equity Fund - Direct Growth,2024-09-17,197.2495,196.9536,197.2495,DSP,Equity,Large Cap
120594,DSP Top 100 Equity Fund - Direct Growth,2024-09-18,201.267,200.9651,201.267,DSP,Equity,Large Cap
120594,DSP Top 100 Equity Fund - Direct Growth,2024-09-19,200.5629,200.2621,200.5629,DSP,Equity,Large Cap
120594,DSP Top 100 Equity Fund - Direct Growth,2024-09-20,202.712,202.4079,202.712,DSP,Equity,Large Cap
120594,DSP Top 100 Equity Fund - Direct Growth,2024-09-23,199.8311,199.5314,199.8311,DSP,Equity,Large Cap
120594,DSP Top 100 Equity Fund - Direct Growth,2024-09-24,201.826,201.5233,201.826,DSP,Equity,Large Cap
120594,DSP Top 100 Equity Fund - Direct Growth,2024-09-25,204.6215,204.3146,204.6215,DSP,Equity,Large Cap
120594,DSP Top 100 Equity Fund - Direct Growth,2024-09-26,208.5575,208.2447,208.5575,DSP,Equity,Large Cap
120594,DSP Top 100 Equity Fund - Direct Growth,2024-09-27,208.4721,208.1594,208.4721,DSP,Equity,Large Cap
120594,DSP Top 100 Equity Fund - Direct Growth,2024-09-30,213.123,212.8033,213.123,DSP,Equity,Large Cap
120594,DSP Top 100 Equity Fund - Direct Growth,2024-10-01,213.7389,213.4183,213.7389,DSP,Equity,Large Cap
120594,DSP Top 100 Equity Fund - Direct Growth,2024-10-02,214.9675,214.645,214.9675,DSP,Equity,Large Cap
120594,DSP Top 100 Equity Fund - Direct Growth,2024-10-03,216.146,215.8218,216.146,DSP,Equity,Large Cap
120594,DSP Top 100 Equity Fund - Direct Growth,2024-10-04,212.0703,211.7522,212.0703,DSP,Equity,Large Cap
120594,DSP Top 100 Equity Fund - Direct Growth,2024-10-07,205.475,205.1668,205.475,DSP,Equity,Large Cap
120594,DSP Top 100 Equity Fund - Direct Growth,2024-10-08,207.6067,207.2953,207.6067,DSP,Equity,Large Cap
120594,DSP Top 100 Equity Fund - Direct Growth,2024-10-09,209.861,209.5462,209.861,DSP,Equity,Large Cap
120594,DSP Top 100 Equity Fund - Direct Growth,2024-10-10,210.7689,210.4527,210.7689,DSP,Equity,Large Cap
120594,DSP Top 100 Equity Fund - Direct Growth,2024-10-11,208.0176,207.7056,208.0176,DSP,Equity,Large Cap
120594,DSP Top 100 Equity Fund - Direct Growth,2024-10-14,217.2715,216.9456,217.2715,DSP,Equity,Large Cap
120594,DSP Top 100 Equity Fund - Direct Growth,2024-10-15,218.6895,218.3615,218.6895,DSP,Equity,Large Cap
120594,DSP Top 100 Equity Fund - Direct Growth,2024-10-16,219.3064,218.9774,219.3064,DSP,Equity,Large Cap
120594,DSP Top 100 Equity Fund - Direct Growth,2024-10-17,220.7899,220.4587,220.7899,DSP,Equity,Large Cap
120594,DSP Top 100 Equity Fund - Direct Growth,2024-10-18,220.5614,220.2306,220.5614,DSP,Equity,Large Cap
120594,DSP Top 100 Equity Fund - Direct Growth,2024-10-21,229.4108,229.0667,229.4108,DSP,Equity,Large Cap
120594,DSP Top 100 Equity Fund - Direct Growth,2024-10-22,225.6483,225.3098,225.6483,DSP,Equity,Large Cap
120594,DSP Top 100 Equity Fund - Direct Growth,2024-10-23,225.4575,225.1193,225.4575,DSP,Equity,Large Cap
120594,DSP Top 100 Equity Fund - Direct Growth,2024-10-24,222.354,222.0205,222.354,DSP,Equity,Large Cap
120594,DSP Top 100 Equity Fund - Direct Growth,2024-10-25,226.6909,226.3509,226.6909,DSP,Equity,Large Cap
120594,DSP Top 100 Equity Fund - Direct Growth,2024-10-28,223.157,222.8223,223.157,DSP,Equity,Large Cap
120594,DSP Top 100 Equity Fund - Direct Growth,2024-10-29,227.9173,227.5754,227.9173,DSP,Equity,Large Cap
120594,DSP Top 100 Equity Fund - Direct Growth,2024-10-30,229.8234,229.4787,229.8234,DSP,Equity,Large Cap
120594,DSP Top 100 Equity Fund - Direct Growth,2024-10-31,230.4801,230.1344,230.4801,DSP,Equity,Large Cap
120594,DSP Top 100 Equity Fund - Direct Growth,2024-11-01,231.7039,231.3563,231.7039,DSP,Equity,Large Cap
120594,DSP Top 100 Equity Fund - Direct Growth,2024-11-04,233.132,232.7823,233.132,DSP,Equity,Large Cap
120594,DSP Top 100 Equity Fund - Direct Growth,2024-11-05,231.9588,231.6109,231.9588,DSP,Equity,Large Cap
120594,DSP Top 100 Equity Fund - Direct Growth,2024-11-06,228.8008,228.4576,228.8008,DSP,Equity,Large Cap
120594,DSP Top 100 Equity Fund - Direct Growth,2024-11-07,227.9907,227.6487,227.9907,DSP,Equity,Large Cap
120594,DSP Top 100 Equity Fund - Direct Growth,2024-11-08,231.1125,230.7658,231.1125,DSP,Equity,Large Cap
120594,DSP Top 100 Equity Fund - Direct Growth,2024-11-11,235.1755,234.8227,235.1755,DSP,Equity,Large Cap
120594,DSP Top 100 Equity Fund - Direct Growth,2024-11-12,236.7464,236.3913,236.7464,DSP,Equity,Large Cap
120594,DSP Top 100 Equity Fund - Direct Growth,2024-11-13,234.5667,234.2148,234.5667,DSP,Equity,Large Cap
120594,DSP Top 100 Equity Fund - Direct Growth,2024-11-14,233.7893,233.4386,233.7893,DSP,Equity,Large Cap
120594,DSP Top 100 Equity Fund - Direct Growth,2024-11-15,234.4215,234.0699,234.4215,DSP,Equity,Large Cap
120594,DSP Top 100 Equity Fund - Direct Growth,2024-11-18,235.9964,235.6424,235.9964,DSP,Equity,Large Cap
120594,DSP Top 100 Equity Fund - Direct Growth,2024-11-19,235.022,234.6695,235.022,DSP,Equity,Large Cap
120594,DSP Top 100 Equity Fund - Direct Growth,2024-11-20,244.0218,243.6558,244.0218,DSP,Equity,Large Cap
120594,DSP Top 100 Equity Fund - Direct Growth,2024-11-21,246.7747,246.4045,246.7747,DSP,Equity,Large Cap
120594,DSP Top 100 Equity Fund - Direct Growth,2024-11-22,248.0969,247.7248,248.0969,DSP,Equity,Large Cap
120594,DSP Top 100 Equity Fund - Direct Growth,2024-11-25,245.9727,245.6037,245.9727,DSP,Equity,Large Cap
120594,DSP Top 100 Equity Fund - Direct Growth,2024-11-26,246.9354,246.565,246.9354,DSP,Equity,Large Cap
120594,DSP Top 100 Equity Fund - Direct Growth,2024-11-27,241.462,241.0998,241.462,DSP,Equity,Large Cap
120594,DSP Top 100 Equity Fund - Direct Growth,2024-11-28,237.0112,236.6557,237.0112,DSP,Equity,Large Cap
120594,DSP Top 100 Equity Fund - Direct Growth,2024-11-29,235.2946,234.9417,235.2946,DSP,Equity,Large Cap
120594,DSP Top 100 Equity Fund - Direct Growth,2024-12-02,239.6598,239.3003,239.6598,DSP,Equity,Large Cap
120594,DSP Top 100 Equity Fund - Direct Growth,2024-12-03,235.4924,235.1392,235.4924,DSP,Equity,Large Cap
120594,DSP Top 100 Equity Fund - Direct Growth,2024-12-04,233.4634,233.1132,233.4634,DSP,Equity,Large Cap
120594,DSP Top 100 Equity Fund - Direct Growth,2024-12-05,237.8154,237.4587,237.8154,DSP,Equity,Large Cap
120594,DSP Top 100 Equity Fund - Direct Growth,2024-12-06,238.2847,237.9273,238.2847,DSP,Equity,Large Cap
120594,DSP Top 100 Equity Fund - Direct Growth,2024-12-09,244.9794,244.6119,244.9794,DSP,Equity,Large Cap
120594,DSP Top 100 Equity Fund - Direct Growth,2024-12-10,244.7854,244.4182,244.7854,DSP,Equity,Large Cap
120594,DSP Top 100 Equity Fund - Direct Growth,2024-12-11,244.0831,243.717,244.0831,DSP,Equity,Large Cap
120594,DSP Top 100 Equity Fund - Direct Growth,2024-12-12,238.4557,238.098,238.4557,DSP,Equity,Large Cap
120594,DSP Top 100 Equity Fund - Direct Growth,2024-12-13,237.6629,237.3064,237.6629,DSP,Equity,Large Cap
120594,DSP Top 100 Equity Fund - Direct Growth,2024-12-16,243.8195,243.4538,243.8195,DSP,Equity,Large Cap
120594,DSP Top 100 Equity Fund - Direct Growth,2024-12-17,242.8184,242.4542,242.8184,DSP,Equity,Large Cap
120594,DSP Top 100 Equity Fund - Direct Growth,2024-12-18,241.0038,240.6423,241.0038,DSP,Equity,Large Cap
120594,DSP Top 100 Equity Fund - Direct Growth,2024-12-19,244.7709,244.4037,244.7709,DSP,Equity,Large Cap
120594,DSP Top 100 Equity Fund - Direct Growth,2024-12-20,243.4081,243.043,243.4081,DSP,Equity,Large Cap
120594,DSP Top 100 Equity Fund - Direct Growth,2024-12-23,249.3355,248.9615,249.3355,DSP,Equity,Large Cap
120594,DSP Top 100 Equity Fund - Direct Growth,2024-12-24,252.3417,251.9632,252.3417,DSP,Equity,Large Cap
120594,DSP Top 100 Equity Fund - Direct Growth,2024-12-25,248.5205,248.1477,248.5205,DSP,Equity,Large Cap
120594,DSP Top 100 Equity Fund - Direct Growth,2024-12-26,245.0783,244.7107,245.0783,DSP,Equity,Large Cap
120594,DSP Top 100 Equity Fund - Direct Growth,2024-12-27,246.8789,246.5086,246.8789,DSP,Equity,Large Cap
120594,DSP Top 100 Equity Fund - Direct Growth,2024-12-30,248.6284,248.2555,248.6284,DSP,Equity,Large Cap
120594,DSP Top 100 Equity Fund - Direct Growth,2024-12-31,249.2871,248.9132,249.2871,DSP,Equity,Large Cap
120716,Canara Robeco Bluechip Equity Fund - Direct Growth,2022-01-03,152.0634,151.8353,152.0634,CANARA,Equity,Large Cap
120716,Canara Robeco Bluechip Equity Fund - Direct Growth,2022-01-04,154.9864,154.7539,154.9864,CANARA,Equity,Large Cap
120716,Canara Robeco Bluechip Equity Fund - Direct Growth,2022-01-05,153.5828,153.3524,153.5828,CANARA,Equity,Large Cap
120716,Canara Robeco Bluechip Equity Fund - Direct Growth,2022-01-06,154.8549,154.6226,154.8549,CANARA,Equity,Large Cap
120716,Canara Robeco Bluechip Equity Fund - Direct Growth,2022-01-07,157.5813,157.3449,157.5813,CANARA,Equity,Large Cap
120716,Canara Robeco Bluechip Equity Fund - Direct Growth,2022-01-10,156.642,156.407,156.642,CANARA,Equity,Large Cap
120716,Canara Robeco Bluechip Equity Fund - Direct Growth,2022-01-11,158.8799,158.6416,158.8799,CANARA,Equity,Large Cap
120716,Canara Robeco Bluechip Equity Fund - Direct Growth,2022-01-12,158.6165,158.3786,158.6165,CANARA,Equity,Large Cap
120716,Canara Robeco Bluechip Equity Fund - Direct Growth,2022-01-13,157.2816,157.0457,157.2816,CANARA,Equity,Large Cap
120716,Canara Robeco Bluechip Equity Fund - Direct Growth,2022-01-14,159.1487,158.91,159.1487,CANARA,Equity,Large Cap
120716,Canara Robeco Bluechip Equity Fund - Direct Growth,2022-01-17,157.0432,156.8076,157.0432,CANARA,Equity,Large Cap
120716,Canara Robeco Bluechip Equity Fund - Direct Growth,2022-01-18,157.5305,157.2942,157.5305,CANARA,Equity,Large Cap
120716,Canara Robeco Bluechip Equity Fund - Direct Growth,2022-01-19,158.7832,158.545,158.7832,CANARA,Equity,Large Cap
120716,Canara Robeco Bluechip Equity Fund - Direct Growth,2022-01-20,158.2769,158.0395,158.2769,CANARA,Equity,Large Cap
120716,Canara Robeco Bluechip Equity Fund - Direct Growth,2022-01-21,159.6304,159.391,159.6304,CANARA,Equity,Large Cap
120716,Canara Robeco Bluechip Equity Fund - Direct Growth,2022-01-24,153.6558,153.4253,153.6558,CANARA,Equity,Large Cap
120716,Canara Robeco Bluechip Equity Fund - Direct Growth,2022-01-25,153.8339,153.6031,153.8339,CANARA,Equity,Large Cap
120716,Canara Robeco Bluechip Equity Fund - Direct Growth,2022-01-26,153.3862,153.1561,153.3862,CANARA,Equity,Large Cap
120716,Canara Robeco Bluechip Equity Fund - Direct Growth,2022-01-27,151.315,151.088,151.315,CANARA,Equity,Large Cap
120716,Canara Robeco Bluechip Equity Fund - Direct Growth,2022-01-28,148.0787,147.8566,148.0787,CANARA,Equity,Large Cap
120716,Canara Robeco Bluechip Equity Fund - Direct Growth,2022-01-31,151.1729,150.9461,151.1729,CANARA,Equity,Large Cap
120716,Canara Robeco Bluechip Equity Fund - Direct Growth,2022-02-01,153.388,153.1579,153.388,CANARA,Equity,Large Cap
120716,Canara Robeco Bluechip Equity Fund - Direct Growth,2022-02-02,151.9475,151.7196,151.9475,CANARA,Equity,Large Cap
120716,Canara Robeco Bluechip Equity Fund - Direct Growth,2022-02-03,149.9046,149.6797,149.9046,CANARA,Equity,Large Cap
120716,Canara Robeco Bluechip Equity Fund - Direct Growth,2022-02-04,150.8579,150.6316,150.8579,CANARA,Equity,Large Cap
120716,Canara Robeco Bluechip Equity Fund - Direct Growth,2022-02-07,149.2258,149.002,149.2258,CANARA,Equity,Large Cap
120716,Canara Robeco Bluechip Equity Fund - Direct Growth,2022-02-08,147.7332,147.5116,147.7332,CANARA,Equity,Large Cap
120716,Canara Robeco Bluechip Equity Fund - Direct Growth,2022-02-09,147.7397,147.5181,147.7397,CANARA,Equity,Large Cap
120716,Canara Robeco Bluechip Equity Fund - Direct Growth,2022-02-10,148.6626,148.4396,148.6626,CANARA,Equity,Large Cap
120716,Canara Robeco Bluechip Equity Fund - Direct Growth,2022-02-11,150.0909,149.8658,150.0909,CANARA,Equity,Large Cap
120716,Canara Robeco Bluechip Equity Fund - Direct Growth,2022-02-14,151.2823,151.0554,151.2823,CANARA,Equity,Large Cap
120716,Canara Robeco Bluechip Equity Fund - Direct Growth,2022-02-15,152.5875,152.3586,152.5875,CANARA,Equity,Large Cap
120716,Canara Robeco Bluechip Equity Fund - Direct Growth,2022-02-16,153.2214,152.9916,153.2214,CANARA,Equity,Large Cap
120716,Canara Robeco Bluechip Equity Fund - Direct Growth,2022-02-17,153.4036,153.1735,153.4036,CANARA,Equity,Large Cap
120716,Canara Robeco Bluechip Equity Fund - Direct Growth,2022-02-18,152.9709,152.7414,152.9709,CANARA,Equity,Large Cap
120716,Canara Robeco Bluechip Equity Fund - Direct Growth,2022-02-21,154.6897,154.4577,154.6897,CANARA,Equity,Large Cap
120716,Canara Robeco Bluechip Equity Fund - Direct Growth,2022-02-22,155.4585,155.2253,155.4585,CANARA,Equity,Large Cap
120716,Canara Robeco Bluechip Equity Fund - Direct Growth,2022-02-23,158.0255,157.7885,158.0255,CANARA,Equity,Large Cap
120716,Canara Robeco Bluechip Equity Fund - Direct Growth,2022-02-24,158.5915,158.3536,158.5915,CANARA,Equity,Large Cap
120716,Canara Robeco Bluechip Equity Fund - Direct Growth,2022-02-25,157.4198,157.1837,157.4198,CANARA,Equity,Large Cap
120716,Canara Robeco Bluechip Equity Fund - Direct Growth,2022-02-28,154.6368,154.4048,154.6368,CANARA,Equity,Large Cap
120716,Canara Robeco Bluechip Equity Fund - Direct Growth,2022-03-01,155.3219,155.0889,155.3219,CANARA,Equity,Large Cap
120716,Canara Robeco Bluechip Equity Fund - Direct Growth,2022-03-02,156.3465,156.112,156.3465,CANARA,Equity,Large Cap
120716,Canara Robeco Bluechip Equity Fund - Direct Growth,2022-03-03,154.0731,153.842,154.0731,CANARA,Equity,Large Cap
120716,Canara Robeco Bluechip Equity Fund - Direct Growth,2022-03-04,153.4269,153.1968,153.4269,CANARA,Equity,Large Cap
120716,Canara Robeco Bluechip Equity Fund - Direct Growth,2022-03-07,153.3201,153.0901,153.3201,CANARA,Equity,Large Cap
120716,Canara Robeco Bluechip Equity Fund - Direct Growth,2022-03-08,154.6813,154.4493,154.6813,CANARA,Equity,Large Cap
120716,Canara Robeco Bluechip Equity Fund - Direct Growth,2022-03-09,154.7077,154.4756,154.7077,CANARA,Equity,Large Cap
120716,Canara Robeco Bluechip Equity Fund - Direct Growth,2022-03-10,153.756,153.5254,153.756,CANARA,Equity,Large Cap
120716,Canara Robeco Bluechip Equity Fund - Direct Growth,2022-03-11,151.3273,151.1003,151.3273,CANARA,Equity,Large Cap
120716,Canara Robeco Bluechip Equity Fund - Direct Growth,2022-03-14,153.869,153.6382,153.869,CANARA,Equity,Large Cap
120716,Canara Robeco Bluechip Equity Fund - Direct Growth,2022-03-15,155.2592,155.0263,155.2592,CANARA,Equity,Large Cap
120716,Canara Robeco Bluechip Equity Fund - Direct Growth,2022-03-16,155.1905,154.9577,155.1905,CANARA,Equity,Large Cap
120716,Canara Robeco Bluechip Equity Fund - Direct Growth,2022-03-17,154.7179,154.4858,154.7179,CANARA,Equity,Large Cap
120716,Canara Robeco Bluechip Equity Fund - Direct Growth,2022-03-18,155.5878,155.3544,155.5878,CANARA,Equity,Large Cap
120716,Canara Robeco Bluechip Equity Fund - Direct Growth,2022-03-21,153.9764,153.7454,153.9764,CANARA,Equity,Large Cap
120716,Canara Robeco Bluechip Equity Fund - Direct Growth,2022-03-22,153.1151,152.8854,153.1151,CANARA,Equity,Large Cap
120716,Canara Robeco Bluechip Equity Fund - Direct Growth,2022-03-23,154.4057,154.1741,154.4057,CANARA,Equity,Large Cap
120716,Canara Robeco Bluechip Equity Fund - Direct Growth,2022-03-24,157.9306,157.6937,157.9306,CANARA,Equity,Large Cap
120716,Canara Robeco Bluechip Equity Fund - Direct Growth,2022-03-25,156.5643,156.3295,156.5643,CANARA,Equity,Large Cap
120716,Canara Robeco Bluechip Equity Fund - Direct Growth,2022-03-28,149.662,149.4375,149.662,CANARA,Equity,Large Cap
120716,Canara Robeco Bluechip Equity Fund - Direct Growth,2022-03-29,148.5309,148.3081,148.5309,CANARA,Equity,Large Cap
120716,Canara Robeco Bluechip Equity Fund - Direct Growth,2022-03-30,148.9608,148.7374,148.9608,CANARA,Equity,Large Cap
120716,Canara Robeco Bluechip Equity Fund - Direct Growth,2022-03-31,149.2574,149.0335,149.2574,CANARA,Equity,Large Cap
120716,Canara Robeco Bluechip Equity Fund - Direct Growth,2022-04-01,146.4456,146.2259,146.4456,CANARA,Equity,Large Cap
120716,Canara Robeco Bluechip Equity Fund - Direct Growth,2022-04-04,144.1725,143.9562,144.1725,CANARA,Equity,Large Cap
120716,Canara Robeco Bluechip Equity Fund - Direct Growth,2022-04-05,143.4935,143.2783,143.4935,CANARA,Equity,Large Cap
120716,Canara Robeco Bluechip Equity Fund - Direct Growth,2022-04-06,140.6974,140.4864,140.6974,CANARA,Equity,Large Cap
120716,Canara Robeco Bluechip Equity Fund - Direct Growth,2022-04-07,141.5496,141.3373,141.5496,CANARA,Equity,Large Cap
120716,Canara Robeco Bluechip Equity Fund - Direct Growth,2022-04-08,143.7667,143.551,143.7667,CANARA,Equity,Large Cap
120716,Canara Robeco Bluechip Equity Fund - Direct Growth,2022-04-11,143.0276,142.8131,143.0276,CANARA,Equity,Large Cap
120716,Canara Robeco Bluechip Equity Fund - Direct Growth,2022-04-12,140.7401,140.529,140.7401,CANARA,Equity,Large Cap
120716,Canara Robeco Bluechip Equity Fund - Direct Growth,2022-04-13,142.5832,142.3693,142.5832,CANARA,Equity,Large Cap
120716,Canara Robeco Bluechip Equity Fund - Direct Growth,2022-04-14,142.7803,142.5661,142.7803,CANARA,Equity,Large Cap
120716,Canara Robeco Bluechip Equity Fund - Direct Growth,2022-04-15,139.8079,139.5982,139.8079,CANARA,Equity,Large Cap
120716,Canara Robeco Bluechip Equity Fund - Direct Growth,2022-04-18,139.6857,139.4762,139.6857,CANARA,Equity,Large Cap
120716,Canara Robeco Bluechip Equity Fund - Direct Growth,2022-04-19,139.2791,139.0702,139.2791,CANARA,Equity,Large Cap
120716,Canara Robeco Bluechip Equity Fund - Direct Growth,2022-04-20,137.2884,137.0825,137.2884,CANARA,Equity,Large Cap
120716,Canara Robeco Bluechip Equity Fund - Direct Growth,2022-04-21,138.2767,138.0693,138.2767,CANARA,Equity,Large Cap
120716,Canara Robeco Bluechip Equity Fund - Direct Growth,2022-04-22,137.256,137.0501,137.256,CANARA,Equity,Large Cap
120716,Canara Robeco Bluechip Equity Fund - Direct Growth,2022-04-25,134.8385,134.6362,134.8385,CANARA,Equity,Large Cap
120716,Canara Robeco Bluechip Equity Fund - Direct Growth,2022-04-26,134.2664,134.065,134.2664,CANARA,Equity,Large Cap
120716,Canara Robeco Bluechip Equity Fund - Direct Growth,2022-04-27,137.1203,136.9146,137.1203,CANARA,Equity,Large Cap
120716,Canara Robeco Bluechip Equity Fund - Direct Growth,2022-04-28,137.881,137.6742,137.881,CANARA,Equity,Large Cap
120716,Canara Robeco Bluechip Equity Fund - Direct Growth,2022-04-29,138.4967,138.289,138.4967,CANARA,Equity,Large Cap
120716,Canara Robeco Bluechip Equity Fund - Direct Growth,2022-05-02,137.8989,137.6921,137.8989,CANARA,Equity,Large Cap
120716,Canara Robeco Bluechip Equity Fund - Direct Growth,2022-05-03,137.4539,137.2477,137.4539,CANARA,Equity,Large Cap
120716,Canara Robeco Bluechip Equity Fund - Direct Growth,2022-05-04,138.3845,138.1769,138.3845,CANARA,Equity,Large Cap
120716,Canara Robeco Bluechip Equity Fund - Direct Growth,2022-05-05,136.8858,136.6805,136.8858,CANARA,Equity,Large Cap
120716,Canara Robeco Bluechip Equity Fund - Direct Growth,2022-05-06,135.1733,134.9705,135.1733,CANARA,Equity,Large Cap
120716,Canara Robeco Bluechip Equity Fund - Direct Growth,2022-05-09,137.6586,137.4521,137.6586,CANARA,Equity,Large Cap
120716,Canara Robeco Bluechip Equity Fund - Direct Growth,2022-05-10,138.2167,138.0094,138.2167,CANARA,Equity,Large Cap
120716,Canara Robeco Bluechip Equity Fund - Direct Growth,2022-05-11,136.518,136.3132,136.518,CANARA,Equity,Large Cap
120716,Canara Robeco Bluechip Equity Fund - Direct Growth,2022-05-12,137.5938,137.3874,137.5938,CANARA,Equity,Large Cap
120716,Canara Robeco Bluechip Equity Fund - Direct Growth,2022-05-13,137.4564,137.2502,137.4564,CANARA,Equity,Large Cap
120716,Canara Robeco Bluechip Equity Fund - Direct Growth,2022-05-16,136.6207,136.4158,136.6207,CANARA,Equity,Large Cap
120716,Canara Robeco Bluechip Equity Fund - Direct Growth,2022-05-17,135.9805,135.7765,135.9805,CANARA,Equity,Large Cap
120716,Canara Robeco Bluechip Equity Fund - Direct Growth,2022-05-18,134.7856,134.5834,134.7856,CANARA,Equity,Large Cap
120716,Canara Robeco Bluechip Equity Fund - Direct Growth,2022-05-19,136.0269,135.8229,136.0269,CANARA,Equity,Large Cap
120716,Canara Robeco Bluechip Equity Fund - Direct Growth,2022-05-20,133.5713,133.3709,133.5713,CANARA,Equity,Large Cap
120716,Canara Robeco Bluechip Equity Fund - Direct Growth,2022-05-23,134.3108,134.1093,134.3108,CANARA,Equity,Large Cap
120716,Canara Robeco Bluechip Equity Fund - Direct Growth,2022-05-24,133.0424,132.8428,133.0424,CANARA,Equity,Large Cap
120716,Canara Robeco Bluechip Equity Fund - Direct Growth,2022-05-25,132.7396,132.5405,132.7396,CANARA,Equity,Large Cap
120716,Canara Robeco Bluechip Equity Fund - Direct Growth,2022-05-26,133.2419,133.042,133.2419,CANARA,Equity,Large Cap
120716,Canara Robeco Bluechip Equity Fund - Direct Growth,2022-05-27,133.0508,132.8512,133.0508,CANARA,Equity,Large Cap
120716,Canara Robeco Bluechip Equity Fund - Direct Growth,2022-05-30,135.9023,135.6984,135.9023,CANARA,Equity,Large Cap
120716,Canara Robeco Bluechip Equity Fund - Direct Growth,2022-05-31,133.1595,132.9598,133.1595,CANARA,Equity,Large Cap
120716,Canara Robeco Bluechip Equity Fund - Direct Growth,2022-06-01,134.5325,134.3307,134.5325,CANARA,Equity,Large Cap
120716,Canara Robeco Bluechip Equity Fund - Direct Growth,2022-06-02,137.3038,137.0978,137.3038,CANARA,Equity,Large Cap
120716,Canara Robeco Bluechip Equity Fund - Direct Growth,2022-06-03,138.0059,137.7989,138.0059,CANARA,Equity,Large Cap
120716,Canara Robeco Bluechip Equity Fund - Direct Growth,2022-06-06,134.3391,134.1376,134.3391,CANARA,Equity,Large Cap
120716,Canara Robeco Bluechip Equity Fund - Direct Growth,2022-06-07,135.4292,135.2261,135.4292,CANARA,Equity,Large Cap
120716,Canara Robeco Bluechip Equity Fund - Direct Growth,2022-06-08,133.2873,133.0874,133.2873,CANARA,Equity,Large Cap
120716,Canara Robeco Bluechip Equity Fund - Direct Growth,2022-06-09,132.8606,132.6613,132.8606,CANARA,Equity,Large Cap
120716,Canara Robeco Bluechip Equity Fund - Direct Growth,2022-06-10,131.3125,131.1155,131.3125,CANARA,Equity,Large Cap
120716,Canara Robeco Bluechip Equity Fund - Direct Growth,2022-06-13,131.3696,131.1725,131.3696,CANARA,Equity,Large Cap
120716,Canara Robeco Bluechip Equity Fund - Direct Growth,2022-06-14,131.4574,131.2602,131.4574,CANARA,Equity,Large Cap
120716,Canara Robeco Bluechip Equity Fund - Direct Growth,2022-06-15,129.9535,129.7586,129.9535,CANARA,Equity,Large Cap
120716,Canara Robeco Bluechip Equity Fund - Direct Growth,2022-06-16,130.9831,130.7866,130.9831,CANARA,Equity,Large Cap
120716,Canara Robeco Bluechip Equity Fund - Direct Growth,2022-06-17,130.9588,130.7624,130.9588,CANARA,Equity,Large Cap
120716,Canara Robeco Bluechip Equity Fund - Direct Growth,2022-06-20,133.8042,133.6035,133.8042,CANARA,Equity,Large Cap
120716,Canara Robeco Bluechip Equity Fund - Direct Growth,2022-06-21,133.6116,133.4112,133.6116,CANARA,Equity,Large Cap
120716,Canara Robeco Bluechip Equity Fund - Direct Growth,2022-06-22,135.9341,135.7302,135.9341,CANARA,Equity,Large Cap
120716,Canara Robeco Bluechip Equity Fund - Direct Growth,2022-06-23,138.9929,138.7844,138.9929,CANARA,Equity,Large Cap
120716,Canara Robeco Bluechip Equity Fund - Direct Growth,2022-06-24,138.8061,138.5979,138.8061,CANARA,Equity,Large Cap
120716,Canara Robeco Bluechip Equity Fund - Direct Growth,2022-06-27,137.6546,137.4481,137.6546,CANARA,Equity,Large Cap
120716,Canara Robeco Bluechip Equity Fund - Direct Growth,2022-06-28,137.3808,137.1747,137.3808,CANARA,Equity,Large Cap
120716,Canara Robeco Bluechip Equity Fund - Direct Growth,2022-06-29,137.7405,137.5339,137.7405,CANARA,Equity,Large Cap
120716,Canara Robeco Bluechip Equity Fund - Direct Growth,2022-06-30,138.3456,138.1381,138.3456,CANARA,Equity,Large Cap
120716,Canara Robeco Bluechip Equity Fund - Direct Growth,2022-07-01,139.3303,139.1213,139.3303,CANARA,Equity,Large Cap
120716,Canara Robeco Bluechip Equity Fund - Direct Growth,2022-07-04,136.3116,136.1071,136.3116,CANARA,Equity,Large Cap
120716,Canara Robeco Bluechip Equity Fund - Direct Growth,2022-07-05,135.4723,135.2691,135.4723,CANARA,Equity,Large Cap
120716,Canara Robeco Bluechip Equity Fund - Direct Growth,2022-07-06,135.0677,134.8651,135.0677,CANARA,Equity,Large Cap
120716,Canara Robeco Bluechip Equity Fund - Direct Growth,2022-07-07,136.8248,136.6196,136.8248,CANARA,Equity,Large Cap
120716,Canara Robeco Bluechip Equity Fund - Direct Growth,2022-07-08,134.9701,134.7676,134.9701,CANARA,Equity,Large Cap
120716,Canara Robeco Bluechip Equity Fund - Direct Growth,2022-07-11,135.6014,135.398,135.6014,CANARA,Equity,Large Cap
120716,Canara Robeco Bluechip Equity Fund - Direct Growth,2022-07-12,136.4048,136.2002,136.4048,CANARA,Equity,Large Cap
120716,Canara Robeco Bluechip Equity Fund - Direct Growth,2022-07-13,136.231,136.0267,136.231,CANARA,Equity,Large Cap
120716,Canara Robeco Bluechip Equity Fund - Direct Growth,2022-07-14,136.7053,136.5002,136.7053,CANARA,Equity,Large Cap
120716,Canara Robeco Bluechip Equity Fund - Direct Growth,2022-07-15,136.3852,136.1806,136.3852,CANARA,Equity,Large Cap
120716,Canara Robeco Bluechip Equity Fund - Direct Growth,2022-07-18,134.5019,134.3001,134.5019,CANARA,Equity,Large Cap
120716,Canara Robeco Bluechip Equity Fund - Direct Growth,2022-07-19,135.0344,134.8318,135.0344,CANARA,Equity,Large Cap
120716,Canara Robeco Bluechip Equity Fund - Direct Growth,2022-07-20,135.9532,135.7493,135.9532,CANARA,Equity,Large Cap
120716,Canara Robeco Bluechip Equity Fund - Direct Growth,2022-07-21,138.4432,138.2355,138.4432,CANARA,Equity,Large Cap
120716,Canara Robeco Bluechip Equity Fund - Direct Growth,2022-07-22,137.849,137.6422,137.849,CANARA,Equity,Large Cap
120716,Canara Robeco Bluechip Equity Fund - Direct Growth,2022-07-25,141.5743,141.3619,141.5743,CANARA,Equity,Large Cap
120716,Canara Robeco Bluechip Equity Fund - Direct Growth,2022-07-26,143.0197,142.8052,143.0197,CANARA,Equity,Large Cap
120716,Canara Robeco Bluechip Equity Fund - Direct Growth,2022-07-27,141.5092,141.2969,141.5092,CANARA,Equity,Large Cap
120716,Canara Robeco Bluechip Equity Fund - Direct Growth,2022-07-28,142.0872,141.8741,142.0872,CANARA,Equity,Large Cap
120716,Canara Robeco Bluechip Equity Fund - Direct Growth,2022-07-29,142.0567,141.8436,142.0567,CANARA,Equity,Large Cap
120716,Canara Robeco Bluechip Equity Fund - Direct Growth,2022-08-01,142.384,142.1704,142.384,CANARA,Equity,Large Cap
120716,Canara Robeco Bluechip Equity Fund - Direct Growth,2022-08-02,144.7802,144.563,144.7802,CANARA,Equity,Large Cap
120716,Canara Robeco Bluechip Equity Fund - Direct Growth,2022-08-03,144.6666,144.4496,144.6666,CANARA,Equity,Large Cap
120716,Canara Robeco Bluechip Equity Fund - Direct Growth,2022-08-04,146.1591,145.9399,146.1591,CANARA,Equity,Large Cap
120716,Canara Robeco Bluechip Equity Fund - Direct Growth,2022-08-05,145.8223,145.6036,145.8223,CANARA,Equity,Large Cap
120716,Canara Robeco Bluechip Equity Fund - Direct Growth,2022-08-08,146.6164,146.3965,146.6164,CANARA,Equity,Large Cap
120716,Canara Robeco Bluechip Equity Fund - Direct Growth,2022-08-09,149.3573,149.1333,149.3573,CANARA,Equity,Large Cap
120716,Canara Robeco Bluechip Equity Fund - Direct Growth,2022-08-10,148.6196,148.3967,148.6196,CANARA,Equity,Large Cap
120716,Canara Robeco Bluechip Equity Fund - Direct Growth,2022-08-11,151.5345,151.3072,151.5345,CANARA,Equity,Large Cap
120716,Canara Robeco Bluechip Equity Fund - Direct Growth,2022-08-12,153.2168,152.987,153.2168,CANARA,Equity,Large Cap
120716,Canara Robeco Bluechip Equity Fund - Direct Growth,2022-08-15,149.751,149.5264,149.751,CANARA,Equity,Large Cap
120716,Canara Robeco Bluechip Equity Fund - Direct Growth,2022-08-16,149.9935,149.7685,149.9935,CANARA,Equity,Large Cap
120716,Canara Robeco Bluechip Equity Fund - Direct Growth,2022-08-17,152.1544,151.9262,152.1544,CANARA,Equity,Large Cap
120716,Canara Robeco Bluechip Equity Fund - Direct Growth,2022-08-18,155.1155,154.8828,155.1155,CANARA,Equity,Large Cap
120716,Canara Robeco Bluechip Equity Fund - Direct Growth,2022-08-19,153.9025,153.6716,153.9025,CANARA,Equity,Large Cap
120716,Canara Robeco Bluechip Equity Fund - Direct Growth,2022-08-22,159.0178,158.7793,159.0178,CANARA,Equity,Large Cap
120716,Canara Robeco Bluechip Equity Fund - Direct Growth,2022-08-23,160.033,159.793,160.033,CANARA,Equity,Large Cap
120716,Canara Robeco Bluechip Equity Fund - Direct Growth,2022-08-24,156.3666,156.1321,156.3666,CANARA,Equity,Large Cap
120716,Canara Robeco Bluechip Equity Fund - Direct Growth,2022-08-25,156.1375,155.9033,156.1375,CANARA,Equity,Large Cap
120716,Canara Robeco Bluechip Equity Fund - Direct Growth,2022-08-26,154.0346,153.8035,154.0346,CANARA,Equity,Large Cap
120716,Canara Robeco Bluechip Equity Fund - Direct Growth,2022-08-29,156.223,155.9887,156.223,CANARA,Equity,Large Cap
120716,Canara Robeco Bluechip Equity Fund - Direct Growth,2022-08-30,158.4378,158.2001,158.4378,CANARA,Equity,Large Cap
120716,Canara Robeco Bluechip Equity Fund - Direct Growth,2022-08-31,159.1509,158.9122,159.1509,CANARA,Equity,Large Cap
120716,Canara Robeco Bluechip Equity Fund - Direct Growth,2022-09-01,156.735,156.4999,156.735,CANARA,Equity,Large Cap
120716,Canara Robeco Bluechip Equity Fund - Direct Growth,2022-09-02,152.0564,151.8283,152.0564,CANARA,Equity,Large Cap
120716,Canara Robeco Bluechip Equity Fund - Direct Growth,2022-09-05,150.3368,150.1113,150.3368,CANARA,Equity,Large Cap
120716,Canara Robeco Bluechip Equity Fund - Direct Growth,2022-09-06,147.3289,147.1079,147.3289,CANARA,Equity,Large Cap
120716,Canara Robeco Bluechip Equity Fund - Direct Growth,2022-09-07,146.0888,145.8697,146.0888,CANARA,Equity,Large Cap
120716,Canara Robeco Bluechip Equity Fund - Direct Growth,2022-09-08,145.8063,145.5876,145.8063,CANARA,Equity,Large Cap
120716,Canara Robeco Bluechip Equity Fund - Direct Growth,2022-09-09,147.0297,146.8092,147.0297,CANARA,Equity,Large Cap
120716,Canara Robeco Bluechip Equity Fund - Direct Growth,2022-09-12,148.517,148.2942,148.517,CANARA,Equity,Large Cap
120716,Canara Robeco Bluechip Equity Fund - Direct Growth,2022-09-13,150.1466,149.9214,150.1466,CANARA,Equity,Large Cap
120716,Canara Robeco Bluechip Equity Fund - Direct Growth,2022-09-14,150.2919,150.0665,150.2919,CANARA,Equity,Large Cap
120716,Canara Robeco Bluechip Equity Fund - Direct Growth,2022-09-15,151.6049,151.3775,151.6049,CANARA,Equity,Large Cap
120716,Canara Robeco Bluechip Equity Fund - Direct Growth,2022-09-16,150.8714,150.6451,150.8714,CANARA,Equity,Large Cap
120716,Canara Robeco Bluechip Equity Fund - Direct Growth,2022-09-19,152.2848,152.0564,152.2848,CANARA,Equity,Large Cap
120716,Canara Robeco Bluechip Equity Fund - Direct Growth,2022-09-20,152.3237,152.0952,152.3237,CANARA,Equity,Large Cap
120716,Canara Robeco Bluechip Equity Fund - Direct Growth,2022-09-21,151.9467,151.7188,151.9467,CANARA,Equity,Large Cap
120716,Canara Robeco Bluechip Equity Fund - Direct Growth,2022-09-22,152.8994,152.6701,152.8994,CANARA,Equity,Large Cap
120716,Canara Robeco Bluechip Equity Fund - Direct Growth,2022-09-23,150.7959,150.5697,150.7959,CANARA,Equity,Large Cap
120716,Canara Robeco Bluechip Equity Fund - Direct Growth,2022-09-26,151.6995,151.472,151.6995,CANARA,Equity,Large Cap
120716,Canara Robeco Bluechip Equity Fund - Direct Growth,2022-09-27,154.2121,153.9808,154.2121,CANARA,Equity,Large Cap
120716,Canara Robeco Bluechip Equity Fund - Direct Growth,2022-09-28,155.7061,155.4725,155.7061,CANARA,Equity,Large Cap
120716,Canara Robeco Bluechip Equity Fund - Direct Growth,2022-09-29,155.7544,155.5208,155.7544,CANARA,Equity,Large Cap
120716,Canara Robeco Bluechip Equity Fund - Direct Growth,2022-09-30,156.2217,155.9874,156.2217,CANARA,Equity,Large Cap
120716,Canara Robeco Bluechip Equity Fund - Direct Growth,2022-10-03,154.2694,154.038,154.2694,CANARA,Equity,Large Cap
120716,Canara Robeco Bluechip Equity Fund - Direct Growth,2022-10-04,153.7729,153.5422,153.7729,CANARA,Equity,Large Cap
120716,Canara Robeco Bluechip Equity Fund - Direct Growth,2022-10-05,151.0952,150.8686,151.0952,CANARA,Equity,Large Cap
120716,Canara Robeco Bluechip Equity Fund - Direct Growth,2022-10-06,153.4733,153.2431,153.4733,CANARA,Equity,Large Cap
120716,Canara Robeco Bluechip Equity Fund - Direct Growth,2022-10-07,153.4226,153.1925,153.4226,CANARA,Equity,Large Cap
120716,Canara Robeco Bluechip Equity Fund - Direct Growth,2022-10-10,155.6837,155.4502,155.6837,CANARA,Equity,Large Cap
120716,Canara Robeco Bluechip Equity Fund - Direct Growth,2022-10-11,153.6375,153.407,153.6375,CANARA,Equity,Large Cap
120716,Canara Robeco Bluechip Equity Fund - Direct Growth,2022-10-12,153.5682,153.3378,153.5682,CANARA,Equity,Large Cap
120716,Canara Robeco Bluechip Equity Fund - Direct Growth,2022-10-13,153.012,152.7825,153.012,CANARA,Equity,Large Cap
120716,Canara Robeco Bluechip Equity Fund - Direct Growth,2022-10-14,149.87,149.6452,149.87,CANARA,Equity,Large Cap
120716,Canara Robeco Bluechip Equity Fund - Direct Growth,2022-10-17,148.2751,148.0527,148.2751,CANARA,Equity,Large Cap
120716,Canara Robeco Bluechip Equity Fund - Direct Growth,2022-10-18,145.6971,145.4786,145.6971,CANARA,Equity,Large Cap
120716,Canara Robeco Bluechip Equity Fund - Direct Growth,2022-10-19,147.7689,147.5472,147.7689,CANARA,Equity,Large Cap
120716,Canara Robeco Bluechip Equity Fund - Direct Growth,2022-10-20,147.647,147.4255,147.647,CANARA,Equity,Large Cap
120716,Canara Robeco Bluechip Equity Fund - Direct Growth,2022-10-21,147.7726,147.5509,147.7726,CANARA,Equity,Large Cap
120716,Canara Robeco Bluechip Equity Fund - Direct Growth,2022-10-24,148.0619,147.8398,148.0619,CANARA,Equity,Large Cap
120716,Canara Robeco Bluechip Equity Fund - Direct Growth,2022-10-25,147.4689,147.2477,147.4689,CANARA,Equity,Large Cap
120716,Canara Robeco Bluechip Equity Fund - Direct Growth,2022-10-26,145.9413,145.7224,145.9413,CANARA,Equity,Large Cap
120716,Canara Robeco Bluechip Equity Fund - Direct Growth,2022-10-27,147.004,146.7835,147.004,CANARA,Equity,Large Cap
120716,Canara Robeco Bluechip Equity Fund - Direct Growth,2022-10-28,149.6942,149.4697,149.6942,CANARA,Equity,Large Cap
120716,Canara Robeco Bluechip Equity Fund - Direct Growth,2022-10-31,151.8962,151.6684,151.8962,CANARA,Equity,Large Cap
120716,Canara Robeco Bluechip Equity Fund - Direct Growth,2022-11-01,149.0449,148.8213,149.0449,CANARA,Equity,Large Cap
120716,Canara Robeco Bluechip Equity Fund - Direct Growth,2022-11-02,151.7697,151.542,151.7697,CANARA,Equity,Large Cap
120716,Canara Robeco Bluechip Equity Fund - Direct Growth,2022-11-03,155.5722,155.3388,155.5722,CANARA,Equity,Large Cap
120716,Canara Robeco Bluechip Equity Fund - Direct Growth,2022-11-04,158.5146,158.2768,158.5146,CANARA,Equity,Large Cap
120716,Canara Robeco Bluechip Equity Fund - Direct Growth,2022-11-07,153.8838,153.653,153.8838,CANARA,Equity,Large Cap
120716,Canara Robeco Bluechip Equity Fund - Direct Growth,2022-11-08,150.8362,150.6099,150.8362,CANARA,Equity,Large Cap
120716,Canara Robeco Bluechip Equity Fund - Direct Growth,2022-11-09,150.7022,150.4761,150.7022,CANARA,Equity,Large Cap
120716,Canara Robeco Bluechip Equity Fund - Direct Growth,2022-11-10,153.6662,153.4357,153.6662,CANARA,Equity,Large Cap
120716,Canara Robeco Bluechip Equity Fund - Direct Growth,2022-11-11,153.4664,153.2362,153.4664,CANARA,Equity,Large Cap
120716,Canara Robeco Bluechip Equity Fund - Direct Growth,2022-11-14,155.9925,155.7585,155.9925,CANARA,Equity,Large Cap
120716,Canara Robeco Bluechip Equity Fund - Direct Growth,2022-11-15,159.8652,159.6254,159.8652,CANARA,Equity,Large Cap
120716,Canara Robeco Bluechip Equity Fund - Direct Growth,2022-11-16,163.7507,163.5051,163.7507,CANARA,Equity,Large Cap
120716,Canara Robeco Bluechip Equity Fund - Direct Growth,2022-11-17,163.5586,163.3133,163.5586,CANARA,Equity,Large Cap
120716,Canara Robeco Bluechip Equity Fund - Direct Growth,2022-11-18,162.4905,162.2468,162.4905,CANARA,Equity,Large Cap
120716,Canara Robeco Bluechip Equity Fund - Direct Growth,2022-11-21,161.096,160.8544,161.096,CANARA,Equity,Large Cap
120716,Canara Robeco Bluechip Equity Fund - Direct Growth,2022-11-22,163.6373,163.3918,163.6373,CANARA,Equity,Large Cap
120716,Canara Robeco Bluechip Equity Fund - Direct Growth,2022-11-23,166.0914,165.8423,166.0914,CANARA,Equity,Large Cap
120716,Canara Robeco Bluechip Equity Fund - Direct Growth,2022-11-24,166.4678,166.2181,166.4678,CANARA,Equity,Large Cap
120716,Canara Robeco Bluechip Equity Fund - Direct Growth,2022-11-25,164.0117,163.7657,164.0117,CANARA,Equity,Large Cap
120716,Canara Robeco Bluechip Equity Fund - Direct Growth,2022-11-28,161.0235,160.782,161.0235,CANARA,Equity,Large Cap
120716,Canara Robeco Bluechip Equity Fund - Direct Growth,2022-11-29,160.4288,160.1882,160.4288,CANARA,Equity,Large Cap
120716,Canara Robeco Bluechip Equity Fund - Direct Growth,2022-11-30,162.4604,162.2167,162.4604,CANARA,Equity,Large Cap
120716,Canara Robeco Bluechip Equity Fund - Direct Growth,2022-12-01,163.9547,163.7088,163.9547,CANARA,Equity,Large Cap
120716,Canara Robeco Bluechip Equity Fund - Direct Growth,2022-12-02,166.7317,166.4816,166.7317,CANARA,Equity,Large Cap
120716,Canara Robeco Bluechip Equity Fund - Direct Growth,2022-12-05,165.7648,165.5162,165.7648,CANARA,Equity,Large Cap
120716,Canara Robeco Bluechip Equity Fund - Direct Growth,2022-12-06,166.7224,166.4723,166.7224,CANARA,Equity,Large Cap
120716,Canara Robeco Bluechip Equity Fund - Direct Growth,2022-12-07,169.8549,169.6001,169.8549,CANARA,Equity,Large Cap
120716,Canara Robeco Bluechip Equity Fund - Direct Growth,2022-12-08,170.78,170.5238,170.78,CANARA,Equity,Large Cap
120716,Canara Robeco Bluechip Equity Fund - Direct Growth,2022-12-09,174.6358,174.3738,174.6358,CANARA,Equity,Large Cap
120716,Canara Robeco Bluechip Equity Fund - Direct Growth,2022-12-12,177.5286,177.2623,177.5286,CANARA,Equity,Large Cap
120716,Canara Robeco Bluechip Equity Fund - Direct Growth,2022-12-13,177.63,177.3636,177.63,CANARA,Equity,Large Cap
120716,Canara Robeco Bluechip Equity Fund - Direct Growth,2022-12-14,179.6428,179.3733,179.6428,CANARA,Equity,Large Cap
120716,Canara Robeco Bluechip Equity Fund - Direct Growth,2022-12-15,183.1918,182.917,183.1918,CANARA,Equity,Large Cap
120716,Canara Robeco Bluechip Equity Fund - Direct Growth,2022-12-16,184.8682,184.5909,184.8682,CANARA,Equity,Large Cap
120716,Canara Robeco Bluechip Equity Fund - Direct Growth,2022-12-19,183.0183,182.7438,183.0183,CANARA,Equity,Large Cap
120716,Canara Robeco Bluechip Equity Fund - Direct Growth,2022-12-20,179.968,179.698,179.968,CANARA,Equity,Large Cap
120716,Canara Robeco Bluechip Equity Fund - Direct Growth,2022-12-21,181.5121,181.2398,181.5121,CANARA,Equity,Large Cap
120716,Canara Robeco Bluechip Equity Fund - Direct Growth,2022-12-22,181.6154,181.343,181.6154,CANARA,Equity,Large Cap
120716,Canara Robeco Bluechip Equity Fund - Direct Growth,2022-12-23,183.0077,182.7332,183.0077,CANARA,Equity,Large Cap
120716,Canara Robeco Bluechip Equity Fund - Direct Growth,2022-12-26,182.8211,182.5469,182.8211,CANARA,Equity,Large Cap
120716,Canara Robeco Bluechip Equity Fund - Direct Growth,2022-12-27,184.1458,183.8696,184.1458,CANARA,Equity,Large Cap
120716,Canara Robeco Bluechip Equity Fund - Direct Growth,2022-12-28,186.4169,186.1373,186.4169,CANARA,Equity,Large Cap
120716,Canara Robeco Bluechip Equity Fund - Direct Growth,2022-12-29,189.2218,188.938,189.2218,CANARA,Equity,Large Cap
120716,Canara Robeco Bluechip Equity Fund - Direct Growth,2022-12-30,193.8696,193.5788,193.8696,CANARA,Equity,Large Cap
120716,Canara Robeco Bluechip Equity Fund - Direct Growth,2023-01-02,191.7418,191.4542,191.7418,CANARA,Equity,Large Cap
120716,Canara Robeco Bluechip Equity Fund - Direct Growth,2023-01-03,190.5958,190.3099,190.5958,CANARA,Equity,Large Cap
120716,Canara Robeco Bluechip Equity Fund - Direct Growth,2023-01-04,190.2304,189.9451,190.2304,CANARA,Equity,Large Cap
120716,Canara Robeco Bluechip Equity Fund - Direct Growth,2023-01-05,192.7041,192.415,192.7041,CANARA,Equity,Large Cap
120716,Canara Robeco Bluechip Equity Fund - Direct Growth,2023-01-06,191.3683,191.0812,191.3683,CANARA,Equity,Large Cap
120716,Canara Robeco Bluechip Equity Fund - Direct Growth,2023-01-09,193.0134,192.7239,193.0134,CANARA,Equity,Large Cap
120716,Canara Robeco Bluechip Equity Fund - Direct Growth,2023-01-10,193.6671,193.3766,193.6671,CANARA,Equity,Large Cap
120716,Canara Robeco Bluechip Equity Fund - Direct Growth,2023-01-11,192.8355,192.5462,192.8355,CANARA,Equity,Large Cap
120716,Canara Robeco Bluechip Equity Fund - Direct Growth,2023-01-12,191.9198,191.6319,191.9198,CANARA,Equity,Large Cap
120716,Canara Robeco Bluechip Equity Fund - Direct Growth,2023-01-13,188.0704,187.7883,188.0704,CANARA,Equity,Large Cap
120716,Canara Robeco Bluechip Equity Fund - Direct Growth,2023-01-16,185.5,185.2218,185.5,CANARA,Equity,Large Cap
120716,Canara Robeco Bluechip Equity Fund - Direct Growth,2023-01-17,186.5022,186.2224,186.5022,CANARA,Equity,Large Cap
120716,Canara Robeco Bluechip Equity Fund - Direct Growth,2023-01-18,188.0508,187.7687,188.0508,CANARA,Equity,Large Cap
120716,Canara Robeco Bluechip Equity Fund - Direct Growth,2023-01-19,188.65,188.367,188.65,CANARA,Equity,Large Cap
120716,Canara Robeco Bluechip Equity Fund - Direct Growth,2023-01-20,190.9789,190.6924,190.9789,CANARA,Equity,Large Cap
120716,Canara Robeco Bluechip Equity Fund - Direct Growth,2023-01-23,190.7817,190.4955,190.7817,CANARA,Equity,Large Cap
120716,Canara Robeco Bluechip Equity Fund - Direct Growth,2023-01-24,191.5742,191.2868,191.5742,CANARA,Equity,Large Cap
120716,Canara Robeco Bluechip Equity Fund - Direct Growth,2023-01-25,192.9699,192.6804,192.9699,CANARA,Equity,Large Cap
120716,Canara Robeco Bluechip Equity Fund - Direct Growth,2023-01-26,196.284,195.9896,196.284,CANARA,Equity,Large Cap
120716,Canara Robeco Bluechip Equity Fund - Direct Growth,2023-01-27,199.1682,198.8694,199.1682,CANARA,Equity,Large Cap
120716,Canara Robeco Bluechip Equity Fund - Direct Growth,2023-01-30,199.4624,199.1632,199.4624,CANARA,Equity,Large Cap
120716,Canara Robeco Bluechip Equity Fund - Direct Growth,2023-01-31,202.0985,201.7954,202.0985,CANARA,Equity,Large Cap
120716,Canara Robeco Bluechip Equity Fund - Direct Growth,2023-02-01,204.4565,204.1498,204.4565,CANARA,Equity,Large Cap
120716,Canara Robeco Bluechip Equity Fund - Direct Growth,2023-02-02,204.3816,204.075,204.3816,CANARA,Equity,Large Cap
120716,Canara Robeco Bluechip Equity Fund - Direct Growth,2023-02-03,201.3878,201.0857,201.3878,CANARA,Equity,Large Cap
120716,Canara Robeco Bluechip Equity Fund - Direct Growth,2023-02-06,200.6855,200.3845,200.6855,CANARA,Equity,Large Cap
120716,Canara Robeco Bluechip Equity Fund - Direct Growth,2023-02-07,198.1199,197.8227,198.1199,CANARA,Equity,Large Cap
120716,Canara Robeco Bluechip Equity Fund - Direct Growth,2023-02-08,198.3051,198.0076,198.3051,CANARA,Equity,Large Cap
120716,Canara Robeco Bluechip Equity Fund - Direct Growth,2023-02-09,199.8865,199.5867,199.8865,CANARA,Equity,Large Cap
120716,Canara Robeco Bluechip Equity Fund - Direct Growth,2023-02-10,197.2051,196.9093,197.2051,CANARA,Equity,Large Cap
120716,Canara Robeco Bluechip Equity Fund - Direct Growth,2023-02-13,202.1571,201.8539,202.1571,CANARA,Equity,Large Cap
120716,Canara Robeco Bluechip Equity Fund - Direct Growth,2023-02-14,200.9439,200.6425,200.9439,CANARA,Equity,Large Cap
120716,Canara Robeco Bluechip Equity Fund - Direct Growth,2023-02-15,198.5487,198.2509,198.5487,CANARA,Equity,Large Cap
120716,Canara Robeco Bluechip Equity Fund - Direct Growth,2023-02-16,197.5366,197.2403,197.5366,CANARA,Equity,Large Cap
120716,Canara Robeco Bluechip Equity Fund - Direct Growth,2023-02-17,197.3901,197.094,197.3901,CANARA,Equity,Large Cap
120716,Canara Robeco Bluechip Equity Fund - Direct Growth,2023-02-20,196.9825,196.687,196.9825,CANARA,Equity,Large Cap
120716,Canara Robeco Bluechip Equity Fund - Direct Growth,2023-02-21,196.6567,196.3617,196.6567,CANARA,Equity,Large Cap
120716,Canara Robeco Bluechip Equity Fund - Direct Growth,2023-02-22,196.5793,196.2844,196.5793,CANARA,Equity,Large Cap
120716,Canara Robeco Bluechip Equity Fund - Direct Growth,2023-02-23,192.6259,192.337,192.6259,CANARA,Equity,Large Cap
120716,Canara Robeco Bluechip Equity Fund - Direct Growth,2023-02-24,193.6084,193.318,193.6084,CANARA,Equity,Large Cap
120716,Canara Robeco Bluechip Equity Fund - Direct Growth,2023-02-27,195.1492,194.8565,195.1492,CANARA,Equity,Large Cap
120716,Canara Robeco Bluechip Equity Fund - Direct Growth,2023-02-28,190.9926,190.7061,190.9926,CANARA,Equity,Large Cap
120716,Canara Robeco Bluechip Equity Fund - Direct Growth,2023-03-01,192.4856,192.1969,192.4856,CANARA,Equity,Large Cap
120716,Canara Robeco Bluechip Equity Fund - Direct Growth,2023-03-02,193.363,193.073,193.363,CANARA,Equity,Large Cap
120716,Canara Robeco Bluechip Equity Fund - Direct Growth,2023-03-03,191.1004,190.8137,191.1004,CANARA,Equity,Large Cap
120716,Canara Robeco Bluechip Equity Fund - Direct Growth,2023-03-06,194.5272,194.2354,194.5272,CANARA,Equity,Large Cap
120716,Canara Robeco Bluechip Equity Fund - Direct Growth,2023-03-07,188.7985,188.5153,188.7985,CANARA,Equity,Large Cap
120716,Canara Robeco Bluechip Equity Fund - Direct Growth,2023-03-08,187.8359,187.5541,187.8359,CANARA,Equity,Large Cap
120716,Canara Robeco Bluechip Equity Fund - Direct Growth,2023-03-09,191.6622,191.3747,191.6622,CANARA,Equity,Large Cap
120716,Canara Robeco Bluechip Equity Fund - Direct Growth,2023-03-10,190.6439,190.3579,190.6439,CANARA,Equity,Large Cap
120716,Canara Robeco Bluechip Equity Fund - Direct Growth,2023-03-13,186.5633,186.2835,186.5633,CANARA,Equity,Large Cap
120716,Canara Robeco Bluechip Equity Fund - Direct Growth,2023-03-14,182.8213,182.5471,182.8213,CANARA,Equity,Large Cap
120716,Canara Robeco Bluechip Equity Fund - Direct Growth,2023-03-15,185.2036,184.9258,185.2036,CANARA,Equity,Large Cap
120716,Canara Robeco Bluechip Equity Fund - Direct Growth,2023-03-16,181.1819,180.9101,181.1819,CANARA,Equity,Large Cap
120716,Canara Robeco Bluechip Equity Fund - Direct Growth,2023-03-17,181.792,181.5193,181.792,CANARA,Equity,Large Cap
120716,Canara Robeco Bluechip Equity Fund - Direct Growth,2023-03-20,178.7399,178.4718,178.7399,CANARA,Equity,Large Cap
120716,Canara Robeco Bluechip Equity Fund - Direct Growth,2023-03-21,181.4135,181.1414,181.4135,CANARA,Equity,Large Cap
120716,Canara Robeco Bluechip Equity Fund - Direct Growth,2023-03-22,182.6462,182.3722,182.6462,CANARA,Equity,Large Cap
120716,Canara Robeco Bluechip Equity Fund - Direct Growth,2023-03-23,181.3663,181.0943,181.3663,CANARA,Equity,Large Cap
120716,Canara Robeco Bluechip Equity Fund - Direct Growth,2023-03-24,184.0554,183.7793,184.0554,CANARA,Equity,Large Cap
120716,Canara Robeco Bluechip Equity Fund - Direct Growth,2023-03-27,185.5216,185.2433,185.5216,CANARA,Equity,Large Cap
120716,Canara Robeco Bluechip Equity Fund - Direct Growth,2023-03-28,184.6754,184.3984,184.6754,CANARA,Equity,Large Cap
120716,Canara Robeco Bluechip Equity Fund - Direct Growth,2023-03-29,185.3839,185.1058,185.3839,CANARA,Equity,Large Cap
120716,Canara Robeco Bluechip Equity Fund - Direct Growth,2023-03-30,185.0385,184.7609,185.0385,CANARA,Equity,Large Cap
120716,Canara Robeco Bluechip Equity Fund - Direct Growth,2023-03-31,187.1974,186.9166,187.1974,CANARA,Equity,Large Cap
120716,Canara Robeco Bluechip Equity Fund - Direct Growth,2023-04-03,181.0772,180.8056,181.0772,CANARA,Equity,Large Cap
120716,Canara Robeco Bluechip Equity Fund - Direct Growth,2023-04-04,180.0815,179.8114,180.0815,CANARA,Equity,Large Cap
120716,Canara Robeco Bluechip Equity Fund - Direct Growth,2023-04-05,178.7985,178.5303,178.7985,CANARA,Equity,Large Cap
120716,Canara Robeco Bluechip Equity Fund - Direct Growth,2023-04-06,175.0765,174.8139,175.0765,CANARA,Equity,Large Cap
120716,Canara Robeco Bluechip Equity Fund - Direct Growth,2023-04-07,175.1876,174.9248,175.1876,CANARA,Equity,Large Cap
120716,Canara Robeco Bluechip Equity Fund - Direct Growth,2023-04-10,176.807,176.5418,176.807,CANARA,Equity,Large Cap
120716,Canara Robeco Bluechip Equity Fund - Direct Growth,2023-04-11,176.5964,176.3315,176.5964,CANARA,Equity,Large Cap
120716,Canara Robeco Bluechip Equity Fund - Direct Growth,2023-04-12,179.1613,178.8926,179.1613,CANARA,Equity,Large Cap
120716,Canara Robeco Bluechip Equity Fund - Direct Growth,2023-04-13,176.4112,176.1466,176.4112,CANARA,Equity,Large Cap
120716,Canara Robeco Bluechip Equity Fund - Direct Growth,2023-04-14,177.6173,177.3509,177.6173,CANARA,Equity,Large Cap
120716,Canara Robeco Bluechip Equity Fund - Direct Growth,2023-04-17,170.004,169.749,170.004,CANARA,Equity,Large Cap
120716,Canara Robeco Bluechip Equity Fund - Direct Growth,2023-04-18,171.6672,171.4097,171.6672,CANARA,Equity,Large Cap
120716,Canara Robeco Bluechip Equity Fund - Direct Growth,2023-04-19,171.6011,171.3437,171.6011,CANARA,Equity,Large Cap
120716,Canara Robeco Bluechip Equity Fund - Direct Growth,2023-04-20,171.6419,171.3844,171.6419,CANARA,Equity,Large Cap
120716,Canara Robeco Bluechip Equity Fund - Direct Growth,2023-04-21,169.431,169.1769,169.431,CANARA,Equity,Large Cap
120716,Canara Robeco Bluechip Equity Fund - Direct Growth,2023-04-24,168.247,167.9946,168.247,CANARA,Equity,Large Cap
120716,Canara Robeco Bluechip Equity Fund - Direct Growth,2023-04-25,166.3133,166.0638,166.3133,CANARA,Equity,Large Cap
120716,Canara Robeco Bluechip Equity Fund - Direct Growth,2023-04-26,169.0338,168.7802,169.0338,CANARA,Equity,Large Cap
120716,Canara Robeco Bluechip Equity Fund - Direct Growth,2023-04-27,165.7027,165.4541,165.7027,CANARA,Equity,Large Cap
120716,Canara Robeco Bluechip Equity Fund - Direct Growth,2023-04-28,164.1653,163.9191,164.1653,CANARA,Equity,Large Cap
120716,Canara Robeco Bluechip Equity Fund - Direct Growth,2023-05-01,164.1632,163.917,164.1632,CANARA,Equity,Large Cap
120716,Canara Robeco Bluechip Equity Fund - Direct Growth,2023-05-02,164.6604,164.4134,164.6604,CANARA,Equity,Large Cap
120716,Canara Robeco Bluechip Equity Fund - Direct Growth,2023-05-03,163.7869,163.5412,163.7869,CANARA,Equity,Large Cap
120716,Canara Robeco Bluechip Equity Fund - Direct Growth,2023-05-04,162.2096,161.9663,162.2096,CANARA,Equity,Large Cap
120716,Canara Robeco Bluechip Equity Fund - Direct Growth,2023-05-05,160.1414,159.9012,160.1414,CANARA,Equity,Large Cap
120716,Canara Robeco Bluechip Equity Fund - Direct Growth,2023-05-08,161.3433,161.1013,161.3433,CANARA,Equity,Large Cap
120716,Canara Robeco Bluechip Equity Fund - Direct Growth,2023-05-09,164.2998,164.0534,164.2998,CANARA,Equity,Large Cap
120716,Canara Robeco Bluechip Equity Fund - Direct Growth,2023-05-10,165.5703,165.3219,165.5703,CANARA,Equity,Large Cap
120716,Canara Robeco Bluechip Equity Fund - Direct Growth,2023-05-11,164.1137,163.8675,164.1137,CANARA,Equity,Large Cap
120716,Canara Robeco Bluechip Equity Fund - Direct Growth,2023-05-12,162.3417,162.0982,162.3417,CANARA,Equity,Large Cap
120716,Canara Robeco Bluechip Equity Fund - Direct Growth,2023-05-15,159.5902,159.3508,159.5902,CANARA,Equity,Large Cap
120716,Canara Robeco Bluechip Equity Fund - Direct Growth,2023-05-17,162.2926,162.0492,162.2926,CANARA,Equity,Large Cap
120716,Canara Robeco Bluechip Equity Fund - Direct Growth,2023-05-18,165.2702,165.0223,165.2702,CANARA,Equity,Large Cap
120716,Canara Robeco Bluechip Equity Fund - Direct Growth,2023-05-19,167.8718,167.62,167.8718,CANARA,Equity,Large Cap
120716,Canara Robeco Bluechip Equity Fund - Direct Growth,2023-05-22,166.7996,166.5494,166.7996,CANARA,Equity,Large Cap
120716,Canara Robeco Bluechip Equity Fund - Direct Growth,2023-05-23,163.1299,162.8852,163.1299,CANARA,Equity,Large Cap
120716,Canara Robeco Bluechip Equity Fund - Direct Growth,2023-05-24,162.364,162.1205,162.364,CANARA,Equity,Large Cap
120716,Canara Robeco Bluechip Equity Fund - Direct Growth,2023-05-25,163.2037,162.9589,163.2037,CANARA,Equity,Large Cap
120716,Canara Robeco Bluechip Equity Fund - Direct Growth,2023-05-26,162.3627,162.1192,162.3627,CANARA,Equity,Large Cap
120716,Canara Robeco Bluechip Equity Fund - Direct Growth,2023-05-29,164.3903,164.1437,164.3903,CANARA,Equity,Large Cap
120716,Canara Robeco Bluechip Equity Fund - Direct Growth,2023-05-30,162.7925,162.5483,162.7925,CANARA,Equity,Large Cap
120716,Canara Robeco Bluechip Equity Fund - Direct Growth,2023-05-31,164.229,163.9827,164.229,CANARA,Equity,Large Cap
120716,Canara Robeco Bluechip Equity Fund - Direct Growth,2023-06-01,164.6843,164.4373,164.6843,CANARA,Equity,Large Cap
120716,Canara Robeco Bluechip Equity Fund - Direct Growth,2023-06-02,159.7669,159.5272,159.7669,CANARA,Equity,Large Cap
120716,Canara Robeco Bluechip Equity Fund - Direct Growth,2023-06-05,161.5752,161.3328,161.5752,CANARA,Equity,Large Cap
120716,Canara Robeco Bluechip Equity Fund - Direct Growth,2023-06-06,163.3688,163.1237,163.3688,CANARA,Equity,Large Cap
120716,Canara Robeco Bluechip Equity Fund - Direct Growth,2023-06-07,162.116,161.8728,162.116,CANARA,Equity,Large Cap
120716,Canara Robeco Bluechip Equity Fund - Direct Growth,2023-06-08,162.8355,162.5912,162.8355,CANARA,Equity,Large Cap
120716,Canara Robeco Bluechip Equity Fund - Direct Growth,2023-06-09,159.8388,159.599,159.8388,CANARA,Equity,Large Cap
120716,Canara Robeco Bluechip Equity Fund - Direct Growth,2023-06-12,162.6156,162.3717,162.6156,CANARA,Equity,Large Cap
120716,Canara Robeco Bluechip Equity Fund - Direct Growth,2023-06-13,161.198,160.9562,161.198,CANARA,Equity,Large Cap
120716,Canara Robeco Bluechip Equity Fund - Direct Growth,2023-06-14,159.889,159.6492,159.889,CANARA,Equity,Large Cap
120716,Canara Robeco Bluechip Equity Fund - Direct Growth,2023-06-15,160.2024,159.9621,160.2024,CANARA,Equity,Large Cap
120716,Canara Robeco Bluechip Equity Fund - Direct Growth,2023-06-16,158.2229,157.9856,158.2229,CANARA,Equity,Large Cap
120716,Canara Robeco Bluechip Equity Fund - Direct Growth,2023-06-19,161.8615,161.6187,161.8615,CANARA,Equity,Large Cap
120716,Canara Robeco Bluechip Equity Fund - Direct Growth,2023-06-20,158.4914,158.2537,158.4914,CANARA,Equity,Large Cap
120716,Canara Robeco Bluechip Equity Fund - Direct Growth,2023-06-21,160.4475,160.2068,160.4475,CANARA,Equity,Large Cap
120716,Canara Robeco Bluechip Equity Fund - Direct Growth,2023-06-22,162.3165,162.073,162.3165,CANARA,Equity,Large Cap
120716,Canara Robeco Bluechip Equity Fund - Direct Growth,2023-06-23,163.9984,163.7524,163.9984,CANARA,Equity,Large Cap
120716,Canara Robeco Bluechip Equity Fund - Direct Growth,2023-06-26,167.4131,167.162,167.4131,CANARA,Equity,Large Cap
120716,Canara Robeco Bluechip Equity Fund - Direct Growth,2023-06-27,171.3443,171.0873,171.3443,CANARA,Equity,Large Cap
120716,Canara Robeco Bluechip Equity Fund - Direct Growth,2023-06-28,169.4533,169.1991,169.4533,CANARA,Equity,Large Cap
120716,Canara Robeco Bluechip Equity Fund - Direct Growth,2023-06-29,171.7134,171.4558,171.7134,CANARA,Equity,Large Cap
120716,Canara Robeco Bluechip Equity Fund - Direct Growth,2023-06-30,171.6044,171.347,171.6044,CANARA,Equity,Large Cap
120716,Canara Robeco Bluechip Equity Fund - Direct Growth,2023-07-03,167.8062,167.5545,167.8062,CANARA,Equity,Large Cap
120716,Canara Robeco Bluechip Equity Fund - Direct Growth,2023-07-04,165.8652,165.6164,165.8652,CANARA,Equity,Large Cap
120716,Canara Robeco Bluechip Equity Fund - Direct Growth,2023-07-05,165.0083,164.7608,165.0083,CANARA,Equity,Large Cap
120716,Canara Robeco Bluechip Equity Fund - Direct Growth,2023-07-06,162.8998,162.6555,162.8998,CANARA,Equity,Large Cap
120716,Canara Robeco Bluechip Equity Fund - Direct Growth,2023-07-07,162.0874,161.8443,162.0874,CANARA,Equity,Large Cap
120716,Canara Robeco Bluechip Equity Fund - Direct Growth,2023-07-10,158.5472,158.3094,158.5472,CANARA,Equity,Large Cap
120716,Canara Robeco Bluechip Equity Fund - Direct Growth,2023-07-11,155.8604,155.6266,155.8604,CANARA,Equity,Large Cap
120716,Canara Robeco Bluechip Equity Fund - Direct Growth,2023-07-12,156.5996,156.3647,156.5996,CANARA,Equity,Large Cap
120716,Canara Robeco Bluechip Equity Fund - Direct Growth,2023-07-13,155.1637,154.931,155.1637,CANARA,Equity,Large Cap
120716,Canara Robeco Bluechip Equity Fund - Direct Growth,2023-07-14,157.2265,156.9907,157.2265,CANARA,Equity,Large Cap
120716,Canara Robeco Bluechip Equity Fund - Direct Growth,2023-07-17,161.6797,161.4372,161.6797,CANARA,Equity,Large Cap
120716,Canara Robeco Bluechip Equity Fund - Direct Growth,2023-07-18,161.1435,160.9018,161.1435,CANARA,Equity,Large Cap
120716,Canara Robeco Bluechip Equity Fund - Direct Growth,2023-07-19,160.0971,159.857,160.0971,CANARA,Equity,Large Cap
120716,Canara Robeco Bluechip Equity Fund - Direct Growth,2023-07-20,161.8358,161.593,161.8358,CANARA,Equity,Large Cap
120716,Canara Robeco Bluechip Equity Fund - Direct Growth,2023-07-21,162.89,162.6457,162.89,CANARA,Equity,Large Cap
120716,Canara Robeco Bluechip Equity Fund - Direct Growth,2023-07-24,165.0139,164.7664,165.0139,CANARA,Equity,Large Cap
120716,Canara Robeco Bluechip Equity Fund - Direct Growth,2023-07-25,165.1448,164.8971,165.1448,CANARA,Equity,Large Cap
120716,Canara Robeco Bluechip Equity Fund - Direct Growth,2023-07-26,165.2529,165.005,165.2529,CANARA,Equity,Large Cap
120716,Canara Robeco Bluechip Equity Fund - Direct Growth,2023-07-27,163.4657,163.2205,163.4657,CANARA,Equity,Large Cap
120716,Canara Robeco Bluechip Equity Fund - Direct Growth,2023-07-28,163.6833,163.4378,163.6833,CANARA,Equity,Large Cap
120716,Canara Robeco Bluechip Equity Fund - Direct Growth,2023-07-31,167.5773,167.3259,167.5773,CANARA,Equity,Large Cap
120716,Canara Robeco Bluechip Equity Fund - Direct Growth,2023-08-01,167.319,167.068,167.319,CANARA,Equity,Large Cap
120716,Canara Robeco Bluechip Equity Fund - Direct Growth,2023-08-02,168.0503,167.7982,168.0503,CANARA,Equity,Large Cap
120716,Canara Robeco Bluechip Equity Fund - Direct Growth,2023-08-03,169.6295,169.3751,169.6295,CANARA,Equity,Large Cap
120716,Canara Robeco Bluechip Equity Fund - Direct Growth,2023-08-04,170.9375,170.6811,170.9375,CANARA,Equity,Large Cap
120716,Canara Robeco Bluechip Equity Fund - Direct Growth,2023-08-07,172.1107,171.8525,172.1107,CANARA,Equity,Large Cap
120716,Canara Robeco Bluechip Equity Fund - Direct Growth,2023-08-08,170.0994,169.8443,170.0994,CANARA,Equity,Large Cap
120716,Canara Robeco Bluechip Equity Fund - Direct Growth,2023-08-09,170.5108,170.255,170.5108,CANARA,Equity,Large Cap
120716,Canara Robeco Bluechip Equity Fund - Direct Growth,2023-08-10,166.1567,165.9075,166.1567,CANARA,Equity,Large Cap
120716,Canara Robeco Bluechip Equity Fund - Direct Growth,2023-08-11,167.1853,166.9345,167.1853,CANARA,Equity,Large Cap
120716,Canara Robeco Bluechip Equity Fund - Direct Growth,2023-08-14,169.4181,169.164,169.4181,CANARA,Equity,Large Cap
120716,Canara Robeco Bluechip Equity Fund - Direct Growth,2023-08-15,170.1142,169.859,170.1142,CANARA,Equity,Large Cap
120716,Canara Robeco Bluechip Equity Fund - Direct Growth,2023-08-16,173.0891,172.8295,173.0891,CANARA,Equity,Large Cap
120716,Canara Robeco Bluechip Equity Fund - Direct Growth,2023-08-17,176.0948,175.8307,176.0948,CANARA,Equity,Large Cap
120716,Canara Robeco Bluechip Equity Fund - Direct Growth,2023-08-18,176.1036,175.8394,176.1036,CANARA,Equity,Large Cap
120716,Canara Robeco Bluechip Equity Fund - Direct Growth,2023-08-21,175.7414,175.4778,175.7414,CANARA,Equity,Large Cap
120716,Canara Robeco Bluechip Equity Fund - Direct Growth,2023-08-22,175.1304,174.8677,175.1304,CANARA,Equity,Large Cap
120716,Canara Robeco Bluechip Equity Fund - Direct Growth,2023-08-23,178.0072,177.7402,178.0072,CANARA,Equity,Large Cap
120716,Canara Robeco Bluechip Equity Fund - Direct Growth,2023-08-24,180.1615,179.8913,180.1615,CANARA,Equity,Large Cap
120716,Canara Robeco Bluechip Equity Fund - Direct Growth,2023-08-25,181.0319,180.7604,181.0319,CANARA,Equity,Large Cap
120716,Canara Robeco Bluechip Equity Fund - Direct Growth,2023-08-28,176.6102,176.3453,176.6102,CANARA,Equity,Large Cap
120716,Canara Robeco Bluechip Equity Fund - Direct Growth,2023-08-29,177.3824,177.1163,177.3824,CANARA,Equity,Large Cap
120716,Canara Robeco Bluechip Equity Fund - Direct Growth,2023-08-30,175.7306,175.467,175.7306,CANARA,Equity,Large Cap
120716,Canara Robeco Bluechip Equity Fund - Direct Growth,2023-08-31,173.6379,173.3774,173.6379,CANARA,Equity,Large Cap
120716,Canara Robeco Bluechip Equity Fund - Direct Growth,2023-09-01,169.4049,169.1508,169.4049,CANARA,Equity,Large Cap
120716,Canara Robeco Bluechip Equity Fund - Direct Growth,2023-09-04,171.5916,171.3342,171.5916,CANARA,Equity,Large Cap
120716,Canara Robeco Bluechip Equity Fund - Direct Growth,2023-09-05,171.6556,171.3981,171.6556,CANARA,Equity,Large Cap
120716,Canara Robeco Bluechip Equity Fund - Direct Growth,2023-09-06,169.5255,169.2712,169.5255,CANARA,Equity,Large Cap
120716,Canara Robeco Bluechip Equity Fund - Direct Growth,2023-09-07,167.032,166.7815,167.032,CANARA,Equity,Large Cap
120716,Canara Robeco Bluechip Equity Fund - Direct Growth,2023-09-08,165.0838,164.8362,165.0838,CANARA,Equity,Large Cap
120716,Canara Robeco Bluechip Equity Fund - Direct Growth,2023-09-11,162.9979,162.7534,162.9979,CANARA,Equity,Large Cap
120716,Canara Robeco Bluechip Equity Fund - Direct Growth,2023-09-12,166.4792,166.2295,166.4792,CANARA,Equity,Large Cap
120716,Canara Robeco Bluechip Equity Fund - Direct Growth,2023-09-13,168.5978,168.3449,168.5978,CANARA,Equity,Large Cap
120716,Canara Robeco Bluechip Equity Fund - Direct Growth,2023-09-14,170.3007,170.0452,170.3007,CANARA,Equity,Large Cap
120716,Canara Robeco Bluechip Equity Fund - Direct Growth,2023-09-15,170.1243,169.8691,170.1243,CANARA,Equity,Large Cap
120716,Canara Robeco Bluechip Equity Fund - Direct Growth,2023-09-18,172.904,172.6446,172.904,CANARA,Equity,Large Cap
120716,Canara Robeco Bluechip Equity Fund - Direct Growth,2023-09-19,173.3258,173.0658,173.3258,CANARA,Equity,Large Cap
120716,Canara Robeco Bluechip Equity Fund - Direct Growth,2023-09-20,174.8549,174.5926,174.8549,CANARA,Equity,Large Cap
120716,Canara Robeco Bluechip Equity Fund - Direct Growth,2023-09-21,176.2612,175.9968,176.2612,CANARA,Equity,Large Cap
120716,Canara Robeco Bluechip Equity Fund - Direct Growth,2023-09-22,175.3268,175.0638,175.3268,CANARA,Equity,Large Cap
120716,Canara Robeco Bluechip Equity Fund - Direct Growth,2023-09-25,177.2616,176.9957,177.2616,CANARA,Equity,Large Cap
120716,Canara Robeco Bluechip Equity Fund - Direct Growth,2023-09-26,176.4958,176.2311,176.4958,CANARA,Equity,Large Cap
120716,Canara Robeco Bluechip Equity Fund - Direct Growth,2023-09-27,173.2048,172.945,173.2048,CANARA,Equity,Large Cap
120716,Canara Robeco Bluechip Equity Fund - Direct Growth,2023-09-28,172.8432,172.5839,172.8432,CANARA,Equity,Large Cap
120716,Canara Robeco Bluechip Equity Fund - Direct Growth,2023-09-29,174.2056,173.9443,174.2056,CANARA,Equity,Large Cap
120716,Canara Robeco Bluechip Equity Fund - Direct Growth,2023-10-02,174.7327,174.4706,174.7327,CANARA,Equity,Large Cap
120716,Canara Robeco Bluechip Equity Fund - Direct Growth,2023-10-03,173.9861,173.7251,173.9861,CANARA,Equity,Large Cap
120716,Canara Robeco Bluechip Equity Fund - Direct Growth,2023-10-04,176.8864,176.6211,176.8864,CANARA,Equity,Large Cap
120716,Canara Robeco Bluechip Equity Fund - Direct Growth,2023-10-05,176.883,176.6177,176.883,CANARA,Equity,Large Cap
120716,Canara Robeco Bluechip Equity Fund - Direct Growth,2023-10-06,175.0279,174.7654,175.0279,CANARA,Equity,Large Cap
120716,Canara Robeco Bluechip Equity Fund - Direct Growth,2023-10-09,172.9778,172.7183,172.9778,CANARA,Equity,Large Cap
120716,Canara Robeco Bluechip Equity Fund - Direct Growth,2023-10-10,171.1938,170.937,171.1938,CANARA,Equity,Large Cap
120716,Canara Robeco Bluechip Equity Fund - Direct Growth,2023-10-11,174.8246,174.5624,174.8246,CANARA,Equity,Large Cap
120716,Canara Robeco Bluechip Equity Fund - Direct Growth,2023-10-12,175.7006,175.437,175.7006,CANARA,Equity,Large Cap
120716,Canara Robeco Bluechip Equity Fund - Direct Growth,2023-10-13,175.9981,175.7341,175.9981,CANARA,Equity,Large Cap
120716,Canara Robeco Bluechip Equity Fund - Direct Growth,2023-10-16,176.8894,176.6241,176.8894,CANARA,Equity,Large Cap
120716,Canara Robeco Bluechip Equity Fund - Direct Growth,2023-10-17,177.5803,177.3139,177.5803,CANARA,Equity,Large Cap
120716,Canara Robeco Bluechip Equity Fund - Direct Growth,2023-10-18,177.8961,177.6293,177.8961,CANARA,Equity,Large Cap
120716,Canara Robeco Bluechip Equity Fund - Direct Growth,2023-10-19,179.8219,179.5522,179.8219,CANARA,Equity,Large Cap
120716,Canara Robeco Bluechip Equity Fund - Direct Growth,2023-10-20,179.9437,179.6738,179.9437,CANARA,Equity,Large Cap
120716,Canara Robeco Bluechip Equity Fund - Direct Growth,2023-10-23,172.5428,172.284,172.5428,CANARA,Equity,Large Cap
120716,Canara Robeco Bluechip Equity Fund - Direct Growth,2023-10-24,176.8084,176.5432,176.8084,CANARA,Equity,Large Cap
120716,Canara Robeco Bluechip Equity Fund - Direct Growth,2023-10-25,178.7096,178.4415,178.7096,CANARA,Equity,Large Cap
120716,Canara Robeco Bluechip Equity Fund - Direct Growth,2023-10-26,177.001,176.7355,177.001,CANARA,Equity,Large Cap
120716,Canara Robeco Bluechip Equity Fund - Direct Growth,2023-10-27,176.4732,176.2085,176.4732,CANARA,Equity,Large Cap
120716,Canara Robeco Bluechip Equity Fund - Direct Growth,2023-10-30,175.538,175.2747,175.538,CANARA,Equity,Large Cap
120716,Canara Robeco Bluechip Equity Fund - Direct Growth,2023-10-31,175.8494,175.5856,175.8494,CANARA,Equity,Large Cap
120716,Canara Robeco Bluechip Equity Fund - Direct Growth,2023-11-01,175.6907,175.4272,175.6907,CANARA,Equity,Large Cap
120716,Canara Robeco Bluechip Equity Fund - Direct Growth,2023-11-02,177.5042,177.2379,177.5042,CANARA,Equity,Large Cap
120716,Canara Robeco Bluechip Equity Fund - Direct Growth,2023-11-03,177.3537,177.0877,177.3537,CANARA,Equity,Large Cap
120716,Canara Robeco Bluechip Equity Fund - Direct Growth,2023-11-06,171.2772,171.0203,171.2772,CANARA,Equity,Large Cap
120716,Canara Robeco Bluechip Equity Fund - Direct Growth,2023-11-07,171.5093,171.252,171.5093,CANARA,Equity,Large Cap
120716,Canara Robeco Bluechip Equity Fund - Direct Growth,2023-11-08,174.5296,174.2678,174.5296,CANARA,Equity,Large Cap
120716,Canara Robeco Bluechip Equity Fund - Direct Growth,2023-11-09,170.9564,170.7,170.9564,CANARA,Equity,Large Cap
120716,Canara Robeco Bluechip Equity Fund - Direct Growth,2023-11-10,169.3831,169.129,169.3831,CANARA,Equity,Large Cap
120716,Canara Robeco Bluechip Equity Fund - Direct Growth,2023-11-13,169.1798,168.926,169.1798,CANARA,Equity,Large Cap
120716,Canara Robeco Bluechip Equity Fund - Direct Growth,2023-11-14,168.8951,168.6418,168.8951,CANARA,Equity,Large Cap
120716,Canara Robeco Bluechip Equity Fund - Direct Growth,2023-11-15,169.8054,169.5507,169.8054,CANARA,Equity,Large Cap
120716,Canara Robeco Bluechip Equity Fund - Direct Growth,2023-11-16,168.5982,168.3453,168.5982,CANARA,Equity,Large Cap
120716,Canara Robeco Bluechip Equity Fund - Direct Growth,2023-11-17,169.1308,168.8771,169.1308,CANARA,Equity,Large Cap
120716,Canara Robeco Bluechip Equity Fund - Direct Growth,2023-11-20,171.0002,170.7437,171.0002,CANARA,Equity,Large Cap
120716,Canara Robeco Bluechip Equity Fund - Direct Growth,2023-11-21,171.1761,170.9193,171.1761,CANARA,Equity,Large Cap
120716,Canara Robeco Bluechip Equity Fund - Direct Growth,2023-11-22,173.3921,173.132,173.3921,CANARA,Equity,Large Cap
120716,Canara Robeco Bluechip Equity Fund - Direct Growth,2023-11-23,173.0424,172.7828,173.0424,CANARA,Equity,Large Cap
120716,Canara Robeco Bluechip Equity Fund - Direct Growth,2023-11-24,173.9033,173.6424,173.9033,CANARA,Equity,Large Cap
120716,Canara Robeco Bluechip Equity Fund - Direct Growth,2023-11-27,174.3663,174.1048,174.3663,CANARA,Equity,Large Cap
120716,Canara Robeco Bluechip Equity Fund - Direct Growth,2023-11-28,175.5593,175.296,175.5593,CANARA,Equity,Large Cap
120716,Canara Robeco Bluechip Equity Fund - Direct Growth,2023-11-29,172.9971,172.7376,172.9971,CANARA,Equity,Large Cap
120716,Canara Robeco Bluechip Equity Fund - Direct Growth,2023-11-30,176.0425,175.7784,176.0425,CANARA,Equity,Large Cap
120716,Canara Robeco Bluechip Equity Fund - Direct Growth,2023-12-01,172.1844,171.9261,172.1844,CANARA,Equity,Large Cap
120716,Canara Robeco Bluechip Equity Fund - Direct Growth,2023-12-04,171.6264,171.369,171.6264,CANARA,Equity,Large Cap
120716,Canara Robeco Bluechip Equity Fund - Direct Growth,2023-12-05,174.9412,174.6788,174.9412,CANARA,Equity,Large Cap
120716,Canara Robeco Bluechip Equity Fund - Direct Growth,2023-12-06,171.1101,170.8534,171.1101,CANARA,Equity,Large Cap
120716,Canara Robeco Bluechip Equity Fund - Direct Growth,2023-12-07,170.1361,169.8809,170.1361,CANARA,Equity,Large Cap
120716,Canara Robeco Bluechip Equity Fund - Direct Growth,2023-12-08,165.8619,165.6131,165.8619,CANARA,Equity,Large Cap
120716,Canara Robeco Bluechip Equity Fund - Direct Growth,2023-12-11,169.8457,169.5909,169.8457,CANARA,Equity,Large Cap
120716,Canara Robeco Bluechip Equity Fund - Direct Growth,2023-12-12,170.1595,169.9043,170.1595,CANARA,Equity,Large Cap
120716,Canara Robeco Bluechip Equity Fund - Direct Growth,2023-12-13,172.3594,172.1009,172.3594,CANARA,Equity,Large Cap
120716,Canara Robeco Bluechip Equity Fund - Direct Growth,2023-12-14,173.6359,173.3754,173.6359,CANARA,Equity,Large Cap
120716,Canara Robeco Bluechip Equity Fund - Direct Growth,2023-12-15,172.7985,172.5393,172.7985,CANARA,Equity,Large Cap
120716,Canara Robeco Bluechip Equity Fund - Direct Growth,2023-12-18,167.5888,167.3374,167.5888,CANARA,Equity,Large Cap
120716,Canara Robeco Bluechip Equity Fund - Direct Growth,2023-12-19,170.2606,170.0052,170.2606,CANARA,Equity,Large Cap
120716,Canara Robeco Bluechip Equity Fund - Direct Growth,2023-12-20,169.9976,169.7426,169.9976,CANARA,Equity,Large Cap
120716,Canara Robeco Bluechip Equity Fund - Direct Growth,2023-12-21,172.5037,172.2449,172.5037,CANARA,Equity,Large Cap
120716,Canara Robeco Bluechip Equity Fund - Direct Growth,2023-12-22,171.5786,171.3212,171.5786,CANARA,Equity,Large Cap
120716,Canara Robeco Bluechip Equity Fund - Direct Growth,2023-12-25,172.678,172.419,172.678,CANARA,Equity,Large Cap
120716,Canara Robeco Bluechip Equity Fund - Direct Growth,2023-12-26,171.8505,171.5927,171.8505,CANARA,Equity,Large Cap
120716,Canara Robeco Bluechip Equity Fund - Direct Growth,2023-12-27,172.7286,172.4695,172.7286,CANARA,Equity,Large Cap
120716,Canara Robeco Bluechip Equity Fund - Direct Growth,2023-12-28,170.878,170.6217,170.878,CANARA,Equity,Large Cap
120716,Canara Robeco Bluechip Equity Fund - Direct Growth,2023-12-29,168.4664,168.2137,168.4664,CANARA,Equity,Large Cap
120716,Canara Robeco Bluechip Equity Fund - Direct Growth,2024-01-01,172.8128,172.5536,172.8128,CANARA,Equity,Large Cap
120716,Canara Robeco Bluechip Equity Fund - Direct Growth,2024-01-02,176.335,176.0705,176.335,CANARA,Equity,Large Cap
120716,Canara Robeco Bluechip Equity Fund - Direct Growth,2024-01-03,175.8389,175.5751,175.8389,CANARA,Equity,Large Cap
120716,Canara Robeco Bluechip Equity Fund - Direct Growth,2024-01-04,178.7002,178.4321,178.7002,CANARA,Equity,Large Cap
120716,Canara Robeco Bluechip Equity Fund - Direct Growth,2024-01-05,179.1482,178.8795,179.1482,CANARA,Equity,Large Cap
120716,Canara Robeco Bluechip Equity Fund - Direct Growth,2024-01-08,183.2377,182.9628,183.2377,CANARA,Equity,Large Cap
120716,Canara Robeco Bluechip Equity Fund - Direct Growth,2024-01-09,183.0449,182.7703,183.0449,CANARA,Equity,Large Cap
120716,Canara Robeco Bluechip Equity Fund - Direct Growth,2024-01-10,184.7154,184.4383,184.7154,CANARA,Equity,Large Cap
120716,Canara Robeco Bluechip Equity Fund - Direct Growth,2024-01-11,183.8944,183.6186,183.8944,CANARA,Equity,Large Cap
120716,Canara Robeco Bluechip Equity Fund - Direct Growth,2024-01-12,185.7977,185.519,185.7977,CANARA,Equity,Large Cap
120716,Canara Robeco Bluechip Equity Fund - Direct Growth,2024-01-15,180.5715,180.3006,180.5715,CANARA,Equity,Large Cap
120716,Canara Robeco Bluechip Equity Fund - Direct Growth,2024-01-16,180.1028,179.8326,180.1028,CANARA,Equity,Large Cap
120716,Canara Robeco Bluechip Equity Fund - Direct Growth,2024-01-17,180.6234,180.3525,180.6234,CANARA,Equity,Large Cap
120716,Canara Robeco Bluechip Equity Fund - Direct Growth,2024-01-18,177.7765,177.5098,177.7765,CANARA,Equity,Large Cap
120716,Canara Robeco Bluechip Equity Fund - Direct Growth,2024-01-19,181.7897,181.517,181.7897,CANARA,Equity,Large Cap
120716,Canara Robeco Bluechip Equity Fund - Direct Growth,2024-01-22,183.2687,182.9938,183.2687,CANARA,Equity,Large Cap
120716,Canara Robeco Bluechip Equity Fund - Direct Growth,2024-01-23,185.6063,185.3279,185.6063,CANARA,Equity,Large Cap
120716,Canara Robeco Bluechip Equity Fund - Direct Growth,2024-01-24,190.0961,189.811,190.0961,CANARA,Equity,Large Cap
120716,Canara Robeco Bluechip Equity Fund - Direct Growth,2024-01-25,192.3478,192.0593,192.3478,CANARA,Equity,Large Cap
120716,Canara Robeco Bluechip Equity Fund - Direct Growth,2024-01-26,197.4376,197.1414,197.4376,CANARA,Equity,Large Cap
120716,Canara Robeco Bluechip Equity Fund - Direct Growth,2024-01-29,190.8056,190.5194,190.8056,CANARA,Equity,Large Cap
120716,Canara Robeco Bluechip Equity Fund - Direct Growth,2024-01-30,191.8934,191.6056,191.8934,CANARA,Equity,Large Cap
120716,Canara Robeco Bluechip Equity Fund - Direct Growth,2024-01-31,192.3745,192.0859,192.3745,CANARA,Equity,Large Cap
120716,Canara Robeco Bluechip Equity Fund - Direct Growth,2024-02-01,192.1007,191.8125,192.1007,CANARA,Equity,Large Cap
120716,Canara Robeco Bluechip Equity Fund - Direct Growth,2024-02-02,194.0431,193.752,194.0431,CANARA,Equity,Large Cap
120716,Canara Robeco Bluechip Equity Fund - Direct Growth,2024-02-05,192.154,191.8658,192.154,CANARA,Equity,Large Cap
120716,Canara Robeco Bluechip Equity Fund - Direct Growth,2024-02-06,194.122,193.8308,194.122,CANARA,Equity,Large Cap
120716,Canara Robeco Bluechip Equity Fund - Direct Growth,2024-02-07,193.1101,192.8204,193.1101,CANARA,Equity,Large Cap
120716,Canara Robeco Bluechip Equity Fund - Direct Growth,2024-02-08,191.3376,191.0506,191.3376,CANARA,Equity,Large Cap
120716,Canara Robeco Bluechip Equity Fund - Direct Growth,2024-02-09,193.7527,193.4621,193.7527,CANARA,Equity,Large Cap
120716,Canara Robeco Bluechip Equity Fund - Direct Growth,2024-02-12,191.0441,190.7575,191.0441,CANARA,Equity,Large Cap
120716,Canara Robeco Bluechip Equity Fund - Direct Growth,2024-02-13,189.805,189.5203,189.805,CANARA,Equity,Large Cap
120716,Canara Robeco Bluechip Equity Fund - Direct Growth,2024-02-14,191.6647,191.3772,191.6647,CANARA,Equity,Large Cap
120716,Canara Robeco Bluechip Equity Fund - Direct Growth,2024-02-15,190.433,190.1474,190.433,CANARA,Equity,Large Cap
120716,Canara Robeco Bluechip Equity Fund - Direct Growth,2024-02-16,193.7281,193.4375,193.7281,CANARA,Equity,Large Cap
120716,Canara Robeco Bluechip Equity Fund - Direct Growth,2024-02-19,196.9746,196.6791,196.9746,CANARA,Equity,Large Cap
120716,Canara Robeco Bluechip Equity Fund - Direct Growth,2024-02-20,195.5701,195.2767,195.5701,CANARA,Equity,Large Cap
120716,Canara Robeco Bluechip Equity Fund - Direct Growth,2024-02-21,190.8291,190.5429,190.8291,CANARA,Equity,Large Cap
120716,Canara Robeco Bluechip Equity Fund - Direct Growth,2024-02-22,191.7315,191.4439,191.7315,CANARA,Equity,Large Cap
120716,Canara Robeco Bluechip Equity Fund - Direct Growth,2024-02-23,191.9745,191.6865,191.9745,CANARA,Equity,Large Cap
120716,Canara Robeco Bluechip Equity Fund - Direct Growth,2024-02-26,191.9644,191.6765,191.9644,CANARA,Equity,Large Cap
120716,Canara Robeco Bluechip Equity Fund - Direct Growth,2024-02-27,196.6678,196.3728,196.6678,CANARA,Equity,Large Cap
120716,Canara Robeco Bluechip Equity Fund - Direct Growth,2024-02-28,193.2717,192.9818,193.2717,CANARA,Equity,Large Cap
120716,Canara Robeco Bluechip Equity Fund - Direct Growth,2024-02-29,195.0512,194.7586,195.0512,CANARA,Equity,Large Cap
120716,Canara Robeco Bluechip Equity Fund - Direct Growth,2024-03-01,193.7843,193.4936,193.7843,CANARA,Equity,Large Cap
120716,Canara Robeco Bluechip Equity Fund - Direct Growth,2024-03-04,190.6453,190.3593,190.6453,CANARA,Equity,Large Cap
120716,Canara Robeco Bluechip Equity Fund - Direct Growth,2024-03-05,192.0284,191.7404,192.0284,CANARA,Equity,Large Cap
120716,Canara Robeco Bluechip Equity Fund - Direct Growth,2024-03-06,195.3097,195.0167,195.3097,CANARA,Equity,Large Cap
120716,Canara Robeco Bluechip Equity Fund - Direct Growth,2024-03-07,196.4894,196.1947,196.4894,CANARA,Equity,Large Cap
120716,Canara Robeco Bluechip Equity Fund - Direct Growth,2024-03-08,196.8118,196.5166,196.8118,CANARA,Equity,Large Cap
120716,Canara Robeco Bluechip Equity Fund - Direct Growth,2024-03-11,200.9914,200.6899,200.9914,CANARA,Equity,Large Cap
120716,Canara Robeco Bluechip Equity Fund - Direct Growth,2024-03-12,200.1536,199.8534,200.1536,CANARA,Equity,Large Cap
120716,Canara Robeco Bluechip Equity Fund - Direct Growth,2024-03-13,199.3306,199.0316,199.3306,CANARA,Equity,Large Cap
120716,Canara Robeco Bluechip Equity Fund - Direct Growth,2024-03-14,198.0682,197.7711,198.0682,CANARA,Equity,Large Cap
120716,Canara Robeco Bluechip Equity Fund - Direct Growth,2024-03-15,196.9842,196.6887,196.9842,CANARA,Equity,Large Cap
120716,Canara Robeco Bluechip Equity Fund - Direct Growth,2024-03-18,189.7089,189.4243,189.7089,CANARA,Equity,Large Cap
120716,Canara Robeco Bluechip Equity Fund - Direct Growth,2024-03-19,186.119,185.8398,186.119,CANARA,Equity,Large Cap
120716,Canara Robeco Bluechip Equity Fund - Direct Growth,2024-03-20,187.8756,187.5938,187.8756,CANARA,Equity,Large Cap
120716,Canara Robeco Bluechip Equity Fund - Direct Growth,2024-03-21,185.5113,185.233,185.5113,CANARA,Equity,Large Cap
120716,Canara Robeco Bluechip Equity Fund - Direct Growth,2024-03-22,184.8316,184.5544,184.8316,CANARA,Equity,Large Cap
120716,Canara Robeco Bluechip Equity Fund - Direct Growth,2024-03-25,181.7222,181.4496,181.7222,CANARA,Equity,Large Cap
120716,Canara Robeco Bluechip Equity Fund - Direct Growth,2024-03-26,182.3822,182.1086,182.3822,CANARA,Equity,Large Cap
120716,Canara Robeco Bluechip Equity Fund - Direct Growth,2024-03-27,184.9709,184.6934,184.9709,CANARA,Equity,Large Cap
120716,Canara Robeco Bluechip Equity Fund - Direct Growth,2024-03-28,181.5504,181.2781,181.5504,CANARA,Equity,Large Cap
120716,Canara Robeco Bluechip Equity Fund - Direct Growth,2024-03-29,182.5112,182.2374,182.5112,CANARA,Equity,Large Cap
120716,Canara Robeco Bluechip Equity Fund - Direct Growth,2024-04-01,181.1778,180.906,181.1778,CANARA,Equity,Large Cap
120716,Canara Robeco Bluechip Equity Fund - Direct Growth,2024-04-02,183.1561,182.8814,183.1561,CANARA,Equity,Large Cap
120716,Canara Robeco Bluechip Equity Fund - Direct Growth,2024-04-03,182.5441,182.2703,182.5441,CANARA,Equity,Large Cap
120716,Canara Robeco Bluechip Equity Fund - Direct Growth,2024-04-04,185.3604,185.0824,185.3604,CANARA,Equity,Large Cap
120716,Canara Robeco Bluechip Equity Fund - Direct Growth,2024-04-05,187.9624,187.6805,187.9624,CANARA,Equity,Large Cap
120716,Canara Robeco Bluechip Equity Fund - Direct Growth,2024-04-08,185.2137,184.9359,185.2137,CANARA,Equity,Large Cap
120716,Canara Robeco Bluechip Equity Fund - Direct Growth,2024-04-09,185.2043,184.9265,185.2043,CANARA,Equity,Large Cap
120716,Canara Robeco Bluechip Equity Fund - Direct Growth,2024-04-10,186.5446,186.2648,186.5446,CANARA,Equity,Large Cap
120716,Canara Robeco Bluechip Equity Fund - Direct Growth,2024-04-11,185.8935,185.6147,185.8935,CANARA,Equity,Large Cap
120716,Canara Robeco Bluechip Equity Fund - Direct Growth,2024-04-12,181.0658,180.7942,181.0658,CANARA,Equity,Large Cap
120716,Canara Robeco Bluechip Equity Fund - Direct Growth,2024-04-15,183.622,183.3466,183.622,CANARA,Equity,Large Cap
120716,Canara Robeco Bluechip Equity Fund - Direct Growth,2024-04-16,185.5842,185.3058,185.5842,CANARA,Equity,Large Cap
120716,Canara Robeco Bluechip Equity Fund - Direct Growth,2024-04-17,189.0538,188.7702,189.0538,CANARA,Equity,Large Cap
120716,Canara Robeco Bluechip Equity Fund - Direct Growth,2024-04-18,182.7729,182.4987,182.7729,CANARA,Equity,Large Cap
120716,Canara Robeco Bluechip Equity Fund - Direct Growth,2024-04-19,183.7985,183.5228,183.7985,CANARA,Equity,Large Cap
120716,Canara Robeco Bluechip Equity Fund - Direct Growth,2024-04-22,182.2321,181.9588,182.2321,CANARA,Equity,Large Cap
120716,Canara Robeco Bluechip Equity Fund - Direct Growth,2024-04-23,183.6952,183.4197,183.6952,CANARA,Equity,Large Cap
120716,Canara Robeco Bluechip Equity Fund - Direct Growth,2024-04-24,182.6682,182.3942,182.6682,CANARA,Equity,Large Cap
120716,Canara Robeco Bluechip Equity Fund - Direct Growth,2024-04-25,178.6351,178.3671,178.6351,CANARA,Equity,Large Cap
120716,Canara Robeco Bluechip Equity Fund - Direct Growth,2024-04-26,177.7411,177.4745,177.7411,CANARA,Equity,Large Cap
120716,Canara Robeco Bluechip Equity Fund - Direct Growth,2024-04-29,178.4568,178.1891,178.4568,CANARA,Equity,Large Cap
120716,Canara Robeco Bluechip Equity Fund - Direct Growth,2024-04-30,180.7276,180.4565,180.7276,CANARA,Equity,Large Cap
120716,Canara Robeco Bluechip Equity Fund - Direct Growth,2024-05-01,179.3948,179.1257,179.3948,CANARA,Equity,Large Cap
120716,Canara Robeco Bluechip Equity Fund - Direct Growth,2024-05-02,180.2468,179.9764,180.2468,CANARA,Equity,Large Cap
120716,Canara Robeco Bluechip Equity Fund - Direct Growth,2024-05-03,179.216,178.9472,179.216,CANARA,Equity,Large Cap
120716,Canara Robeco Bluechip Equity Fund - Direct Growth,2024-05-06,179.0721,178.8035,179.0721,CANARA,Equity,Large Cap
120716,Canara Robeco Bluechip Equity Fund - Direct Growth,2024-05-07,177.6827,177.4162,177.6827,CANARA,Equity,Large Cap
120716,Canara Robeco Bluechip Equity Fund - Direct Growth,2024-05-08,178.1481,177.8809,178.1481,CANARA,Equity,Large Cap
120716,Canara Robeco Bluechip Equity Fund - Direct Growth,2024-05-09,183.3534,183.0784,183.3534,CANARA,Equity,Large Cap
120716,Canara Robeco Bluechip Equity Fund - Direct Growth,2024-05-10,181.5275,181.2552,181.5275,CANARA,Equity,Large Cap
120716,Canara Robeco Bluechip Equity Fund - Direct Growth,2024-05-13,190.4473,190.1616,190.4473,CANARA,Equity,Large Cap
120716,Canara Robeco Bluechip Equity Fund - Direct Growth,2024-05-14,189.8421,189.5573,189.8421,CANARA,Equity,Large Cap
120716,Canara Robeco Bluechip Equity Fund - Direct Growth,2024-05-15,188.3414,188.0589,188.3414,CANARA,Equity,Large Cap
120716,Canara Robeco Bluechip Equity Fund - Direct Growth,2024-05-16,188.2626,187.9802,188.2626,CANARA,Equity,Large Cap
120716,Canara Robeco Bluechip Equity Fund - Direct Growth,2024-05-17,185.1599,184.8822,185.1599,CANARA,Equity,Large Cap
120716,Canara Robeco Bluechip Equity Fund - Direct Growth,2024-05-20,187.1563,186.8756,187.1563,CANARA,Equity,Large Cap
120716,Canara Robeco Bluechip Equity Fund - Direct Growth,2024-05-21,186.6905,186.4105,186.6905,CANARA,Equity,Large Cap
120716,Canara Robeco Bluechip Equity Fund - Direct Growth,2024-05-22,182.9541,182.6797,182.9541,CANARA,Equity,Large Cap
120716,Canara Robeco Bluechip Equity Fund - Direct Growth,2024-05-23,183.8485,183.5727,183.8485,CANARA,Equity,Large Cap
120716,Canara Robeco Bluechip Equity Fund - Direct Growth,2024-05-24,184.5055,184.2287,184.5055,CANARA,Equity,Large Cap
120716,Canara Robeco Bluechip Equity Fund - Direct Growth,2024-05-27,183.7398,183.4642,183.7398,CANARA,Equity,Large Cap
120716,Canara Robeco Bluechip Equity Fund - Direct Growth,2024-05-28,184.9199,184.6425,184.9199,CANARA,Equity,Large Cap
120716,Canara Robeco Bluechip Equity Fund - Direct Growth,2024-05-29,184.9299,184.6525,184.9299,CANARA,Equity,Large Cap
120716,Canara Robeco Bluechip Equity Fund - Direct Growth,2024-05-30,185.7028,185.4242,185.7028,CANARA,Equity,Large Cap
120716,Canara Robeco Bluechip Equity Fund - Direct Growth,2024-05-31,186.2562,185.9768,186.2562,CANARA,Equity,Large Cap
120716,Canara Robeco Bluechip Equity Fund - Direct Growth,2024-06-03,190.9682,190.6817,190.9682,CANARA,Equity,Large Cap
120716,Canara Robeco Bluechip Equity Fund - Direct Growth,2024-06-04,194.5242,194.2324,194.5242,CANARA,Equity,Large Cap
120716,Canara Robeco Bluechip Equity Fund - Direct Growth,2024-06-05,195.583,195.2896,195.583,CANARA,Equity,Large Cap
120716,Canara Robeco Bluechip Equity Fund - Direct Growth,2024-06-06,198.724,198.4259,198.724,CANARA,Equity,Large Cap
120716,Canara Robeco Bluechip Equity Fund - Direct Growth,2024-06-07,200.2509,199.9505,200.2509,CANARA,Equity,Large Cap
120716,Canara Robeco Bluechip Equity Fund - Direct Growth,2024-06-10,199.4531,199.1539,199.4531,CANARA,Equity,Large Cap
120716,Canara Robeco Bluechip Equity Fund - Direct Growth,2024-06-11,199.4085,199.1094,199.4085,CANARA,Equity,Large Cap
120716,Canara Robeco Bluechip Equity Fund - Direct Growth,2024-06-12,200.1615,199.8613,200.1615,CANARA,Equity,Large Cap
120716,Canara Robeco Bluechip Equity Fund - Direct Growth,2024-06-13,199.4129,199.1138,199.4129,CANARA,Equity,Large Cap
120716,Canara Robeco Bluechip Equity Fund - Direct Growth,2024-06-14,200.0359,199.7358,200.0359,CANARA,Equity,Large Cap
120716,Canara Robeco Bluechip Equity Fund - Direct Growth,2024-06-17,201.6186,201.3162,201.6186,CANARA,Equity,Large Cap
120716,Canara Robeco Bluechip Equity Fund - Direct Growth,2024-06-18,200.7736,200.4724,200.7736,CANARA,Equity,Large Cap
120716,Canara Robeco Bluechip Equity Fund - Direct Growth,2024-06-19,198.6255,198.3276,198.6255,CANARA,Equity,Large Cap
120716,Canara Robeco Bluechip Equity Fund - Direct Growth,2024-06-20,199.3456,199.0466,199.3456,CANARA,Equity,Large Cap
120716,Canara Robeco Bluechip Equity Fund - Direct Growth,2024-06-21,199.8729,199.5731,199.8729,CANARA,Equity,Large Cap
120716,Canara Robeco Bluechip Equity Fund - Direct Growth,2024-06-24,194.7541,194.462,194.7541,CANARA,Equity,Large Cap
120716,Canara Robeco Bluechip Equity Fund - Direct Growth,2024-06-25,196.294,195.9996,196.294,CANARA,Equity,Large Cap
120716,Canara Robeco Bluechip Equity Fund - Direct Growth,2024-06-26,199.8696,199.5698,199.8696,CANARA,Equity,Large Cap
120716,Canara Robeco Bluechip Equity Fund - Direct Growth,2024-06-27,197.4879,197.1917,197.4879,CANARA,Equity,Large Cap
120716,Canara Robeco Bluechip Equity Fund - Direct Growth,2024-06-28,201.3336,201.0316,201.3336,CANARA,Equity,Large Cap
120716,Canara Robeco Bluechip Equity Fund - Direct Growth,2024-07-01,201.2802,200.9783,201.2802,CANARA,Equity,Large Cap
120716,Canara Robeco Bluechip Equity Fund - Direct Growth,2024-07-02,198.0166,197.7196,198.0166,CANARA,Equity,Large Cap
120716,Canara Robeco Bluechip Equity Fund - Direct Growth,2024-07-03,200.4428,200.1421,200.4428,CANARA,Equity,Large Cap
120716,Canara Robeco Bluechip Equity Fund - Direct Growth,2024-07-04,198.6574,198.3594,198.6574,CANARA,Equity,Large Cap
120716,Canara Robeco Bluechip Equity Fund - Direct Growth,2024-07-05,196.8779,196.5826,196.8779,CANARA,Equity,Large Cap
120716,Canara Robeco Bluechip Equity Fund - Direct Growth,2024-07-08,191.3915,191.1044,191.3915,CANARA,Equity,Large Cap
120716,Canara Robeco Bluechip Equity Fund - Direct Growth,2024-07-09,191.4264,191.1393,191.4264,CANARA,Equity,Large Cap
120716,Canara Robeco Bluechip Equity Fund - Direct Growth,2024-07-10,192.1767,191.8884,192.1767,CANARA,Equity,Large Cap
120716,Canara Robeco Bluechip Equity Fund - Direct Growth,2024-07-11,193.3714,193.0813,193.3714,CANARA,Equity,Large Cap
120716,Canara Robeco Bluechip Equity Fund - Direct Growth,2024-07-12,192.7484,192.4593,192.7484,CANARA,Equity,Large Cap
120716,Canara Robeco Bluechip Equity Fund - Direct Growth,2024-07-15,197.7446,197.448,197.7446,CANARA,Equity,Large Cap
120716,Canara Robeco Bluechip Equity Fund - Direct Growth,2024-07-16,195.9325,195.6386,195.9325,CANARA,Equity,Large Cap
120716,Canara Robeco Bluechip Equity Fund - Direct Growth,2024-07-17,196.3022,196.0077,196.3022,CANARA,Equity,Large Cap
120716,Canara Robeco Bluechip Equity Fund - Direct Growth,2024-07-18,197.8293,197.5326,197.8293,CANARA,Equity,Large Cap
120716,Canara Robeco Bluechip Equity Fund - Direct Growth,2024-07-19,200.7657,200.4646,200.7657,CANARA,Equity,Large Cap
120716,Canara Robeco Bluechip Equity Fund - Direct Growth,2024-07-22,197.888,197.5912,197.888,CANARA,Equity,Large Cap
120716,Canara Robeco Bluechip Equity Fund - Direct Growth,2024-07-23,199.3612,199.0622,199.3612,CANARA,Equity,Large Cap
120716,Canara Robeco Bluechip Equity Fund - Direct Growth,2024-07-24,199.4566,199.1574,199.4566,CANARA,Equity,Large Cap
120716,Canara Robeco Bluechip Equity Fund - Direct Growth,2024-07-25,200.8347,200.5334,200.8347,CANARA,Equity,Large Cap
120716,Canara Robeco Bluechip Equity Fund - Direct Growth,2024-07-26,198.9654,198.667,198.9654,CANARA,Equity,Large Cap
120716,Canara Robeco Bluechip Equity Fund - Direct Growth,2024-07-29,202.0303,201.7273,202.0303,CANARA,Equity,Large Cap
120716,Canara Robeco Bluechip Equity Fund - Direct Growth,2024-07-30,199.5047,199.2054,199.5047,CANARA,Equity,Large Cap
120716,Canara Robeco Bluechip Equity Fund - Direct Growth,2024-07-31,197.0781,196.7825,197.0781,CANARA,Equity,Large Cap
120716,Canara Robeco Bluechip Equity Fund - Direct Growth,2024-08-01,198.7603,198.4622,198.7603,CANARA,Equity,Large Cap
120716,Canara Robeco Bluechip Equity Fund - Direct Growth,2024-08-02,195.7756,195.4819,195.7756,CANARA,Equity,Large Cap
120716,Canara Robeco Bluechip Equity Fund - Direct Growth,2024-08-05,196.1414,195.8472,196.1414,CANARA,Equity,Large Cap
120716,Canara Robeco Bluechip Equity Fund - Direct Growth,2024-08-06,196.8292,196.534,196.8292,CANARA,Equity,Large Cap
120716,Canara Robeco Bluechip Equity Fund - Direct Growth,2024-08-07,194.3906,194.099,194.3906,CANARA,Equity,Large Cap
120716,Canara Robeco Bluechip Equity Fund - Direct Growth,2024-08-08,195.856,195.5622,195.856,CANARA,Equity,Large Cap
120716,Canara Robeco Bluechip Equity Fund - Direct Growth,2024-08-09,194.4931,194.2014,194.4931,CANARA,Equity,Large Cap
120716,Canara Robeco Bluechip Equity Fund - Direct Growth,2024-08-12,194.762,194.4699,194.762,CANARA,Equity,Large Cap
120716,Canara Robeco Bluechip Equity Fund - Direct Growth,2024-08-13,194.8959,194.6036,194.8959,CANARA,Equity,Large Cap
120716,Canara Robeco Bluechip Equity Fund - Direct Growth,2024-08-14,193.2183,192.9285,193.2183,CANARA,Equity,Large Cap
120716,Canara Robeco Bluechip Equity Fund - Direct Growth,2024-08-15,192.601,192.3121,192.601,CANARA,Equity,Large Cap
120716,Canara Robeco Bluechip Equity Fund - Direct Growth,2024-08-16,192.6831,192.3941,192.6831,CANARA,Equity,Large Cap
120716,Canara Robeco Bluechip Equity Fund - Direct Growth,2024-08-19,189.5572,189.2729,189.5572,CANARA,Equity,Large Cap
120716,Canara Robeco Bluechip Equity Fund - Direct Growth,2024-08-20,186.7273,186.4472,186.7273,CANARA,Equity,Large Cap
120716,Canara Robeco Bluechip Equity Fund - Direct Growth,2024-08-21,189.3936,189.1095,189.3936,CANARA,Equity,Large Cap
120716,Canara Robeco Bluechip Equity Fund - Direct Growth,2024-08-22,192.3548,192.0663,192.3548,CANARA,Equity,Large Cap
120716,Canara Robeco Bluechip Equity Fund - Direct Growth,2024-08-23,189.5576,189.2733,189.5576,CANARA,Equity,Large Cap
120716,Canara Robeco Bluechip Equity Fund - Direct Growth,2024-08-26,193.5102,193.2199,193.5102,CANARA,Equity,Large Cap
120716,Canara Robeco Bluechip Equity Fund - Direct Growth,2024-08-27,192.4343,192.1456,192.4343,CANARA,Equity,Large Cap
120716,Canara Robeco Bluechip Equity Fund - Direct Growth,2024-08-28,194.6428,194.3508,194.6428,CANARA,Equity,Large Cap
120716,Canara Robeco Bluechip Equity Fund - Direct Growth,2024-08-29,195.6692,195.3757,195.6692,CANARA,Equity,Large Cap
120716,Canara Robeco Bluechip Equity Fund - Direct Growth,2024-08-30,193.8358,193.545,193.8358,CANARA,Equity,Large Cap
120716,Canara Robeco Bluechip Equity Fund - Direct Growth,2024-09-02,188.4279,188.1453,188.4279,CANARA,Equity,Large Cap
120716,Canara Robeco Bluechip Equity Fund - Direct Growth,2024-09-03,189.7977,189.513,189.7977,CANARA,Equity,Large Cap
120716,Canara Robeco Bluechip Equity Fund - Direct Growth,2024-09-04,191.3562,191.0692,191.3562,CANARA,Equity,Large Cap
120716,Canara Robeco Bluechip Equity Fund - Direct Growth,2024-09-05,191.1618,190.8751,191.1618,CANARA,Equity,Large Cap
120716,Canara Robeco Bluechip Equity Fund - Direct Growth,2024-09-06,188.5842,188.3013,188.5842,CANARA,Equity,Large Cap
120716,Canara Robeco Bluechip Equity Fund - Direct Growth,2024-09-09,188.7506,188.4675,188.7506,CANARA,Equity,Large Cap
120716,Canara Robeco Bluechip Equity Fund - Direct Growth,2024-09-10,189.1509,188.8672,189.1509,CANARA,Equity,Large Cap
120716,Canara Robeco Bluechip Equity Fund - Direct Growth,2024-09-11,186.785,186.5048,186.785,CANARA,Equity,Large Cap
120716,Canara Robeco Bluechip Equity Fund - Direct Growth,2024-09-12,187.6141,187.3327,187.6141,CANARA,Equity,Large Cap
120716,Canara Robeco Bluechip Equity Fund - Direct Growth,2024-09-13,186.6587,186.3787,186.6587,CANARA,Equity,Large Cap
120716,Canara Robeco Bluechip Equity Fund - Direct Growth,2024-09-16,189.8494,189.5646,189.8494,CANARA,Equity,Large Cap
120716,Canara Robeco Bluechip Equity Fund - Direct Growth,2024-09-17,189.6368,189.3523,189.6368,CANARA,Equity,Large Cap
120716,Canara Robeco Bluechip Equity Fund - Direct Growth,2024-09-18,188.4585,188.1758,188.4585,CANARA,Equity,Large Cap
120716,Canara Robeco Bluechip Equity Fund - Direct Growth,2024-09-19,185.3238,185.0458,185.3238,CANARA,Equity,Large Cap
120716,Canara Robeco Bluechip Equity Fund - Direct Growth,2024-09-20,183.4911,183.2159,183.4911,CANARA,Equity,Large Cap
120716,Canara Robeco Bluechip Equity Fund - Direct Growth,2024-09-23,185.196,184.9182,185.196,CANARA,Equity,Large Cap
120716,Canara Robeco Bluechip Equity Fund - Direct Growth,2024-09-24,184.5995,184.3226,184.5995,CANARA,Equity,Large Cap
120716,Canara Robeco Bluechip Equity Fund - Direct Growth,2024-09-25,186.7403,186.4602,186.7403,CANARA,Equity,Large Cap
120716,Canara Robeco Bluechip Equity Fund - Direct Growth,2024-09-26,186.9574,186.677,186.9574,CANARA,Equity,Large Cap
120716,Canara Robeco Bluechip Equity Fund - Direct Growth,2024-09-27,188.6099,188.327,188.6099,CANARA,Equity,Large Cap
120716,Canara Robeco Bluechip Equity Fund - Direct Growth,2024-09-30,176.7223,176.4572,176.7223,CANARA,Equity,Large Cap
120716,Canara Robeco Bluechip Equity Fund - Direct Growth,2024-10-01,173.7715,173.5108,173.7715,CANARA,Equity,Large Cap
120716,Canara Robeco Bluechip Equity Fund - Direct Growth,2024-10-02,173.398,173.1379,173.398,CANARA,Equity,Large Cap
120716,Canara Robeco Bluechip Equity Fund - Direct Growth,2024-10-03,172.8388,172.5795,172.8388,CANARA,Equity,Large Cap
120716,Canara Robeco Bluechip Equity Fund - Direct Growth,2024-10-04,176.2003,175.936,176.2003,CANARA,Equity,Large Cap
120716,Canara Robeco Bluechip Equity Fund - Direct Growth,2024-10-07,179.3941,179.125,179.3941,CANARA,Equity,Large Cap
120716,Canara Robeco Bluechip Equity Fund - Direct Growth,2024-10-08,180.2591,179.9887,180.2591,CANARA,Equity,Large Cap
120716,Canara Robeco Bluechip Equity Fund - Direct Growth,2024-10-09,179.3412,179.0722,179.3412,CANARA,Equity,Large Cap
120716,Canara Robeco Bluechip Equity Fund - Direct Growth,2024-10-10,181.7189,181.4463,181.7189,CANARA,Equity,Large Cap
120716,Canara Robeco Bluechip Equity Fund - Direct Growth,2024-10-11,179.3716,179.1025,179.3716,CANARA,Equity,Large Cap
120716,Canara Robeco Bluechip Equity Fund - Direct Growth,2024-10-14,177.3694,177.1033,177.3694,CANARA,Equity,Large Cap
120716,Canara Robeco Bluechip Equity Fund - Direct Growth,2024-10-15,177.8511,177.5843,177.8511,CANARA,Equity,Large Cap
120716,Canara Robeco Bluechip Equity Fund - Direct Growth,2024-10-16,181.5002,181.2279,181.5002,CANARA,Equity,Large Cap
120716,Canara Robeco Bluechip Equity Fund - Direct Growth,2024-10-17,178.1643,177.8971,178.1643,CANARA,Equity,Large Cap
120716,Canara Robeco Bluechip Equity Fund - Direct Growth,2024-10-18,176.9509,176.6855,176.9509,CANARA,Equity,Large Cap
120716,Canara Robeco Bluechip Equity Fund - Direct Growth,2024-10-21,180.0197,179.7497,180.0197,CANARA,Equity,Large Cap
120716,Canara Robeco Bluechip Equity Fund - Direct Growth,2024-10-22,178.0262,177.7592,178.0262,CANARA,Equity,Large Cap
120716,Canara Robeco Bluechip Equity Fund - Direct Growth,2024-10-23,176.8352,176.5699,176.8352,CANARA,Equity,Large Cap
120716,Canara Robeco Bluechip Equity Fund - Direct Growth,2024-10-24,179.5479,179.2786,179.5479,CANARA,Equity,Large Cap
120716,Canara Robeco Bluechip Equity Fund - Direct Growth,2024-10-25,179.5087,179.2394,179.5087,CANARA,Equity,Large Cap
120716,Canara Robeco Bluechip Equity Fund - Direct Growth,2024-10-28,177.7255,177.4589,177.7255,CANARA,Equity,Large Cap
120716,Canara Robeco Bluechip Equity Fund - Direct Growth,2024-10-29,179.7881,179.5184,179.7881,CANARA,Equity,Large Cap
120716,Canara Robeco Bluechip Equity Fund - Direct Growth,2024-10-30,180.9457,180.6743,180.9457,CANARA,Equity,Large Cap
120716,Canara Robeco Bluechip Equity Fund - Direct Growth,2024-10-31,186.0244,185.7454,186.0244,CANARA,Equity,Large Cap
120716,Canara Robeco Bluechip Equity Fund - Direct Growth,2024-11-01,183.8317,183.556,183.8317,CANARA,Equity,Large Cap
120716,Canara Robeco Bluechip Equity Fund - Direct Growth,2024-11-04,183.2895,183.0146,183.2895,CANARA,Equity,Large Cap
120716,Canara Robeco Bluechip Equity Fund - Direct Growth,2024-11-05,185.5106,185.2323,185.5106,CANARA,Equity,Large Cap
120716,Canara Robeco Bluechip Equity Fund - Direct Growth,2024-11-06,180.972,180.7005,180.972,CANARA,Equity,Large Cap
120716,Canara Robeco Bluechip Equity Fund - Direct Growth,2024-11-07,180.5993,180.3284,180.5993,CANARA,Equity,Large Cap
120716,Canara Robeco Bluechip Equity Fund - Direct Growth,2024-11-08,179.451,179.1818,179.451,CANARA,Equity,Large Cap
120716,Canara Robeco Bluechip Equity Fund - Direct Growth,2024-11-11,181.3828,181.1107,181.3828,CANARA,Equity,Large Cap
120716,Canara Robeco Bluechip Equity Fund - Direct Growth,2024-11-12,181.1653,180.8936,181.1653,CANARA,Equity,Large Cap
120716,Canara Robeco Bluechip Equity Fund - Direct Growth,2024-11-13,181.6845,181.412,181.6845,CANARA,Equity,Large Cap
120716,Canara Robeco Bluechip Equity Fund - Direct Growth,2024-11-14,182.0064,181.7334,182.0064,CANARA,Equity,Large Cap
120716,Canara Robeco Bluechip Equity Fund - Direct Growth,2024-11-15,182.0831,181.81,182.0831,CANARA,Equity,Large Cap
120716,Canara Robeco Bluechip Equity Fund - Direct Growth,2024-11-18,182.9573,182.6829,182.9573,CANARA,Equity,Large Cap
120716,Canara Robeco Bluechip Equity Fund - Direct Growth,2024-11-19,183.8974,183.6216,183.8974,CANARA,Equity,Large Cap
120716,Canara Robeco Bluechip Equity Fund - Direct Growth,2024-11-20,182.1912,181.9179,182.1912,CANARA,Equity,Large Cap
120716,Canara Robeco Bluechip Equity Fund - Direct Growth,2024-11-21,181.2601,180.9882,181.2601,CANARA,Equity,Large Cap
120716,Canara Robeco Bluechip Equity Fund - Direct Growth,2024-11-22,180.9495,180.6781,180.9495,CANARA,Equity,Large Cap
120716,Canara Robeco Bluechip Equity Fund - Direct Growth,2024-11-25,172.9765,172.717,172.9765,CANARA,Equity,Large Cap
120716,Canara Robeco Bluechip Equity Fund - Direct Growth,2024-11-26,174.1303,173.8691,174.1303,CANARA,Equity,Large Cap
120716,Canara Robeco Bluechip Equity Fund - Direct Growth,2024-11-27,172.8352,172.5759,172.8352,CANARA,Equity,Large Cap
120716,Canara Robeco Bluechip Equity Fund - Direct Growth,2024-11-28,170.7913,170.5351,170.7913,CANARA,Equity,Large Cap
120716,Canara Robeco Bluechip Equity Fund - Direct Growth,2024-11-29,169.1899,168.9361,169.1899,CANARA,Equity,Large Cap
120716,Canara Robeco Bluechip Equity Fund - Direct Growth,2024-12-02,172.1102,171.852,172.1102,CANARA,Equity,Large Cap
120716,Canara Robeco Bluechip Equity Fund - Direct Growth,2024-12-03,174.3572,174.0957,174.3572,CANARA,Equity,Large Cap
120716,Canara Robeco Bluechip Equity Fund - Direct Growth,2024-12-04,176.5711,176.3062,176.5711,CANARA,Equity,Large Cap
120716,Canara Robeco Bluechip Equity Fund - Direct Growth,2024-12-05,179.1178,178.8491,179.1178,CANARA,Equity,Large Cap
120716,Canara Robeco Bluechip Equity Fund - Direct Growth,2024-12-06,177.0426,176.777,177.0426,CANARA,Equity,Large Cap
120716,Canara Robeco Bluechip Equity Fund - Direct Growth,2024-12-09,175.0959,174.8333,175.0959,CANARA,Equity,Large Cap
120716,Canara Robeco Bluechip Equity Fund - Direct Growth,2024-12-10,174.0162,173.7552,174.0162,CANARA,Equity,Large Cap
120716,Canara Robeco Bluechip Equity Fund - Direct Growth,2024-12-11,171.4727,171.2155,171.4727,CANARA,Equity,Large Cap
120716,Canara Robeco Bluechip Equity Fund - Direct Growth,2024-12-12,170.6544,170.3984,170.6544,CANARA,Equity,Large Cap
120716,Canara Robeco Bluechip Equity Fund - Direct Growth,2024-12-13,170.234,169.9786,170.234,CANARA,Equity,Large Cap
120716,Canara Robeco Bluechip Equity Fund - Direct Growth,2024-12-16,169.798,169.5433,169.798,CANARA,Equity,Large Cap
120716,Canara Robeco Bluechip Equity Fund - Direct Growth,2024-12-17,171.263,171.0061,171.263,CANARA,Equity,Large Cap
120716,Canara Robeco Bluechip Equity Fund - Direct Growth,2024-12-18,170.0179,169.7629,170.0179,CANARA,Equity,Large Cap
120716,Canara Robeco Bluechip Equity Fund - Direct Growth,2024-12-19,169.7671,169.5124,169.7671,CANARA,Equity,Large Cap
120716,Canara Robeco Bluechip Equity Fund - Direct Growth,2024-12-20,171.2341,170.9772,171.2341,CANARA,Equity,Large Cap
120716,Canara Robeco Bluechip Equity Fund - Direct Growth,2024-12-23,170.1571,169.9019,170.1571,CANARA,Equity,Large Cap
120716,Canara Robeco Bluechip Equity Fund - Direct Growth,2024-12-24,168.4738,168.2211,168.4738,CANARA,Equity,Large Cap
120716,Canara Robeco Bluechip Equity Fund - Direct Growth,2024-12-25,167.7633,167.5117,167.7633,CANARA,Equity,Large Cap
120716,Canara Robeco Bluechip Equity Fund - Direct Growth,2024-12-26,168.9492,168.6958,168.9492,CANARA,Equity,Large Cap
120716,Canara Robeco Bluechip Equity Fund - Direct Growth,2024-12-27,173.1812,172.9214,173.1812,CANARA,Equity,Large Cap
120716,Canara Robeco Bluechip Equity Fund - Direct Growth,2024-12-30,176.7567,176.4916,176.7567,CANARA,Equity,Large Cap
120716,Canara Robeco Bluechip Equity Fund - Direct Growth,2024-12-31,174.5511,174.2893,174.5511,CANARA,Equity,Large Cap
135781,Parag Parikh Flexi Cap Fund - Direct Growth,2022-01-03,216.9584,216.633,216.9584,PPFAS,Equity,Flexi Cap
135781,Parag Parikh Flexi Cap Fund - Direct Growth,2022-01-04,217.3485,217.0225,217.3485,PPFAS,Equity,Flexi Cap
135781,Parag Parikh Flexi Cap Fund - Direct Growth,2022-01-05,218.4258,218.0982,218.4258,PPFAS,Equity,Flexi Cap
135781,Parag Parikh Flexi Cap Fund - Direct Growth,2022-01-06,217.6968,217.3703,217.6968,PPFAS,Equity,Flexi Cap
135781,Parag Parikh Flexi Cap Fund - Direct Growth,2022-01-07,217.937,217.6101,217.937,PPFAS,Equity,Flexi Cap
135781,Parag Parikh Flexi Cap Fund - Direct Growth,2022-01-10,217.7329,217.4063,217.7329,PPFAS,Equity,Flexi Cap
135781,Parag Parikh Flexi Cap Fund - Direct Growth,2022-01-11,218.653,218.325,218.653,PPFAS,Equity,Flexi Cap
135781,Parag Parikh Flexi Cap Fund - Direct Growth,2022-01-12,218.6856,218.3576,218.6856,PPFAS,Equity,Flexi Cap
135781,Parag Parikh Flexi Cap Fund - Direct Growth,2022-01-13,223.7489,223.4133,223.7489,PPFAS,Equity,Flexi Cap
135781,Parag Parikh Flexi Cap Fund - Direct Growth,2022-01-14,220.1846,219.8543,220.1846,PPFAS,Equity,Flexi Cap
135781,Parag Parikh Flexi Cap Fund - Direct Growth,2022-01-17,222.1063,221.7731,222.1063,PPFAS,Equity,Flexi Cap
135781,Parag Parikh Flexi Cap Fund - Direct Growth,2022-01-18,221.5486,221.2163,221.5486,PPFAS,Equity,Flexi Cap
135781,Parag Parikh Flexi Cap Fund - Direct Growth,2022-01-19,218.449,218.1213,218.449,PPFAS,Equity,Flexi Cap
135781,Parag Parikh Flexi Cap Fund - Direct Growth,2022-01-20,219.71,219.3804,219.71,PPFAS,Equity,Flexi Cap
135781,Parag Parikh Flexi Cap Fund - Direct Growth,2022-01-21,221.2334,220.9015,221.2334,PPFAS,Equity,Flexi Cap
135781,Parag Parikh Flexi Cap Fund - Direct Growth,2022-01-24,217.3449,217.0189,217.3449,PPFAS,Equity,Flexi Cap
135781,Parag Parikh Flexi Cap Fund - Direct Growth,2022-01-25,218.0995,217.7724,218.0995,PPFAS,Equity,Flexi Cap
135781,Parag Parikh Flexi Cap Fund - Direct Growth,2022-01-26,215.2574,214.9345,215.2574,PPFAS,Equity,Flexi Cap
135781,Parag Parikh Flexi Cap Fund - Direct Growth,2022-01-27,218.5774,218.2495,218.5774,PPFAS,Equity,Flexi Cap
135781,Parag Parikh Flexi Cap Fund - Direct Growth,2022-01-28,221.067,220.7354,221.067,PPFAS,Equity,Flexi Cap
135781,Parag Parikh Flexi Cap Fund - Direct Growth,2022-01-31,219.4364,219.1072,219.4364,PPFAS,Equity,Flexi Cap
135781,Parag Parikh Flexi Cap Fund - Direct Growth,2022-02-01,217.4747,217.1485,217.4747,PPFAS,Equity,Flexi Cap
135781,Parag Parikh Flexi Cap Fund - Direct Growth,2022-02-02,216.4045,216.0799,216.4045,PPFAS,Equity,Flexi Cap
135781,Parag Parikh Flexi Cap Fund - Direct Growth,2022-02-03,215.7892,215.4655,215.7892,PPFAS,Equity,Flexi Cap
135781,Parag Parikh Flexi Cap Fund - Direct Growth,2022-02-04,220.052,219.7219,220.052,PPFAS,Equity,Flexi Cap
135781,Parag Parikh Flexi Cap Fund - Direct Growth,2022-02-07,226.3158,225.9763,226.3158,PPFAS,Equity,Flexi Cap
135781,Parag Parikh Flexi Cap Fund - Direct Growth,2022-02-08,223.3719,223.0368,223.3719,PPFAS,Equity,Flexi Cap
135781,Parag Parikh Flexi Cap Fund - Direct Growth,2022-02-09,223.35,223.015,223.35,PPFAS,Equity,Flexi Cap
135781,Parag Parikh Flexi Cap Fund - Direct Growth,2022-02-10,226.0404,225.7013,226.0404,PPFAS,Equity,Flexi Cap
135781,Parag Parikh Flexi Cap Fund - Direct Growth,2022-02-11,222.7178,222.3837,222.7178,PPFAS,Equity,Flexi Cap
135781,Parag Parikh Flexi Cap Fund - Direct Growth,2022-02-14,233.8891,233.5383,233.8891,PPFAS,Equity,Flexi Cap
135781,Parag Parikh Flexi Cap Fund - Direct Growth,2022-02-15,237.9514,237.5945,237.9514,PPFAS,Equity,Flexi Cap
135781,Parag Parikh Flexi Cap Fund - Direct Growth,2022-02-16,238.67,238.312,238.67,PPFAS,Equity,Flexi Cap
135781,Parag Parikh Flexi Cap Fund - Direct Growth,2022-02-17,241.5377,241.1754,241.5377,PPFAS,Equity,Flexi Cap
135781,Parag Parikh Flexi Cap Fund - Direct Growth,2022-02-18,239.5537,239.1944,239.5537,PPFAS,Equity,Flexi Cap
135781,Parag Parikh Flexi Cap Fund - Direct Growth,2022-02-21,244.8801,244.5128,244.8801,PPFAS,Equity,Flexi Cap
135781,Parag Parikh Flexi Cap Fund - Direct Growth,2022-02-22,248.8452,248.4719,248.8452,PPFAS,Equity,Flexi Cap
135781,Parag Parikh Flexi Cap Fund - Direct Growth,2022-02-23,247.3358,246.9648,247.3358,PPFAS,Equity,Flexi Cap
135781,Parag Parikh Flexi Cap Fund - Direct Growth,2022-02-24,246.8795,246.5092,246.8795,PPFAS,Equity,Flexi Cap
135781,Parag Parikh Flexi Cap Fund - Direct Growth,2022-02-25,247.2611,246.8902,247.2611,PPFAS,Equity,Flexi Cap
135781,Parag Parikh Flexi Cap Fund - Direct Growth,2022-02-28,240.111,239.7508,240.111,PPFAS,Equity,Flexi Cap
135781,Parag Parikh Flexi Cap Fund - Direct Growth,2022-03-01,243.2237,242.8589,243.2237,PPFAS,Equity,Flexi Cap
135781,Parag Parikh Flexi Cap Fund - Direct Growth,2022-03-02,243.4571,243.0919,243.4571,PPFAS,Equity,Flexi Cap
135781,Parag Parikh Flexi Cap Fund - Direct Growth,2022-03-03,242.0327,241.6697,242.0327,PPFAS,Equity,Flexi Cap
135781,Parag Parikh Flexi Cap Fund - Direct Growth,2022-03-04,239.7062,239.3466,239.7062,PPFAS,Equity,Flexi Cap
135781,Parag Parikh Flexi Cap Fund - Direct Growth,2022-03-07,242.8797,242.5154,242.8797,PPFAS,Equity,Flexi Cap
135781,Parag Parikh Flexi Cap Fund - Direct Growth,2022-03-08,240.9205,240.5591,240.9205,PPFAS,Equity,Flexi Cap
135781,Parag Parikh Flexi Cap Fund - Direct Growth,2022-03-09,238.5709,238.213,238.5709,PPFAS,Equity,Flexi Cap
135781,Parag Parikh Flexi Cap Fund - Direct Growth,2022-03-10,240.5469,240.1861,240.5469,PPFAS,Equity,Flexi Cap
135781,Parag Parikh Flexi Cap Fund - Direct Growth,2022-03-11,238.558,238.2002,238.558,PPFAS,Equity,Flexi Cap
135781,Parag Parikh Flexi Cap Fund - Direct Growth,2022-03-14,240.2668,239.9064,240.2668,PPFAS,Equity,Flexi Cap
135781,Parag Parikh Flexi Cap Fund - Direct Growth,2022-03-15,242.8375,242.4732,242.8375,PPFAS,Equity,Flexi Cap
135781,Parag Parikh Flexi Cap Fund - Direct Growth,2022-03-16,239.2543,238.8954,239.2543,PPFAS,Equity,Flexi Cap
135781,Parag Parikh Flexi Cap Fund - Direct Growth,2022-03-17,233.863,233.5122,233.863,PPFAS,Equity,Flexi Cap
135781,Parag Parikh Flexi Cap Fund - Direct Growth,2022-03-18,232.3641,232.0156,232.3641,PPFAS,Equity,Flexi Cap
135781,Parag Parikh Flexi Cap Fund - Direct Growth,2022-03-21,248.7826,248.4094,248.7826,PPFAS,Equity,Flexi Cap
135781,Parag Parikh Flexi Cap Fund - Direct Growth,2022-03-22,248.306,247.9335,248.306,PPFAS,Equity,Flexi Cap
135781,Parag Parikh Flexi Cap Fund - Direct Growth,2022-03-23,243.0952,242.7306,243.0952,PPFAS,Equity,Flexi Cap
135781,Parag Parikh Flexi Cap Fund - Direct Growth,2022-03-24,236.3575,236.003,236.3575,PPFAS,Equity,Flexi Cap
135781,Parag Parikh Flexi Cap Fund - Direct Growth,2022-03-25,234.7105,234.3584,234.7105,PPFAS,Equity,Flexi Cap
135781,Parag Parikh Flexi Cap Fund - Direct Growth,2022-03-28,240.5698,240.2089,240.5698,PPFAS,Equity,Flexi Cap
135781,Parag Parikh Flexi Cap Fund - Direct Growth,2022-03-29,241.3225,240.9605,241.3225,PPFAS,Equity,Flexi Cap
135781,Parag Parikh Flexi Cap Fund - Direct Growth,2022-03-30,238.8422,238.4839,238.8422,PPFAS,Equity,Flexi Cap
135781,Parag Parikh Flexi Cap Fund - Direct Growth,2022-03-31,236.184,235.8297,236.184,PPFAS,Equity,Flexi Cap
135781,Parag Parikh Flexi Cap Fund - Direct Growth,2022-04-01,236.9987,236.6432,236.9987,PPFAS,Equity,Flexi Cap
135781,Parag Parikh Flexi Cap Fund - Direct Growth,2022-04-04,237.4086,237.0525,237.4086,PPFAS,Equity,Flexi Cap
135781,Parag Parikh Flexi Cap Fund - Direct Growth,2022-04-05,239.3573,238.9983,239.3573,PPFAS,Equity,Flexi Cap
135781,Parag Parikh Flexi Cap Fund - Direct Growth,2022-04-06,240.6764,240.3154,240.6764,PPFAS,Equity,Flexi Cap
135781,Parag Parikh Flexi Cap Fund - Direct Growth,2022-04-07,237.6805,237.324,237.6805,PPFAS,Equity,Flexi Cap
135781,Parag Parikh Flexi Cap Fund - Direct Growth,2022-04-08,235.5386,235.1853,235.5386,PPFAS,Equity,Flexi Cap
135781,Parag Parikh Flexi Cap Fund - Direct Growth,2022-04-11,241.6197,241.2573,241.6197,PPFAS,Equity,Flexi Cap
135781,Parag Parikh Flexi Cap Fund - Direct Growth,2022-04-12,243.1693,242.8045,243.1693,PPFAS,Equity,Flexi Cap
135781,Parag Parikh Flexi Cap Fund - Direct Growth,2022-04-13,241.8466,241.4838,241.8466,PPFAS,Equity,Flexi Cap
135781,Parag Parikh Flexi Cap Fund - Direct Growth,2022-04-14,241.9137,241.5508,241.9137,PPFAS,Equity,Flexi Cap
135781,Parag Parikh Flexi Cap Fund - Direct Growth,2022-04-15,242.1945,241.8312,242.1945,PPFAS,Equity,Flexi Cap
135781,Parag Parikh Flexi Cap Fund - Direct Growth,2022-04-18,239.7355,239.3759,239.7355,PPFAS,Equity,Flexi Cap
135781,Parag Parikh Flexi Cap Fund - Direct Growth,2022-04-19,242.2631,241.8997,242.2631,PPFAS,Equity,Flexi Cap
135781,Parag Parikh Flexi Cap Fund - Direct Growth,2022-04-20,244.1153,243.7491,244.1153,PPFAS,Equity,Flexi Cap
135781,Parag Parikh Flexi Cap Fund - Direct Growth,2022-04-21,248.6519,248.2789,248.6519,PPFAS,Equity,Flexi Cap
135781,Parag Parikh Flexi Cap Fund - Direct Growth,2022-04-22,247.1348,246.7641,247.1348,PPFAS,Equity,Flexi Cap
135781,Parag Parikh Flexi Cap Fund - Direct Growth,2022-04-25,246.6402,246.2702,246.6402,PPFAS,Equity,Flexi Cap
135781,Parag Parikh Flexi Cap Fund - Direct Growth,2022-04-26,241.5299,241.1676,241.5299,PPFAS,Equity,Flexi Cap
135781,Parag Parikh Flexi Cap Fund - Direct Growth,2022-04-27,240.3344,239.9739,240.3344,PPFAS,Equity,Flexi Cap
135781,Parag Parikh Flexi Cap Fund - Direct Growth,2022-04-28,238.9778,238.6193,238.9778,PPFAS,Equity,Flexi Cap
135781,Parag Parikh Flexi Cap Fund - Direct Growth,2022-04-29,240.5816,240.2207,240.5816,PPFAS,Equity,Flexi Cap
135781,Parag Parikh Flexi Cap Fund - Direct Growth,2022-05-02,236.9964,236.6409,236.9964,PPFAS,Equity,Flexi Cap
135781,Parag Parikh Flexi Cap Fund - Direct Growth,2022-05-03,236.0348,235.6807,236.0348,PPFAS,Equity,Flexi Cap
135781,Parag Parikh Flexi Cap Fund - Direct Growth,2022-05-04,231.0989,230.7523,231.0989,PPFAS,Equity,Flexi Cap
135781,Parag Parikh Flexi Cap Fund - Direct Growth,2022-05-05,228.471,228.1283,228.471,PPFAS,Equity,Flexi Cap
135781,Parag Parikh Flexi Cap Fund - Direct Growth,2022-05-06,226.4491,226.1094,226.4491,PPFAS,Equity,Flexi Cap
135781,Parag Parikh Flexi Cap Fund - Direct Growth,2022-05-09,232.9854,232.6359,232.9854,PPFAS,Equity,Flexi Cap
135781,Parag Parikh Flexi Cap Fund - Direct Growth,2022-05-10,228.8887,228.5454,228.8887,PPFAS,Equity,Flexi Cap
135781,Parag Parikh Flexi Cap Fund - Direct Growth,2022-05-11,232.2604,231.912,232.2604,PPFAS,Equity,Flexi Cap
135781,Parag Parikh Flexi Cap Fund - Direct Growth,2022-05-12,235.9796,235.6256,235.9796,PPFAS,Equity,Flexi Cap
135781,Parag Parikh Flexi Cap Fund - Direct Growth,2022-05-13,230.4152,230.0696,230.4152,PPFAS,Equity,Flexi Cap
135781,Parag Parikh Flexi Cap Fund - Direct Growth,2022-05-16,231.879,231.5312,231.879,PPFAS,Equity,Flexi Cap
135781,Parag Parikh Flexi Cap Fund - Direct Growth,2022-05-17,230.0838,229.7387,230.0838,PPFAS,Equity,Flexi Cap
135781,Parag Parikh Flexi Cap Fund - Direct Growth,2022-05-18,229.3323,228.9883,229.3323,PPFAS,Equity,Flexi Cap
135781,Parag Parikh Flexi Cap Fund - Direct Growth,2022-05-19,227.78,227.4383,227.78,PPFAS,Equity,Flexi Cap
135781,Parag Parikh Flexi Cap Fund - Direct Growth,2022-05-20,228.1729,227.8306,228.1729,PPFAS,Equity,Flexi Cap
135781,Parag Parikh Flexi Cap Fund - Direct Growth,2022-05-23,232.3404,231.9919,232.3404,PPFAS,Equity,Flexi Cap
135781,Parag Parikh Flexi Cap Fund - Direct Growth,2022-05-24,230.254,229.9086,230.254,PPFAS,Equity,Flexi Cap
135781,Parag Parikh Flexi Cap Fund - Direct Growth,2022-05-25,228.0041,227.6621,228.0041,PPFAS,Equity,Flexi Cap
135781,Parag Parikh Flexi Cap Fund - Direct Growth,2022-05-26,230.335,229.9895,230.335,PPFAS,Equity,Flexi Cap
135781,Parag Parikh Flexi Cap Fund - Direct Growth,2022-05-27,232.9754,232.6259,232.9754,PPFAS,Equity,Flexi Cap
135781,Parag Parikh Flexi Cap Fund - Direct Growth,2022-05-30,230.6219,230.276,230.6219,PPFAS,Equity,Flexi Cap
135781,Parag Parikh Flexi Cap Fund - Direct Growth,2022-05-31,232.9917,232.6422,232.9917,PPFAS,Equity,Flexi Cap
135781,Parag Parikh Flexi Cap Fund - Direct Growth,2022-06-01,233.201,232.8512,233.201,PPFAS,Equity,Flexi Cap
135781,Parag Parikh Flexi Cap Fund - Direct Growth,2022-06-02,230.2896,229.9442,230.2896,PPFAS,Equity,Flexi Cap
135781,Parag Parikh Flexi Cap Fund - Direct Growth,2022-06-03,231.6483,231.3008,231.6483,PPFAS,Equity,Flexi Cap
135781,Parag Parikh Flexi Cap Fund - Direct Growth,2022-06-06,239.24,238.8811,239.24,PPFAS,Equity,Flexi Cap
135781,Parag Parikh Flexi Cap Fund - Direct Growth,2022-06-07,241.07,240.7084,241.07,PPFAS,Equity,Flexi Cap
135781,Parag Parikh Flexi Cap Fund - Direct Growth,2022-06-08,245.1036,244.7359,245.1036,PPFAS,Equity,Flexi Cap
135781,Parag Parikh Flexi Cap Fund - Direct Growth,2022-06-09,245.3922,245.0241,245.3922,PPFAS,Equity,Flexi Cap
135781,Parag Parikh Flexi Cap Fund - Direct Growth,2022-06-10,247.7443,247.3727,247.7443,PPFAS,Equity,Flexi Cap
135781,Parag Parikh Flexi Cap Fund - Direct Growth,2022-06-13,252.4068,252.0282,252.4068,PPFAS,Equity,Flexi Cap
135781,Parag Parikh Flexi Cap Fund - Direct Growth,2022-06-14,247.3447,246.9737,247.3447,PPFAS,Equity,Flexi Cap
135781,Parag Parikh Flexi Cap Fund - Direct Growth,2022-06-15,247.1969,246.8261,247.1969,PPFAS,Equity,Flexi Cap
135781,Parag Parikh Flexi Cap Fund - Direct Growth,2022-06-16,249.7384,249.3638,249.7384,PPFAS,Equity,Flexi Cap
135781,Parag Parikh Flexi Cap Fund - Direct Growth,2022-06-17,252.6722,252.2932,252.6722,PPFAS,Equity,Flexi Cap
135781,Parag Parikh Flexi Cap Fund - Direct Growth,2022-06-20,246.8577,246.4874,246.8577,PPFAS,Equity,Flexi Cap
135781,Parag Parikh Flexi Cap Fund - Direct Growth,2022-06-21,245.4895,245.1213,245.4895,PPFAS,Equity,Flexi Cap
135781,Parag Parikh Flexi Cap Fund - Direct Growth,2022-06-22,244.6911,244.3241,244.6911,PPFAS,Equity,Flexi Cap
135781,Parag Parikh Flexi Cap Fund - Direct Growth,2022-06-23,243.8701,243.5043,243.8701,PPFAS,Equity,Flexi Cap
135781,Parag Parikh Flexi Cap Fund - Direct Growth,2022-06-24,245.7778,245.4091,245.7778,PPFAS,Equity,Flexi Cap
135781,Parag Parikh Flexi Cap Fund - Direct Growth,2022-06-27,251.6512,251.2737,251.6512,PPFAS,Equity,Flexi Cap
135781,Parag Parikh Flexi Cap Fund - Direct Growth,2022-06-28,250.9691,250.5926,250.9691,PPFAS,Equity,Flexi Cap
135781,Parag Parikh Flexi Cap Fund - Direct Growth,2022-06-29,251.4441,251.0669,251.4441,PPFAS,Equity,Flexi Cap
135781,Parag Parikh Flexi Cap Fund - Direct Growth,2022-06-30,249.0454,248.6718,249.0454,PPFAS,Equity,Flexi Cap
135781,Parag Parikh Flexi Cap Fund - Direct Growth,2022-07-01,249.5042,249.1299,249.5042,PPFAS,Equity,Flexi Cap
135781,Parag Parikh Flexi Cap Fund - Direct Growth,2022-07-04,253.1682,252.7884,253.1682,PPFAS,Equity,Flexi Cap
135781,Parag Parikh Flexi Cap Fund - Direct Growth,2022-07-05,254.5872,254.2053,254.5872,PPFAS,Equity,Flexi Cap
135781,Parag Parikh Flexi Cap Fund - Direct Growth,2022-07-06,249.2758,248.9019,249.2758,PPFAS,Equity,Flexi Cap
135781,Parag Parikh Flexi Cap Fund - Direct Growth,2022-07-07,251.2806,250.9037,251.2806,PPFAS,Equity,Flexi Cap
135781,Parag Parikh Flexi Cap Fund - Direct Growth,2022-07-08,249.3578,248.9838,249.3578,PPFAS,Equity,Flexi Cap
135781,Parag Parikh Flexi Cap Fund - Direct Growth,2022-07-11,244.3758,244.0092,244.3758,PPFAS,Equity,Flexi Cap
135781,Parag Parikh Flexi Cap Fund - Direct Growth,2022-07-12,243.8208,243.4551,243.8208,PPFAS,Equity,Flexi Cap
135781,Parag Parikh Flexi Cap Fund - Direct Growth,2022-07-13,238.9971,238.6386,238.9971,PPFAS,Equity,Flexi Cap
135781,Parag Parikh Flexi Cap Fund - Direct Growth,2022-07-14,240.4637,240.103,240.4637,PPFAS,Equity,Flexi Cap
135781,Parag Parikh Flexi Cap Fund - Direct Growth,2022-07-15,236.4058,236.0512,236.4058,PPFAS,Equity,Flexi Cap
135781,Parag Parikh Flexi Cap Fund - Direct Growth,2022-07-18,240.2906,239.9302,240.2906,PPFAS,Equity,Flexi Cap
135781,Parag Parikh Flexi Cap Fund - Direct Growth,2022-07-19,245.5242,245.1559,245.5242,PPFAS,Equity,Flexi Cap
135781,Parag Parikh Flexi Cap Fund - Direct Growth,2022-07-20,241.6017,241.2393,241.6017,PPFAS,Equity,Flexi Cap
135781,Parag Parikh Flexi Cap Fund - Direct Growth,2022-07-21,241.5462,241.1839,241.5462,PPFAS,Equity,Flexi Cap
135781,Parag Parikh Flexi Cap Fund - Direct Growth,2022-07-22,240.8418,240.4805,240.8418,PPFAS,Equity,Flexi Cap
135781,Parag Parikh Flexi Cap Fund - Direct Growth,2022-07-25,241.9849,241.6219,241.9849,PPFAS,Equity,Flexi Cap
135781,Parag Parikh Flexi Cap Fund - Direct Growth,2022-07-26,240.8014,240.4402,240.8014,PPFAS,Equity,Flexi Cap
135781,Parag Parikh Flexi Cap Fund - Direct Growth,2022-07-27,237.6716,237.3151,237.6716,PPFAS,Equity,Flexi Cap
135781,Parag Parikh Flexi Cap Fund - Direct Growth,2022-07-28,240.5841,240.2232,240.5841,PPFAS,Equity,Flexi Cap
135781,Parag Parikh Flexi Cap Fund - Direct Growth,2022-07-29,242.0061,241.6431,242.0061,PPFAS,Equity,Flexi Cap
135781,Parag Parikh Flexi Cap Fund - Direct Growth,2022-08-01,242.1291,241.7659,242.1291,PPFAS,Equity,Flexi Cap
135781,Parag Parikh Flexi Cap Fund - Direct Growth,2022-08-02,239.0929,238.7343,239.0929,PPFAS,Equity,Flexi Cap
135781,Parag Parikh Flexi Cap Fund - Direct Growth,2022-08-03,240.2183,239.858,240.2183,PPFAS,Equity,Flexi Cap
135781,Parag Parikh Flexi Cap Fund - Direct Growth,2022-08-04,237.3171,236.9611,237.3171,PPFAS,Equity,Flexi Cap
135781,Parag Parikh Flexi Cap Fund - Direct Growth,2022-08-05,242.6767,242.3127,242.6767,PPFAS,Equity,Flexi Cap
135781,Parag Parikh Flexi Cap Fund - Direct Growth,2022-08-08,244.4517,244.085,244.4517,PPFAS,Equity,Flexi Cap
135781,Parag Parikh Flexi Cap Fund - Direct Growth,2022-08-09,246.3069,245.9374,246.3069,PPFAS,Equity,Flexi Cap
135781,Parag Parikh Flexi Cap Fund - Direct Growth,2022-08-10,246.9247,246.5543,246.9247,PPFAS,Equity,Flexi Cap
135781,Parag Parikh Flexi Cap Fund - Direct Growth,2022-08-11,244.1538,243.7876,244.1538,PPFAS,Equity,Flexi Cap
135781,Parag Parikh Flexi Cap Fund - Direct Growth,2022-08-12,240.2031,239.8428,240.2031,PPFAS,Equity,Flexi Cap
135781,Parag Parikh Flexi Cap Fund - Direct Growth,2022-08-15,245.7971,245.4284,245.7971,PPFAS,Equity,Flexi Cap
135781,Parag Parikh Flexi Cap Fund - Direct Growth,2022-08-16,242.5357,242.1719,242.5357,PPFAS,Equity,Flexi Cap
135781,Parag Parikh Flexi Cap Fund - Direct Growth,2022-08-17,235.4784,235.1252,235.4784,PPFAS,Equity,Flexi Cap
135781,Parag Parikh Flexi Cap Fund - Direct Growth,2022-08-18,232.8012,232.452,232.8012,PPFAS,Equity,Flexi Cap
135781,Parag Parikh Flexi Cap Fund - Direct Growth,2022-08-19,232.5768,232.2279,232.5768,PPFAS,Equity,Flexi Cap
135781,Parag Parikh Flexi Cap Fund - Direct Growth,2022-08-22,240.1144,239.7542,240.1144,PPFAS,Equity,Flexi Cap
135781,Parag Parikh Flexi Cap Fund - Direct Growth,2022-08-23,239.0576,238.699,239.0576,PPFAS,Equity,Flexi Cap
135781,Parag Parikh Flexi Cap Fund - Direct Growth,2022-08-24,237.4803,237.1241,237.4803,PPFAS,Equity,Flexi Cap
135781,Parag Parikh Flexi Cap Fund - Direct Growth,2022-08-25,241.5811,241.2187,241.5811,PPFAS,Equity,Flexi Cap
135781,Parag Parikh Flexi Cap Fund - Direct Growth,2022-08-26,242.2597,241.8963,242.2597,PPFAS,Equity,Flexi Cap
135781,Parag Parikh Flexi Cap Fund - Direct Growth,2022-08-29,232.1087,231.7605,232.1087,PPFAS,Equity,Flexi Cap
135781,Parag Parikh Flexi Cap Fund - Direct Growth,2022-08-30,230.68,230.334,230.68,PPFAS,Equity,Flexi Cap
135781,Parag Parikh Flexi Cap Fund - Direct Growth,2022-08-31,232.3305,231.982,232.3305,PPFAS,Equity,Flexi Cap
135781,Parag Parikh Flexi Cap Fund - Direct Growth,2022-09-01,232.1239,231.7757,232.1239,PPFAS,Equity,Flexi Cap
135781,Parag Parikh Flexi Cap Fund - Direct Growth,2022-09-02,232.0026,231.6546,232.0026,PPFAS,Equity,Flexi Cap
135781,Parag Parikh Flexi Cap Fund - Direct Growth,2022-09-05,239.2017,238.8429,239.2017,PPFAS,Equity,Flexi Cap
135781,Parag Parikh Flexi Cap Fund - Direct Growth,2022-09-06,237.3704,237.0143,237.3704,PPFAS,Equity,Flexi Cap
135781,Parag Parikh Flexi Cap Fund - Direct Growth,2022-09-07,237.7194,237.3628,237.7194,PPFAS,Equity,Flexi Cap
135781,Parag Parikh Flexi Cap Fund - Direct Growth,2022-09-08,237.0123,236.6568,237.0123,PPFAS,Equity,Flexi Cap
135781,Parag Parikh Flexi Cap Fund - Direct Growth,2022-09-09,237.4581,237.1019,237.4581,PPFAS,Equity,Flexi Cap
135781,Parag Parikh Flexi Cap Fund - Direct Growth,2022-09-12,238.0844,237.7273,238.0844,PPFAS,Equity,Flexi Cap
135781,Parag Parikh Flexi Cap Fund - Direct Growth,2022-09-13,234.9715,234.619,234.9715,PPFAS,Equity,Flexi Cap
135781,Parag Parikh Flexi Cap Fund - Direct Growth,2022-09-14,242.1236,241.7604,242.1236,PPFAS,Equity,Flexi Cap
135781,Parag Parikh Flexi Cap Fund - Direct Growth,2022-09-15,240.8142,240.453,240.8142,PPFAS,Equity,Flexi Cap
135781,Parag Parikh Flexi Cap Fund - Direct Growth,2022-09-16,242.9311,242.5667,242.9311,PPFAS,Equity,Flexi Cap
135781,Parag Parikh Flexi Cap Fund - Direct Growth,2022-09-19,237.3696,237.0135,237.3696,PPFAS,Equity,Flexi Cap
135781,Parag Parikh Flexi Cap Fund - Direct Growth,2022-09-20,238.8113,238.4531,238.8113,PPFAS,Equity,Flexi Cap
135781,Parag Parikh Flexi Cap Fund - Direct Growth,2022-09-21,231.105,230.7583,231.105,PPFAS,Equity,Flexi Cap
135781,Parag Parikh Flexi Cap Fund - Direct Growth,2022-09-22,231.6582,231.3107,231.6582,PPFAS,Equity,Flexi Cap
135781,Parag Parikh Flexi Cap Fund - Direct Growth,2022-09-23,228.5547,228.2119,228.5547,PPFAS,Equity,Flexi Cap
135781,Parag Parikh Flexi Cap Fund - Direct Growth,2022-09-26,224.5357,224.1989,224.5357,PPFAS,Equity,Flexi Cap
135781,Parag Parikh Flexi Cap Fund - Direct Growth,2022-09-27,223.8882,223.5524,223.8882,PPFAS,Equity,Flexi Cap
135781,Parag Parikh Flexi Cap Fund - Direct Growth,2022-09-28,221.1505,220.8188,221.1505,PPFAS,Equity,Flexi Cap
135781,Parag Parikh Flexi Cap Fund - Direct Growth,2022-09-29,219.977,219.647,219.977,PPFAS,Equity,Flexi Cap
135781,Parag Parikh Flexi Cap Fund - Direct Growth,2022-09-30,216.9148,216.5894,216.9148,PPFAS,Equity,Flexi Cap
135781,Parag Parikh Flexi Cap Fund - Direct Growth,2022-10-03,211.6509,211.3334,211.6509,PPFAS,Equity,Flexi Cap
135781,Parag Parikh Flexi Cap Fund - Direct Growth,2022-10-04,211.2817,210.9648,211.2817,PPFAS,Equity,Flexi Cap
135781,Parag Parikh Flexi Cap Fund - Direct Growth,2022-10-05,213.2751,212.9552,213.2751,PPFAS,Equity,Flexi Cap
135781,Parag Parikh Flexi Cap Fund - Direct Growth,2022-10-06,211.7866,211.4689,211.7866,PPFAS,Equity,Flexi Cap
135781,Parag Parikh Flexi Cap Fund - Direct Growth,2022-10-07,209.7742,209.4595,209.7742,PPFAS,Equity,Flexi Cap
135781,Parag Parikh Flexi Cap Fund - Direct Growth,2022-10-10,210.4266,210.111,210.4266,PPFAS,Equity,Flexi Cap
135781,Parag Parikh Flexi Cap Fund - Direct Growth,2022-10-11,210.1316,209.8164,210.1316,PPFAS,Equity,Flexi Cap
135781,Parag Parikh Flexi Cap Fund - Direct Growth,2022-10-12,205.847,205.5382,205.847,PPFAS,Equity,Flexi Cap
135781,Parag Parikh Flexi Cap Fund - Direct Growth,2022-10-13,204.9581,204.6507,204.9581,PPFAS,Equity,Flexi Cap
135781,Parag Parikh Flexi Cap Fund - Direct Growth,2022-10-14,205.1242,204.8165,205.1242,PPFAS,Equity,Flexi Cap
135781,Parag Parikh Flexi Cap Fund - Direct Growth,2022-10-17,198.7361,198.438,198.7361,PPFAS,Equity,Flexi Cap
135781,Parag Parikh Flexi Cap Fund - Direct Growth,2022-10-18,198.9994,198.7009,198.9994,PPFAS,Equity,Flexi Cap
135781,Parag Parikh Flexi Cap Fund - Direct Growth,2022-10-19,201.6,201.2976,201.6,PPFAS,Equity,Flexi Cap
135781,Parag Parikh Flexi Cap Fund - Direct Growth,2022-10-20,199.0264,198.7279,199.0264,PPFAS,Equity,Flexi Cap
135781,Parag Parikh Flexi Cap Fund - Direct Growth,2022-10-21,197.6189,197.3225,197.6189,PPFAS,Equity,Flexi Cap
135781,Parag Parikh Flexi Cap Fund - Direct Growth,2022-10-24,198.3258,198.0283,198.3258,PPFAS,Equity,Flexi Cap
135781,Parag Parikh Flexi Cap Fund - Direct Growth,2022-10-25,198.0034,197.7064,198.0034,PPFAS,Equity,Flexi Cap
135781,Parag Parikh Flexi Cap Fund - Direct Growth,2022-10-26,198.7553,198.4572,198.7553,PPFAS,Equity,Flexi Cap
135781,Parag Parikh Flexi Cap Fund - Direct Growth,2022-10-27,198.5914,198.2935,198.5914,PPFAS,Equity,Flexi Cap
135781,Parag Parikh Flexi Cap Fund - Direct Growth,2022-10-28,192.7684,192.4792,192.7684,PPFAS,Equity,Flexi Cap
135781,Parag Parikh Flexi Cap Fund - Direct Growth,2022-10-31,197.975,197.678,197.975,PPFAS,Equity,Flexi Cap
135781,Parag Parikh Flexi Cap Fund - Direct Growth,2022-11-01,195.6046,195.3112,195.6046,PPFAS,Equity,Flexi Cap
135781,Parag Parikh Flexi Cap Fund - Direct Growth,2022-11-02,194.4784,194.1867,194.4784,PPFAS,Equity,Flexi Cap
135781,Parag Parikh Flexi Cap Fund - Direct Growth,2022-11-03,198.6867,198.3887,198.6867,PPFAS,Equity,Flexi Cap
135781,Parag Parikh Flexi Cap Fund - Direct Growth,2022-11-04,200.9357,200.6343,200.9357,PPFAS,Equity,Flexi Cap
135781,Parag Parikh Flexi Cap Fund - Direct Growth,2022-11-07,201.9736,201.6706,201.9736,PPFAS,Equity,Flexi Cap
135781,Parag Parikh Flexi Cap Fund - Direct Growth,2022-11-08,201.5683,201.2659,201.5683,PPFAS,Equity,Flexi Cap
135781,Parag Parikh Flexi Cap Fund - Direct Growth,2022-11-09,201.4604,201.1582,201.4604,PPFAS,Equity,Flexi Cap
135781,Parag Parikh Flexi Cap Fund - Direct Growth,2022-11-10,202.8696,202.5653,202.8696,PPFAS,Equity,Flexi Cap
135781,Parag Parikh Flexi Cap Fund - Direct Growth,2022-11-11,206.6241,206.3142,206.6241,PPFAS,Equity,Flexi Cap
135781,Parag Parikh Flexi Cap Fund - Direct Growth,2022-11-14,206.6316,206.3217,206.6316,PPFAS,Equity,Flexi Cap
135781,Parag Parikh Flexi Cap Fund - Direct Growth,2022-11-15,208.5411,208.2283,208.5411,PPFAS,Equity,Flexi Cap
135781,Parag Parikh Flexi Cap Fund - Direct Growth,2022-11-16,210.1732,209.8579,210.1732,PPFAS,Equity,Flexi Cap
135781,Parag Parikh Flexi Cap Fund - Direct Growth,2022-11-17,208.6703,208.3573,208.6703,PPFAS,Equity,Flexi Cap
135781,Parag Parikh Flexi Cap Fund - Direct Growth,2022-11-18,216.0508,215.7267,216.0508,PPFAS,Equity,Flexi Cap
135781,Parag Parikh Flexi Cap Fund - Direct Growth,2022-11-21,210.8181,210.5019,210.8181,PPFAS,Equity,Flexi Cap
135781,Parag Parikh Flexi Cap Fund - Direct Growth,2022-11-22,216.2576,215.9332,216.2576,PPFAS,Equity,Flexi Cap
135781,Parag Parikh Flexi Cap Fund - Direct Growth,2022-11-23,214.1741,213.8528,214.1741,PPFAS,Equity,Flexi Cap
135781,Parag Parikh Flexi Cap Fund - Direct Growth,2022-11-24,213.5766,213.2562,213.5766,PPFAS,Equity,Flexi Cap
135781,Parag Parikh Flexi Cap Fund - Direct Growth,2022-11-25,216.423,216.0984,216.423,PPFAS,Equity,Flexi Cap
135781,Parag Parikh Flexi Cap Fund - Direct Growth,2022-11-28,217.2308,216.905,217.2308,PPFAS,Equity,Flexi Cap
135781,Parag Parikh Flexi Cap Fund - Direct Growth,2022-11-29,218.0281,217.7011,218.0281,PPFAS,Equity,Flexi Cap
135781,Parag Parikh Flexi Cap Fund - Direct Growth,2022-11-30,220.8113,220.4801,220.8113,PPFAS,Equity,Flexi Cap
135781,Parag Parikh Flexi Cap Fund - Direct Growth,2022-12-01,224.3217,223.9852,224.3217,PPFAS,Equity,Flexi Cap
135781,Parag Parikh Flexi Cap Fund - Direct Growth,2022-12-02,225.2378,224.8999,225.2378,PPFAS,Equity,Flexi Cap
135781,Parag Parikh Flexi Cap Fund - Direct Growth,2022-12-05,228.2097,227.8674,228.2097,PPFAS,Equity,Flexi Cap
135781,Parag Parikh Flexi Cap Fund - Direct Growth,2022-12-06,228.4521,228.1094,228.4521,PPFAS,Equity,Flexi Cap
135781,Parag Parikh Flexi Cap Fund - Direct Growth,2022-12-07,228.5418,228.199,228.5418,PPFAS,Equity,Flexi Cap
135781,Parag Parikh Flexi Cap Fund - Direct Growth,2022-12-08,231.915,231.5671,231.915,PPFAS,Equity,Flexi Cap
135781,Parag Parikh Flexi Cap Fund - Direct Growth,2022-12-09,236.2271,235.8728,236.2271,PPFAS,Equity,Flexi Cap
135781,Parag Parikh Flexi Cap Fund - Direct Growth,2022-12-12,230.3429,229.9974,230.3429,PPFAS,Equity,Flexi Cap
135781,Parag Parikh Flexi Cap Fund - Direct Growth,2022-12-13,229.5755,229.2311,229.5755,PPFAS,Equity,Flexi Cap
135781,Parag Parikh Flexi Cap Fund - Direct Growth,2022-12-14,230.7762,230.43,230.7762,PPFAS,Equity,Flexi Cap
135781,Parag Parikh Flexi Cap Fund - Direct Growth,2022-12-15,232.7224,232.3733,232.7224,PPFAS,Equity,Flexi Cap
135781,Parag Parikh Flexi Cap Fund - Direct Growth,2022-12-16,232.5024,232.1536,232.5024,PPFAS,Equity,Flexi Cap
135781,Parag Parikh Flexi Cap Fund - Direct Growth,2022-12-19,227.2236,226.8828,227.2236,PPFAS,Equity,Flexi Cap
135781,Parag Parikh Flexi Cap Fund - Direct Growth,2022-12-20,219.8422,219.5124,219.8422,PPFAS,Equity,Flexi Cap
135781,Parag Parikh Flexi Cap Fund - Direct Growth,2022-12-21,223.0627,222.7281,223.0627,PPFAS,Equity,Flexi Cap
135781,Parag Parikh Flexi Cap Fund - Direct Growth,2022-12-22,224.5471,224.2103,224.5471,PPFAS,Equity,Flexi Cap
135781,Parag Parikh Flexi Cap Fund - Direct Growth,2022-12-23,228.1834,227.8411,228.1834,PPFAS,Equity,Flexi Cap
135781,Parag Parikh Flexi Cap Fund - Direct Growth,2022-12-26,223.425,223.0899,223.425,PPFAS,Equity,Flexi Cap
135781,Parag Parikh Flexi Cap Fund - Direct Growth,2022-12-27,226.9318,226.5914,226.9318,PPFAS,Equity,Flexi Cap
135781,Parag Parikh Flexi Cap Fund - Direct Growth,2022-12-28,229.5408,229.1965,229.5408,PPFAS,Equity,Flexi Cap
135781,Parag Parikh Flexi Cap Fund - Direct Growth,2022-12-29,227.8072,227.4655,227.8072,PPFAS,Equity,Flexi Cap
135781,Parag Parikh Flexi Cap Fund - Direct Growth,2022-12-30,228.1355,227.7933,228.1355,PPFAS,Equity,Flexi Cap
135781,Parag Parikh Flexi Cap Fund - Direct Growth,2023-01-02,227.2945,226.9536,227.2945,PPFAS,Equity,Flexi Cap
135781,Parag Parikh Flexi Cap Fund - Direct Growth,2023-01-03,224.1191,223.7829,224.1191,PPFAS,Equity,Flexi Cap
135781,Parag Parikh Flexi Cap Fund - Direct Growth,2023-01-04,221.8049,221.4722,221.8049,PPFAS,Equity,Flexi Cap
135781,Parag Parikh Flexi Cap Fund - Direct Growth,2023-01-05,218.9551,218.6267,218.9551,PPFAS,Equity,Flexi Cap
135781,Parag Parikh Flexi Cap Fund - Direct Growth,2023-01-06,215.1271,214.8044,215.1271,PPFAS,Equity,Flexi Cap
135781,Parag Parikh Flexi Cap Fund - Direct Growth,2023-01-09,218.2846,217.9572,218.2846,PPFAS,Equity,Flexi Cap
135781,Parag Parikh Flexi Cap Fund - Direct Growth,2023-01-10,214.4277,214.1061,214.4277,PPFAS,Equity,Flexi Cap
135781,Parag Parikh Flexi Cap Fund - Direct Growth,2023-01-11,216.6748,216.3498,216.6748,PPFAS,Equity,Flexi Cap
135781,Parag Parikh Flexi Cap Fund - Direct Growth,2023-01-12,221.1445,220.8128,221.1445,PPFAS,Equity,Flexi Cap
135781,Parag Parikh Flexi Cap Fund - Direct Growth,2023-01-13,219.518,219.1887,219.518,PPFAS,Equity,Flexi Cap
135781,Parag Parikh Flexi Cap Fund - Direct Growth,2023-01-16,224.149,223.8128,224.149,PPFAS,Equity,Flexi Cap
135781,Parag Parikh Flexi Cap Fund - Direct Growth,2023-01-17,222.8404,222.5061,222.8404,PPFAS,Equity,Flexi Cap
135781,Parag Parikh Flexi Cap Fund - Direct Growth,2023-01-18,219.3665,219.0375,219.3665,PPFAS,Equity,Flexi Cap
135781,Parag Parikh Flexi Cap Fund - Direct Growth,2023-01-19,221.1164,220.7847,221.1164,PPFAS,Equity,Flexi Cap
135781,Parag Parikh Flexi Cap Fund - Direct Growth,2023-01-20,223.3251,222.9901,223.3251,PPFAS,Equity,Flexi Cap
135781,Parag Parikh Flexi Cap Fund - Direct Growth,2023-01-23,224.7619,224.4248,224.7619,PPFAS,Equity,Flexi Cap
135781,Parag Parikh Flexi Cap Fund - Direct Growth,2023-01-24,226.276,225.9366,226.276,PPFAS,Equity,Flexi Cap
135781,Parag Parikh Flexi Cap Fund - Direct Growth,2023-01-25,224.28,223.9436,224.28,PPFAS,Equity,Flexi Cap
135781,Parag Parikh Flexi Cap Fund - Direct Growth,2023-01-26,224.5018,224.165,224.5018,PPFAS,Equity,Flexi Cap
135781,Parag Parikh Flexi Cap Fund - Direct Growth,2023-01-27,220.9501,220.6187,220.9501,PPFAS,Equity,Flexi Cap
135781,Parag Parikh Flexi Cap Fund - Direct Growth,2023-01-30,221.1719,220.8401,221.1719,PPFAS,Equity,Flexi Cap
135781,Parag Parikh Flexi Cap Fund - Direct Growth,2023-01-31,221.1731,220.8413,221.1731,PPFAS,Equity,Flexi Cap
135781,Parag Parikh Flexi Cap Fund - Direct Growth,2023-02-01,221.3685,221.0364,221.3685,PPFAS,Equity,Flexi Cap
135781,Parag Parikh Flexi Cap Fund - Direct Growth,2023-02-02,223.8344,223.4986,223.8344,PPFAS,Equity,Flexi Cap
135781,Parag Parikh Flexi Cap Fund - Direct Growth,2023-02-03,225.5116,225.1733,225.5116,PPFAS,Equity,Flexi Cap
135781,Parag Parikh Flexi Cap Fund - Direct Growth,2023-02-06,228.5162,228.1734,228.5162,PPFAS,Equity,Flexi Cap
135781,Parag Parikh Flexi Cap Fund - Direct Growth,2023-02-07,227.4378,227.0966,227.4378,PPFAS,Equity,Flexi Cap
135781,Parag Parikh Flexi Cap Fund - Direct Growth,2023-02-08,227.1884,226.8476,227.1884,PPFAS,Equity,Flexi Cap
135781,Parag Parikh Flexi Cap Fund - Direct Growth,2023-02-09,226.8752,226.5349,226.8752,PPFAS,Equity,Flexi Cap
135781,Parag Parikh Flexi Cap Fund - Direct Growth,2023-02-10,228.3415,227.999,228.3415,PPFAS,Equity,Flexi Cap
135781,Parag Parikh Flexi Cap Fund - Direct Growth,2023-02-13,231.8932,231.5454,231.8932,PPFAS,Equity,Flexi Cap
135781,Parag Parikh Flexi Cap Fund - Direct Growth,2023-02-14,234.601,234.2491,234.601,PPFAS,Equity,Flexi Cap
135781,Parag Parikh Flexi Cap Fund - Direct Growth,2023-02-15,232.5536,232.2048,232.5536,PPFAS,Equity,Flexi Cap
135781,Parag Parikh Flexi Cap Fund - Direct Growth,2023-02-16,234.2399,233.8885,234.2399,PPFAS,Equity,Flexi Cap
135781,Parag Parikh Flexi Cap Fund - Direct Growth,2023-02-17,234.6663,234.3143,234.6663,PPFAS,Equity,Flexi Cap
135781,Parag Parikh Flexi Cap Fund - Direct Growth,2023-02-20,239.8144,239.4547,239.8144,PPFAS,Equity,Flexi Cap
135781,Parag Parikh Flexi Cap Fund - Direct Growth,2023-02-21,240.9049,240.5435,240.9049,PPFAS,Equity,Flexi Cap
135781,Parag Parikh Flexi Cap Fund - Direct Growth,2023-02-22,240.8218,240.4606,240.8218,PPFAS,Equity,Flexi Cap
135781,Parag Parikh Flexi Cap Fund - Direct Growth,2023-02-23,243.9299,243.564,243.9299,PPFAS,Equity,Flexi Cap
135781,Parag Parikh Flexi Cap Fund - Direct Growth,2023-02-24,244.7103,244.3432,244.7103,PPFAS,Equity,Flexi Cap
135781,Parag Parikh Flexi Cap Fund - Direct Growth,2023-02-27,246.0087,245.6397,246.0087,PPFAS,Equity,Flexi Cap
135781,Parag Parikh Flexi Cap Fund - Direct Growth,2023-02-28,246.1343,245.7651,246.1343,PPFAS,Equity,Flexi Cap
135781,Parag Parikh Flexi Cap Fund - Direct Growth,2023-03-01,244.4999,244.1332,244.4999,PPFAS,Equity,Flexi Cap
135781,Parag Parikh Flexi Cap Fund - Direct Growth,2023-03-02,242.3938,242.0302,242.3938,PPFAS,Equity,Flexi Cap
135781,Parag Parikh Flexi Cap Fund - Direct Growth,2023-03-03,239.5862,239.2268,239.5862,PPFAS,Equity,Flexi Cap
135781,Parag Parikh Flexi Cap Fund - Direct Growth,2023-03-06,232.8918,232.5425,232.8918,PPFAS,Equity,Flexi Cap
135781,Parag Parikh Flexi Cap Fund - Direct Growth,2023-03-07,233.2731,232.9232,233.2731,PPFAS,Equity,Flexi Cap
135781,Parag Parikh Flexi Cap Fund - Direct Growth,2023-03-08,232.607,232.2581,232.607,PPFAS,Equity,Flexi Cap
135781,Parag Parikh Flexi Cap Fund - Direct Growth,2023-03-09,226.1246,225.7854,226.1246,PPFAS,Equity,Flexi Cap
135781,Parag Parikh Flexi Cap Fund - Direct Growth,2023-03-10,230.4877,230.142,230.4877,PPFAS,Equity,Flexi Cap
135781,Parag Parikh Flexi Cap Fund - Direct Growth,2023-03-13,240.3992,240.0386,240.3992,PPFAS,Equity,Flexi Cap
135781,Parag Parikh Flexi Cap Fund - Direct Growth,2023-03-14,237.6759,237.3194,237.6759,PPFAS,Equity,Flexi Cap
135781,Parag Parikh Flexi Cap Fund - Direct Growth,2023-03-15,243.1547,242.79,243.1547,PPFAS,Equity,Flexi Cap
135781,Parag Parikh Flexi Cap Fund - Direct Growth,2023-03-16,240.4356,240.0749,240.4356,PPFAS,Equity,Flexi Cap
135781,Parag Parikh Flexi Cap Fund - Direct Growth,2023-03-17,241.2206,240.8588,241.2206,PPFAS,Equity,Flexi Cap
135781,Parag Parikh Flexi Cap Fund - Direct Growth,2023-03-20,238.9637,238.6053,238.9637,PPFAS,Equity,Flexi Cap
135781,Parag Parikh Flexi Cap Fund - Direct Growth,2023-03-21,238.6157,238.2578,238.6157,PPFAS,Equity,Flexi Cap
135781,Parag Parikh Flexi Cap Fund - Direct Growth,2023-03-22,240.7553,240.3942,240.7553,PPFAS,Equity,Flexi Cap
135781,Parag Parikh Flexi Cap Fund - Direct Growth,2023-03-23,241.1377,240.776,241.1377,PPFAS,Equity,Flexi Cap
135781,Parag Parikh Flexi Cap Fund - Direct Growth,2023-03-24,239.7225,239.3629,239.7225,PPFAS,Equity,Flexi Cap
135781,Parag Parikh Flexi Cap Fund - Direct Growth,2023-03-27,238.8097,238.4515,238.8097,PPFAS,Equity,Flexi Cap
135781,Parag Parikh Flexi Cap Fund - Direct Growth,2023-03-28,241.5285,241.1662,241.5285,PPFAS,Equity,Flexi Cap
135781,Parag Parikh Flexi Cap Fund - Direct Growth,2023-03-29,245.1689,244.8011,245.1689,PPFAS,Equity,Flexi Cap
135781,Parag Parikh Flexi Cap Fund - Direct Growth,2023-03-30,240.3576,239.9971,240.3576,PPFAS,Equity,Flexi Cap
135781,Parag Parikh Flexi Cap Fund - Direct Growth,2023-03-31,243.7214,243.3558,243.7214,PPFAS,Equity,Flexi Cap
135781,Parag Parikh Flexi Cap Fund - Direct Growth,2023-04-03,252.603,252.2241,252.603,PPFAS,Equity,Flexi Cap
135781,Parag Parikh Flexi Cap Fund - Direct Growth,2023-04-04,255.8474,255.4636,255.8474,PPFAS,Equity,Flexi Cap
135781,Parag Parikh Flexi Cap Fund - Direct Growth,2023-04-05,255.104,254.7213,255.104,PPFAS,Equity,Flexi Cap
135781,Parag Parikh Flexi Cap Fund - Direct Growth,2023-04-06,255.764,255.3804,255.764,PPFAS,Equity,Flexi Cap
135781,Parag Parikh Flexi Cap Fund - Direct Growth,2023-04-07,251.8328,251.4551,251.8328,PPFAS,Equity,Flexi Cap
135781,Parag Parikh Flexi Cap Fund - Direct Growth,2023-04-10,255.6364,255.2529,255.6364,PPFAS,Equity,Flexi Cap
135781,Parag Parikh Flexi Cap Fund - Direct Growth,2023-04-11,259.007,258.6185,259.007,PPFAS,Equity,Flexi Cap
135781,Parag Parikh Flexi Cap Fund - Direct Growth,2023-04-12,256.7025,256.3174,256.7025,PPFAS,Equity,Flexi Cap
135781,Parag Parikh Flexi Cap Fund - Direct Growth,2023-04-13,255.1645,254.7818,255.1645,PPFAS,Equity,Flexi Cap
135781,Parag Parikh Flexi Cap Fund - Direct Growth,2023-04-14,261.0706,260.679,261.0706,PPFAS,Equity,Flexi Cap
135781,Parag Parikh Flexi Cap Fund - Direct Growth,2023-04-17,261.3285,260.9365,261.3285,PPFAS,Equity,Flexi Cap
135781,Parag Parikh Flexi Cap Fund - Direct Growth,2023-04-18,258.8563,258.468,258.8563,PPFAS,Equity,Flexi Cap
135781,Parag Parikh Flexi Cap Fund - Direct Growth,2023-04-19,264.003,263.607,264.003,PPFAS,Equity,Flexi Cap
135781,Parag Parikh Flexi Cap Fund - Direct Growth,2023-04-20,262.4368,262.0431,262.4368,PPFAS,Equity,Flexi Cap
135781,Parag Parikh Flexi Cap Fund - Direct Growth,2023-04-21,258.9917,258.6032,258.9917,PPFAS,Equity,Flexi Cap
135781,Parag Parikh Flexi Cap Fund - Direct Growth,2023-04-24,249.7417,249.3671,249.7417,PPFAS,Equity,Flexi Cap
135781,Parag Parikh Flexi Cap Fund - Direct Growth,2023-04-25,246.9402,246.5698,246.9402,PPFAS,Equity,Flexi Cap
135781,Parag Parikh Flexi Cap Fund - Direct Growth,2023-04-26,248.8686,248.4953,248.8686,PPFAS,Equity,Flexi Cap
135781,Parag Parikh Flexi Cap Fund - Direct Growth,2023-04-27,246.957,246.5866,246.957,PPFAS,Equity,Flexi Cap
135781,Parag Parikh Flexi Cap Fund - Direct Growth,2023-04-28,249.6868,249.3123,249.6868,PPFAS,Equity,Flexi Cap
135781,Parag Parikh Flexi Cap Fund - Direct Growth,2023-05-01,255.899,255.5152,255.899,PPFAS,Equity,Flexi Cap
135781,Parag Parikh Flexi Cap Fund - Direct Growth,2023-05-02,256.4347,256.05,256.4347,PPFAS,Equity,Flexi Cap
135781,Parag Parikh Flexi Cap Fund - Direct Growth,2023-05-03,251.8446,251.4668,251.8446,PPFAS,Equity,Flexi Cap
135781,Parag Parikh Flexi Cap Fund - Direct Growth,2023-05-04,251.541,251.1637,251.541,PPFAS,Equity,Flexi Cap
135781,Parag Parikh Flexi Cap Fund - Direct Growth,2023-05-05,249.0444,248.6708,249.0444,PPFAS,Equity,Flexi Cap
135781,Parag Parikh Flexi Cap Fund - Direct Growth,2023-05-08,260.7329,260.3418,260.7329,PPFAS,Equity,Flexi Cap
135781,Parag Parikh Flexi Cap Fund - Direct Growth,2023-05-09,254.6073,254.2254,254.6073,PPFAS,Equity,Flexi Cap
135781,Parag Parikh Flexi Cap Fund - Direct Growth,2023-05-10,253.6055,253.2251,253.6055,PPFAS,Equity,Flexi Cap
135781,Parag Parikh Flexi Cap Fund - Direct Growth,2023-05-11,254.0797,253.6986,254.0797,PPFAS,Equity,Flexi Cap
135781,Parag Parikh Flexi Cap Fund - Direct Growth,2023-05-12,254.4477,254.066,254.4477,PPFAS,Equity,Flexi Cap
135781,Parag Parikh Flexi Cap Fund - Direct Growth,2023-05-15,249.4882,249.114,249.4882,PPFAS,Equity,Flexi Cap
135781,Parag Parikh Flexi Cap Fund - Direct Growth,2023-05-16,246.7591,246.389,246.7591,PPFAS,Equity,Flexi Cap
135781,Parag Parikh Flexi Cap Fund - Direct Growth,2023-05-17,248.7701,248.3969,248.7701,PPFAS,Equity,Flexi Cap
135781,Parag Parikh Flexi Cap Fund - Direct Growth,2023-05-18,245.8376,245.4688,245.8376,PPFAS,Equity,Flexi Cap
135781,Parag Parikh Flexi Cap Fund - Direct Growth,2023-05-19,247.5237,247.1524,247.5237,PPFAS,Equity,Flexi Cap
135781,Parag Parikh Flexi Cap Fund - Direct Growth,2023-05-22,246.5982,246.2283,246.5982,PPFAS,Equity,Flexi Cap
135781,Parag Parikh Flexi Cap Fund - Direct Growth,2023-05-23,246.035,245.6659,246.035,PPFAS,Equity,Flexi Cap
135781,Parag Parikh Flexi Cap Fund - Direct Growth,2023-05-24,247.1095,246.7388,247.1095,PPFAS,Equity,Flexi Cap
135781,Parag Parikh Flexi Cap Fund - Direct Growth,2023-05-25,245.5319,245.1636,245.5319,PPFAS,Equity,Flexi Cap
135781,Parag Parikh Flexi Cap Fund - Direct Growth,2023-05-26,246.0526,245.6835,246.0526,PPFAS,Equity,Flexi Cap
135781,Parag Parikh Flexi Cap Fund - Direct Growth,2023-05-29,253.2885,252.9086,253.2885,PPFAS,Equity,Flexi Cap
135781,Parag Parikh Flexi Cap Fund - Direct Growth,2023-05-30,252.8676,252.4883,252.8676,PPFAS,Equity,Flexi Cap
135781,Parag Parikh Flexi Cap Fund - Direct Growth,2023-05-31,252.5238,252.145,252.5238,PPFAS,Equity,Flexi Cap
135781,Parag Parikh Flexi Cap Fund - Direct Growth,2023-06-01,259.7433,259.3537,259.7433,PPFAS,Equity,Flexi Cap
135781,Parag Parikh Flexi Cap Fund - Direct Growth,2023-06-02,262.8079,262.4137,262.8079,PPFAS,Equity,Flexi Cap
135781,Parag Parikh Flexi Cap Fund - Direct Growth,2023-06-05,259.4787,259.0895,259.4787,PPFAS,Equity,Flexi Cap
135781,Parag Parikh Flexi Cap Fund - Direct Growth,2023-06-06,259.1611,258.7724,259.1611,PPFAS,Equity,Flexi Cap
135781,Parag Parikh Flexi Cap Fund - Direct Growth,2023-06-07,255.4411,255.0579,255.4411,PPFAS,Equity,Flexi Cap
135781,Parag Parikh Flexi Cap Fund - Direct Growth,2023-06-08,254.2806,253.8992,254.2806,PPFAS,Equity,Flexi Cap
135781,Parag Parikh Flexi Cap Fund - Direct Growth,2023-06-09,259.91,259.5201,259.91,PPFAS,Equity,Flexi Cap
135781,Parag Parikh Flexi Cap Fund - Direct Growth,2023-06-12,257.9096,257.5227,257.9096,PPFAS,Equity,Flexi Cap
135781,Parag Parikh Flexi Cap Fund - Direct Growth,2023-06-13,261.3851,260.993,261.3851,PPFAS,Equity,Flexi Cap
135781,Parag Parikh Flexi Cap Fund - Direct Growth,2023-06-14,260.3627,259.9722,260.3627,PPFAS,Equity,Flexi Cap
135781,Parag Parikh Flexi Cap Fund - Direct Growth,2023-06-15,262.7078,262.3137,262.7078,PPFAS,Equity,Flexi Cap
135781,Parag Parikh Flexi Cap Fund - Direct Growth,2023-06-16,260.1036,259.7134,260.1036,PPFAS,Equity,Flexi Cap
135781,Parag Parikh Flexi Cap Fund - Direct Growth,2023-06-19,262.7424,262.3483,262.7424,PPFAS,Equity,Flexi Cap
135781,Parag Parikh Flexi Cap Fund - Direct Growth,2023-06-20,256.9524,256.567,256.9524,PPFAS,Equity,Flexi Cap
135781,Parag Parikh Flexi Cap Fund - Direct Growth,2023-06-21,256.86,256.4747,256.86,PPFAS,Equity,Flexi Cap
135781,Parag Parikh Flexi Cap Fund - Direct Growth,2023-06-22,256.7205,256.3354,256.7205,PPFAS,Equity,Flexi Cap
135781,Parag Parikh Flexi Cap Fund - Direct Growth,2023-06-23,260.5149,260.1241,260.5149,PPFAS,Equity,Flexi Cap
135781,Parag Parikh Flexi Cap Fund - Direct Growth,2023-06-26,262.807,262.4128,262.807,PPFAS,Equity,Flexi Cap
135781,Parag Parikh Flexi Cap Fund - Direct Growth,2023-06-27,263.2931,262.8982,263.2931,PPFAS,Equity,Flexi Cap
135781,Parag Parikh Flexi Cap Fund - Direct Growth,2023-06-28,261.0287,260.6372,261.0287,PPFAS,Equity,Flexi Cap
135781,Parag Parikh Flexi Cap Fund - Direct Growth,2023-06-29,264.751,264.3539,264.751,PPFAS,Equity,Flexi Cap
135781,Parag Parikh Flexi Cap Fund - Direct Growth,2023-06-30,265.4722,265.074,265.4722,PPFAS,Equity,Flexi Cap
135781,Parag Parikh Flexi Cap Fund - Direct Growth,2023-07-03,262.9465,262.5521,262.9465,PPFAS,Equity,Flexi Cap
135781,Parag Parikh Flexi Cap Fund - Direct Growth,2023-07-04,261.3867,260.9946,261.3867,PPFAS,Equity,Flexi Cap
135781,Parag Parikh Flexi Cap Fund - Direct Growth,2023-07-05,261.5025,261.1102,261.5025,PPFAS,Equity,Flexi Cap
135781,Parag Parikh Flexi Cap Fund - Direct Growth,2023-07-06,260.9962,260.6047,260.9962,PPFAS,Equity,Flexi Cap
135781,Parag Parikh Flexi Cap Fund - Direct Growth,2023-07-07,265.0858,264.6882,265.0858,PPFAS,Equity,Flexi Cap
135781,Parag Parikh Flexi Cap Fund - Direct Growth,2023-07-10,268.8552,268.4519,268.8552,PPFAS,Equity,Flexi Cap
135781,Parag Parikh Flexi Cap Fund - Direct Growth,2023-07-11,272.3706,271.962,272.3706,PPFAS,Equity,Flexi Cap
135781,Parag Parikh Flexi Cap Fund - Direct Growth,2023-07-12,273.7788,273.3681,273.7788,PPFAS,Equity,Flexi Cap
135781,Parag Parikh Flexi Cap Fund - Direct Growth,2023-07-13,273.9324,273.5215,273.9324,PPFAS,Equity,Flexi Cap
135781,Parag Parikh Flexi Cap Fund - Direct Growth,2023-07-14,273.9983,273.5873,273.9983,PPFAS,Equity,Flexi Cap
135781,Parag Parikh Flexi Cap Fund - Direct Growth,2023-07-17,272.7039,272.2948,272.7039,PPFAS,Equity,Flexi Cap
135781,Parag Parikh Flexi Cap Fund - Direct Growth,2023-07-18,271.1702,270.7634,271.1702,PPFAS,Equity,Flexi Cap
135781,Parag Parikh Flexi Cap Fund - Direct Growth,2023-07-19,274.8791,274.4668,274.8791,PPFAS,Equity,Flexi Cap
135781,Parag Parikh Flexi Cap Fund - Direct Growth,2023-07-20,270.8652,270.4589,270.8652,PPFAS,Equity,Flexi Cap
135781,Parag Parikh Flexi Cap Fund - Direct Growth,2023-07-21,269.6003,269.1959,269.6003,PPFAS,Equity,Flexi Cap
135781,Parag Parikh Flexi Cap Fund - Direct Growth,2023-07-24,274.1282,273.717,274.1282,PPFAS,Equity,Flexi Cap
135781,Parag Parikh Flexi Cap Fund - Direct Growth,2023-07-25,275.0635,274.6509,275.0635,PPFAS,Equity,Flexi Cap
135781,Parag Parikh Flexi Cap Fund - Direct Growth,2023-07-26,275.7657,275.3521,275.7657,PPFAS,Equity,Flexi Cap
135781,Parag Parikh Flexi Cap Fund - Direct Growth,2023-07-27,270.8571,270.4508,270.8571,PPFAS,Equity,Flexi Cap
135781,Parag Parikh Flexi Cap Fund - Direct Growth,2023-07-28,269.8302,269.4255,269.8302,PPFAS,Equity,Flexi Cap
135781,Parag Parikh Flexi Cap Fund - Direct Growth,2023-07-31,272.1714,271.7631,272.1714,PPFAS,Equity,Flexi Cap
135781,Parag Parikh Flexi Cap Fund - Direct Growth,2023-08-01,270.5113,270.1055,270.5113,PPFAS,Equity,Flexi Cap
135781,Parag Parikh Flexi Cap Fund - Direct Growth,2023-08-02,270.337,269.9315,270.337,PPFAS,Equity,Flexi Cap
135781,Parag Parikh Flexi Cap Fund - Direct Growth,2023-08-03,268.5535,268.1507,268.5535,PPFAS,Equity,Flexi Cap
135781,Parag Parikh Flexi Cap Fund - Direct Growth,2023-08-04,270.2295,269.8242,270.2295,PPFAS,Equity,Flexi Cap
135781,Parag Parikh Flexi Cap Fund - Direct Growth,2023-08-07,270.2602,269.8548,270.2602,PPFAS,Equity,Flexi Cap
135781,Parag Parikh Flexi Cap Fund - Direct Growth,2023-08-08,269.2645,268.8606,269.2645,PPFAS,Equity,Flexi Cap
135781,Parag Parikh Flexi Cap Fund - Direct Growth,2023-08-10,270.2192,269.8139,270.2192,PPFAS,Equity,Flexi Cap
135781,Parag Parikh Flexi Cap Fund - Direct Growth,2023-08-11,267.7552,267.3536,267.7552,PPFAS,Equity,Flexi Cap
135781,Parag Parikh Flexi Cap Fund - Direct Growth,2023-08-14,271.6176,271.2102,271.6176,PPFAS,Equity,Flexi Cap
135781,Parag Parikh Flexi Cap Fund - Direct Growth,2023-08-15,270.1263,269.7211,270.1263,PPFAS,Equity,Flexi Cap
135781,Parag Parikh Flexi Cap Fund - Direct Growth,2023-08-16,268.5101,268.1073,268.5101,PPFAS,Equity,Flexi Cap
135781,Parag Parikh Flexi Cap Fund - Direct Growth,2023-08-17,277.0994,276.6838,277.0994,PPFAS,Equity,Flexi Cap
135781,Parag Parikh Flexi Cap Fund - Direct Growth,2023-08-18,275.7807,275.367,275.7807,PPFAS,Equity,Flexi Cap
135781,Parag Parikh Flexi Cap Fund - Direct Growth,2023-08-21,274.0957,273.6846,274.0957,PPFAS,Equity,Flexi Cap
135781,Parag Parikh Flexi Cap Fund - Direct Growth,2023-08-22,271.947,271.5391,271.947,PPFAS,Equity,Flexi Cap
135781,Parag Parikh Flexi Cap Fund - Direct Growth,2023-08-23,269.296,268.8921,269.296,PPFAS,Equity,Flexi Cap
135781,Parag Parikh Flexi Cap Fund - Direct Growth,2023-08-24,268.538,268.1352,268.538,PPFAS,Equity,Flexi Cap
135781,Parag Parikh Flexi Cap Fund - Direct Growth,2023-08-25,266.3614,265.9619,266.3614,PPFAS,Equity,Flexi Cap
135781,Parag Parikh Flexi Cap Fund - Direct Growth,2023-08-28,271.6598,271.2523,271.6598,PPFAS,Equity,Flexi Cap
135781,Parag Parikh Flexi Cap Fund - Direct Growth,2023-08-29,274.8631,274.4508,274.8631,PPFAS,Equity,Flexi Cap
135781,Parag Parikh Flexi Cap Fund - Direct Growth,2023-08-30,276.7014,276.2863,276.7014,PPFAS,Equity,Flexi Cap
135781,Parag Parikh Flexi Cap Fund - Direct Growth,2023-08-31,277.12,276.7043,277.12,PPFAS,Equity,Flexi Cap
135781,Parag Parikh Flexi Cap Fund - Direct Growth,2023-09-01,275.578,275.1646,275.578,PPFAS,Equity,Flexi Cap
135781,Parag Parikh Flexi Cap Fund - Direct Growth,2023-09-04,270.0854,269.6803,270.0854,PPFAS,Equity,Flexi Cap
135781,Parag Parikh Flexi Cap Fund - Direct Growth,2023-09-05,266.9721,266.5716,266.9721,PPFAS,Equity,Flexi Cap
135781,Parag Parikh Flexi Cap Fund - Direct Growth,2023-09-06,270.7724,270.3662,270.7724,PPFAS,Equity,Flexi Cap
135781,Parag Parikh Flexi Cap Fund - Direct Growth,2023-09-07,277.0564,276.6408,277.0564,PPFAS,Equity,Flexi Cap
135781,Parag Parikh Flexi Cap Fund - Direct Growth,2023-09-08,278.4748,278.0571,278.4748,PPFAS,Equity,Flexi Cap
135781,Parag Parikh Flexi Cap Fund - Direct Growth,2023-09-11,277.1566,276.7409,277.1566,PPFAS,Equity,Flexi Cap
135781,Parag Parikh Flexi Cap Fund - Direct Growth,2023-09-12,279.3035,278.8845,279.3035,PPFAS,Equity,Flexi Cap
135781,Parag Parikh Flexi Cap Fund - Direct Growth,2023-09-13,281.3233,280.9013,281.3233,PPFAS,Equity,Flexi Cap
135781,Parag Parikh Flexi Cap Fund - Direct Growth,2023-09-14,281.6778,281.2553,281.6778,PPFAS,Equity,Flexi Cap
135781,Parag Parikh Flexi Cap Fund - Direct Growth,2023-09-15,280.9712,280.5497,280.9712,PPFAS,Equity,Flexi Cap
135781,Parag Parikh Flexi Cap Fund - Direct Growth,2023-09-18,278.5808,278.1629,278.5808,PPFAS,Equity,Flexi Cap
135781,Parag Parikh Flexi Cap Fund - Direct Growth,2023-09-19,275.3222,274.9092,275.3222,PPFAS,Equity,Flexi Cap
135781,Parag Parikh Flexi Cap Fund - Direct Growth,2023-09-20,275.7131,275.2995,275.7131,PPFAS,Equity,Flexi Cap
135781,Parag Parikh Flexi Cap Fund - Direct Growth,2023-09-21,272.224,271.8157,272.224,PPFAS,Equity,Flexi Cap
135781,Parag Parikh Flexi Cap Fund - Direct Growth,2023-09-22,270.0977,269.6926,270.0977,PPFAS,Equity,Flexi Cap
135781,Parag Parikh Flexi Cap Fund - Direct Growth,2023-09-25,262.5256,262.1318,262.5256,PPFAS,Equity,Flexi Cap
135781,Parag Parikh Flexi Cap Fund - Direct Growth,2023-09-26,262.9053,262.5109,262.9053,PPFAS,Equity,Flexi Cap
135781,Parag Parikh Flexi Cap Fund - Direct Growth,2023-09-27,266.9455,266.5451,266.9455,PPFAS,Equity,Flexi Cap
135781,Parag Parikh Flexi Cap Fund - Direct Growth,2023-09-28,267.4863,267.0851,267.4863,PPFAS,Equity,Flexi Cap
135781,Parag Parikh Flexi Cap Fund - Direct Growth,2023-09-29,272.5407,272.1319,272.5407,PPFAS,Equity,Flexi Cap
135781,Parag Parikh Flexi Cap Fund - Direct Growth,2023-10-02,280.0712,279.6511,280.0712,PPFAS,Equity,Flexi Cap
135781,Parag Parikh Flexi Cap Fund - Direct Growth,2023-10-03,280.2588,279.8384,280.2588,PPFAS,Equity,Flexi Cap
135781,Parag Parikh Flexi Cap Fund - Direct Growth,2023-10-04,282.9396,282.5152,282.9396,PPFAS,Equity,Flexi Cap
135781,Parag Parikh Flexi Cap Fund - Direct Growth,2023-10-05,281.7229,281.3003,281.7229,PPFAS,Equity,Flexi Cap
135781,Parag Parikh Flexi Cap Fund - Direct Growth,2023-10-06,275.4714,275.0582,275.4714,PPFAS,Equity,Flexi Cap
135781,Parag Parikh Flexi Cap Fund - Direct Growth,2023-10-09,270.5074,270.1016,270.5074,PPFAS,Equity,Flexi Cap
135781,Parag Parikh Flexi Cap Fund - Direct Growth,2023-10-10,270.6163,270.2104,270.6163,PPFAS,Equity,Flexi Cap
135781,Parag Parikh Flexi Cap Fund - Direct Growth,2023-10-11,270.4156,270.01,270.4156,PPFAS,Equity,Flexi Cap
135781,Parag Parikh Flexi Cap Fund - Direct Growth,2023-10-12,265.9416,265.5427,265.9416,PPFAS,Equity,Flexi Cap
135781,Parag Parikh Flexi Cap Fund - Direct Growth,2023-10-13,266.5761,266.1762,266.5761,PPFAS,Equity,Flexi Cap
135781,Parag Parikh Flexi Cap Fund - Direct Growth,2023-10-16,270.4002,269.9946,270.4002,PPFAS,Equity,Flexi Cap
135781,Parag Parikh Flexi Cap Fund - Direct Growth,2023-10-17,265.4459,265.0477,265.4459,PPFAS,Equity,Flexi Cap
135781,Parag Parikh Flexi Cap Fund - Direct Growth,2023-10-18,272.2965,271.8881,272.2965,PPFAS,Equity,Flexi Cap
135781,Parag Parikh Flexi Cap Fund - Direct Growth,2023-10-19,271.0616,270.655,271.0616,PPFAS,Equity,Flexi Cap
135781,Parag Parikh Flexi Cap Fund - Direct Growth,2023-10-20,271.6437,271.2362,271.6437,PPFAS,Equity,Flexi Cap
135781,Parag Parikh Flexi Cap Fund - Direct Growth,2023-10-23,266.3271,265.9276,266.3271,PPFAS,Equity,Flexi Cap
135781,Parag Parikh Flexi Cap Fund - Direct Growth,2023-10-24,266.1583,265.7591,266.1583,PPFAS,Equity,Flexi Cap
135781,Parag Parikh Flexi Cap Fund - Direct Growth,2023-10-25,264.4663,264.0696,264.4663,PPFAS,Equity,Flexi Cap
135781,Parag Parikh Flexi Cap Fund - Direct Growth,2023-10-26,261.5681,261.1757,261.5681,PPFAS,Equity,Flexi Cap
135781,Parag Parikh Flexi Cap Fund - Direct Growth,2023-10-27,265.2212,264.8234,265.2212,PPFAS,Equity,Flexi Cap
135781,Parag Parikh Flexi Cap Fund - Direct Growth,2023-10-30,268.8385,268.4352,268.8385,PPFAS,Equity,Flexi Cap
135781,Parag Parikh Flexi Cap Fund - Direct Growth,2023-10-31,267.5434,267.1421,267.5434,PPFAS,Equity,Flexi Cap
135781,Parag Parikh Flexi Cap Fund - Direct Growth,2023-11-01,270.2689,269.8635,270.2689,PPFAS,Equity,Flexi Cap
135781,Parag Parikh Flexi Cap Fund - Direct Growth,2023-11-02,265.1133,264.7156,265.1133,PPFAS,Equity,Flexi Cap
135781,Parag Parikh Flexi Cap Fund - Direct Growth,2023-11-03,261.3589,260.9669,261.3589,PPFAS,Equity,Flexi Cap
135781,Parag Parikh Flexi Cap Fund - Direct Growth,2023-11-06,255.687,255.3035,255.687,PPFAS,Equity,Flexi Cap
135781,Parag Parikh Flexi Cap Fund - Direct Growth,2023-11-07,261.5224,261.1301,261.5224,PPFAS,Equity,Flexi Cap
135781,Parag Parikh Flexi Cap Fund - Direct Growth,2023-11-08,257.2528,256.8669,257.2528,PPFAS,Equity,Flexi Cap
135781,Parag Parikh Flexi Cap Fund - Direct Growth,2023-11-09,257.9241,257.5372,257.9241,PPFAS,Equity,Flexi Cap
135781,Parag Parikh Flexi Cap Fund - Direct Growth,2023-11-10,258.2411,257.8537,258.2411,PPFAS,Equity,Flexi Cap
135781,Parag Parikh Flexi Cap Fund - Direct Growth,2023-11-13,250.3728,249.9972,250.3728,PPFAS,Equity,Flexi Cap
135781,Parag Parikh Flexi Cap Fund - Direct Growth,2023-11-14,251.5375,251.1602,251.5375,PPFAS,Equity,Flexi Cap
135781,Parag Parikh Flexi Cap Fund - Direct Growth,2023-11-15,254.3653,253.9838,254.3653,PPFAS,Equity,Flexi Cap
135781,Parag Parikh Flexi Cap Fund - Direct Growth,2023-11-16,253.2843,252.9044,253.2843,PPFAS,Equity,Flexi Cap
135781,Parag Parikh Flexi Cap Fund - Direct Growth,2023-11-17,255.5512,255.1679,255.5512,PPFAS,Equity,Flexi Cap
135781,Parag Parikh Flexi Cap Fund - Direct Growth,2023-11-20,245.5663,245.198,245.5663,PPFAS,Equity,Flexi Cap
135781,Parag Parikh Flexi Cap Fund - Direct Growth,2023-11-21,241.356,240.994,241.356,PPFAS,Equity,Flexi Cap
135781,Parag Parikh Flexi Cap Fund - Direct Growth,2023-11-22,244.3766,244.01,244.3766,PPFAS,Equity,Flexi Cap
135781,Parag Parikh Flexi Cap Fund - Direct Growth,2023-11-23,240.0328,239.6728,240.0328,PPFAS,Equity,Flexi Cap
135781,Parag Parikh Flexi Cap Fund - Direct Growth,2023-11-24,240.9182,240.5568,240.9182,PPFAS,Equity,Flexi Cap
135781,Parag Parikh Flexi Cap Fund - Direct Growth,2023-11-27,244.07,243.7039,244.07,PPFAS,Equity,Flexi Cap
135781,Parag Parikh Flexi Cap Fund - Direct Growth,2023-11-28,242.8835,242.5192,242.8835,PPFAS,Equity,Flexi Cap
135781,Parag Parikh Flexi Cap Fund - Direct Growth,2023-11-29,244.7632,244.3961,244.7632,PPFAS,Equity,Flexi Cap
135781,Parag Parikh Flexi Cap Fund - Direct Growth,2023-11-30,244.9714,244.6039,244.9714,PPFAS,Equity,Flexi Cap
135781,Parag Parikh Flexi Cap Fund - Direct Growth,2023-12-01,244.6225,244.2556,244.6225,PPFAS,Equity,Flexi Cap
135781,Parag Parikh Flexi Cap Fund - Direct Growth,2023-12-04,251.1462,250.7695,251.1462,PPFAS,Equity,Flexi Cap
135781,Parag Parikh Flexi Cap Fund - Direct Growth,2023-12-05,253.2249,252.8451,253.2249,PPFAS,Equity,Flexi Cap
135781,Parag Parikh Flexi Cap Fund - Direct Growth,2023-12-06,251.8691,251.4913,251.8691,PPFAS,Equity,Flexi Cap
135781,Parag Parikh Flexi Cap Fund - Direct Growth,2023-12-07,256.8943,256.509,256.8943,PPFAS,Equity,Flexi Cap
135781,Parag Parikh Flexi Cap Fund - Direct Growth,2023-12-08,251.2998,250.9229,251.2998,PPFAS,Equity,Flexi Cap
135781,Parag Parikh Flexi Cap Fund - Direct Growth,2023-12-11,247.6204,247.249,247.6204,PPFAS,Equity,Flexi Cap
135781,Parag Parikh Flexi Cap Fund - Direct Growth,2023-12-12,244.412,244.0454,244.412,PPFAS,Equity,Flexi Cap
135781,Parag Parikh Flexi Cap Fund - Direct Growth,2023-12-13,245.7799,245.4112,245.7799,PPFAS,Equity,Flexi Cap
135781,Parag Parikh Flexi Cap Fund - Direct Growth,2023-12-14,245.3283,244.9603,245.3283,PPFAS,Equity,Flexi Cap
135781,Parag Parikh Flexi Cap Fund - Direct Growth,2023-12-15,244.0152,243.6492,244.0152,PPFAS,Equity,Flexi Cap
135781,Parag Parikh Flexi Cap Fund - Direct Growth,2023-12-18,241.4613,241.0991,241.4613,PPFAS,Equity,Flexi Cap
135781,Parag Parikh Flexi Cap Fund - Direct Growth,2023-12-19,249.675,249.3005,249.675,PPFAS,Equity,Flexi Cap
135781,Parag Parikh Flexi Cap Fund - Direct Growth,2023-12-20,248.3153,247.9428,248.3153,PPFAS,Equity,Flexi Cap
135781,Parag Parikh Flexi Cap Fund - Direct Growth,2023-12-21,241.8066,241.4439,241.8066,PPFAS,Equity,Flexi Cap
135781,Parag Parikh Flexi Cap Fund - Direct Growth,2023-12-22,239.4598,239.1006,239.4598,PPFAS,Equity,Flexi Cap
135781,Parag Parikh Flexi Cap Fund - Direct Growth,2023-12-25,239.3625,239.0035,239.3625,PPFAS,Equity,Flexi Cap
135781,Parag Parikh Flexi Cap Fund - Direct Growth,2023-12-26,240.6035,240.2426,240.6035,PPFAS,Equity,Flexi Cap
135781,Parag Parikh Flexi Cap Fund - Direct Growth,2023-12-27,239.6314,239.272,239.6314,PPFAS,Equity,Flexi Cap
135781,Parag Parikh Flexi Cap Fund - Direct Growth,2023-12-28,238.924,238.5656,238.924,PPFAS,Equity,Flexi Cap
135781,Parag Parikh Flexi Cap Fund - Direct Growth,2023-12-29,237.9561,237.5992,237.9561,PPFAS,Equity,Flexi Cap
135781,Parag Parikh Flexi Cap Fund - Direct Growth,2024-01-01,241.3636,241.0016,241.3636,PPFAS,Equity,Flexi Cap
135781,Parag Parikh Flexi Cap Fund - Direct Growth,2024-01-02,242.9087,242.5443,242.9087,PPFAS,Equity,Flexi Cap
135781,Parag Parikh Flexi Cap Fund - Direct Growth,2024-01-03,244.462,244.0953,244.462,PPFAS,Equity,Flexi Cap
135781,Parag Parikh Flexi Cap Fund - Direct Growth,2024-01-04,247.1543,246.7836,247.1543,PPFAS,Equity,Flexi Cap
135781,Parag Parikh Flexi Cap Fund - Direct Growth,2024-01-05,248.1078,247.7356,248.1078,PPFAS,Equity,Flexi Cap
135781,Parag Parikh Flexi Cap Fund - Direct Growth,2024-01-08,251.0138,250.6373,251.0138,PPFAS,Equity,Flexi Cap
135781,Parag Parikh Flexi Cap Fund - Direct Growth,2024-01-09,248.5366,248.1638,248.5366,PPFAS,Equity,Flexi Cap
135781,Parag Parikh Flexi Cap Fund - Direct Growth,2024-01-10,245.0991,244.7315,245.0991,PPFAS,Equity,Flexi Cap
135781,Parag Parikh Flexi Cap Fund - Direct Growth,2024-01-11,245.7351,245.3665,245.7351,PPFAS,Equity,Flexi Cap
135781,Parag Parikh Flexi Cap Fund - Direct Growth,2024-01-12,240.3671,240.0065,240.3671,PPFAS,Equity,Flexi Cap
135781,Parag Parikh Flexi Cap Fund - Direct Growth,2024-01-15,244.9621,244.5947,244.9621,PPFAS,Equity,Flexi Cap
135781,Parag Parikh Flexi Cap Fund - Direct Growth,2024-01-16,243.085,242.7204,243.085,PPFAS,Equity,Flexi Cap
135781,Parag Parikh Flexi Cap Fund - Direct Growth,2024-01-17,242.5892,242.2253,242.5892,PPFAS,Equity,Flexi Cap
135781,Parag Parikh Flexi Cap Fund - Direct Growth,2024-01-18,245.953,245.5841,245.953,PPFAS,Equity,Flexi Cap
135781,Parag Parikh Flexi Cap Fund - Direct Growth,2024-01-19,250.1336,249.7584,250.1336,PPFAS,Equity,Flexi Cap
135781,Parag Parikh Flexi Cap Fund - Direct Growth,2024-01-22,249.8115,249.4368,249.8115,PPFAS,Equity,Flexi Cap
135781,Parag Parikh Flexi Cap Fund - Direct Growth,2024-01-23,251.0315,250.655,251.0315,PPFAS,Equity,Flexi Cap
135781,Parag Parikh Flexi Cap Fund - Direct Growth,2024-01-24,250.3409,249.9654,250.3409,PPFAS,Equity,Flexi Cap
135781,Parag Parikh Flexi Cap Fund - Direct Growth,2024-01-25,254.2904,253.909,254.2904,PPFAS,Equity,Flexi Cap
135781,Parag Parikh Flexi Cap Fund - Direct Growth,2024-01-26,248.6257,248.2528,248.6257,PPFAS,Equity,Flexi Cap
135781,Parag Parikh Flexi Cap Fund - Direct Growth,2024-01-29,250.3631,249.9876,250.3631,PPFAS,Equity,Flexi Cap
135781,Parag Parikh Flexi Cap Fund - Direct Growth,2024-01-30,254.5274,254.1456,254.5274,PPFAS,Equity,Flexi Cap
135781,Parag Parikh Flexi Cap Fund - Direct Growth,2024-01-31,258.289,257.9016,258.289,PPFAS,Equity,Flexi Cap
135781,Parag Parikh Flexi Cap Fund - Direct Growth,2024-02-01,257.5073,257.121,257.5073,PPFAS,Equity,Flexi Cap
135781,Parag Parikh Flexi Cap Fund - Direct Growth,2024-02-02,261.627,261.2346,261.627,PPFAS,Equity,Flexi Cap
135781,Parag Parikh Flexi Cap Fund - Direct Growth,2024-02-05,268.3004,267.8979,268.3004,PPFAS,Equity,Flexi Cap
135781,Parag Parikh Flexi Cap Fund - Direct Growth,2024-02-06,272.3194,271.9109,272.3194,PPFAS,Equity,Flexi Cap
135781,Parag Parikh Flexi Cap Fund - Direct Growth,2024-02-07,272.774,272.3648,272.774,PPFAS,Equity,Flexi Cap
135781,Parag Parikh Flexi Cap Fund - Direct Growth,2024-02-08,271.7971,271.3894,271.7971,PPFAS,Equity,Flexi Cap
135781,Parag Parikh Flexi Cap Fund - Direct Growth,2024-02-09,266.9202,266.5198,266.9202,PPFAS,Equity,Flexi Cap
135781,Parag Parikh Flexi Cap Fund - Direct Growth,2024-02-12,262.13,261.7368,262.13,PPFAS,Equity,Flexi Cap
135781,Parag Parikh Flexi Cap Fund - Direct Growth,2024-02-13,258.4893,258.1016,258.4893,PPFAS,Equity,Flexi Cap
135781,Parag Parikh Flexi Cap Fund - Direct Growth,2024-02-14,257.1646,256.7789,257.1646,PPFAS,Equity,Flexi Cap
135781,Parag Parikh Flexi Cap Fund - Direct Growth,2024-02-15,257.1812,256.7954,257.1812,PPFAS,Equity,Flexi Cap
135781,Parag Parikh Flexi Cap Fund - Direct Growth,2024-02-16,258.1285,257.7413,258.1285,PPFAS,Equity,Flexi Cap
135781,Parag Parikh Flexi Cap Fund - Direct Growth,2024-02-19,259.2188,258.83,259.2188,PPFAS,Equity,Flexi Cap
135781,Parag Parikh Flexi Cap Fund - Direct Growth,2024-02-20,256.8722,256.4869,256.8722,PPFAS,Equity,Flexi Cap
135781,Parag Parikh Flexi Cap Fund - Direct Growth,2024-02-21,257.6725,257.286,257.6725,PPFAS,Equity,Flexi Cap
135781,Parag Parikh Flexi Cap Fund - Direct Growth,2024-02-22,263.847,263.4512,263.847,PPFAS,Equity,Flexi Cap
135781,Parag Parikh Flexi Cap Fund - Direct Growth,2024-02-23,265.0137,264.6162,265.0137,PPFAS,Equity,Flexi Cap
135781,Parag Parikh Flexi Cap Fund - Direct Growth,2024-02-26,258.6541,258.2661,258.6541,PPFAS,Equity,Flexi Cap
135781,Parag Parikh Flexi Cap Fund - Direct Growth,2024-02-27,259.4867,259.0975,259.4867,PPFAS,Equity,Flexi Cap
135781,Parag Parikh Flexi Cap Fund - Direct Growth,2024-02-28,258.3836,257.996,258.3836,PPFAS,Equity,Flexi Cap
135781,Parag Parikh Flexi Cap Fund - Direct Growth,2024-02-29,253.3233,252.9433,253.3233,PPFAS,Equity,Flexi Cap
135781,Parag Parikh Flexi Cap Fund - Direct Growth,2024-03-01,250.839,250.4627,250.839,PPFAS,Equity,Flexi Cap
135781,Parag Parikh Flexi Cap Fund - Direct Growth,2024-03-04,257.1528,256.7671,257.1528,PPFAS,Equity,Flexi Cap
135781,Parag Parikh Flexi Cap Fund - Direct Growth,2024-03-05,259.3317,258.9427,259.3317,PPFAS,Equity,Flexi Cap
135781,Parag Parikh Flexi Cap Fund - Direct Growth,2024-03-06,255.7677,255.384,255.7677,PPFAS,Equity,Flexi Cap
135781,Parag Parikh Flexi Cap Fund - Direct Growth,2024-03-07,260.1802,259.7899,260.1802,PPFAS,Equity,Flexi Cap
135781,Parag Parikh Flexi Cap Fund - Direct Growth,2024-03-08,261.0499,260.6583,261.0499,PPFAS,Equity,Flexi Cap
135781,Parag Parikh Flexi Cap Fund - Direct Growth,2024-03-11,261.0068,260.6153,261.0068,PPFAS,Equity,Flexi Cap
135781,Parag Parikh Flexi Cap Fund - Direct Growth,2024-03-12,261.0872,260.6956,261.0872,PPFAS,Equity,Flexi Cap
135781,Parag Parikh Flexi Cap Fund - Direct Growth,2024-03-13,263.8608,263.465,263.8608,PPFAS,Equity,Flexi Cap
135781,Parag Parikh Flexi Cap Fund - Direct Growth,2024-03-14,266.8631,266.4628,266.8631,PPFAS,Equity,Flexi Cap
135781,Parag Parikh Flexi Cap Fund - Direct Growth,2024-03-15,267.1805,266.7797,267.1805,PPFAS,Equity,Flexi Cap
135781,Parag Parikh Flexi Cap Fund - Direct Growth,2024-03-18,267.8638,267.462,267.8638,PPFAS,Equity,Flexi Cap
135781,Parag Parikh Flexi Cap Fund - Direct Growth,2024-03-19,265.1655,264.7678,265.1655,PPFAS,Equity,Flexi Cap
135781,Parag Parikh Flexi Cap Fund - Direct Growth,2024-03-20,262.3437,261.9502,262.3437,PPFAS,Equity,Flexi Cap
135781,Parag Parikh Flexi Cap Fund - Direct Growth,2024-03-21,257.7983,257.4116,257.7983,PPFAS,Equity,Flexi Cap
135781,Parag Parikh Flexi Cap Fund - Direct Growth,2024-03-22,256.3228,255.9383,256.3228,PPFAS,Equity,Flexi Cap
135781,Parag Parikh Flexi Cap Fund - Direct Growth,2024-03-25,258.9238,258.5354,258.9238,PPFAS,Equity,Flexi Cap
135781,Parag Parikh Flexi Cap Fund - Direct Growth,2024-03-26,261.5281,261.1358,261.5281,PPFAS,Equity,Flexi Cap
135781,Parag Parikh Flexi Cap Fund - Direct Growth,2024-03-27,259.0201,258.6316,259.0201,PPFAS,Equity,Flexi Cap
135781,Parag Parikh Flexi Cap Fund - Direct Growth,2024-03-28,259.4201,259.031,259.4201,PPFAS,Equity,Flexi Cap
135781,Parag Parikh Flexi Cap Fund - Direct Growth,2024-03-29,258.9647,258.5763,258.9647,PPFAS,Equity,Flexi Cap
135781,Parag Parikh Flexi Cap Fund - Direct Growth,2024-04-01,254.1293,253.7481,254.1293,PPFAS,Equity,Flexi Cap
135781,Parag Parikh Flexi Cap Fund - Direct Growth,2024-04-02,249.235,248.8611,249.235,PPFAS,Equity,Flexi Cap
135781,Parag Parikh Flexi Cap Fund - Direct Growth,2024-04-03,248.5583,248.1855,248.5583,PPFAS,Equity,Flexi Cap
135781,Parag Parikh Flexi Cap Fund - Direct Growth,2024-04-04,252.271,251.8926,252.271,PPFAS,Equity,Flexi Cap
135781,Parag Parikh Flexi Cap Fund - Direct Growth,2024-04-05,250.8418,250.4655,250.8418,PPFAS,Equity,Flexi Cap
135781,Parag Parikh Flexi Cap Fund - Direct Growth,2024-04-08,255.4472,255.064,255.4472,PPFAS,Equity,Flexi Cap
135781,Parag Parikh Flexi Cap Fund - Direct Growth,2024-04-09,255.2779,254.895,255.2779,PPFAS,Equity,Flexi Cap
135781,Parag Parikh Flexi Cap Fund - Direct Growth,2024-04-10,257.4775,257.0913,257.4775,PPFAS,Equity,Flexi Cap
135781,Parag Parikh Flexi Cap Fund - Direct Growth,2024-04-11,254.253,253.8716,254.253,PPFAS,Equity,Flexi Cap
135781,Parag Parikh Flexi Cap Fund - Direct Growth,2024-04-12,258.559,258.1712,258.559,PPFAS,Equity,Flexi Cap
135781,Parag Parikh Flexi Cap Fund - Direct Growth,2024-04-15,260.5212,260.1304,260.5212,PPFAS,Equity,Flexi Cap
135781,Parag Parikh Flexi Cap Fund - Direct Growth,2024-04-16,258.8802,258.4919,258.8802,PPFAS,Equity,Flexi Cap
135781,Parag Parikh Flexi Cap Fund - Direct Growth,2024-04-17,260.8875,260.4962,260.8875,PPFAS,Equity,Flexi Cap
135781,Parag Parikh Flexi Cap Fund - Direct Growth,2024-04-18,259.6723,259.2828,259.6723,PPFAS,Equity,Flexi Cap
135781,Parag Parikh Flexi Cap Fund - Direct Growth,2024-04-19,263.7404,263.3448,263.7404,PPFAS,Equity,Flexi Cap
135781,Parag Parikh Flexi Cap Fund - Direct Growth,2024-04-22,263.7685,263.3728,263.7685,PPFAS,Equity,Flexi Cap
135781,Parag Parikh Flexi Cap Fund - Direct Growth,2024-04-23,261.0448,260.6532,261.0448,PPFAS,Equity,Flexi Cap
135781,Parag Parikh Flexi Cap Fund - Direct Growth,2024-04-24,260.5773,260.1864,260.5773,PPFAS,Equity,Flexi Cap
135781,Parag Parikh Flexi Cap Fund - Direct Growth,2024-04-25,258.9474,258.559,258.9474,PPFAS,Equity,Flexi Cap
135781,Parag Parikh Flexi Cap Fund - Direct Growth,2024-04-26,262.7014,262.3073,262.7014,PPFAS,Equity,Flexi Cap
135781,Parag Parikh Flexi Cap Fund - Direct Growth,2024-04-29,258.9479,258.5595,258.9479,PPFAS,Equity,Flexi Cap
135781,Parag Parikh Flexi Cap Fund - Direct Growth,2024-04-30,258.2896,257.9022,258.2896,PPFAS,Equity,Flexi Cap
135781,Parag Parikh Flexi Cap Fund - Direct Growth,2024-05-01,253.6866,253.3061,253.6866,PPFAS,Equity,Flexi Cap
135781,Parag Parikh Flexi Cap Fund - Direct Growth,2024-05-02,253.9288,253.5479,253.9288,PPFAS,Equity,Flexi Cap
135781,Parag Parikh Flexi Cap Fund - Direct Growth,2024-05-03,256.3125,255.928,256.3125,PPFAS,Equity,Flexi Cap
135781,Parag Parikh Flexi Cap Fund - Direct Growth,2024-05-06,261.2438,260.8519,261.2438,PPFAS,Equity,Flexi Cap
135781,Parag Parikh Flexi Cap Fund - Direct Growth,2024-05-07,255.1462,254.7635,255.1462,PPFAS,Equity,Flexi Cap
135781,Parag Parikh Flexi Cap Fund - Direct Growth,2024-05-08,255.3284,254.9454,255.3284,PPFAS,Equity,Flexi Cap
135781,Parag Parikh Flexi Cap Fund - Direct Growth,2024-05-09,255.649,255.2655,255.649,PPFAS,Equity,Flexi Cap
135781,Parag Parikh Flexi Cap Fund - Direct Growth,2024-05-10,257.7114,257.3248,257.7114,PPFAS,Equity,Flexi Cap
135781,Parag Parikh Flexi Cap Fund - Direct Growth,2024-05-13,249.9811,249.6061,249.9811,PPFAS,Equity,Flexi Cap
135781,Parag Parikh Flexi Cap Fund - Direct Growth,2024-05-14,243.2077,242.8429,243.2077,PPFAS,Equity,Flexi Cap
135781,Parag Parikh Flexi Cap Fund - Direct Growth,2024-05-15,240.0698,239.7097,240.0698,PPFAS,Equity,Flexi Cap
135781,Parag Parikh Flexi Cap Fund - Direct Growth,2024-05-16,235.642,235.2885,235.642,PPFAS,Equity,Flexi Cap
135781,Parag Parikh Flexi Cap Fund - Direct Growth,2024-05-17,236.6884,236.3334,236.6884,PPFAS,Equity,Flexi Cap
135781,Parag Parikh Flexi Cap Fund - Direct Growth,2024-05-20,231.2164,230.8696,231.2164,PPFAS,Equity,Flexi Cap
135781,Parag Parikh Flexi Cap Fund - Direct Growth,2024-05-21,222.3398,222.0063,222.3398,PPFAS,Equity,Flexi Cap
135781,Parag Parikh Flexi Cap Fund - Direct Growth,2024-05-22,226.453,226.1133,226.453,PPFAS,Equity,Flexi Cap
135781,Parag Parikh Flexi Cap Fund - Direct Growth,2024-05-23,223.8254,223.4897,223.8254,PPFAS,Equity,Flexi Cap
135781,Parag Parikh Flexi Cap Fund - Direct Growth,2024-05-24,222.8072,222.473,222.8072,PPFAS,Equity,Flexi Cap
135781,Parag Parikh Flexi Cap Fund - Direct Growth,2024-05-27,222.1184,221.7852,222.1184,PPFAS,Equity,Flexi Cap
135781,Parag Parikh Flexi Cap Fund - Direct Growth,2024-05-28,220.0046,219.6746,220.0046,PPFAS,Equity,Flexi Cap
135781,Parag Parikh Flexi Cap Fund - Direct Growth,2024-05-29,219.0571,218.7285,219.0571,PPFAS,Equity,Flexi Cap
135781,Parag Parikh Flexi Cap Fund - Direct Growth,2024-05-30,223.5561,223.2208,223.5561,PPFAS,Equity,Flexi Cap
135781,Parag Parikh Flexi Cap Fund - Direct Growth,2024-05-31,223.4498,223.1146,223.4498,PPFAS,Equity,Flexi Cap
135781,Parag Parikh Flexi Cap Fund - Direct Growth,2024-06-03,215.6938,215.3703,215.6938,PPFAS,Equity,Flexi Cap
135781,Parag Parikh Flexi Cap Fund - Direct Growth,2024-06-04,215.3658,215.0428,215.3658,PPFAS,Equity,Flexi Cap
135781,Parag Parikh Flexi Cap Fund - Direct Growth,2024-06-05,216.2931,215.9687,216.2931,PPFAS,Equity,Flexi Cap
135781,Parag Parikh Flexi Cap Fund - Direct Growth,2024-06-06,219.2336,218.9047,219.2336,PPFAS,Equity,Flexi Cap
135781,Parag Parikh Flexi Cap Fund - Direct Growth,2024-06-07,213.4059,213.0858,213.4059,PPFAS,Equity,Flexi Cap
135781,Parag Parikh Flexi Cap Fund - Direct Growth,2024-06-10,209.3015,208.9875,209.3015,PPFAS,Equity,Flexi Cap
135781,Parag Parikh Flexi Cap Fund - Direct Growth,2024-06-11,209.021,208.7075,209.021,PPFAS,Equity,Flexi Cap
135781,Parag Parikh Flexi Cap Fund - Direct Growth,2024-06-12,208.7994,208.4862,208.7994,PPFAS,Equity,Flexi Cap
135781,Parag Parikh Flexi Cap Fund - Direct Growth,2024-06-13,209.9054,209.5905,209.9054,PPFAS,Equity,Flexi Cap
135781,Parag Parikh Flexi Cap Fund - Direct Growth,2024-06-14,207.7141,207.4025,207.7141,PPFAS,Equity,Flexi Cap
135781,Parag Parikh Flexi Cap Fund - Direct Growth,2024-06-17,210.5761,210.2602,210.5761,PPFAS,Equity,Flexi Cap
135781,Parag Parikh Flexi Cap Fund - Direct Growth,2024-06-18,214.7057,214.3836,214.7057,PPFAS,Equity,Flexi Cap
135781,Parag Parikh Flexi Cap Fund - Direct Growth,2024-06-19,218.8016,218.4734,218.8016,PPFAS,Equity,Flexi Cap
135781,Parag Parikh Flexi Cap Fund - Direct Growth,2024-06-20,221.3385,221.0065,221.3385,PPFAS,Equity,Flexi Cap
135781,Parag Parikh Flexi Cap Fund - Direct Growth,2024-06-21,213.4096,213.0895,213.4096,PPFAS,Equity,Flexi Cap
135781,Parag Parikh Flexi Cap Fund - Direct Growth,2024-06-24,225.0778,224.7402,225.0778,PPFAS,Equity,Flexi Cap
135781,Parag Parikh Flexi Cap Fund - Direct Growth,2024-06-25,228.5101,228.1673,228.5101,PPFAS,Equity,Flexi Cap
135781,Parag Parikh Flexi Cap Fund - Direct Growth,2024-06-26,232.9295,232.5801,232.9295,PPFAS,Equity,Flexi Cap
135781,Parag Parikh Flexi Cap Fund - Direct Growth,2024-06-27,235.4786,235.1254,235.4786,PPFAS,Equity,Flexi Cap
135781,Parag Parikh Flexi Cap Fund - Direct Growth,2024-06-28,239.3839,239.0248,239.3839,PPFAS,Equity,Flexi Cap
135781,Parag Parikh Flexi Cap Fund - Direct Growth,2024-07-01,241.4015,241.0394,241.4015,PPFAS,Equity,Flexi Cap
135781,Parag Parikh Flexi Cap Fund - Direct Growth,2024-07-02,240.6074,240.2465,240.6074,PPFAS,Equity,Flexi Cap
135781,Parag Parikh Flexi Cap Fund - Direct Growth,2024-07-03,241.8295,241.4668,241.8295,PPFAS,Equity,Flexi Cap
135781,Parag Parikh Flexi Cap Fund - Direct Growth,2024-07-04,242.1436,241.7804,242.1436,PPFAS,Equity,Flexi Cap
135781,Parag Parikh Flexi Cap Fund - Direct Growth,2024-07-05,238.6183,238.2604,238.6183,PPFAS,Equity,Flexi Cap
135781,Parag Parikh Flexi Cap Fund - Direct Growth,2024-07-08,234.3974,234.0458,234.3974,PPFAS,Equity,Flexi Cap
135781,Parag Parikh Flexi Cap Fund - Direct Growth,2024-07-09,238.9363,238.5779,238.9363,PPFAS,Equity,Flexi Cap
135781,Parag Parikh Flexi Cap Fund - Direct Growth,2024-07-10,241.6599,241.2974,241.6599,PPFAS,Equity,Flexi Cap
135781,Parag Parikh Flexi Cap Fund - Direct Growth,2024-07-11,244.823,244.4558,244.823,PPFAS,Equity,Flexi Cap
135781,Parag Parikh Flexi Cap Fund - Direct Growth,2024-07-12,244.6835,244.3165,244.6835,PPFAS,Equity,Flexi Cap
135781,Parag Parikh Flexi Cap Fund - Direct Growth,2024-07-15,237.8079,237.4512,237.8079,PPFAS,Equity,Flexi Cap
135781,Parag Parikh Flexi Cap Fund - Direct Growth,2024-07-16,236.4846,236.1299,236.4846,PPFAS,Equity,Flexi Cap
135781,Parag Parikh Flexi Cap Fund - Direct Growth,2024-07-17,236.7344,236.3793,236.7344,PPFAS,Equity,Flexi Cap
135781,Parag Parikh Flexi Cap Fund - Direct Growth,2024-07-18,238.0831,237.726,238.0831,PPFAS,Equity,Flexi Cap
135781,Parag Parikh Flexi Cap Fund - Direct Growth,2024-07-19,240.6154,240.2545,240.6154,PPFAS,Equity,Flexi Cap
135781,Parag Parikh Flexi Cap Fund - Direct Growth,2024-07-22,233.2587,232.9088,233.2587,PPFAS,Equity,Flexi Cap
135781,Parag Parikh Flexi Cap Fund - Direct Growth,2024-07-23,233.4744,233.1242,233.4744,PPFAS,Equity,Flexi Cap
135781,Parag Parikh Flexi Cap Fund - Direct Growth,2024-07-24,236.9937,236.6382,236.9937,PPFAS,Equity,Flexi Cap
135781,Parag Parikh Flexi Cap Fund - Direct Growth,2024-07-25,235.4737,235.1205,235.4737,PPFAS,Equity,Flexi Cap
135781,Parag Parikh Flexi Cap Fund - Direct Growth,2024-07-26,237.0162,236.6607,237.0162,PPFAS,Equity,Flexi Cap
135781,Parag Parikh Flexi Cap Fund - Direct Growth,2024-07-29,240.9112,240.5498,240.9112,PPFAS,Equity,Flexi Cap
135781,Parag Parikh Flexi Cap Fund - Direct Growth,2024-07-30,239.0971,238.7385,239.0971,PPFAS,Equity,Flexi Cap
135781,Parag Parikh Flexi Cap Fund - Direct Growth,2024-07-31,237.5424,237.1861,237.5424,PPFAS,Equity,Flexi Cap
135781,Parag Parikh Flexi Cap Fund - Direct Growth,2024-08-01,237.6035,237.2471,237.6035,PPFAS,Equity,Flexi Cap
135781,Parag Parikh Flexi Cap Fund - Direct Growth,2024-08-02,235.8733,235.5195,235.8733,PPFAS,Equity,Flexi Cap
135781,Parag Parikh Flexi Cap Fund - Direct Growth,2024-08-05,236.2024,235.8481,236.2024,PPFAS,Equity,Flexi Cap
135781,Parag Parikh Flexi Cap Fund - Direct Growth,2024-08-06,236.0129,235.6589,236.0129,PPFAS,Equity,Flexi Cap
135781,Parag Parikh Flexi Cap Fund - Direct Growth,2024-08-07,236.716,236.3609,236.716,PPFAS,Equity,Flexi Cap
135781,Parag Parikh Flexi Cap Fund - Direct Growth,2024-08-08,235.5047,235.1514,235.5047,PPFAS,Equity,Flexi Cap
135781,Parag Parikh Flexi Cap Fund - Direct Growth,2024-08-09,234.6406,234.2886,234.6406,PPFAS,Equity,Flexi Cap
135781,Parag Parikh Flexi Cap Fund - Direct Growth,2024-08-12,235.7511,235.3975,235.7511,PPFAS,Equity,Flexi Cap
135781,Parag Parikh Flexi Cap Fund - Direct Growth,2024-08-13,240.6699,240.3089,240.6699,PPFAS,Equity,Flexi Cap
135781,Parag Parikh Flexi Cap Fund - Direct Growth,2024-08-14,237.9049,237.548,237.9049,PPFAS,Equity,Flexi Cap
135781,Parag Parikh Flexi Cap Fund - Direct Growth,2024-08-15,237.8168,237.4601,237.8168,PPFAS,Equity,Flexi Cap
135781,Parag Parikh Flexi Cap Fund - Direct Growth,2024-08-16,233.4211,233.071,233.4211,PPFAS,Equity,Flexi Cap
135781,Parag Parikh Flexi Cap Fund - Direct Growth,2024-08-19,230.8309,230.4847,230.8309,PPFAS,Equity,Flexi Cap
135781,Parag Parikh Flexi Cap Fund - Direct Growth,2024-08-20,229.8926,229.5478,229.8926,PPFAS,Equity,Flexi Cap
135781,Parag Parikh Flexi Cap Fund - Direct Growth,2024-08-21,230.7595,230.4134,230.7595,PPFAS,Equity,Flexi Cap
135781,Parag Parikh Flexi Cap Fund - Direct Growth,2024-08-22,229.3211,228.9771,229.3211,PPFAS,Equity,Flexi Cap
135781,Parag Parikh Flexi Cap Fund - Direct Growth,2024-08-23,227.7746,227.4329,227.7746,PPFAS,Equity,Flexi Cap
135781,Parag Parikh Flexi Cap Fund - Direct Growth,2024-08-26,231.2011,230.8543,231.2011,PPFAS,Equity,Flexi Cap
135781,Parag Parikh Flexi Cap Fund - Direct Growth,2024-08-27,230.5977,230.2518,230.5977,PPFAS,Equity,Flexi Cap
135781,Parag Parikh Flexi Cap Fund - Direct Growth,2024-08-28,235.2429,234.89,235.2429,PPFAS,Equity,Flexi Cap
135781,Parag Parikh Flexi Cap Fund - Direct Growth,2024-08-29,234.6731,234.3211,234.6731,PPFAS,Equity,Flexi Cap
135781,Parag Parikh Flexi Cap Fund - Direct Growth,2024-08-30,232.8259,232.4767,232.8259,PPFAS,Equity,Flexi Cap
135781,Parag Parikh Flexi Cap Fund - Direct Growth,2024-09-02,228.0294,227.6874,228.0294,PPFAS,Equity,Flexi Cap
135781,Parag Parikh Flexi Cap Fund - Direct Growth,2024-09-03,224.619,224.2821,224.619,PPFAS,Equity,Flexi Cap
135781,Parag Parikh Flexi Cap Fund - Direct Growth,2024-09-04,221.6786,221.3461,221.6786,PPFAS,Equity,Flexi Cap
135781,Parag Parikh Flexi Cap Fund - Direct Growth,2024-09-05,219.5612,219.2319,219.5612,PPFAS,Equity,Flexi Cap
135781,Parag Parikh Flexi Cap Fund - Direct Growth,2024-09-06,221.2077,220.8759,221.2077,PPFAS,Equity,Flexi Cap
135781,Parag Parikh Flexi Cap Fund - Direct Growth,2024-09-09,223.263,222.9281,223.263,PPFAS,Equity,Flexi Cap
135781,Parag Parikh Flexi Cap Fund - Direct Growth,2024-09-10,226.8218,226.4816,226.8218,PPFAS,Equity,Flexi Cap
135781,Parag Parikh Flexi Cap Fund - Direct Growth,2024-09-11,226.1446,225.8054,226.1446,PPFAS,Equity,Flexi Cap
135781,Parag Parikh Flexi Cap Fund - Direct Growth,2024-09-12,224.5231,224.1863,224.5231,PPFAS,Equity,Flexi Cap
135781,Parag Parikh Flexi Cap Fund - Direct Growth,2024-09-13,222.2839,221.9505,222.2839,PPFAS,Equity,Flexi Cap
135781,Parag Parikh Flexi Cap Fund - Direct Growth,2024-09-16,222.8113,222.4771,222.8113,PPFAS,Equity,Flexi Cap
135781,Parag Parikh Flexi Cap Fund - Direct Growth,2024-09-17,220.7249,220.3938,220.7249,PPFAS,Equity,Flexi Cap
135781,Parag Parikh Flexi Cap Fund - Direct Growth,2024-09-18,218.7746,218.4464,218.7746,PPFAS,Equity,Flexi Cap
135781,Parag Parikh Flexi Cap Fund - Direct Growth,2024-09-19,219.7024,219.3728,219.7024,PPFAS,Equity,Flexi Cap
135781,Parag Parikh Flexi Cap Fund - Direct Growth,2024-09-20,216.3222,215.9977,216.3222,PPFAS,Equity,Flexi Cap
135781,Parag Parikh Flexi Cap Fund - Direct Growth,2024-09-23,217.3722,217.0461,217.3722,PPFAS,Equity,Flexi Cap
135781,Parag Parikh Flexi Cap Fund - Direct Growth,2024-09-24,213.9717,213.6507,213.9717,PPFAS,Equity,Flexi Cap
135781,Parag Parikh Flexi Cap Fund - Direct Growth,2024-09-25,214.0255,213.7045,214.0255,PPFAS,Equity,Flexi Cap
135781,Parag Parikh Flexi Cap Fund - Direct Growth,2024-09-26,213.2679,212.948,213.2679,PPFAS,Equity,Flexi Cap
135781,Parag Parikh Flexi Cap Fund - Direct Growth,2024-09-27,213.225,212.9052,213.225,PPFAS,Equity,Flexi Cap
135781,Parag Parikh Flexi Cap Fund - Direct Growth,2024-09-30,215.6375,215.314,215.6375,PPFAS,Equity,Flexi Cap
135781,Parag Parikh Flexi Cap Fund - Direct Growth,2024-10-01,213.8831,213.5623,213.8831,PPFAS,Equity,Flexi Cap
135781,Parag Parikh Flexi Cap Fund - Direct Growth,2024-10-02,215.4961,215.1729,215.4961,PPFAS,Equity,Flexi Cap
135781,Parag Parikh Flexi Cap Fund - Direct Growth,2024-10-03,218.9407,218.6123,218.9407,PPFAS,Equity,Flexi Cap
135781,Parag Parikh Flexi Cap Fund - Direct Growth,2024-10-04,219.769,219.4393,219.769,PPFAS,Equity,Flexi Cap
135781,Parag Parikh Flexi Cap Fund - Direct Growth,2024-10-07,227.2771,226.9362,227.2771,PPFAS,Equity,Flexi Cap
135781,Parag Parikh Flexi Cap Fund - Direct Growth,2024-10-08,222.0508,221.7177,222.0508,PPFAS,Equity,Flexi Cap
135781,Parag Parikh Flexi Cap Fund - Direct Growth,2024-10-09,223.9175,223.5816,223.9175,PPFAS,Equity,Flexi Cap
135781,Parag Parikh Flexi Cap Fund - Direct Growth,2024-10-10,226.6504,226.3104,226.6504,PPFAS,Equity,Flexi Cap
135781,Parag Parikh Flexi Cap Fund - Direct Growth,2024-10-11,223.1,222.7654,223.1,PPFAS,Equity,Flexi Cap
135781,Parag Parikh Flexi Cap Fund - Direct Growth,2024-10-14,216.8272,216.502,216.8272,PPFAS,Equity,Flexi Cap
135781,Parag Parikh Flexi Cap Fund - Direct Growth,2024-10-15,215.6605,215.337,215.6605,PPFAS,Equity,Flexi Cap
135781,Parag Parikh Flexi Cap Fund - Direct Growth,2024-10-16,216.3746,216.05,216.3746,PPFAS,Equity,Flexi Cap
135781,Parag Parikh Flexi Cap Fund - Direct Growth,2024-10-17,218.7089,218.3808,218.7089,PPFAS,Equity,Flexi Cap
135781,Parag Parikh Flexi Cap Fund - Direct Growth,2024-10-18,221.6343,221.3018,221.6343,PPFAS,Equity,Flexi Cap
135781,Parag Parikh Flexi Cap Fund - Direct Growth,2024-10-21,220.8766,220.5453,220.8766,PPFAS,Equity,Flexi Cap
135781,Parag Parikh Flexi Cap Fund - Direct Growth,2024-10-22,222.6792,222.3452,222.6792,PPFAS,Equity,Flexi Cap
135781,Parag Parikh Flexi Cap Fund - Direct Growth,2024-10-23,222.9897,222.6552,222.9897,PPFAS,Equity,Flexi Cap
135781,Parag Parikh Flexi Cap Fund - Direct Growth,2024-10-24,224.3455,224.009,224.3455,PPFAS,Equity,Flexi Cap
135781,Parag Parikh Flexi Cap Fund - Direct Growth,2024-10-25,224.355,224.0185,224.355,PPFAS,Equity,Flexi Cap
135781,Parag Parikh Flexi Cap Fund - Direct Growth,2024-10-28,225.8525,225.5137,225.8525,PPFAS,Equity,Flexi Cap
135781,Parag Parikh Flexi Cap Fund - Direct Growth,2024-10-29,221.8489,221.5161,221.8489,PPFAS,Equity,Flexi Cap
135781,Parag Parikh Flexi Cap Fund - Direct Growth,2024-10-30,220.1066,219.7764,220.1066,PPFAS,Equity,Flexi Cap
135781,Parag Parikh Flexi Cap Fund - Direct Growth,2024-10-31,218.4065,218.0789,218.4065,PPFAS,Equity,Flexi Cap
135781,Parag Parikh Flexi Cap Fund - Direct Growth,2024-11-01,217.5126,217.1863,217.5126,PPFAS,Equity,Flexi Cap
135781,Parag Parikh Flexi Cap Fund - Direct Growth,2024-11-04,210.0882,209.7731,210.0882,PPFAS,Equity,Flexi Cap
135781,Parag Parikh Flexi Cap Fund - Direct Growth,2024-11-05,211.5555,211.2382,211.5555,PPFAS,Equity,Flexi Cap
135781,Parag Parikh Flexi Cap Fund - Direct Growth,2024-11-06,211.4306,211.1135,211.4306,PPFAS,Equity,Flexi Cap
135781,Parag Parikh Flexi Cap Fund - Direct Growth,2024-11-07,207.1888,206.878,207.1888,PPFAS,Equity,Flexi Cap
135781,Parag Parikh Flexi Cap Fund - Direct Growth,2024-11-08,205.1961,204.8883,205.1961,PPFAS,Equity,Flexi Cap
135781,Parag Parikh Flexi Cap Fund - Direct Growth,2024-11-11,203.2151,202.9103,203.2151,PPFAS,Equity,Flexi Cap
135781,Parag Parikh Flexi Cap Fund - Direct Growth,2024-11-12,203.1145,202.8098,203.1145,PPFAS,Equity,Flexi Cap
135781,Parag Parikh Flexi Cap Fund - Direct Growth,2024-11-13,204.0332,203.7272,204.0332,PPFAS,Equity,Flexi Cap
135781,Parag Parikh Flexi Cap Fund - Direct Growth,2024-11-14,200.5981,200.2972,200.5981,PPFAS,Equity,Flexi Cap
135781,Parag Parikh Flexi Cap Fund - Direct Growth,2024-11-15,202.0026,201.6996,202.0026,PPFAS,Equity,Flexi Cap
135781,Parag Parikh Flexi Cap Fund - Direct Growth,2024-11-18,200.1755,199.8752,200.1755,PPFAS,Equity,Flexi Cap
135781,Parag Parikh Flexi Cap Fund - Direct Growth,2024-11-19,198.9895,198.691,198.9895,PPFAS,Equity,Flexi Cap
135781,Parag Parikh Flexi Cap Fund - Direct Growth,2024-11-20,196.6247,196.3298,196.6247,PPFAS,Equity,Flexi Cap
135781,Parag Parikh Flexi Cap Fund - Direct Growth,2024-11-21,196.0293,195.7353,196.0293,PPFAS,Equity,Flexi Cap
135781,Parag Parikh Flexi Cap Fund - Direct Growth,2024-11-22,199.9311,199.6312,199.9311,PPFAS,Equity,Flexi Cap
135781,Parag Parikh Flexi Cap Fund - Direct Growth,2024-11-25,200.2727,199.9723,200.2727,PPFAS,Equity,Flexi Cap
135781,Parag Parikh Flexi Cap Fund - Direct Growth,2024-11-26,200.4378,200.1371,200.4378,PPFAS,Equity,Flexi Cap
135781,Parag Parikh Flexi Cap Fund - Direct Growth,2024-11-27,197.9042,197.6073,197.9042,PPFAS,Equity,Flexi Cap
135781,Parag Parikh Flexi Cap Fund - Direct Growth,2024-11-28,196.1517,195.8575,196.1517,PPFAS,Equity,Flexi Cap
135781,Parag Parikh Flexi Cap Fund - Direct Growth,2024-11-29,195.0464,194.7538,195.0464,PPFAS,Equity,Flexi Cap
135781,Parag Parikh Flexi Cap Fund - Direct Growth,2024-12-02,191.4087,191.1216,191.4087,PPFAS,Equity,Flexi Cap
135781,Parag Parikh Flexi Cap Fund - Direct Growth,2024-12-03,195.7363,195.4427,195.7363,PPFAS,Equity,Flexi Cap
135781,Parag Parikh Flexi Cap Fund - Direct Growth,2024-12-04,193.0759,192.7863,193.0759,PPFAS,Equity,Flexi Cap
135781,Parag Parikh Flexi Cap Fund - Direct Growth,2024-12-05,193.3911,193.101,193.3911,PPFAS,Equity,Flexi Cap
135781,Parag Parikh Flexi Cap Fund - Direct Growth,2024-12-06,194.0436,193.7525,194.0436,PPFAS,Equity,Flexi Cap
135781,Parag Parikh Flexi Cap Fund - Direct Growth,2024-12-09,192.4384,192.1497,192.4384,PPFAS,Equity,Flexi Cap
135781,Parag Parikh Flexi Cap Fund - Direct Growth,2024-12-10,186.7598,186.4797,186.7598,PPFAS,Equity,Flexi Cap
135781,Parag Parikh Flexi Cap Fund - Direct Growth,2024-12-11,188.3133,188.0308,188.3133,PPFAS,Equity,Flexi Cap
135781,Parag Parikh Flexi Cap Fund - Direct Growth,2024-12-12,185.8646,185.5858,185.8646,PPFAS,Equity,Flexi Cap
135781,Parag Parikh Flexi Cap Fund - Direct Growth,2024-12-13,183.602,183.3266,183.602,PPFAS,Equity,Flexi Cap
135781,Parag Parikh Flexi Cap Fund - Direct Growth,2024-12-16,186.5993,186.3194,186.5993,PPFAS,Equity,Flexi Cap
135781,Parag Parikh Flexi Cap Fund - Direct Growth,2024-12-17,189.3837,189.0996,189.3837,PPFAS,Equity,Flexi Cap
135781,Parag Parikh Flexi Cap Fund - Direct Growth,2024-12-18,187.9938,187.7118,187.9938,PPFAS,Equity,Flexi Cap
135781,Parag Parikh Flexi Cap Fund - Direct Growth,2024-12-19,189.8585,189.5737,189.8585,PPFAS,Equity,Flexi Cap
135781,Parag Parikh Flexi Cap Fund - Direct Growth,2024-12-20,188.2133,187.931,188.2133,PPFAS,Equity,Flexi Cap
135781,Parag Parikh Flexi Cap Fund - Direct Growth,2024-12-23,194.2403,193.9489,194.2403,PPFAS,Equity,Flexi Cap
135781,Parag Parikh Flexi Cap Fund - Direct Growth,2024-12-24,196.2848,195.9904,196.2848,PPFAS,Equity,Flexi Cap
135781,Parag Parikh Flexi Cap Fund - Direct Growth,2024-12-25,197.1078,196.8121,197.1078,PPFAS,Equity,Flexi Cap
135781,Parag Parikh Flexi Cap Fund - Direct Growth,2024-12-26,195.6006,195.3072,195.6006,PPFAS,Equity,Flexi Cap
135781,Parag Parikh Flexi Cap Fund - Direct Growth,2024-12-27,195.3235,195.0305,195.3235,PPFAS,Equity,Flexi Cap
135781,Parag Parikh Flexi Cap Fund - Direct Growth,2024-12-30,191.8202,191.5325,191.8202,PPFAS,Equity,Flexi Cap
135781,Parag Parikh Flexi Cap Fund - Direct Growth,2024-12-31,192.2042,191.9159,192.2042,PPFAS,Equity,Flexi Cap
