nav_date,open,high,low,close,adj_close,volume,is_duplicate,_source_file,_ingested_at,_schema_valid
2022-01-01,17682.07544180992,17788.380504586334,17646.640420884447,17717.51046273539,17717.51046273539,195447478,False,nifty50.csv,2026-06-12T18:44:30,False
2022-01-02,17661.57471242984,17767.756524328215,17626.18077513038,17696.968649729297,17696.968649729297,263632101,False,nifty50.csv,2026-06-12T18:44:30,False
2022-01-03,17780.294755265466,17887.19031491636,17744.6629020485,17815.92660848243,17815.92660848243,205961553,False,nifty50.csv,2026-06-12T18:44:30,False
2022-01-04,18057.18505186668,18165.745282639426,18020.998308275764,18093.371795457595,18093.371795457595,337594905,False,nifty50.csv,2026-06-12T18:44:30,False
2022-01-05,18018.96291441157,18127.293352774766,17982.852768290504,18055.073060532635,18055.073060532635,210945797,False,nifty50.csv,2026-06-12T18:44:30,False
2022-01-06,17980.824634851102,18088.92578496043,17944.790918147995,18016.85835155421,18016.85835155421,161199747,False,nifty50.csv,2026-06-12T18:44:30,False
2022-01-07,18271.100119663926,18380.94641296852,18234.4846885624,18307.715550765457,18307.715550765457,222548971,False,nifty50.csv,2026-06-12T18:44:30,False
2022-01-08,18415.956563964115,18526.67373769536,18379.050839387037,18452.8622885412,18452.8622885412,332944626,False,nifty50.csv,2026-06-12T18:44:30,False
2022-01-09,18333.78096388496,18444.004095932367,18297.03991986916,18370.522007900763,18370.522007900763,341652636,False,nifty50.csv,2026-06-12T18:44:30,False
2022-01-10,18437.62614571313,18548.47359749096,18400.67699512052,18474.57529630574,18474.57529630574,291299258,False,nifty50.csv,2026-06-12T18:44:30,False
2022-01-11,18356.465612843946,18466.82512554641,18319.679108609784,18393.252117078096,18393.252117078096,332712444,False,nifty50.csv,2026-06-12T18:44:30,False
2022-01-12,18275.239800755688,18385.11098192256,18238.616073700065,18311.86352781131,18311.86352781131,176635617,False,nifty50.csv,2026-06-12T18:44:30,False
2022-01-13,18323.59022491972,18433.752089999394,18286.86960322649,18360.31084661294,18360.31084661294,196433552,False,nifty50.csv,2026-06-12T18:44:30,False
2022-01-14,17980.342423292783,18088.440674334623,17944.309672945503,18016.375173640063,18016.375173640063,247219178,False,nifty50.csv,2026-06-12T18:44:30,False
2022-01-15,17676.7896206325,17783.06290492488,17641.36519253504,17712.21404872996,17712.21404872996,236783786,False,nifty50.csv,2026-06-12T18:44:30,False
2022-01-16,17581.586729759216,17687.287651982217,17546.353089018216,17616.820370500216,17616.820370500216,242168436,False,nifty50.csv,2026-06-12T18:44:30,False
2022-01-17,17408.287703290232,17512.94674759859,17373.40135518745,17443.17405139302,17443.17405139302,216128719,False,nifty50.csv,2026-06-12T18:44:30,False
2022-01-18,17466.965894909223,17571.977713916694,17431.961955240065,17501.96983457838,17501.96983457838,320973633,False,nifty50.csv,2026-06-12T18:44:30,False
2022-01-19,17312.93233594025,17417.018101486985,17278.237080758005,17347.627591122495,17347.627591122495,276927777,False,nifty50.csv,2026-06-12T18:44:30,False
2022-01-20,17073.939275937508,17176.588209460177,17039.722964763285,17108.15558711173,17108.15558711173,181397110,False,nifty50.csv,2026-06-12T18:44:30,False
2022-01-21,17329.882658709288,17434.070330004135,17295.15343494434,17364.611882474237,17364.611882474237,226423687,False,nifty50.csv,2026-06-12T18:44:30,False
2022-01-22,17294.648747004467,17398.624591174834,17259.99013228101,17329.307361727922,17329.307361727922,307502604,False,nifty50.csv,2026-06-12T18:44:30,False
2022-01-23,17310.1836340131,17414.25287429775,17275.493887251552,17344.87338077465,17344.87338077465,329194217,False,nifty50.csv,2026-06-12T18:44:30,False
2022-01-24,17069.104223669943,17171.724088742107,17034.897601979224,17103.310845360666,17103.310845360666,319222151,False,nifty50.csv,2026-06-12T18:44:30,False
2022-01-25,16980.214180617048,17082.29963661274,16946.185695285152,17014.242665948947,17014.242665948947,249166685,False,nifty50.csv,2026-06-12T18:44:30,False
2022-01-26,17002.843305985145,17105.064808826737,16968.769471704614,17036.917140265676,17036.917140265676,282418911,False,nifty50.csv,2026-06-12T18:44:30,False
2022-01-27,16812.004932827473,16913.07911078034,16778.313540176514,16845.696325478428,16845.696325478428,341297117,False,nifty50.csv,2026-06-12T18:44:30,False
2022-01-28,16879.042332493318,16980.5195409051,16845.216596356055,16912.868068630578,16912.868068630578,217066688,False,nifty50.csv,2026-06-12T18:44:30,False
2022-01-29,16781.698704017643,16882.590680194102,16748.06804529216,16815.32936274313,16815.32936274313,239054634,False,nifty50.csv,2026-06-12T18:44:30,False
2022-01-30,16736.543382384847,16837.163883681747,16703.00321528588,16770.083549483814,16770.083549483814,328672678,False,nifty50.csv,2026-06-12T18:44:30,False
2022-01-31,16639.84386230066,16739.883003757375,16606.497481815084,16673.19024278623,16673.19024278623,284642256,False,nifty50.csv,2026-06-12T18:44:30,False
2022-02-01,16954.705346791587,17056.637443064883,16920.727981367152,16988.682712216018,16988.682712216018,311919162,False,nifty50.csv,2026-06-12T18:44:30,False
2022-02-02,16956.190486623716,17058.131511593398,16922.210144967154,16990.170828280276,16990.170828280276,247357395,False,nifty50.csv,2026-06-12T18:44:30,False
2022-02-03,16781.522690224017,16882.413608201314,16747.892384231585,16815.15299621645,16815.15299621645,161103831,False,nifty50.csv,2026-06-12T18:44:30,False
2022-02-04,16923.893726093716,17025.640582162418,16889.97810740415,16957.809344783283,16957.809344783283,208321649,False,nifty50.csv,2026-06-12T18:44:30,False
2022-02-05,16722.256886930383,16822.791497473052,16688.745350082827,16755.76842377794,16755.76842377794,242886869,False,nifty50.csv,2026-06-12T18:44:30,False
2022-02-06,16760.95004545656,16861.717280198784,16727.360967209155,16794.53912370397,16794.53912370397,333425116,False,nifty50.csv,2026-06-12T18:44:30,False
2022-02-07,16439.346536703164,16538.180283416812,16406.401954465284,16472.291118941048,16472.291118941048,324222379,False,nifty50.csv,2026-06-12T18:44:30,False
2022-02-08,16226.055962993432,16323.607401648704,16193.53881677501,16258.573109211857,16258.573109211857,201982472,False,nifty50.csv,2026-06-12T18:44:30,False
2022-02-09,16261.649077539782,16359.414502855652,16229.060602434492,16294.237552645072,16294.237552645072,248388388,False,nifty50.csv,2026-06-12T18:44:30,False
2022-02-10,16385.826887810108,16484.33887310756,16352.989559377622,16418.664216242592,16418.664216242592,188819913,False,nifty50.csv,2026-06-12T18:44:30,False
2022-02-11,16417.584611362974,16516.287524858144,16384.68364019792,16450.485582528032,16450.485582528032,297836451,False,nifty50.csv,2026-06-12T18:44:30,False
2022-02-12,16402.259060574615,16500.869836489896,16369.388801936191,16435.129319213043,16435.129319213043,341252068,False,nifty50.csv,2026-06-12T18:44:30,False
2022-02-13,16356.585497142136,16454.921682495697,16323.806768690947,16389.364225593323,16389.364225593323,158527835,False,nifty50.csv,2026-06-12T18:44:30,False
2022-02-14,16120.116143885498,16217.03066980064,16087.811301913784,16152.420985857212,16152.420985857212,326852905,False,nifty50.csv,2026-06-12T18:44:30,False
2022-02-15,16008.055477529624,16104.29629202379,15975.975206031568,16040.13574902768,16040.13574902768,190216746,False,nifty50.csv,2026-06-12T18:44:30,False
2022-02-16,15938.03256402946,16033.852399083748,15906.092619011366,15969.972509047557,15969.972509047557,347812180,False,nifty50.csv,2026-06-12T18:44:30,False
2022-02-17,16110.996050548283,16207.855746242962,16078.709485316724,16143.282615779844,16143.282615779844,298502231,False,nifty50.csv,2026-06-12T18:44:30,False
2022-02-18,16170.050056566286,16267.264786365282,16137.645146633287,16202.454966499285,16202.454966499285,189384827,False,nifty50.csv,2026-06-12T18:44:30,False
2022-02-19,15891.000308416302,15986.537384418803,15859.154616415468,15922.846000417136,15922.846000417136,302652097,False,nifty50.csv,2026-06-12T18:44:30,False
2022-02-20,15946.132658775685,16042.001191794374,15914.176481102786,15978.08883644858,15978.08883644858,213065654,False,nifty50.csv,2026-06-12T18:44:30,False
2022-02-21,15888.380778811876,15983.902106139403,15856.540336369368,15920.221221254384,15920.221221254384,327646023,False,nifty50.csv,2026-06-12T18:44:30,False
2022-02-22,15784.704734982468,15879.60275944128,15753.072060162864,15816.337409802072,15816.337409802072,291301338,False,nifty50.csv,2026-06-12T18:44:30,False
2022-02-23,15885.086963437105,15980.588488267387,15853.25312182701,15916.9208050472,15916.9208050472,166411413,False,nifty50.csv,2026-06-12T18:44:30,False
2022-02-24,16053.281772135504,16149.794488200449,16021.110866780522,16085.452677490484,16085.452677490484,275283192,False,nifty50.csv,2026-06-12T18:44:30,False
2022-02-25,16207.087792548842,16304.525194107253,16174.60865869604,16239.566926401643,16239.566926401643,269247196,False,nifty50.csv,2026-06-12T18:44:30,False
2022-02-26,16075.221550742932,16171.866169284473,16043.006677895752,16107.436423590112,16107.436423590112,336359234,False,nifty50.csv,2026-06-12T18:44:30,False
2022-02-27,16029.158846690245,16125.5265351473,15997.036283871226,16061.281409509264,16061.281409509264,234365163,False,nifty50.csv,2026-06-12T18:44:30,False
2022-02-28,16085.92536671675,16182.634336857333,16053.689043336555,16118.161690096944,16118.161690096944,310777868,False,nifty50.csv,2026-06-12T18:44:30,False
2022-03-01,16247.23439255477,16344.913156437866,16214.674804593738,16279.793980515802,16279.793980515802,151901740,False,nifty50.csv,2026-06-12T18:44:30,False
2022-03-02,16173.167205619706,16270.400675793771,16140.756048895017,16205.578362344397,16205.578362344397,263314531,False,nifty50.csv,2026-06-12T18:44:30,False
2022-03-03,16146.761396696782,16243.836114512596,16114.403157424846,16179.11963596872,16179.11963596872,317009544,False,nifty50.csv,2026-06-12T18:44:30,False
2022-03-04,15972.663185102769,16068.691220283745,15940.65384004244,16004.672530163092,16004.672530163092,273725237,False,nifty50.csv,2026-06-12T18:44:30,False
2022-03-05,15786.248402681673,15881.155707707814,15754.612634339624,15817.88417102372,15817.88417102372,248082551,False,nifty50.csv,2026-06-12T18:44:30,False
2022-03-06,15918.580756512292,16014.283646832006,15886.679793072388,15950.481719952197,15950.481719952197,341259290,False,nifty50.csv,2026-06-12T18:44:30,False
2022-03-07,16139.537246846405,16236.568532899588,16107.193484828676,16171.881008864131,16171.881008864131,224504737,False,nifty50.csv,2026-06-12T18:44:30,False
2022-03-08,16131.509206993216,16228.492228277744,16099.181533231706,16163.836880754723,16163.836880754723,342892575,False,nifty50.csv,2026-06-12T18:44:30,False
2022-03-09,16297.836108538446,16395.81909115491,16265.175114332958,16330.497102743931,16330.497102743931,204633048,False,nifty50.csv,2026-06-12T18:44:30,False
2022-03-10,16360.522497050924,16458.88235174261,16327.735878820358,16393.309115281485,16393.309115281485,197278684,False,nifty50.csv,2026-06-12T18:44:30,False
2022-03-11,16258.935483467423,16356.684594590472,16226.352446426406,16291.51852050844,16291.51852050844,339190470,False,nifty50.csv,2026-06-12T18:44:30,False
2022-03-12,16321.433008493195,16419.557856239648,16288.724725911045,16354.141291075346,16354.141291075346,194855106,False,nifty50.csv,2026-06-12T18:44:30,False
2022-03-13,16578.092273958813,16677.760163381412,16544.86964415128,16611.314903766346,16611.314903766346,224982355,False,nifty50.csv,2026-06-12T18:44:30,False
2022-03-14,16575.842822116327,16675.497187780355,16542.62470022832,16609.060944004337,16609.060944004337,271211283,False,nifty50.csv,2026-06-12T18:44:30,False
2022-03-15,16840.9830549953,16942.231450115512,16807.233589955227,16874.73252003537,16874.73252003537,168317940,False,nifty50.csv,2026-06-12T18:44:30,False
2022-03-16,16409.17279469928,16507.825136150375,16376.288680882246,16442.05690851631,16442.05690851631,290093021,False,nifty50.csv,2026-06-12T18:44:30,False
2022-03-17,16548.278581791375,16647.767230579702,16515.115698861933,16581.441464720818,16581.441464720818,336515106,False,nifty50.csv,2026-06-12T18:44:30,False
2022-03-18,16566.376295973863,16665.97374865507,16533.177145080128,16599.5754468676,16599.5754468676,207675376,False,nifty50.csv,2026-06-12T18:44:30,False
2022-03-19,16520.59205835601,16619.914255099633,16487.48465944147,16553.69945727055,16553.69945727055,179486438,False,nifty50.csv,2026-06-12T18:44:30,False
2022-03-20,16539.43909623072,16638.87460181928,16506.2939277012,16572.58426476024,16572.58426476024,212803546,False,nifty50.csv,2026-06-12T18:44:30,False
2022-03-21,16217.560731024589,16315.06109614097,16185.060609319127,16250.060852730048,16250.060852730048,259727577,False,nifty50.csv,2026-06-12T18:44:30,False
2022-03-22,16185.576319085863,16282.884393148506,16153.14029439832,16218.012343773413,16218.012343773413,341646413,False,nifty50.csv,2026-06-12T18:44:30,False
2022-03-23,16247.095976162393,16344.773907882807,16214.53666558892,16279.655286735864,16279.655286735864,311272081,False,nifty50.csv,2026-06-12T18:44:30,False
2022-03-24,16492.66418270833,16591.818476391945,16459.612751480458,16525.7156139362,16525.7156139362,154300915,False,nifty50.csv,2026-06-12T18:44:30,False
2022-03-25,16411.060821596686,16509.724513910893,16378.172924158614,16443.948719034754,16443.948719034754,198632668,False,nifty50.csv,2026-06-12T18:44:30,False
2022-03-26,16282.536852799562,16380.427855922604,16249.906518425214,16315.167187173907,16315.167187173907,156760403,False,nifty50.csv,2026-06-12T18:44:30,False
2022-03-27,16204.648852933886,16302.071591528678,16172.174606735622,16237.12309913215,16237.12309913215,198710324,False,nifty50.csv,2026-06-12T18:44:30,False
2022-03-28,16357.307697144346,16455.648224381686,16324.527521398566,16390.087872890126,16390.087872890126,347905498,False,nifty50.csv,2026-06-12T18:44:30,False
2022-03-29,16414.823942680534,16513.510258969196,16381.928503917648,16447.71938144342,16447.71938144342,324392401,False,nifty50.csv,2026-06-12T18:44:30,False
2022-03-30,16331.72910291208,16429.91585102578,16299.000186874182,16364.45801894998,16364.45801894998,285854403,False,nifty50.csv,2026-06-12T18:44:30,False
2022-03-31,16419.42399158647,16518.137963479774,16386.519334288703,16452.32864888424,16452.32864888424,299343168,False,nifty50.csv,2026-06-12T18:44:30,False
2022-04-01,16439.029617431777,16537.861458819145,16406.085670302655,16471.9735645609,16471.9735645609,266979456,False,nifty50.csv,2026-06-12T18:44:30,False
2022-04-02,16602.733907942158,16702.549943460846,16569.461896102595,16636.00591978172,16636.00591978172,167579065,False,nifty50.csv,2026-06-12T18:44:30,False
2022-04-03,16490.25181255449,16589.39160301073,16457.20521573574,16523.298409373234,16523.298409373234,160117273,False,nifty50.csv,2026-06-12T18:44:30,False
2022-04-04,16439.96644511846,16538.80391873641,16407.020620579144,16472.912269657776,16472.912269657776,335710444,False,nifty50.csv,2026-06-12T18:44:30,False
2022-04-05,16379.275226956235,16477.747823511087,16346.451028104622,16412.099425807854,16412.099425807854,308365075,False,nifty50.csv,2026-06-12T18:44:30,False
2022-04-06,16144.900535478986,16241.964065752409,16112.546025387845,16177.255045570126,16177.255045570126,318808051,False,nifty50.csv,2026-06-12T18:44:30,False
2022-04-07,16196.38402879558,16293.7570790689,16163.92634537114,16228.84171222002,16228.84171222002,268194006,False,nifty50.csv,2026-06-12T18:44:30,False
2022-04-08,16242.335320366868,16339.984630910158,16209.785550185772,16274.885090547965,16274.885090547965,175589001,False,nifty50.csv,2026-06-12T18:44:30,False
2022-04-09,16246.78141584676,16344.457456422992,16214.22273565468,16279.340096038835,16279.340096038835,267322042,False,nifty50.csv,2026-06-12T18:44:30,False
2022-04-10,16212.321086783844,16309.789951033046,16179.831465367442,16244.810708200244,16244.810708200244,293249098,False,nifty50.csv,2026-06-12T18:44:30,False
2022-04-11,15988.030837131297,16084.151263005831,15955.99069517312,16020.070979089476,16020.070979089476,157611432,False,nifty50.csv,2026-06-12T18:44:30,False
2022-04-12,15924.462984494105,16020.201238909902,15892.550233022172,15956.375735966038,15956.375735966038,317202920,False,nifty50.csv,2026-06-12T18:44:30,False
2022-04-13,15873.513413494473,15968.94535786418,15841.702765371238,15905.324061617708,15905.324061617708,326928644,False,nifty50.csv,2026-06-12T18:44:30,False
2022-04-14,15750.178324866,15844.868775716895,15718.614841249037,15781.741808482966,15781.741808482966,304699641,False,nifty50.csv,2026-06-12T18:44:30,False
2022-04-15,15728.296158885463,15822.855053628264,15696.776527304532,15759.8157904664,15759.8157904664,230831680,False,nifty50.csv,2026-06-12T18:44:30,False
2022-04-16,15795.490135088568,15890.453001632184,15763.835846240694,15827.14442393644,15827.14442393644,249548437,False,nifty50.csv,2026-06-12T18:44:30,False
2022-04-17,16099.83279892818,16196.625380885662,16067.568604942351,16132.096992914006,16132.096992914006,289495148,False,nifty50.csv,2026-06-12T18:44:30,False
2022-04-18,16131.553970206063,16228.537260608104,16099.226206738716,16163.88173367341,16163.88173367341,310589736,False,nifty50.csv,2026-06-12T18:44:30,False
2022-04-19,16176.754344295485,16274.009380433532,16144.335998916134,16209.172689674831,16209.172689674831,205659228,False,nifty50.csv,2026-06-12T18:44:30,False
2022-04-20,16168.31396047053,16265.518252818048,16135.912529688025,16200.715391253036,16200.715391253036,232129604,False,nifty50.csv,2026-06-12T18:44:30,False
2022-04-21,15864.568863732344,15959.94703325378,15832.776140558532,15896.361586906156,15896.361586906156,285978239,False,nifty50.csv,2026-06-12T18:44:30,False
2022-04-22,15863.893431550252,15959.267540357168,15832.102061947946,15895.684801152556,15895.684801152556,153541815,False,nifty50.csv,2026-06-12T18:44:30,False
2022-04-23,15876.984401410651,15972.43721344318,15845.166797399808,15908.802005421494,15908.802005421494,225543474,False,nifty50.csv,2026-06-12T18:44:30,False
2022-04-24,16276.551644976087,16374.406664885762,16243.933305006194,16309.169984945978,16309.169984945978,221719010,False,nifty50.csv,2026-06-12T18:44:30,False
2022-04-25,16248.888006017163,16346.57671146416,16216.325104201496,16281.450907832828,16281.450907832828,209435595,False,nifty50.csv,2026-06-12T18:44:30,False
2022-04-26,16301.587772468652,16399.593310178883,16268.919259898574,16334.25628503873,16334.25628503873,187693721,False,nifty50.csv,2026-06-12T18:44:30,False
2022-04-27,16299.557458999974,16397.550790416808,16266.893015194364,16332.221902805586,16332.221902805586,266649842,False,nifty50.csv,2026-06-12T18:44:30,False
2022-04-28,16113.762818527808,16210.639148098116,16081.47070867104,16146.054928384578,16146.054928384578,289569554,False,nifty50.csv,2026-06-12T18:44:30,False
2022-04-29,16302.598811402097,16400.610427502706,16269.928272701887,16335.2693501023,16335.2693501023,230807020,False,nifty50.csv,2026-06-12T18:44:30,False
2022-04-30,16429.301618722933,16528.07497514812,16396.377166581202,16462.22607086466,16462.22607086466,324162619,False,nifty50.csv,2026-06-12T18:44:30,False
2022-05-01,16563.464021291,16663.04396530678,16530.270706619078,16596.65733596293,16596.65733596293,232009390,False,nifty50.csv,2026-06-12T18:44:30,False
2022-05-02,16417.174221663172,16515.874667885597,16384.274072922366,16450.07437040398,16450.07437040398,273512822,False,nifty50.csv,2026-06-12T18:44:30,False
2022-05-03,16652.80218393291,16752.9192311309,16619.42983486691,16686.174532998906,16686.174532998906,188467910,False,nifty50.csv,2026-06-12T18:44:30,False
2022-05-04,16424.63848260651,16523.383804145225,16391.72337542694,16457.553589786083,16457.553589786083,293235225,False,nifty50.csv,2026-06-12T18:44:30,False
2022-05-05,16524.988467227693,16624.337095287177,16491.87225787453,16558.104676580853,16558.104676580853,225412007,False,nifty50.csv,2026-06-12T18:44:30,False
2022-05-06,16894.714255504812,16996.28568389462,16860.857112708207,16928.571398301414,16928.571398301414,261419012,False,nifty50.csv,2026-06-12T18:44:30,False
2022-05-07,16731.915557051827,16832.50823575154,16698.384664151923,16765.44644995173,16765.44644995173,340902676,False,nifty50.csv,2026-06-12T18:44:30,False
2022-05-08,16641.13417193972,16741.18107076902,16607.785205663287,16674.483138216154,16674.483138216154,206299981,False,nifty50.csv,2026-06-12T18:44:30,False
2022-05-09,16661.433360072006,16761.60229810851,16628.043714059837,16694.823006084174,16694.823006084174,280418819,False,nifty50.csv,2026-06-12T18:44:30,False
2022-05-10,16581.447924522618,16681.135988197104,16548.218569964458,16614.67727908078,16614.67727908078,195787926,False,nifty50.csv,2026-06-12T18:44:30,False
2022-05-11,16329.942798564163,16428.11880737317,16297.2174622945,16362.668134833832,16362.668134833832,316798185,False,nifty50.csv,2026-06-12T18:44:30,False
2022-05-12,16344.7802702236,16443.045482269034,16312.02519954179,16377.535340905411,16377.535340905411,209646035,False,nifty50.csv,2026-06-12T18:44:30,False
2022-05-13,16175.667754733551,16272.916258269026,16143.251586888397,16208.083922578711,16208.083922578711,341150833,False,nifty50.csv,2026-06-12T18:44:30,False
2022-05-14,16256.07377876514,16353.805685250703,16223.496476603286,16288.651080926997,16288.651080926997,223788019,False,nifty50.csv,2026-06-12T18:44:30,False
2022-05-15,16110.881778793437,16207.740787483575,16078.59544256339,16143.168115023484,16143.168115023484,222846444,False,nifty50.csv,2026-06-12T18:44:30,False
2022-05-16,16366.177170638295,16464.571021363576,16333.379220396537,16398.975120880055,16398.975120880055,272966236,False,nifty50.csv,2026-06-12T18:44:30,False
2022-05-17,16242.103750294427,16339.75166863287,16209.554444181613,16274.653056407242,16274.653056407242,172802311,False,nifty50.csv,2026-06-12T18:44:30,False
2022-05-18,16193.48199714018,16290.8376003294,16161.03012941044,16225.93386486992,16225.93386486992,346257135,False,nifty50.csv,2026-06-12T18:44:30,False
2022-05-19,16329.389980978329,16427.562666234713,16296.665752559536,16362.114209397125,16362.114209397125,231882258,False,nifty50.csv,2026-06-12T18:44:30,False
2022-05-20,16133.21951795325,16230.2128216684,16100.888416714868,16165.550619191634,16165.550619191634,284443119,False,nifty50.csv,2026-06-12T18:44:30,False
2022-05-21,16173.557129492669,16270.792943898434,16141.145191357413,16205.969067627922,16205.969067627922,332665830,False,nifty50.csv,2026-06-12T18:44:30,False
2022-05-22,16390.003776556914,16488.540873409962,16357.158077605898,16422.84947550793,16422.84947550793,290916269,False,nifty50.csv,2026-06-12T18:44:30,False
2022-05-23,16132.23354112645,16229.220917125209,16099.904415793531,16164.56266645937,16164.56266645937,234077467,False,nifty50.csv,2026-06-12T18:44:30,False
2022-05-24,16165.644093747816,16262.83233479239,16133.24801339962,16198.040174096006,16198.040174096006,197427053,False,nifty50.csv,2026-06-12T18:44:30,False
2022-05-25,16211.318096801246,16308.780931050553,16178.830485384811,16243.805708217682,16243.805708217682,187187064,False,nifty50.csv,2026-06-12T18:44:30,False
2022-05-26,16342.195401929286,16440.445073684372,16309.445511344256,16374.945292514314,16374.945292514314,177949891,False,nifty50.csv,2026-06-12T18:44:30,False
2022-05-27,16144.888431571486,16241.951889075925,16112.533945736674,16177.242917406298,16177.242917406298,344312057,False,nifty50.csv,2026-06-12T18:44:30,False
2022-05-28,15936.65003912728,16032.461562408604,15904.712864700172,15968.587213554389,15968.587213554389,164106894,False,nifty50.csv,2026-06-12T18:44:30,False
2022-05-29,16023.613359562987,16119.947708418078,15991.501909944627,16055.724809181353,16055.724809181353,169312610,False,nifty50.csv,2026-06-12T18:44:30,False
2022-05-30,16074.84903734513,16171.491416327164,16042.634911017783,16107.063163672474,16107.063163672474,179723044,False,nifty50.csv,2026-06-12T18:44:30,False
2022-05-31,16118.752897419006,16215.65922746361,16086.450787404136,16151.055007433872,16151.055007433872,246647040,False,nifty50.csv,2026-06-12T18:44:30,False
2022-06-01,16178.293162014164,16275.557449561344,16145.871732831773,16210.714591196558,16210.714591196558,297798722,False,nifty50.csv,2026-06-12T18:44:30,False
2022-06-02,16072.226676209566,16168.85328949339,16040.017805114958,16104.435547304174,16104.435547304174,289814254,False,nifty50.csv,2026-06-12T18:44:30,False
2022-06-03,16113.184197671731,16210.057048559538,16080.893247375796,16145.475147967669,16145.475147967669,211189402,False,nifty50.csv,2026-06-12T18:44:30,False
2022-06-04,16164.073895923397,16261.252696900892,16131.68096226423,16196.46682958256,16196.46682958256,250184103,False,nifty50.csv,2026-06-12T18:44:30,False
2022-06-05,16052.589363542778,16149.097916830611,16020.419845780169,16084.75888130539,16084.75888130539,234572348,False,nifty50.csv,2026-06-12T18:44:30,False
2022-06-06,16358.54638903084,16456.894363313593,16325.763730936593,16391.32904712509,16391.32904712509,318574115,False,nifty50.csv,2026-06-12T18:44:30,False
2022-06-07,16439.901002660474,16538.73808283679,16406.95530926837,16472.84669605258,16472.84669605258,176276833,False,nifty50.csv,2026-06-12T18:44:30,False
2022-06-08,16248.829832348478,16346.51818805398,16216.267047113311,16281.392617583646,16281.392617583646,252676444,False,nifty50.csv,2026-06-12T18:44:30,False
2022-06-09,16359.503706339903,16457.85743603734,16326.719129774094,16392.288282905716,16392.288282905716,240721815,False,nifty50.csv,2026-06-12T18:44:30,False
2022-06-10,16204.431288769025,16301.852719362823,16171.95747857109,16236.905098966958,16236.905098966958,322239383,False,nifty50.csv,2026-06-12T18:44:30,False
2022-06-11,16336.11253512101,16434.325636534566,16303.374834649829,16368.850235592196,16368.850235592196,277348713,False,nifty50.csv,2026-06-12T18:44:30,False
2022-06-12,16530.161285655777,16629.541012824047,16497.034709933017,16563.287861378532,16563.287861378532,202775939,False,nifty50.csv,2026-06-12T18:44:30,False
2022-06-13,16398.705662770026,16497.295075572252,16365.842525169286,16431.56880037077,16431.56880037077,264224962,False,nifty50.csv,2026-06-12T18:44:30,False
2022-06-14,16561.135790203978,16660.70173683847,16527.947141325814,16594.324439082142,16594.324439082142,217256609,False,nifty50.csv,2026-06-12T18:44:30,False
2022-06-15,16633.33983886612,16733.339877977538,16600.006492495646,16666.673185236592,16666.673185236592,153792824,False,nifty50.csv,2026-06-12T18:44:30,False
2022-06-16,16774.372407149516,16875.22033745302,16740.756430381683,16807.988383917353,16807.988383917353,260782896,False,nifty50.csv,2026-06-12T18:44:30,False
2022-06-17,17099.389524640123,17202.191465670025,17065.12221096349,17133.656838316758,17133.656838316758,317909846,False,nifty50.csv,2026-06-12T18:44:30,False
2022-06-18,17061.277881066588,17163.850693978813,17027.08694342918,17095.468818703997,17095.468818703997,345005620,False,nifty50.csv,2026-06-12T18:44:30,False
2022-06-19,16936.93340000639,17038.758650908232,16902.99164970578,16970.875150307005,16970.875150307005,289468023,False,nifty50.csv,2026-06-12T18:44:30,False
2022-06-20,16790.68157467722,16891.627556088104,16757.032914206924,16824.330235147514,16824.330235147514,321924083,False,nifty50.csv,2026-06-12T18:44:30,False
2022-06-21,16657.96573371473,16758.113824298183,16624.583036853575,16691.34843057588,16691.34843057588,311366596,False,nifty50.csv,2026-06-12T18:44:30,False
2022-06-22,16648.832108523944,16748.925287533108,16615.467715520892,16682.196501527,16682.196501527,222258398,False,nifty50.csv,2026-06-12T18:44:30,False
2022-06-23,16709.445411637484,16809.9029992826,16675.95954908911,16742.931274185856,16742.931274185856,162312829,False,nifty50.csv,2026-06-12T18:44:30,False
2022-06-24,16759.47255349399,16860.230905519,16725.88643615232,16793.05867083566,16793.05867083566,216772797,False,nifty50.csv,2026-06-12T18:44:30,False
2022-06-25,16902.44049443276,17004.058373156804,16868.567868191414,16936.31312067411,16936.31312067411,287532072,False,nifty50.csv,2026-06-12T18:44:30,False
2022-06-26,16908.401039453627,17010.054753117678,16874.51646823228,16942.28561067498,16942.28561067498,150049976,False,nifty50.csv,2026-06-12T18:44:30,False
2022-06-27,17159.78397439902,17262.949008313244,17125.395629760944,17194.172319037094,17194.172319037094,269963132,False,nifty50.csv,2026-06-12T18:44:30,False
2022-06-28,17118.23893896126,17221.154203123355,17083.933850907233,17152.544027015294,17152.544027015294,328523896,False,nifty50.csv,2026-06-12T18:44:30,False
2022-06-29,17594.19035943694,17699.967054984656,17558.931460921034,17629.449257952845,17629.449257952845,246680501,False,nifty50.csv,2026-06-12T18:44:30,False
2022-06-30,17708.557384173233,17815.02165702397,17673.069293222987,17744.04547512348,17744.04547512348,303022264,False,nifty50.csv,2026-06-12T18:44:30,False
2022-07-01,17561.3238978118,17666.90299940185,17526.13086394845,17596.51693167515,17596.51693167515,302807049,False,nifty50.csv,2026-06-12T18:44:30,False
2022-07-02,17378.131686556768,17482.60943216733,17343.305771353247,17412.95760176029,17412.95760176029,206093351,False,nifty50.csv,2026-06-12T18:44:30,False
2022-07-03,17466.06583449381,17571.07224231642,17431.06369855294,17501.06797043468,17501.06797043468,315894534,False,nifty50.csv,2026-06-12T18:44:30,False
2022-07-04,17430.95830782916,17535.753648357193,17396.026527653154,17465.890088005173,17465.890088005173,219056102,False,nifty50.csv,2026-06-12T18:44:30,False
2022-07-05,17559.768527139277,17665.338277803443,17524.57861025122,17594.958444027332,17594.958444027332,193338836,False,nifty50.csv,2026-06-12T18:44:30,False
2022-07-06,17646.992027844502,17753.086168292466,17611.627314361845,17682.356741327156,17682.356741327156,334325634,False,nifty50.csv,2026-06-12T18:44:30,False
2022-07-07,17638.069738592505,17744.11023802292,17602.72290544903,17673.416571735976,17673.416571735976,183218943,False,nifty50.csv,2026-06-12T18:44:30,False
2022-07-08,17493.23518126122,17598.404931849967,17458.17859773164,17528.291764790803,17528.291764790803,156330034,False,nifty50.csv,2026-06-12T18:44:30,False
2022-07-09,17234.07167677251,17337.68333013988,17199.534458983384,17268.608894561632,17268.608894561632,329722030,False,nifty50.csv,2026-06-12T18:44:30,False
2022-07-10,17161.1095195335,17264.282522656948,17126.71851849235,17195.50052057465,17195.50052057465,165542211,False,nifty50.csv,2026-06-12T18:44:30,False
2022-07-11,17312.560875094056,17416.64440740925,17277.866364322326,17347.25538586579,17347.25538586579,276037979,False,nifty50.csv,2026-06-12T18:44:30,False
2022-07-12,17353.527513000798,17457.857337728256,17318.75090475831,17388.304121243284,17388.304121243284,308026789,False,nifty50.csv,2026-06-12T18:44:30,False
2022-07-13,17142.503695889594,17245.56484035386,17108.149981068174,17176.857410711018,17176.857410711018,339943794,False,nifty50.csv,2026-06-12T18:44:30,False
2022-07-14,17176.039288777876,17279.302050033053,17141.618368359486,17210.46020919627,17210.46020919627,313411454,False,nifty50.csv,2026-06-12T18:44:30,False
2022-07-15,17246.187158539815,17349.871650474925,17211.625661228114,17280.74865585152,17280.74865585152,217154339,False,nifty50.csv,2026-06-12T18:44:30,False
2022-07-16,17098.23211985266,17201.027102537144,17063.967125624495,17132.49711408082,17132.49711408082,325852712,False,nifty50.csv,2026-06-12T18:44:30,False
2022-07-17,17128.34832019639,17231.32436220158,17094.022972861327,17162.673667531453,17162.673667531453,304298308,False,nifty50.csv,2026-06-12T18:44:30,False
2022-07-18,17142.136194678234,17245.19512971638,17107.783216332184,17176.48917302428,17176.48917302428,188950796,False,nifty50.csv,2026-06-12T18:44:30,False
2022-07-19,16951.094389893504,17053.004777007092,16917.12426085564,16985.064518931365,16985.064518931365,240369565,False,nifty50.csv,2026-06-12T18:44:30,False
2022-07-20,17015.63851911967,17117.936947090333,16981.53904312945,17049.737995109892,17049.737995109892,204954685,False,nifty50.csv,2026-06-12T18:44:30,False
2022-07-21,17115.136412751104,17218.03302445101,17080.83754218447,17149.43528331774,17149.43528331774,173737188,False,nifty50.csv,2026-06-12T18:44:30,False
2022-07-22,17305.36065070651,17409.400895099534,17270.68056924217,17340.04073217085,17340.04073217085,257895320,False,nifty50.csv,2026-06-12T18:44:30,False
2022-07-23,17492.581927274638,17597.747750484705,17457.526652871282,17527.637201677993,17527.637201677993,162084335,False,nifty50.csv,2026-06-12T18:44:30,False
2022-07-24,17257.084770245405,17360.834778884153,17222.50143403249,17291.66810645832,17291.66810645832,168380186,False,nifty50.csv,2026-06-12T18:44:30,False
2022-07-25,17099.805395127405,17202.609836380678,17065.537248042983,17134.07354221183,17134.07354221183,242078002,False,nifty50.csv,2026-06-12T18:44:30,False
2022-07-26,17191.92847004417,17295.286757439226,17157.475707579153,17226.38123250919,17226.38123250919,151531064,False,nifty50.csv,2026-06-12T18:44:30,False
2022-07-27,17284.331909245844,17388.24572833951,17249.693969547956,17318.969848943732,17318.969848943732,255075183,False,nifty50.csv,2026-06-12T18:44:30,False
2022-07-28,17377.451255930897,17481.924910776175,17342.626704315804,17412.27580754599,17412.27580754599,265707258,False,nifty50.csv,2026-06-12T18:44:30,False
2022-07-29,18064.042115205222,18172.64357080766,18027.84163000441,18100.24260040604,18100.24260040604,282075235,False,nifty50.csv,2026-06-12T18:44:30,False
2022-07-30,18171.50680084757,18280.75433672441,18135.09095555529,18207.92264613985,18207.92264613985,291684239,False,nifty50.csv,2026-06-12T18:44:30,False
2022-07-31,18383.12319931856,18493.64297807198,18346.283273067424,18419.963125569702,18419.963125569702,168246135,False,nifty50.csv,2026-06-12T18:44:30,False
2022-08-01,18563.46880811981,18675.072829010314,18526.26746782298,18600.670148416648,18600.670148416648,203613589,False,nifty50.csv,2026-06-12T18:44:30,False
2022-08-02,18688.943313976608,18801.30169061374,18651.49052176423,18726.396106188982,18726.396106188982,228147796,False,nifty50.csv,2026-06-12T18:44:30,False
2022-08-03,18634.26244031935,18746.292074229088,18596.919229016108,18671.6056516226,18671.6056516226,332411573,False,nifty50.csv,2026-06-12T18:44:30,False
2022-08-04,18780.408173980668,18893.3164395557,18742.772085455657,18818.04426250568,18818.04426250568,270851092,False,nifty50.csv,2026-06-12T18:44:30,False
2022-08-05,18639.975947124192,18752.03993077424,18602.621285907517,18677.330608340875,18677.330608340875,255662407,False,nifty50.csv,2026-06-12T18:44:30,False
2022-08-06,18600.024459828725,18711.84825417639,18562.749861712837,18637.29905794461,18637.29905794461,304680048,False,nifty50.csv,2026-06-12T18:44:30,False
2022-08-07,18514.085546050872,18625.39267358224,18476.98317020708,18551.18792189466,18551.18792189466,174437007,False,nifty50.csv,2026-06-12T18:44:30,False
2022-08-08,18533.374385044324,18644.79747753958,18496.23335421257,18570.51541587608,18570.51541587608,218529722,False,nifty50.csv,2026-06-12T18:44:30,False
2022-08-09,18971.583914865183,19085.64153359183,18933.56470862297,19009.6031211074,19009.6031211074,319521142,False,nifty50.csv,2026-06-12T18:44:30,False
2022-08-10,18624.76575502459,18736.73829463396,18587.4415751548,18662.08993489438,18662.08993489438,341112990,False,nifty50.csv,2026-06-12T18:44:30,False
2022-08-11,18757.193874565823,18869.962575214515,18719.604307682923,18794.78344144872,18794.78344144872,166448425,False,nifty50.csv,2026-06-12T18:44:30,False
2022-08-12,18461.22813518229,18572.2174826884,18424.231686013587,18498.22458435099,18498.22458435099,243719753,False,nifty50.csv,2026-06-12T18:44:30,False
2022-08-13,18378.39887349842,18488.8902494914,18341.56841483409,18415.229332162744,18415.229332162744,238782879,False,nifty50.csv,2026-06-12T18:44:30,False
2022-08-14,18583.75978786248,18695.48579861115,18546.517784279586,18621.001791445367,18621.001791445367,331768634,False,nifty50.csv,2026-06-12T18:44:30,False
2022-08-15,18599.84844912613,18711.671185293217,18562.5742037371,18637.12269451516,18637.12269451516,231688737,False,nifty50.csv,2026-06-12T18:44:30,False
2022-08-16,18404.56161916158,18515.21028621065,18367.678730145224,18441.444508177938,18441.444508177938,281562238,False,nifty50.csv,2026-06-12T18:44:30,False
2022-08-17,18277.450260779904,18387.334731285595,18240.82210394468,18314.078417615136,18314.078417615136,225575549,False,nifty50.csv,2026-06-12T18:44:30,False
2022-08-18,18406.182512632746,18516.840924532346,18369.29637533288,18443.06864993261,18443.06864993261,241365896,False,nifty50.csv,2026-06-12T18:44:30,False
2022-08-19,18276.30680625825,18386.184402287858,18239.680940915045,18312.93267160145,18312.93267160145,230946128,False,nifty50.csv,2026-06-12T18:44:30,False
2022-08-20,18319.98718625392,18430.12738977849,18283.273785079065,18356.70058742878,18356.70058742878,213229578,False,nifty50.csv,2026-06-12T18:44:30,False
2022-08-21,18332.417507283822,18442.632442197355,18295.67919564598,18369.155818921667,18369.155818921667,164749151,False,nifty50.csv,2026-06-12T18:44:30,False
2022-08-22,18217.40581748207,18326.9292993507,18180.89799019253,18253.913644771616,18253.913644771616,332202377,False,nifty50.csv,2026-06-12T18:44:30,False
2022-08-23,18616.33655265123,18728.258415693224,18579.02926497057,18653.643840331897,18653.643840331897,340556885,False,nifty50.csv,2026-06-12T18:44:30,False
2022-08-24,18738.894014524576,18851.552695974624,18701.341120707893,18776.44690834126,18776.44690834126,215825272,False,nifty50.csv,2026-06-12T18:44:30,False
2022-08-25,18367.30891077392,18477.73361364431,18330.500676483796,18404.11714506405,18404.11714506405,317735107,False,nifty50.csv,2026-06-12T18:44:30,False
2022-08-26,18405.683465410115,18516.33887702581,18368.798328204884,18442.568602615345,18442.568602615345,200288175,False,nifty50.csv,2026-06-12T18:44:30,False
2022-08-27,18288.349161004084,18398.29915596002,18251.69916268544,18324.999159322728,18324.999159322728,349973299,False,nifty50.csv,2026-06-12T18:44:30,False
2022-08-28,18449.01710338149,18559.93303787076,18412.045125218407,18485.989081544583,18485.989081544583,180749806,False,nifty50.csv,2026-06-12T18:44:30,False
2022-08-29,18307.456779055923,18417.521649471088,18270.768488917533,18344.14506919431,18344.14506919431,265638424,False,nifty50.csv,2026-06-12T18:44:30,False
2022-08-30,18290.533842852077,18400.496972167817,18253.87946641349,18327.188219290656,18327.188219290656,171223034,False,nifty50.csv,2026-06-12T18:44:30,False
2022-08-31,18387.22418024893,18497.76861419832,18350.376035599133,18424.072324898727,18424.072324898727,188677396,False,nifty50.csv,2026-06-12T18:44:30,False
2022-09-01,18551.231970020646,18662.762422746226,18514.055152445457,18588.40878759584,18588.40878759584,321867237,False,nifty50.csv,2026-06-12T18:44:30,False
2022-09-02,18333.973226516217,18444.197514451185,18297.23179720456,18370.714655827876,18370.714655827876,281992304,False,nifty50.csv,2026-06-12T18:44:30,False
2022-09-03,18276.81560524639,18386.69626018775,18240.188720265935,18313.442490226844,18313.442490226844,209504448,False,nifty50.csv,2026-06-12T18:44:30,False
2022-09-04,18194.265457451223,18303.649818918864,18157.80400362868,18230.72691127377,18230.72691127377,240150078,False,nifty50.csv,2026-06-12T18:44:30,False
2022-09-05,18079.807907382637,18188.504147306776,18043.57582740792,18116.039987357348,18116.039987357348,188184664,False,nifty50.csv,2026-06-12T18:44:30,False
2022-09-06,18405.92890265592,18516.585789846235,18369.04327359248,18442.81453171936,18442.81453171936,299980240,False,nifty50.csv,2026-06-12T18:44:30,False
2022-09-07,18484.734249861845,18595.86491669468,18447.690694250898,18521.77780547279,18521.77780547279,198591742,False,nifty50.csv,2026-06-12T18:44:30,False
2022-09-08,18257.18934515985,18366.9520065536,18220.60179136194,18293.77689895777,18293.77689895777,214451671,False,nifty50.csv,2026-06-12T18:44:30,False
2022-09-09,18429.63785276198,18540.43727873049,18392.70471077248,18466.570994751484,18466.570994751484,296136257,False,nifty50.csv,2026-06-12T18:44:30,False
2022-09-10,18829.113200875858,18942.31428224385,18791.379507086527,18866.84689466519,18866.84689466519,191701479,False,nifty50.csv,2026-06-12T18:44:30,False
2022-09-11,19028.75891922721,19143.16027545503,18990.62513381794,19066.892704636484,19066.892704636484,265219551,False,nifty50.csv,2026-06-12T18:44:30,False
2022-09-12,18745.99867081693,18858.70006563146,18708.431539212088,18783.565802421774,18783.565802421774,303480614,False,nifty50.csv,2026-06-12T18:44:30,False
2022-09-13,18659.59605708682,18771.777997309782,18622.20207701249,18696.99003716114,18696.99003716114,254007546,False,nifty50.csv,2026-06-12T18:44:30,False
2022-09-14,18901.70674790794,19015.344263426425,18863.827576068445,18939.585919747435,18939.585919747435,347544960,False,nifty50.csv,2026-06-12T18:44:30,False
2022-09-15,18772.59494077745,18885.45623300657,18734.974510034408,18810.21537152049,18810.21537152049,180474646,False,nifty50.csv,2026-06-12T18:44:30,False
2022-09-16,18860.29366113228,18973.68220017716,18822.497481450653,18898.089840813907,18898.089840813907,150537977,False,nifty50.csv,2026-06-12T18:44:30,False
2022-09-17,19011.18996176054,19125.48569299357,18973.091384682863,19049.288538838216,19049.288538838216,328159782,False,nifty50.csv,2026-06-12T18:44:30,False
2022-09-18,18839.97626655054,18953.242656930604,18802.22080309052,18877.73173001056,18877.73173001056,313086844,False,nifty50.csv,2026-06-12T18:44:30,False
2022-09-19,18832.956092812485,18946.18027773921,18795.21469783691,18870.69748778806,18870.69748778806,287886008,False,nifty50.csv,2026-06-12T18:44:30,False
2022-09-20,18236.374681172303,18346.012204305604,18199.82884012787,18272.920522216737,18272.920522216737,253386704,False,nifty50.csv,2026-06-12T18:44:30,False
2022-09-21,18054.534912765517,18163.07921083825,18018.3534800746,18090.716345456425,18090.716345456425,282533665,False,nifty50.csv,2026-06-12T18:44:30,False
2022-09-22,18013.00102558914,18121.295620933364,17976.902827141064,18049.09922403721,18049.09922403721,183245660,False,nifty50.csv,2026-06-12T18:44:30,False
2022-09-23,17793.594046962637,17900.569562275035,17757.935541858504,17829.25255206677,17829.25255206677,223746504,False,nifty50.csv,2026-06-12T18:44:30,False
2022-09-24,18090.468249752368,18199.2285799112,18054.214806366093,18126.721693138647,18126.721693138647,291055116,False,nifty50.csv,2026-06-12T18:44:30,False
2022-09-25,17837.55975405692,17944.799592257663,17801.81314132334,17873.3063667905,17873.3063667905,261211077,False,nifty50.csv,2026-06-12T18:44:30,False
2022-09-26,17763.19199399836,17869.984731437227,17727.59441485207,17798.789573144648,17798.789573144648,249258629,False,nifty50.csv,2026-06-12T18:44:30,False
2022-09-27,17790.389923100636,17897.346175143324,17754.737839086407,17826.042007114866,17826.042007114866,322426579,False,nifty50.csv,2026-06-12T18:44:30,False
2022-09-28,18052.67215044805,18161.205249548937,18016.494450747752,18088.849850148345,18088.849850148345,326203059,False,nifty50.csv,2026-06-12T18:44:30,False
2022-09-29,17799.273766841354,17906.28342876625,17763.603879533057,17834.943654149654,17834.943654149654,288840308,False,nifty50.csv,2026-06-12T18:44:30,False
2022-09-30,18011.52547824193,18119.811202560017,17975.430236802564,18047.62071968129,18047.62071968129,339138434,False,nifty50.csv,2026-06-12T18:44:30,False
2022-10-01,18017.37825784443,18125.69916921424,17981.27128738783,18053.485228301037,18053.485228301037,208711614,False,nifty50.csv,2026-06-12T18:44:30,False
2022-10-02,17845.37243655097,17952.659244786748,17809.610167139046,17881.134705962897,17881.134705962897,213218224,False,nifty50.csv,2026-06-12T18:44:30,False
2022-10-03,17932.017910071474,18039.825632977718,17896.08200243606,17967.953817706886,17967.953817706886,319894987,False,nifty50.csv,2026-06-12T18:44:30,False
2022-10-04,17971.748282005916,18079.794864863667,17935.732754386663,18007.763809625165,18007.763809625165,347805935,False,nifty50.csv,2026-06-12T18:44:30,False
2022-10-05,17868.178246554264,17975.602163868218,17832.37027411628,17903.98621899225,17903.98621899225,191191606,False,nifty50.csv,2026-06-12T18:44:30,False
2022-10-06,17884.634975968467,17992.157831535413,17848.794024112816,17920.475927824114,17920.475927824114,173698370,False,nifty50.csv,2026-06-12T18:44:30,False
2022-10-07,17819.821229738183,17926.954423504143,17784.11016514953,17855.532294326837,17855.532294326837,343275353,False,nifty50.csv,2026-06-12T18:44:30,False
2022-10-08,17844.03228235153,17951.311033548034,17808.272698619363,17879.7918660837,17879.7918660837,313360526,False,nifty50.csv,2026-06-12T18:44:30,False
2022-10-09,17966.57336367205,18074.58883479633,17930.56820663062,18002.578520713476,18002.578520713476,178658787,False,nifty50.csv,2026-06-12T18:44:30,False
2022-10-10,18257.861004188188,18367.627703612165,18221.2721043802,18294.44990399618,18294.44990399618,305502111,False,nifty50.csv,2026-06-12T18:44:30,False
2022-10-11,18037.269322014232,18145.70981894017,18001.122489705584,18073.41615432288,18073.41615432288,202558687,False,nifty50.csv,2026-06-12T18:44:30,False
2022-10-12,18430.244387966803,18541.04746043955,18393.310030475885,18467.17874545772,18467.17874545772,285601603,False,nifty50.csv,2026-06-12T18:44:30,False
2022-10-13,18077.98169641288,18186.66695711276,18041.75327617959,18114.210116646173,18114.210116646173,190179601,False,nifty50.csv,2026-06-12T18:44:30,False
2022-10-14,18054.58066271406,18163.12523583659,18018.39913833988,18090.76218708824,18090.76218708824,218985200,False,nifty50.csv,2026-06-12T18:44:30,False
2022-10-15,18165.154371665467,18274.3637165853,18128.751256692187,18201.557486638743,18201.557486638743,258204882,False,nifty50.csv,2026-06-12T18:44:30,False
2022-10-16,18220.32347617987,18329.86449908276,18183.809801878902,18256.83715048083,18256.83715048083,288174506,False,nifty50.csv,2026-06-12T18:44:30,False
2022-10-17,18111.24857272249,18220.133834682747,18074.95348540241,18147.54366004258,18147.54366004258,263805171,False,nifty50.csv,2026-06-12T18:44:30,False
2022-10-18,18077.61719211378,18186.30026140505,18041.389502350023,18113.844881877536,18113.844881877536,199039847,False,nifty50.csv,2026-06-12T18:44:30,False
2022-10-19,17992.71776498814,18100.89041688185,17956.660214356903,18028.77531561938,18028.77531561938,219577529,False,nifty50.csv,2026-06-12T18:44:30,False
2022-10-20,17890.968327792423,17998.52925962284,17855.11468384895,17926.821971735895,17926.821971735895,290690701,False,nifty50.csv,2026-06-12T18:44:30,False
2022-10-21,18047.63419669093,18156.137007492685,18011.466593090354,18083.80180029152,18083.80180029152,282190881,False,nifty50.csv,2026-06-12T18:44:30,False
2022-10-22,18116.21374982154,18225.12886254592,18079.908712246743,18152.518787396333,18152.518787396333,150692924,False,nifty50.csv,2026-06-12T18:44:30,False
2022-10-23,17995.12326720004,18103.310381030904,17959.06089592309,18031.185638477,18031.185638477,300385398,False,nifty50.csv,2026-06-12T18:44:30,False
2022-10-24,18161.779406391892,18270.96846093934,18125.38305487608,18198.17575790771,18198.17575790771,224607930,False,nifty50.csv,2026-06-12T18:44:30,False
2022-10-25,18221.731340228755,18331.28082724416,18185.21484455695,18258.247835900554,18258.247835900554,154672412,False,nifty50.csv,2026-06-12T18:44:30,False
2022-10-26,18374.54155925547,18485.009744982457,18337.71883067981,18411.364287831133,18411.364287831133,169877714,False,nifty50.csv,2026-06-12T18:44:30,False
2022-10-27,18494.713731617107,18605.904395334244,18457.650177044725,18531.777286189485,18531.777286189485,230286597,False,nifty50.csv,2026-06-12T18:44:30,False
2022-10-28,18346.10994390773,18456.40719807952,18309.34419251713,18382.875695298324,18382.875695298324,349416696,False,nifty50.csv,2026-06-12T18:44:30,False
2022-10-29,18247.686637986517,18357.39216887621,18211.118127689948,18284.25514828308,18284.25514828308,297276768,False,nifty50.csv,2026-06-12T18:44:30,False
2022-10-30,18388.65340165572,18499.20642811858,18351.80239283477,18425.504410476675,18425.504410476675,276853040,False,nifty50.csv,2026-06-12T18:44:30,False
2022-10-31,18505.35365663181,18616.60828783401,18468.268779564416,18542.438533699213,18542.438533699213,324953639,False,nifty50.csv,2026-06-12T18:44:30,False
2022-11-01,18505.60435080602,18616.86048918762,18468.51897134549,18542.689730266557,18542.689730266557,170596928,False,nifty50.csv,2026-06-12T18:44:30,False
2022-11-02,18531.453190494496,18642.86473272192,18494.31600975202,18568.59037123697,18568.59037123697,282946202,False,nifty50.csv,2026-06-12T18:44:30,False
2022-11-03,18773.92000215467,18886.78926068466,18736.296915978008,18811.54308833133,18811.54308833133,342261455,False,nifty50.csv,2026-06-12T18:44:30,False
2022-11-04,18667.34091542269,18779.569417920226,18629.931414590177,18704.7504162552,18704.7504162552,253136495,False,nifty50.csv,2026-06-12T18:44:30,False
2022-11-05,18773.927246097035,18886.79654817778,18736.304145403454,18811.550346790616,18811.550346790616,265580861,False,nifty50.csv,2026-06-12T18:44:30,False
2022-11-06,18740.17649956331,18852.84289134425,18702.621035636326,18777.73196349029,18777.73196349029,214283282,False,nifty50.csv,2026-06-12T18:44:30,False
2022-11-07,18703.589289004376,18816.035717595587,18666.10714614064,18741.071431868117,18741.071431868117,242572363,False,nifty50.csv,2026-06-12T18:44:30,False
2022-11-08,18914.442383230697,19028.15646569501,18876.537689075925,18952.347077385468,18952.347077385468,318480335,False,nifty50.csv,2026-06-12T18:44:30,False
2022-11-09,19075.456409130824,19190.13851179093,19037.22904157745,19113.683776684196,19113.683776684196,178840826,False,nifty50.csv,2026-06-12T18:44:30,False
2022-11-10,19235.5506499227,19351.19524300841,19197.002452227465,19274.098847617937,19274.098847617937,168644522,False,nifty50.csv,2026-06-12T18:44:30,False
2022-11-11,19492.65083601093,19609.84112159817,19453.58740748185,19531.71426454001,19531.71426454001,288612371,False,nifty50.csv,2026-06-12T18:44:30,False
2022-11-12,19501.0852078971,19618.32620113095,19462.00487681915,19540.16553897505,19540.16553897505,150125355,False,nifty50.csv,2026-06-12T18:44:30,False
2022-11-13,19638.89833411044,19756.967863173228,19599.54182442285,19678.25484379804,19678.25484379804,321994262,False,nifty50.csv,2026-06-12T18:44:30,False
2022-11-14,19582.417626855524,19700.14759254804,19543.17430495802,19621.66094875303,19621.66094875303,167393153,False,nifty50.csv,2026-06-12T18:44:30,False
2022-11-15,19650.373195494238,19768.51171169961,19610.993690092444,19689.752700896028,19689.752700896028,166796693,False,nifty50.csv,2026-06-12T18:44:30,False
2022-11-16,19629.18447689041,19747.195606009995,19589.84743385055,19668.521519930277,19668.521519930277,156508856,False,nifty50.csv,2026-06-12T18:44:30,False
2022-11-17,19652.606686252813,19770.75863025834,19613.22270491764,19691.99066758799,19691.99066758799,186041543,False,nifty50.csv,2026-06-12T18:44:30,False
2022-11-18,19774.31984801777,19893.2035344788,19734.69195253076,19813.94774350478,19813.94774350478,152009606,False,nifty50.csv,2026-06-12T18:44:30,False
2022-11-19,19617.548055806677,19735.489226482867,19578.234332247943,19656.861779365405,19656.861779365405,151559757,False,nifty50.csv,2026-06-12T18:44:30,False
2022-11-20,20036.80656304237,20157.268325946432,19996.652642074347,20076.96048401039,20076.96048401039,189711170,False,nifty50.csv,2026-06-12T18:44:30,False
2022-11-21,19840.65865269068,19959.94116964072,19800.89781370733,19880.419491674027,19880.419491674027,313982961,False,nifty50.csv,2026-06-12T18:44:30,False
2022-11-22,19605.575231250128,19723.44442101716,19566.285501327784,19644.864961172472,19644.864961172472,237318287,False,nifty50.csv,2026-06-12T18:44:30,False
2022-11-23,19838.364184133927,19957.63290668383,19798.60794328396,19878.120424983896,19878.120424983896,340721014,False,nifty50.csv,2026-06-12T18:44:30,False
2022-11-24,20000.49129424685,20120.734728881605,19960.410149368607,20040.572439125102,20040.572439125102,283517906,False,nifty50.csv,2026-06-12T18:44:30,False
2022-11-25,20130.188406558136,20251.211583351072,20089.84734762716,20170.529465489115,20170.529465489115,162856498,False,nifty50.csv,2026-06-12T18:44:30,False
2022-11-26,20261.582739290552,20383.395861971658,20220.978365063515,20302.187113517582,20302.187113517582,202212945,False,nifty50.csv,2026-06-12T18:44:30,False
2022-11-27,20263.610928690738,20385.43624489529,20223.00248995589,20304.21936742559,20304.21936742559,312414407,False,nifty50.csv,2026-06-12T18:44:30,False
2022-11-28,20087.07817851344,20207.84217557865,20046.82351282504,20127.332844201846,20127.332844201846,235021707,False,nifty50.csv,2026-06-12T18:44:30,False
2022-11-29,20106.785399993238,20227.667877347903,20066.491240875013,20147.07955911146,20147.07955911146,311631357,False,nifty50.csv,2026-06-12T18:44:30,False
2022-11-30,19975.535224965708,20095.628623111792,19935.504092250347,20015.56635768107,20015.56635768107,217354164,False,nifty50.csv,2026-06-12T18:44:30,False
2022-12-01,20175.76327861336,20297.060452633075,20135.33088727345,20216.195669953264,20216.195669953264,166869252,False,nifty50.csv,2026-06-12T18:44:30,False
2022-12-02,20150.59941276827,20271.745301021387,20110.217450017237,20190.98137551931,20190.98137551931,323767962,False,nifty50.csv,2026-06-12T18:44:30,False
2022-12-03,19989.38987384953,20109.566566477886,19949.330976306745,20029.448771392315,20029.448771392315,307433995,False,nifty50.csv,2026-06-12T18:44:30,False
2022-12-04,19929.685044731425,20049.502790491333,19889.74579614479,19969.624293318066,19969.624293318066,242556384,False,nifty50.csv,2026-06-12T18:44:30,False
2022-12-05,20016.605589394127,20136.94590355882,19976.49215133923,20056.719027449024,20056.719027449024,344128440,False,nifty50.csv,2026-06-12T18:44:30,False
2022-12-06,19908.51492652156,20028.20539702169,19868.61810302152,19948.411750021605,19948.411750021605,162818331,False,nifty50.csv,2026-06-12T18:44:30,False
2022-12-07,19749.88927449233,19868.62608375782,19710.310338070503,19789.46821091416,19789.46821091416,276819149,False,nifty50.csv,2026-06-12T18:44:30,False
2022-12-08,19802.48272627064,19921.535728632985,19762.798392149856,19842.16706039142,19842.16706039142,334704068,False,nifty50.csv,2026-06-12T18:44:30,False
2022-12-09,19855.470254313823,19974.84181896902,19815.67973276209,19895.26077586556,19895.26077586556,175139317,False,nifty50.csv,2026-06-12T18:44:30,False
2022-12-10,19759.466242601397,19878.260628829456,19719.868113858705,19799.06437134408,19799.06437134408,294997434,False,nifty50.csv,2026-06-12T18:44:30,False
2022-12-11,19670.98799870654,19789.250451604577,19631.56718107386,19710.40881633922,19710.40881633922,336207264,False,nifty50.csv,2026-06-12T18:44:30,False
2022-12-12,19721.07620915502,19839.6397935788,19681.555014347094,19760.597403962947,19760.597403962947,303580861,False,nifty50.csv,2026-06-12T18:44:30,False
2022-12-13,19441.88271330482,19558.76777971748,19402.921024500603,19480.84440210904,19480.84440210904,241996209,False,nifty50.csv,2026-06-12T18:44:30,False
2022-12-14,19174.428971288435,19289.70609937233,19136.003261927133,19212.85468064973,19212.85468064973,240033640,False,nifty50.csv,2026-06-12T18:44:30,False
2022-12-15,19041.40250651341,19155.87987629205,19003.243383253863,19079.56162977296,19079.56162977296,235711044,False,nifty50.csv,2026-06-12T18:44:30,False
2022-12-16,19005.031865945675,19119.290574558578,18966.94562974137,19043.118102149976,19043.118102149976,191279354,False,nifty50.csv,2026-06-12T18:44:30,False
2022-12-17,19068.45535749476,19183.095369664064,19030.24202010499,19106.668694884527,19106.668694884527,226885981,False,nifty50.csv,2026-06-12T18:44:30,False
2022-12-18,19356.17602379863,19472.54581953289,19317.38609188721,19394.96595571005,19394.96595571005,177664038,False,nifty50.csv,2026-06-12T18:44:30,False
2022-12-19,19527.245628644083,19644.64389895657,19488.11287187325,19566.37838541491,19566.37838541491,179843907,False,nifty50.csv,2026-06-12T18:44:30,False
2022-12-20,19500.37858052865,19617.615325501767,19461.29966553761,19539.457495519688,19539.457495519688,341338784,False,nifty50.csv,2026-06-12T18:44:30,False
2022-12-21,19501.01042028734,19618.250963896284,19461.93023908436,19540.090601490323,19540.090601490323,221873676,False,nifty50.csv,2026-06-12T18:44:30,False
2022-12-22,19310.78117345387,19426.8780542562,19272.08221318643,19349.480133721318,19349.480133721318,299730387,False,nifty50.csv,2026-06-12T18:44:30,False
2022-12-23,19311.504020497083,19427.605247073217,19272.803611638374,19350.2044293558,19350.2044293558,349626421,False,nifty50.csv,2026-06-12T18:44:30,False
2022-12-24,19260.12618767085,19375.918529480496,19221.52874040097,19298.72363494073,19298.72363494073,347511558,False,nifty50.csv,2026-06-12T18:44:30,False
2022-12-25,19326.683517413243,19442.87600348988,19287.952688721038,19365.414346105452,19365.414346105452,181276622,False,nifty50.csv,2026-06-12T18:44:30,False
2022-12-26,19171.733107430944,19286.994027916506,19133.312800602427,19210.153414259465,19210.153414259465,199358349,False,nifty50.csv,2026-06-12T18:44:30,False
2022-12-27,19275.849446792214,19391.73631721381,19237.22048998501,19314.478403599413,19314.478403599413,283126358,False,nifty50.csv,2026-06-12T18:44:30,False
2022-12-28,19577.93056881329,19695.63355820496,19538.69623901608,19617.16489861052,19617.16489861052,336117522,False,nifty50.csv,2026-06-12T18:44:30,False
2022-12-29,19561.002227606827,19678.603443404063,19521.801822341084,19600.202632872573,19600.202632872573,301478399,False,nifty50.csv,2026-06-12T18:44:30,False
2022-12-30,19644.11067327553,19762.21153904672,19604.743718018464,19683.477628532597,19683.477628532597,154036405,False,nifty50.csv,2026-06-12T18:44:30,False
2022-12-31,19784.55504337804,19903.50026407971,19744.906636477484,19824.2034502786,19824.2034502786,315797340,False,nifty50.csv,2026-06-12T18:44:30,False
2023-01-01,19709.72055499519,19828.21586895308,19670.22211700923,19749.218992981157,19749.218992981157,316957815,False,nifty50.csv,2026-06-12T18:44:30,False
2023-01-02,19758.33506681253,19877.122652384554,19718.739204955196,19797.930928669877,19797.930928669877,269626780,False,nifty50.csv,2026-06-12T18:44:30,False
2023-01-03,19765.221789064264,19884.050777776072,19725.61212616033,19804.8314519682,19804.8314519682,204777623,False,nifty50.csv,2026-06-12T18:44:30,False
2023-01-04,19788.940913536106,19907.91250219464,19749.28371731659,19828.59810975561,19828.59810975561,263039697,False,nifty50.csv,2026-06-12T18:44:30,False
2023-01-05,19640.93103933312,19759.01278906859,19601.570456087968,19680.29162257828,19680.29162257828,166202558,False,nifty50.csv,2026-06-12T18:44:30,False
2023-01-06,19650.118557755723,19768.25554307289,19610.73956265,19689.497552861445,19689.497552861445,320643816,False,nifty50.csv,2026-06-12T18:44:30,False
2023-01-07,19752.615592606475,19871.368792562025,19713.03119262129,19792.199992591657,19792.199992591657,334119864,False,nifty50.csv,2026-06-12T18:44:30,False
2023-01-08,20045.805235740245,20166.32109888097,20005.63328136001,20085.977190120488,20085.977190120488,199309063,False,nifty50.csv,2026-06-12T18:44:30,False
2023-01-09,20243.529019951267,20365.23360323755,20202.960825522507,20284.097214380028,20284.097214380028,171485785,False,nifty50.csv,2026-06-12T18:44:30,False
2023-01-10,20688.73968004584,20813.12088052708,20647.279279885424,20730.20008020625,20730.20008020625,204187581,False,nifty50.csv,2026-06-12T18:44:30,False
2023-01-11,20535.1625429602,20658.62043400004,20494.009912613583,20576.31517330681,20576.31517330681,230320156,False,nifty50.csv,2026-06-12T18:44:30,False
2023-01-12,20719.68950748763,20844.25677907573,20678.16708362493,20761.21193135033,20761.21193135033,320098889,False,nifty50.csv,2026-06-12T18:44:30,False
2023-01-13,20762.33265909923,20887.156302340307,20720.72477801887,20803.94054017959,20803.94054017959,324467393,False,nifty50.csv,2026-06-12T18:44:30,False
2023-01-14,21226.72513705701,21354.340719043324,21184.18660972824,21269.26366438578,21269.26366438578,292492165,False,nifty50.csv,2026-06-12T18:44:30,False
2023-01-15,21060.528209140008,21187.144611198964,21018.322741787026,21102.733676492997,21102.733676492997,328058651,False,nifty50.csv,2026-06-12T18:44:30,False
2023-01-16,20889.0674185351,21014.65299419764,20847.20555998092,20930.92927708928,20930.92927708928,272840381,False,nifty50.csv,2026-06-12T18:44:30,False
2023-01-17,20768.85624235475,20893.71910553524,20727.23528796125,20810.477196748245,20810.477196748245,159944145,False,nifty50.csv,2026-06-12T18:44:30,False
2023-01-18,20336.924492980736,20459.190572096853,20296.169133275365,20377.67985268611,20377.67985268611,223248217,False,nifty50.csv,2026-06-12T18:44:30,False
2023-01-19,20234.785686967207,20356.437705125325,20194.23501424783,20275.33635968658,20275.33635968658,234538835,False,nifty50.csv,2026-06-12T18:44:30,False
2023-01-20,20086.22834786502,20206.98723572794,20045.975385244048,20126.481310485997,20126.481310485997,222759216,False,nifty50.csv,2026-06-12T18:44:30,False
2023-01-21,20120.937191555648,20241.904749821515,20080.61467213369,20161.259710977603,20161.259710977603,296132698,False,nifty50.csv,2026-06-12T18:44:30,False
2023-01-22,20194.3133402799,20315.72203771645,20153.84377446772,20234.782906092085,20234.782906092085,234629168,False,nifty50.csv,2026-06-12T18:44:30,False
2023-01-23,20581.349843575008,20705.085413776866,20540.10465350773,20622.59503364229,20622.59503364229,247119435,False,nifty50.csv,2026-06-12T18:44:30,False
2023-01-24,20782.517316911093,20907.46231080034,20740.86898561468,20824.16564820751,20824.16564820751,199573446,False,nifty50.csv,2026-06-12T18:44:30,False
2023-01-25,20667.566713356275,20791.820621452607,20626.14874399083,20708.98468272172,20708.98468272172,211316090,False,nifty50.csv,2026-06-12T18:44:30,False
2023-01-26,20487.277061472258,20610.44706384584,20446.220394014395,20528.33372893012,20528.33372893012,334609154,False,nifty50.csv,2026-06-12T18:44:30,False
2023-01-27,20592.888896560096,20716.693839825988,20551.62058213813,20634.15721098206,20634.15721098206,226591881,False,nifty50.csv,2026-06-12T18:44:30,False
2023-01-28,20327.325159825792,20449.533527520136,20286.58903726101,20368.06128239057,20368.06128239057,222112225,False,nifty50.csv,2026-06-12T18:44:30,False
2023-01-29,20707.6500270116,20832.14491695355,20666.15173036428,20749.14832365892,20749.14832365892,345591512,False,nifty50.csv,2026-06-12T18:44:30,False
2023-01-30,20957.994291862404,21083.994257544942,20915.994303301555,20999.99428042325,20999.99428042325,229601871,False,nifty50.csv,2026-06-12T18:44:30,False
2023-01-31,20864.537951596398,20989.976055513805,20822.72525029059,20906.3506529022,20906.3506529022,174483329,False,nifty50.csv,2026-06-12T18:44:30,False
2023-02-01,20514.70993869604,20638.0448681872,20473.59829553232,20555.82158185976,20555.82158185976,310896635,False,nifty50.csv,2026-06-12T18:44:30,False
2023-02-02,20798.97015106557,20924.014059789413,20757.288848157623,20840.65145397352,20840.65145397352,286391241,False,nifty50.csv,2026-06-12T18:44:30,False
2023-02-03,20779.78497702596,20904.713544022103,20738.14212136057,20821.427832691337,20821.427832691337,159787557,False,nifty50.csv,2026-06-12T18:44:30,False
2023-02-04,21043.28199602166,21169.79471343261,21001.111090218008,21085.45290182531,21085.45290182531,283304341,False,nifty50.csv,2026-06-12T18:44:30,False
2023-02-05,20715.03262522498,20839.57189952493,20673.519533791663,20756.545716658296,20756.545716658296,231354905,False,nifty50.csv,2026-06-12T18:44:30,False
2023-02-06,20595.826603731115,20719.649208563165,20554.55240212043,20637.1008053418,20637.1008053418,326682922,False,nifty50.csv,2026-06-12T18:44:30,False
2023-02-07,20601.491234097823,20725.347894823863,20560.20568052248,20642.77678767317,20642.77678767317,291131190,False,nifty50.csv,2026-06-12T18:44:30,False
2023-02-08,20615.7600050118,20739.702449931712,20574.44585670516,20657.07415331844,20657.07415331844,212188838,False,nifty50.csv,2026-06-12T18:44:30,False
2023-02-09,20527.75227898762,20651.165619342257,20486.61449886941,20568.890059105837,20568.890059105837,206193692,False,nifty50.csv,2026-06-12T18:44:30,False
2023-02-10,20660.606151123506,20784.8182121523,20619.20213078057,20702.010171466434,20702.010171466434,209799781,False,nifty50.csv,2026-06-12T18:44:30,False
2023-02-11,20445.75254261493,20568.67289858255,20404.77909062572,20486.72599460413,20486.72599460413,175057299,False,nifty50.csv,2026-06-12T18:44:30,False
2023-02-12,20421.207197999232,20543.97998676476,20380.28293507739,20462.131460921075,20462.131460921075,276989237,False,nifty50.csv,2026-06-12T18:44:30,False
2023-02-13,20450.338781486797,20573.286710032804,20409.356138638123,20491.321424335463,20491.321424335463,185637395,False,nifty50.csv,2026-06-12T18:44:30,False
2023-02-14,20560.3898089809,20683.999366950728,20519.18662299096,20601.592994970844,20601.592994970844,306957803,False,nifty50.csv,2026-06-12T18:44:30,False
2023-02-15,20711.831597287288,20836.351626930296,20670.32492073962,20753.33827383496,20753.33827383496,238142226,False,nifty50.csv,2026-06-12T18:44:30,False
2023-02-16,20484.76120323249,20607.916080205832,20443.709577574708,20525.81282889027,20525.81282889027,277110626,False,nifty50.csv,2026-06-12T18:44:30,False
2023-02-17,20177.390089798268,20298.697044245957,20136.954438315708,20217.82574128083,20217.82574128083,250952430,False,nifty50.csv,2026-06-12T18:44:30,False
2023-02-18,20441.39489123244,20564.28904889516,20400.43017201153,20482.359610453343,20482.359610453343,224741149,False,nifty50.csv,2026-06-12T18:44:30,False
2023-02-19,20514.00265485159,20637.333332135266,20472.892429090363,20555.11288061281,20555.11288061281,221433524,False,nifty50.csv,2026-06-12T18:44:30,False
2023-02-20,20365.563421806844,20488.00167885177,20324.75066945853,20406.376174155157,20406.376174155157,214899873,False,nifty50.csv,2026-06-12T18:44:30,False
2023-02-21,20688.531017914287,20812.91096391377,20647.07103591446,20729.99099991412,20729.99099991412,219974933,False,nifty50.csv,2026-06-12T18:44:30,False
2023-02-22,20717.086590249397,20841.638213036465,20675.569382653703,20758.603797845084,20758.603797845084,268177602,False,nifty50.csv,2026-06-12T18:44:30,False
2023-02-23,20967.514967748462,21093.572171963388,20925.495899676826,21009.534035820107,21009.534035820107,153835598,False,nifty50.csv,2026-06-12T18:44:30,False
2023-02-24,20986.346959647,21112.517382250087,20944.290152112637,21028.40376718136,21028.40376718136,154982042,False,nifty50.csv,2026-06-12T18:44:30,False
2023-02-25,21428.078120266644,21556.90424123017,21385.13607994547,21471.02016058782,21471.02016058782,206635464,False,nifty50.csv,2026-06-12T18:44:30,False
2023-02-26,21812.38865068869,21943.52525580305,21768.6764489839,21856.10085239348,21856.10085239348,232162144,False,nifty50.csv,2026-06-12T18:44:30,False
2023-02-27,21762.994264522604,21893.83390939949,21719.381049563643,21806.60747948157,21806.60747948157,240438981,False,nifty50.csv,2026-06-12T18:44:30,False
2023-02-28,21980.35915805405,22112.505605898063,21936.310342106048,22024.407974002057,22024.407974002057,151749736,False,nifty50.csv,2026-06-12T18:44:30,False
2023-03-01,22127.59808394,22260.62973574725,22083.254200004245,22171.941967875748,22171.941967875748,260622138,False,nifty50.csv,2026-06-12T18:44:30,False
2023-03-02,22437.518484321343,22572.41338502869,22392.5535174189,22482.483451223798,22482.483451223798,240607715,False,nifty50.csv,2026-06-12T18:44:30,False
2023-03-03,22227.001162860182,22360.630428368364,22182.458074357462,22271.544251362917,22271.544251362917,301046651,False,nifty50.csv,2026-06-12T18:44:30,False
2023-03-04,22384.99561905693,22519.57475103523,22340.135908397497,22429.855329716363,22429.855329716363,158669441,False,nifty50.csv,2026-06-12T18:44:30,False
2023-03-05,22628.21782577021,22764.2592155043,22582.87069585885,22673.564955681573,22673.564955681573,189658560,False,nifty50.csv,2026-06-12T18:44:30,False
2023-03-06,22238.67459184881,22372.374038292797,22194.10810970082,22283.241073996807,22283.241073996807,336426521,False,nifty50.csv,2026-06-12T18:44:30,False
2023-03-07,21981.976107927472,22114.13227691301,21937.92405159896,22026.028164255986,22026.028164255986,199756120,False,nifty50.csv,2026-06-12T18:44:30,False
2023-03-08,21543.04638522296,21672.56369816017,21499.873947577227,21586.2188228687,21586.2188228687,278112905,False,nifty50.csv,2026-06-12T18:44:30,False
2023-03-09,21489.868372111843,21619.0659775554,21446.802503630657,21532.93424059303,21532.93424059303,181079502,False,nifty50.csv,2026-06-12T18:44:30,False
2023-03-10,21649.439632353533,21779.59658405105,21606.053981787696,21692.825282919373,21692.825282919373,259886778,False,nifty50.csv,2026-06-12T18:44:30,False
2023-03-11,21982.038862442478,22114.195408709664,21937.986680353413,22026.09104453154,22026.09104453154,156687666,False,nifty50.csv,2026-06-12T18:44:30,False
2023-03-12,22003.229000416373,22135.512942302645,21959.13435312095,22047.3236477118,22047.3236477118,184333231,False,nifty50.csv,2026-06-12T18:44:30,False
2023-03-13,22369.489035934934,22503.9749419626,22324.660400592376,22414.317671277488,22414.317671277488,178699540,False,nifty50.csv,2026-06-12T18:44:30,False
2023-03-14,22067.798889180496,22200.4710267908,22023.574843310394,22112.0229350506,22112.0229350506,214994170,False,nifty50.csv,2026-06-12T18:44:30,False
2023-03-15,21699.91233564792,21830.372730451418,21656.42553738009,21743.399133915755,21743.399133915755,245782135,False,nifty50.csv,2026-06-12T18:44:30,False
2023-03-16,21692.689332876296,21823.106302813427,21649.21700956392,21736.161656188677,21736.161656188677,257742997,False,nifty50.csv,2026-06-12T18:44:30,False
2023-03-17,21781.01075985216,21911.95872033223,21737.361439692133,21824.66008001218,21824.66008001218,150879459,False,nifty50.csv,2026-06-12T18:44:30,False
2023-03-18,21778.73727822498,21909.67157047884,21735.09251414036,21822.3820423096,21822.3820423096,208581601,False,nifty50.csv,2026-06-12T18:44:30,False
2023-03-19,21337.845530766524,21466.129171232053,21295.08431727801,21380.606744255037,21380.606744255037,292385435,False,nifty50.csv,2026-06-12T18:44:30,False
2023-03-20,21323.58301730086,21451.78091119245,21280.850386003665,21366.315648598054,21366.315648598054,160679744,False,nifty50.csv,2026-06-12T18:44:30,False
2023-03-21,21051.91462626152,21178.479243253078,21009.726420597668,21094.10283192537,21094.10283192537,216120560,False,nifty50.csv,2026-06-12T18:44:30,False
2023-03-22,21198.08400691356,21325.527397736685,21155.60287663918,21240.56513718793,21240.56513718793,195584684,False,nifty50.csv,2026-06-12T18:44:30,False
2023-03-23,21280.67419327267,21408.614118282327,21238.027551602783,21323.320834942555,21323.320834942555,237729219,False,nifty50.csv,2026-06-12T18:44:30,False
2023-03-24,21086.29094520574,21213.062233453467,21044.033849123163,21128.548041288315,21128.548041288315,163321008,False,nifty50.csv,2026-06-12T18:44:30,False
2023-03-25,20982.88289011227,21109.03248664601,20940.83302460102,21024.932755623515,21024.932755623515,330345992,False,nifty50.csv,2026-06-12T18:44:30,False
2023-03-26,20766.42360458397,20891.271842687685,20724.807525216067,20808.03968395188,20808.03968395188,204779043,False,nifty50.csv,2026-06-12T18:44:30,False
2023-03-27,20758.030930912275,20882.828712060043,20716.431670529688,20799.630191294866,20799.630191294866,159240658,False,nifty50.csv,2026-06-12T18:44:30,False
2023-03-28,20961.91439209775,21087.937925517177,20919.906547624607,21003.92223657089,21003.92223657089,236247296,False,nifty50.csv,2026-06-12T18:44:30,False
2023-03-29,20760.92249080004,20885.73765607539,20719.317435708253,20802.527545891822,20802.527545891822,291663881,False,nifty50.csv,2026-06-12T18:44:30,False
2023-03-30,20870.475847967504,20995.949650660696,20828.65124706977,20912.300448865237,20912.300448865237,253230883,False,nifty50.csv,2026-06-12T18:44:30,False
2023-03-31,20764.72239664996,20889.560407050663,20723.109726516395,20806.33506678353,20806.33506678353,314179016,False,nifty50.csv,2026-06-12T18:44:30,False
2023-04-01,20605.320987878706,20729.20067317657,20564.02775944608,20646.614216311325,20646.614216311325,267259500,False,nifty50.csv,2026-06-12T18:44:30,False
2023-04-02,20587.86042202941,20711.635133985503,20546.60218471072,20629.11865934811,20629.11865934811,154469353,False,nifty50.csv,2026-06-12T18:44:30,False
2023-04-03,20380.361017244617,20502.88823778917,20339.518610396437,20421.203424092804,20421.203424092804,266685061,False,nifty50.csv,2026-06-12T18:44:30,False
2023-04-04,20272.34844340333,20394.22628975646,20231.72249461896,20312.97439218771,20312.97439218771,319681071,False,nifty50.csv,2026-06-12T18:44:30,False
2023-04-05,20035.41776994531,20155.871183391875,19995.26663212979,20075.568907760837,20075.568907760837,321775141,False,nifty50.csv,2026-06-12T18:44:30,False
2023-04-06,20437.499213414205,20560.3699501682,20396.542301162877,20478.456125665536,20478.456125665536,319192080,False,nifty50.csv,2026-06-12T18:44:30,False
2023-04-07,20449.258213527355,20572.19964567281,20408.277736145537,20490.238690909173,20490.238690909173,185733873,False,nifty50.csv,2026-06-12T18:44:30,False
2023-04-08,20311.189001405888,20433.300358127766,20270.485215831926,20351.892786979846,20351.892786979846,212468785,False,nifty50.csv,2026-06-12T18:44:30,False
2023-04-09,20359.228104462287,20481.62827342699,20318.42804814072,20400.02816078385,20400.02816078385,279387938,False,nifty50.csv,2026-06-12T18:44:30,False
2023-04-10,20340.898446912623,20463.188417535344,20300.13512337172,20381.66177045353,20381.66177045353,214669427,False,nifty50.csv,2026-06-12T18:44:30,False
2023-04-11,20300.518509162503,20422.56571462841,20259.83610734054,20341.20091098448,20341.20091098448,243635924,False,nifty50.csv,2026-06-12T18:44:30,False
2023-04-12,20430.127671139955,20552.954090004525,20389.18553151843,20471.06981076148,20471.06981076148,319860222,False,nifty50.csv,2026-06-12T18:44:30,False
2023-04-13,20590.05717920864,20713.84509812172,20548.79453957095,20631.319818846336,20631.319818846336,187416206,False,nifty50.csv,2026-06-12T18:44:30,False
2023-04-14,20485.674757569323,20608.835126853308,20444.621301141327,20526.72821399732,20526.72821399732,170411011,False,nifty50.csv,2026-06-12T18:44:30,False
2023-04-15,20372.58715184273,20495.067635721545,20331.760323883125,20413.41397980233,20413.41397980233,204659450,False,nifty50.csv,2026-06-12T18:44:30,False
2023-04-16,20321.15122972279,20443.322479600884,20280.427479763424,20361.874979682158,20361.874979682158,304394696,False,nifty50.csv,2026-06-12T18:44:30,False
2023-04-17,19863.13750839564,19982.555168766758,19823.331621605263,19902.94339518601,19902.94339518601,153800986,False,nifty50.csv,2026-06-12T18:44:30,False
2023-04-18,19568.79644995676,19686.4445248062,19529.58042500694,19608.01247490657,19608.01247490657,188887321,False,nifty50.csv,2026-06-12T18:44:30,False
2023-04-19,19842.529434894284,19961.823199031925,19802.764846848404,19882.294022940165,19882.294022940165,265766519,False,nifty50.csv,2026-06-12T18:44:30,False
2023-04-20,20176.121990213105,20297.42132081559,20135.68888001228,20216.55510041393,20216.55510041393,328979675,False,nifty50.csv,2026-06-12T18:44:30,False
2023-04-21,20130.418475328344,20251.443035300257,20090.076955337707,20170.759995318986,20170.759995318986,204495608,False,nifty50.csv,2026-06-12T18:44:30,False
2023-04-22,20251.32372740013,20373.07517265504,20210.73991231516,20291.9075424851,20291.9075424851,346174888,False,nifty50.csv,2026-06-12T18:44:30,False
2023-04-23,20318.975947985706,20441.13412001768,20278.25655730837,20359.695338663027,20359.695338663027,207413553,False,nifty50.csv,2026-06-12T18:44:30,False
2023-04-24,20958.967468247152,21084.97328468952,20916.96552943303,21000.969407061275,21000.969407061275,264043091,False,nifty50.csv,2026-06-12T18:44:30,False
2023-04-25,21199.655007334804,21327.10784305025,21157.17072876299,21242.139285906615,21242.139285906615,220972908,False,nifty50.csv,2026-06-12T18:44:30,False
2023-04-26,21177.26700710907,21304.58524562876,21134.82759426917,21219.706419948965,21219.706419948965,274087975,False,nifty50.csv,2026-06-12T18:44:30,False
2023-04-27,20980.542359848954,21106.677885058467,20938.49718477912,21022.58753491879,21022.58753491879,274528678,False,nifty50.csv,2026-06-12T18:44:30,False
2023-04-28,20650.78955273019,20774.94259613338,20609.40520492913,20692.173900531256,20692.173900531256,200553200,False,nifty50.csv,2026-06-12T18:44:30,False
2023-04-29,20697.45514788222,20821.888745965683,20655.9772818544,20738.93301391004,20738.93301391004,175209588,False,nifty50.csv,2026-06-12T18:44:30,False
2023-04-30,20546.07260383326,20669.59608642144,20504.8981096372,20587.24709802932,20587.24709802932,160608790,False,nifty50.csv,2026-06-12T18:44:30,False
2023-05-01,20260.43226298309,20382.23846897297,20219.830194319795,20301.03433164638,20301.03433164638,306857779,False,nifty50.csv,2026-06-12T18:44:30,False
2023-05-02,20134.33704983085,20255.385168366916,20093.987676985504,20174.686422676208,20174.686422676208,209036718,False,nifty50.csv,2026-06-12T18:44:30,False
2023-05-03,19922.181344880213,20041.953978216166,19882.25713376823,19962.1055559922,19962.1055559922,276718975,False,nifty50.csv,2026-06-12T18:44:30,False
2023-05-04,20265.658028621925,20387.49565204049,20225.045487482403,20306.270569761447,20306.270569761447,336706656,False,nifty50.csv,2026-06-12T18:44:30,False
2023-05-05,20449.66889234608,20572.612793502467,20408.687591960614,20490.65019273154,20490.65019273154,265562488,False,nifty50.csv,2026-06-12T18:44:30,False
2023-05-06,20452.590061135543,20575.55152442894,20411.602906704407,20493.577215566675,20493.577215566675,217917165,False,nifty50.csv,2026-06-12T18:44:30,False
2023-05-07,20762.1482288978,20886.970763340072,20720.540717417043,20803.75574037856,20803.75574037856,239362500,False,nifty50.csv,2026-06-12T18:44:30,False
2023-05-08,20782.84274356445,20907.789693926563,20741.19376011041,20824.49172701849,20824.49172701849,212900522,False,nifty50.csv,2026-06-12T18:44:30,False
2023-05-09,20609.19837452954,20733.1013707692,20567.897375782988,20650.49937327609,20650.49937327609,305341601,False,nifty50.csv,2026-06-12T18:44:30,False
2023-05-10,20930.16255238704,21055.995192982555,20888.2183388552,20972.10676591888,20972.10676591888,150112935,False,nifty50.csv,2026-06-12T18:44:30,False
2023-05-11,21047.94575029571,21174.48650630951,21005.765498291108,21090.12600230031,21090.12600230031,331938378,False,nifty50.csv,2026-06-12T18:44:30,False
2023-05-12,20835.391761124672,20960.65463744406,20793.637469018213,20877.146053231136,20877.146053231136,242086332,False,nifty50.csv,2026-06-12T18:44:30,False
2023-05-13,20800.4005536842,20925.453062022974,20758.716384237938,20842.084723130454,20842.084723130454,344276290,False,nifty50.csv,2026-06-12T18:44:30,False
2023-05-14,20623.653068955784,20747.64296716594,20582.32310288573,20664.983035025834,20664.983035025834,269590717,False,nifty50.csv,2026-06-12T18:44:30,False
2023-05-15,20344.959483813152,20467.27386948738,20304.188021921746,20385.730945704563,20385.730945704563,339973817,False,nifty50.csv,2026-06-12T18:44:30,False
2023-05-16,20538.83590658924,20662.315881979557,20497.675914792464,20579.99589838601,20579.99589838601,298587680,False,nifty50.csv,2026-06-12T18:44:30,False
2023-05-17,20939.43572403219,21065.32411515864,20897.472926990045,20981.39852107434,20981.39852107434,288741263,False,nifty50.csv,2026-06-12T18:44:30,False
2023-05-18,20653.218049807667,20777.385693393688,20611.828835278997,20694.60726433634,20694.60726433634,230097617,False,nifty50.csv,2026-06-12T18:44:30,False
2023-05-19,20774.440321103844,20899.336755900054,20732.808176171773,20816.07246603592,20816.07246603592,210089647,False,nifty50.csv,2026-06-12T18:44:30,False
2023-05-20,20644.305891553387,20768.419955029654,20602.934537061297,20685.67724604548,20685.67724604548,238196598,False,nifty50.csv,2026-06-12T18:44:30,False
2023-05-21,20548.55961500847,20672.09804956764,20507.38013682208,20589.73909319486,20589.73909319486,261634057,False,nifty50.csv,2026-06-12T18:44:30,False
2023-05-22,20431.737883435737,20554.57398293535,20390.792516935868,20472.68324993561,20472.68324993561,192796369,False,nifty50.csv,2026-06-12T18:44:30,False
2023-05-23,20260.47868719252,20382.285172285865,20219.87652549474,20301.080848890306,20301.080848890306,185580542,False,nifty50.csv,2026-06-12T18:44:30,False
2023-05-24,20274.82370942461,20396.71643713658,20234.192800187288,20315.454618661934,20315.454618661934,195027602,False,nifty50.csv,2026-06-12T18:44:30,False
2023-05-25,20111.52365176972,20232.434615608014,20071.21999715696,20151.827306382485,20151.827306382485,293042878,False,nifty50.csv,2026-06-12T18:44:30,False
2023-05-26,20170.47896344025,20291.74436803008,20130.057161910318,20210.9007649702,20210.9007649702,340069324,False,nifty50.csv,2026-06-12T18:44:30,False
2023-05-27,20164.835687307223,20286.067164385226,20124.42519494789,20205.24617966656,20205.24617966656,307923831,False,nifty50.csv,2026-06-12T18:44:30,False
2023-05-28,20121.18746001024,20242.15652289607,20080.86443904829,20161.51048097218,20161.51048097218,204898349,False,nifty50.csv,2026-06-12T18:44:30,False
2023-05-29,19943.83930185694,20063.74214335107,19903.871688025563,19983.80691568832,19983.80691568832,246414082,False,nifty50.csv,2026-06-12T18:44:30,False
2023-05-30,19833.55377205325,19952.79357429004,19793.807171307653,19873.300372798847,19873.300372798847,208458981,False,nifty50.csv,2026-06-12T18:44:30,False
2023-05-31,19988.390171952266,20108.56085434877,19948.333277820093,20028.44706608443,20028.44706608443,164418934,False,nifty50.csv,2026-06-12T18:44:30,False
2023-06-01,20093.2381584968,20214.03918950981,20052.971148159133,20133.505168834472,20133.505168834472,242122861,False,nifty50.csv,2026-06-12T18:44:30,False
2023-06-02,19902.201603593378,20021.85411824424,19862.317432043088,19942.085775143663,19942.085775143663,328222855,False,nifty50.csv,2026-06-12T18:44:30,False
2023-06-03,19926.415129716617,20046.21321666882,19886.482434065885,19966.347825367357,19966.347825367357,175592498,False,nifty50.csv,2026-06-12T18:44:30,False
2023-06-04,20081.17239196922,20201.900883303704,20040.929561524397,20121.41522241405,20121.41522241405,239088493,False,nifty50.csv,2026-06-12T18:44:30,False
2023-06-05,19753.114780676005,19871.87098176224,19713.52938031393,19792.700181038083,19792.700181038083,346566088,False,nifty50.csv,2026-06-12T18:44:30,False
2023-06-06,19865.158224308823,19984.588033272605,19825.348287987563,19904.968160630084,19904.968160630084,230390652,False,nifty50.csv,2026-06-12T18:44:30,False
2023-06-07,19738.354652384136,19857.02211522412,19698.798831437474,19777.9104733308,19777.9104733308,244269829,False,nifty50.csv,2026-06-12T18:44:30,False
2023-06-08,19855.722033354843,19975.09511171169,19815.931007235893,19895.51305947379,19895.51305947379,314634456,False,nifty50.csv,2026-06-12T18:44:30,False
2023-06-09,19709.13434540741,19827.62613505916,19669.63708219016,19748.63160862466,19748.63160862466,240652966,False,nifty50.csv,2026-06-12T18:44:30,False
2023-06-10,19360.907245294253,19477.30548524592,19322.107831977028,19399.706658611474,19399.706658611474,230975216,False,nifty50.csv,2026-06-12T18:44:30,False
2023-06-11,19052.590587635004,19167.1352204264,19014.409043371204,19090.7721318988,19090.7721318988,322903264,False,nifty50.csv,2026-06-12T18:44:30,False
2023-06-12,19065.99713130105,19180.622364555365,19027.78872021628,19104.205542385826,19104.205542385826,237385781,False,nifty50.csv,2026-06-12T18:44:30,False
2023-06-13,19119.835070975707,19234.78397921805,19081.518768228263,19158.151373723154,19158.151373723154,328082440,False,nifty50.csv,2026-06-12T18:44:30,False
2023-06-14,18951.92819948893,19065.86764758205,18913.948383457893,18989.908015519974,18989.908015519974,300357841,False,nifty50.csv,2026-06-12T18:44:30,False
2023-06-15,19077.58652951827,19192.28143851337,19039.35489318657,19115.81816584997,19115.81816584997,310576055,False,nifty50.csv,2026-06-12T18:44:30,False
2023-06-16,18767.403868081063,18880.2339514563,18729.79384028932,18805.01389587281,18805.01389587281,310517306,False,nifty50.csv,2026-06-12T18:44:30,False
2023-06-17,18759.181136300664,18871.961784414696,18721.58758692932,18796.774685672008,18796.774685672008,222350548,False,nifty50.csv,2026-06-12T18:44:30,False
2023-06-18,18537.49975302083,18648.947647327568,18500.350454918585,18574.64905112308,18574.64905112308,306076801,False,nifty50.csv,2026-06-12T18:44:30,False
2023-06-19,18421.15801337591,18531.906458346104,18384.24186505251,18458.074161699307,18458.074161699307,172536636,False,nifty50.csv,2026-06-12T18:44:30,False
2023-06-20,18433.99373488236,18544.81934851893,18397.05186367017,18470.93560609455,18470.93560609455,205638138,False,nifty50.csv,2026-06-12T18:44:30,False
2023-06-21,18280.13360880774,18390.034211666305,18243.500074521555,18316.76714309393,18316.76714309393,227141179,False,nifty50.csv,2026-06-12T18:44:30,False
2023-06-22,18214.024650681724,18323.52780489424,18177.523599277552,18250.52570208589,18250.52570208589,240809061,False,nifty50.csv,2026-06-12T18:44:30,False
2023-06-23,18402.331592906623,18512.966852984217,18365.45317288076,18439.210012932486,18439.210012932486,171670307,False,nifty50.csv,2026-06-12T18:44:30,False
2023-06-24,18300.548239871405,18410.571575982856,18263.873794500923,18337.22268524189,18337.22268524189,300433393,False,nifty50.csv,2026-06-12T18:44:30,False
2023-06-25,18458.232961785245,18569.20430223686,18421.24251496804,18495.22340860245,18495.22340860245,254463611,False,nifty50.csv,2026-06-12T18:44:30,False
2023-06-26,18254.94489291065,18364.6940606035,18218.361837013035,18291.527948808267,18291.527948808267,233269226,False,nifty50.csv,2026-06-12T18:44:30,False
2023-06-27,18356.001919562063,18466.358644529373,18319.216344572964,18392.78749455117,18392.78749455117,295974606,False,nifty50.csv,2026-06-12T18:44:30,False
2023-06-28,18626.677927543773,18738.66196318031,18589.349915664927,18664.00593942262,18664.00593942262,156469723,False,nifty50.csv,2026-06-12T18:44:30,False
2023-06-29,18175.980473555024,18285.254905259764,18139.55566298677,18212.40528412327,18212.40528412327,340651921,False,nifty50.csv,2026-06-12T18:44:30,False
2023-06-30,18035.726181155896,18144.157400681885,17999.582441313898,18071.86992099789,18071.86992099789,202584289,False,nifty50.csv,2026-06-12T18:44:30,False
2023-07-01,18144.14397937308,18253.227009309197,18107.78296939438,18180.504989351783,18180.504989351783,150344126,False,nifty50.csv,2026-06-12T18:44:30,False
2023-07-02,18111.3709805782,18220.256978457423,18075.07564795179,18147.66631320461,18147.66631320461,332034069,False,nifty50.csv,2026-06-12T18:44:30,False
2023-07-03,18182.761841514963,18292.07704296696,18146.323441030967,18219.20024199896,18219.20024199896,300743551,False,nifty50.csv,2026-06-12T18:44:30,False
2023-07-04,18077.29452716877,18185.97565659063,18041.06748402815,18113.52157030939,18113.52157030939,177571338,False,nifty50.csv,2026-06-12T18:44:30,False
2023-07-05,18096.981666727683,18205.781155706005,18060.715170401578,18133.24816305379,18133.24816305379,306102329,False,nifty50.csv,2026-06-12T18:44:30,False
2023-07-06,18072.85260404848,18181.507028521715,18036.6344625574,18109.07074553956,18109.07074553956,244117048,False,nifty50.csv,2026-06-12T18:44:30,False
2023-07-07,18289.21130482524,18399.16648301056,18252.55957876346,18325.86303088701,18325.86303088701,208406092,False,nifty50.csv,2026-06-12T18:44:30,False
2023-07-08,18339.88343831681,18450.143258587254,18303.13016489333,18376.63671174029,18376.63671174029,269110869,False,nifty50.csv,2026-06-12T18:44:30,False
2023-07-09,18406.00004375677,18516.657358649096,18369.114272125997,18442.885815387544,18442.885815387544,161301119,False,nifty50.csv,2026-06-12T18:44:30,False
2023-07-10,18334.425987319275,18444.65299726308,18297.68365067134,18371.16832396721,18371.16832396721,290157062,False,nifty50.csv,2026-06-12T18:44:30,False
2023-07-11,18249.3049581796,18359.02021844922,18212.733204756398,18285.876711602807,18285.876711602807,287548650,False,nifty50.csv,2026-06-12T18:44:30,False
2023-07-12,18174.581116262834,18283.84713499788,18138.15911001782,18211.00312250785,18211.00312250785,271595991,False,nifty50.csv,2026-06-12T18:44:30,False
2023-07-13,18250.47414599504,18360.19643544992,18213.90004951008,18287.04824248,18287.04824248,246762843,False,nifty50.csv,2026-06-12T18:44:30,False
2023-07-14,18177.84924597504,18287.13491278451,18141.42069037188,18214.277801578195,18214.277801578195,334224974,False,nifty50.csv,2026-06-12T18:44:30,False
2023-07-15,18234.658383632064,18344.28558834328,18198.11598206166,18271.20078520247,18271.20078520247,283307520,False,nifty50.csv,2026-06-12T18:44:30,False
2023-07-16,18621.198963337647,18733.150059309617,18583.88193134699,18658.515995328304,18658.515995328304,212022454,False,nifty50.csv,2026-06-12T18:44:30,False
2023-07-17,18788.302541205885,18901.258267906524,18750.650632305675,18825.9544501061,18825.9544501061,259349890,False,nifty50.csv,2026-06-12T18:44:30,False
2023-07-18,18731.316430314768,18843.92955514632,18693.778722037583,18768.854138591956,18768.854138591956,298911053,False,nifty50.csv,2026-06-12T18:44:30,False
2023-07-19,18961.89616935935,19075.89554512704,18923.896377436784,18999.895961281916,18999.895961281916,199359781,False,nifty50.csv,2026-06-12T18:44:30,False
2023-07-20,18888.878505263023,19002.43889707823,18851.025041324618,18926.731969201424,18926.731969201424,279595121,False,nifty50.csv,2026-06-12T18:44:30,False
2023-07-21,18511.91590301456,18623.209986599817,18474.817875152803,18549.01393087631,18549.01393087631,295072248,False,nifty50.csv,2026-06-12T18:44:30,False
2023-07-22,18330.31648132471,18440.518784819647,18293.582380159733,18367.05058248969,18367.05058248969,193965824,False,nifty50.csv,2026-06-12T18:44:30,False
2023-07-23,17994.586653878847,18102.77054157752,17958.525357979288,18030.6479497784,18030.6479497784,298143141,False,nifty50.csv,2026-06-12T18:44:30,False
2023-07-24,17935.435616892588,18043.263887134428,17899.49286014531,17971.37837363987,17971.37837363987,302310767,False,nifty50.csv,2026-06-12T18:44:30,False
2023-07-25,17942.73228099136,18050.604418953237,17906.77490167074,17978.689660311986,17978.689660311986,220542236,False,nifty50.csv,2026-06-12T18:44:30,False
2023-07-26,18250.12778970031,18359.84799685281,18213.55438731614,18286.70119208448,18286.70119208448,184325124,False,nifty50.csv,2026-06-12T18:44:30,False
2023-07-27,18313.965646547007,18424.069648430057,18277.26431258599,18350.666980508024,18350.666980508024,306862448,False,nifty50.csv,2026-06-12T18:44:30,False
2023-07-28,18277.951119334637,18387.838601014,18241.321958774843,18314.58027989442,18314.58027989442,171609307,False,nifty50.csv,2026-06-12T18:44:30,False
2023-07-29,18434.28222229759,18545.109570327437,18397.339772954307,18471.22467164087,18471.22467164087,318445972,False,nifty50.csv,2026-06-12T18:44:30,False
2023-07-30,18035.16215072704,18143.58997928852,17999.01954120654,18071.30476024753,18071.30476024753,178735942,False,nifty50.csv,2026-06-12T18:44:30,False
2023-07-31,18081.72959360285,18190.43738675076,18045.49366255354,18117.96552465215,18117.96552465215,292015426,False,nifty50.csv,2026-06-12T18:44:30,False
2023-08-01,18225.7098914206,18335.28329758144,18189.18542270032,18262.23436014088,18262.23436014088,156982252,False,nifty50.csv,2026-06-12T18:44:30,False
2023-08-02,17962.206814074696,18070.19603339779,17926.21040763366,17998.203220515727,17998.203220515727,210078382,False,nifty50.csv,2026-06-12T18:44:30,False
2023-08-03,18172.873815440005,18282.12956984145,18136.455230639524,18209.292400240487,18209.292400240487,187371474,False,nifty50.csv,2026-06-12T18:44:30,False
2023-08-04,18238.551344606432,18348.201953892643,18202.00114151103,18275.10154770184,18275.10154770184,318308804,False,nifty50.csv,2026-06-12T18:44:30,False
2023-08-05,18167.00875583979,18276.229249361877,18130.60192466576,18203.415587013817,18203.415587013817,184206848,False,nifty50.csv,2026-06-12T18:44:30,False
2023-08-06,18286.40019903492,18396.338476784626,18249.75410645168,18323.046291618157,18323.046291618157,174938778,False,nifty50.csv,2026-06-12T18:44:30,False
2023-08-07,18710.54215445626,18823.030383841768,18673.046077994422,18748.038230918097,18748.038230918097,214448823,False,nifty50.csv,2026-06-12T18:44:30,False
2023-08-08,18748.77359671613,18861.4916744519,18711.200904137542,18786.34628929472,18786.34628929472,302702486,False,nifty50.csv,2026-06-12T18:44:30,False
2023-08-09,18799.553337857127,18912.57670461779,18761.87888227024,18837.227793444014,18837.227793444014,170969112,False,nifty50.csv,2026-06-12T18:44:30,False
2023-08-10,18717.55895600459,18830.089370569745,18680.048817816205,18755.06909419297,18755.06909419297,340636308,False,nifty50.csv,2026-06-12T18:44:30,False
2023-08-11,18563.29389062564,18674.89685990796,18526.092900864867,18600.494880386414,18600.494880386414,327335614,False,nifty50.csv,2026-06-12T18:44:30,False
2023-08-12,18722.2396870707,18834.79824230359,18684.720168659736,18759.759205481663,18759.759205481663,210712825,False,nifty50.csv,2026-06-12T18:44:30,False
2023-08-13,18566.777542230997,18678.401455310537,18529.56957120448,18603.985513257507,18603.985513257507,218958259,False,nifty50.csv,2026-06-12T18:44:30,False
2023-08-14,18584.205537747,18695.9342283547,18546.96264087777,18621.448434616235,18621.448434616235,318761496,False,nifty50.csv,2026-06-12T18:44:30,False
2023-08-15,18499.76526885321,18610.986302533693,18462.69159095972,18536.838946746702,18536.838946746702,217073772,False,nifty50.csv,2026-06-12T18:44:30,False
2023-08-16,18592.72555553447,18704.505468694,18555.46558448129,18629.985526587647,18629.985526587647,272664749,False,nifty50.csv,2026-06-12T18:44:30,False
2023-08-17,18659.018391380065,18771.196858662912,18621.62556895245,18696.41121380768,18696.41121380768,316595103,False,nifty50.csv,2026-06-12T18:44:30,False
2023-08-18,18857.817539078187,18971.19119161773,18820.026321565005,18895.60875659137,18895.60875659137,215777503,False,nifty50.csv,2026-06-12T18:44:30,False
2023-08-19,18766.060587743807,18878.88259528535,18728.453251896623,18803.667923590987,18803.667923590987,306155268,False,nifty50.csv,2026-06-12T18:44:30,False
2023-08-20,18719.64980852577,18832.192793346567,18682.13548025217,18757.16413679937,18757.16413679937,211171235,False,nifty50.csv,2026-06-12T18:44:30,False
2023-08-21,18541.44858184488,18652.920216605467,18504.29137025801,18578.60579343174,18578.60579343174,180995053,False,nifty50.csv,2026-06-12T18:44:30,False
2023-08-22,18463.361708865534,18574.363883467933,18426.360983998067,18500.362433733,18500.362433733,330066281,False,nifty50.csv,2026-06-12T18:44:30,False
2023-08-23,18537.28090036601,18648.727478925328,18500.13204084624,18574.429759885785,18574.429759885785,174198505,False,nifty50.csv,2026-06-12T18:44:30,False
2023-08-24,18682.29599637482,18794.61440917868,18644.8565254402,18719.73546730944,18719.73546730944,242336441,False,nifty50.csv,2026-06-12T18:44:30,False
2023-08-25,18514.926544026297,18626.23872765772,18477.822482815824,18552.03060523677,18552.03060523677,165551270,False,nifty50.csv,2026-06-12T18:44:30,False
2023-08-26,18680.79272775687,18793.102102873647,18643.35626938461,18718.22918612913,18718.22918612913,340196559,False,nifty50.csv,2026-06-12T18:44:30,False
2023-08-27,18939.97581250721,19053.84340256237,18902.0199491555,18977.93167585893,18977.93167585893,155666912,False,nifty50.csv,2026-06-12T18:44:30,False
2023-08-28,19022.67564746201,19137.040430913687,18984.55405297812,19060.797241945904,19060.797241945904,176237808,False,nifty50.csv,2026-06-12T18:44:30,False
2023-08-29,19387.37815540213,19503.93553910194,19348.525694168857,19426.2306166354,19426.2306166354,322090580,False,nifty50.csv,2026-06-12T18:44:30,False
2023-08-30,19242.221761825294,19357.906461796192,19203.660195168333,19280.783328482263,19280.783328482263,272657596,False,nifty50.csv,2026-06-12T18:44:30,False
2023-08-31,19008.43695156785,19122.7161316374,18970.343891544668,19046.530011591032,19046.530011591032,226152968,False,nifty50.csv,2026-06-12T18:44:30,False
2023-09-01,18677.475724775664,18789.76515799075,18640.04591370397,18714.90553584736,18714.90553584736,215029125,False,nifty50.csv,2026-06-12T18:44:30,False
2023-09-02,18963.219689209214,19077.22702201008,18925.217244942265,19001.22213347617,19001.22213347617,220314092,False,nifty50.csv,2026-06-12T18:44:30,False
2023-09-03,19091.96406174056,19206.74540880513,19053.70361271904,19130.224510762084,19130.224510762084,163453858,False,nifty50.csv,2026-06-12T18:44:30,False
2023-09-04,19085.602080687346,19200.345179368836,19047.35438112685,19123.84978024784,19123.84978024784,306294182,False,nifty50.csv,2026-06-12T18:44:30,False
2023-09-05,19143.370778555367,19258.461184037664,19105.007310061268,19181.734247049462,19181.734247049462,177329173,False,nifty50.csv,2026-06-12T18:44:30,False
2023-09-06,18933.33556146871,19047.16323017493,18895.3930052333,18971.27811770412,18971.27811770412,242768680,False,nifty50.csv,2026-06-12T18:44:30,False
2023-09-07,19406.4257897614,19523.097688297043,19367.535156916187,19445.31642260661,19445.31642260661,348929013,False,nifty50.csv,2026-06-12T18:44:30,False
2023-09-08,19435.84442987175,19552.6931939792,19396.894841835936,19474.794017907567,19474.794017907567,341064324,False,nifty50.csv,2026-06-12T18:44:30,False
2023-09-09,19461.448781615123,19578.451479700987,19422.44788225317,19500.44968097708,19500.44968097708,190271958,False,nifty50.csv,2026-06-12T18:44:30,False
2023-09-10,19607.57071054364,19725.451897180177,19568.2769816648,19646.864439422487,19646.864439422487,259128144,False,nifty50.csv,2026-06-12T18:44:30,False
2023-09-11,19706.49757844788,19824.973515793256,19667.00559933275,19745.989557563003,19745.989557563003,288647627,False,nifty50.csv,2026-06-12T18:44:30,False
2023-09-12,19755.06295975461,19873.83087334031,19715.473655226044,19794.652264283177,19794.652264283177,348703574,False,nifty50.csv,2026-06-12T18:44:30,False
2023-09-13,19603.882420448303,19721.74143299609,19564.596082932378,19643.168757964235,19643.168757964235,254554447,False,nifty50.csv,2026-06-12T18:44:30,False
2023-09-14,19700.91095079478,19819.35330120036,19661.430167326253,19740.391734263307,19740.391734263307,319720221,False,nifty50.csv,2026-06-12T18:44:30,False
2023-09-15,20079.66645262801,20200.385890218964,20039.426640097696,20119.90626515833,20119.90626515833,157347000,False,nifty50.csv,2026-06-12T18:44:30,False
2023-09-16,20356.17788086073,20478.55971180779,20315.38393721171,20396.97182450975,20396.97182450975,206912766,False,nifty50.csv,2026-06-12T18:44:30,False
2023-09-17,20687.690807469644,20812.06570210373,20646.23250925828,20729.149105681005,20729.149105681005,347323208,False,nifty50.csv,2026-06-12T18:44:30,False
2023-09-18,20586.78330215256,20710.55153843805,20545.52722339073,20628.03938091439,20628.03938091439,301893276,False,nifty50.csv,2026-06-12T18:44:30,False
2023-09-19,20388.597477051226,20511.17421539021,20347.738564271564,20429.456389830888,20429.456389830888,243154542,False,nifty50.csv,2026-06-12T18:44:30,False
2023-09-20,20367.49995799993,20489.949857547028,20326.683324817568,20408.316591182294,20408.316591182294,305020886,False,nifty50.csv,2026-06-12T18:44:30,False
2023-09-21,20383.38897506476,20505.934399764545,20342.54050016483,20424.237449964687,20424.237449964687,297872415,False,nifty50.csv,2026-06-12T18:44:30,False
2023-09-22,20612.23396628683,20736.15521257713,20570.92688419006,20653.541048383595,20653.541048383595,177700781,False,nifty50.csv,2026-06-12T18:44:30,False
2023-09-23,20270.82576754583,20392.694459535083,20230.20287021608,20311.44866487558,20311.44866487558,192106227,False,nifty50.csv,2026-06-12T18:44:30,False
2023-09-24,20587.84316967418,20711.61777790869,20546.58496692934,20629.101372419016,20629.101372419016,330810222,False,nifty50.csv,2026-06-12T18:44:30,False
2023-09-25,20559.913804286185,20683.52050050434,20518.71157221347,20601.116036358904,20601.116036358904,323020560,False,nifty50.csv,2026-06-12T18:44:30,False
2023-09-26,20476.891377537544,20599.99894092956,20435.85552307354,20517.927232001548,20517.927232001548,158556135,False,nifty50.csv,2026-06-12T18:44:30,False
2023-09-27,20275.20112198289,20397.096118708232,20234.569456407768,20315.832787558,20315.832787558,284173121,False,nifty50.csv,2026-06-12T18:44:30,False
2023-09-28,19946.875527365966,20066.79662272087,19906.90182891433,19986.8492258176,19986.8492258176,286962532,False,nifty50.csv,2026-06-12T18:44:30,False
2023-09-29,20116.22663607202,20237.16587436504,20075.91355664101,20156.539715503022,20156.539715503022,342848517,False,nifty50.csv,2026-06-12T18:44:30,False
2023-09-30,20135.461761991337,20256.51664232395,20095.1101352138,20175.813388768875,20175.813388768875,319359979,False,nifty50.csv,2026-06-12T18:44:30,False
2023-10-01,19881.81473078121,20001.34467906246,19841.97141468746,19921.65804687496,19921.65804687496,214138257,False,nifty50.csv,2026-06-12T18:44:30,False
2023-10-02,19630.35821664681,19748.37640231804,19591.018821423077,19669.69761187056,19669.69761187056,306177045,False,nifty50.csv,2026-06-12T18:44:30,False
2023-10-03,19568.907850561685,19686.55659515424,19529.691602364164,19608.124098759203,19608.124098759203,327681141,False,nifty50.csv,2026-06-12T18:44:30,False
2023-10-04,19902.68705964945,20022.3424928738,19862.801915241336,19942.572204057567,19942.572204057567,240427680,False,nifty50.csv,2026-06-12T18:44:30,False
2023-10-05,19855.507015914183,19974.878801581,19815.716420691908,19895.29761113645,19895.29761113645,290574109,False,nifty50.csv,2026-06-12T18:44:30,False
2023-10-06,19563.635935817118,19681.25298553145,19524.430252579,19602.841619055223,19602.841619055223,232158288,False,nifty50.csv,2026-06-12T18:44:30,False
2023-10-07,19519.96261844201,19637.31710312202,19480.844456882005,19559.08078000201,19559.08078000201,318366717,False,nifty50.csv,2026-06-12T18:44:30,False
2023-10-08,19471.13267735089,19588.1935952508,19432.112371384257,19510.152983317526,19510.152983317526,325012074,False,nifty50.csv,2026-06-12T18:44:30,False
2023-10-09,18957.25465651112,19071.22612739195,18919.26416621752,18995.245146804733,18995.245146804733,342903583,False,nifty50.csv,2026-06-12T18:44:30,False
2023-10-10,18951.181996033687,19065.11695793369,18913.203675400357,18989.16031666702,18989.16031666702,218098985,False,nifty50.csv,2026-06-12T18:44:30,False
2023-10-11,18911.676238452623,19025.37369078801,18873.77708767416,18949.57538923109,18949.57538923109,178615154,False,nifty50.csv,2026-06-12T18:44:30,False
2023-10-12,19048.038841455054,19162.55610903896,19009.86641892709,19086.211263983023,19086.211263983023,329406473,False,nifty50.csv,2026-06-12T18:44:30,False
2023-10-13,19407.82377673872,19524.504080005685,19368.9303423164,19446.71721116104,19446.71721116104,191400302,False,nifty50.csv,2026-06-12T18:44:30,False
2023-10-14,19632.07062668677,19750.099107408336,19592.727799779583,19671.41345359396,19671.41345359396,334019963,False,nifty50.csv,2026-06-12T18:44:30,False
2023-10-15,19583.7112403467,19701.44898327464,19544.465326037385,19622.95715465601,19622.95715465601,234369522,False,nifty50.csv,2026-06-12T18:44:30,False
2023-10-16,19372.51803134933,19488.986075625977,19333.69534992377,19411.34071277488,19411.34071277488,299728163,False,nifty50.csv,2026-06-12T18:44:30,False
2023-10-17,19881.93690720616,20001.46759001501,19842.09334626988,19921.78046814245,19921.78046814245,232568904,False,nifty50.csv,2026-06-12T18:44:30,False
2023-10-18,19898.14226244012,20017.770372234347,19858.26622584204,19938.018299038195,19938.018299038195,254772841,False,nifty50.csv,2026-06-12T18:44:30,False
2023-10-19,19905.343825165804,20025.01523092832,19865.4533565783,19945.23429375331,19945.23429375331,344358811,False,nifty50.csv,2026-06-12T18:44:30,False
2023-10-20,19904.971839424765,20024.641008800063,19865.082116299665,19944.861562549864,19944.861562549864,330092582,False,nifty50.csv,2026-06-12T18:44:30,False
2023-10-21,19948.87901981259,20068.812160212263,19908.901306346037,19988.85673327915,19988.85673327915,218860661,False,nifty50.csv,2026-06-12T18:44:30,False
2023-10-22,19924.53548278269,20044.322269252327,19884.60655395948,19964.464411605903,19964.464411605903,225594878,False,nifty50.csv,2026-06-12T18:44:30,False
2023-10-23,19814.9728013869,19934.10089438121,19775.263437055462,19854.68216571833,19854.68216571833,249530869,False,nifty50.csv,2026-06-12T18:44:30,False
2023-10-24,19711.295115710574,19829.799895965352,19671.79352229232,19750.79670912884,19750.79670912884,287670542,False,nifty50.csv,2026-06-12T18:44:30,False
2023-10-25,19709.22613481492,19827.718476306796,19669.72868765096,19748.72358197888,19748.72358197888,246047515,False,nifty50.csv,2026-06-12T18:44:30,False
2023-10-26,19606.77506482001,19724.65146801532,19567.48293042157,19646.067199218447,19646.067199218447,190425111,False,nifty50.csv,2026-06-12T18:44:30,False
2023-10-27,19471.83920034309,19588.904365876217,19432.817478498717,19510.860922187465,19510.860922187465,320664072,False,nifty50.csv,2026-06-12T18:44:30,False
2023-10-28,19496.91296320284,19614.12887280125,19457.8409933367,19535.984933068976,19535.984933068976,325127726,False,nifty50.csv,2026-06-12T18:44:30,False
2023-10-29,19451.592323542947,19568.535764365854,19412.61117660198,19490.57347048392,19490.57347048392,166600352,False,nifty50.csv,2026-06-12T18:44:30,False
2023-10-30,19750.74924528379,19869.491224714355,19711.1685854736,19790.32990509398,19790.32990509398,325685650,False,nifty50.csv,2026-06-12T18:44:30,False
2023-10-31,19238.323244347997,19353.984506338064,19199.769490351304,19276.876998344684,19276.876998344684,188353225,False,nifty50.csv,2026-06-12T18:44:30,False
2023-11-01,19453.79026782124,19570.746922738,19414.804716182323,19492.775819460163,19492.775819460163,308332839,False,nifty50.csv,2026-06-12T18:44:30,False
2023-11-02,19702.10215348596,19820.551665430765,19662.61898283769,19741.585324134227,19741.585324134227,212904494,False,nifty50.csv,2026-06-12T18:44:30,False
2023-11-03,19302.10194387365,19418.146644939025,19263.42037685186,19340.78351089544,19340.78351089544,165438825,False,nifty50.csv,2026-06-12T18:44:30,False
2023-11-04,19240.350955717317,19356.02440835689,19201.793138170782,19278.90877326384,19278.90877326384,219437340,False,nifty50.csv,2026-06-12T18:44:30,False
2023-11-05,19173.28378130114,19288.554024475296,19134.860366909757,19211.707195692525,19211.707195692525,150484273,False,nifty50.csv,2026-06-12T18:44:30,False
2023-11-06,18909.515979467145,19023.20044427356,18871.621157865007,18947.410801069283,18947.410801069283,214648545,False,nifty50.csv,2026-06-12T18:44:30,False
2023-11-07,18767.181554948675,18880.01030177201,18729.571972674228,18804.79113722312,18804.79113722312,308733810,False,nifty50.csv,2026-06-12T18:44:30,False
2023-11-08,18564.042057756425,18675.649525037523,18526.83956866272,18601.24454685012,18601.24454685012,205445376,False,nifty50.csv,2026-06-12T18:44:30,False
2023-11-09,18896.406171508243,19010.011819833944,18858.537622066346,18934.274720950143,18934.274720950143,177569057,False,nifty50.csv,2026-06-12T18:44:30,False
2023-11-10,19078.291180228254,19192.99032560037,19040.05813177089,19116.52422868563,19116.52422868563,245096924,False,nifty50.csv,2026-06-12T18:44:30,False
2023-11-11,19326.731996962757,19442.924774499603,19288.00107111713,19365.46292280837,19365.46292280837,289603887,False,nifty50.csv,2026-06-12T18:44:30,False
2023-11-12,19471.045165168456,19588.105556943017,19432.02503457694,19510.065295759978,19510.065295759978,182702702,False,nifty50.csv,2026-06-12T18:44:30,False
2023-11-13,19256.728728493967,19372.50064469734,19218.13808975951,19295.319367228425,19295.319367228425,189201327,False,nifty50.csv,2026-06-12T18:44:30,False
2023-11-14,19160.25160604345,19275.44349946656,19121.85430823575,19198.648903851157,19198.648903851157,335275824,False,nifty50.csv,2026-06-12T18:44:30,False
2023-11-15,19258.532569137184,19374.31533007388,19219.938315491618,19297.12682278275,19297.12682278275,256113948,False,nifty50.csv,2026-06-12T18:44:30,False
2023-11-16,19028.83571245513,19143.23753036568,18990.70177315161,19066.96965175864,19066.96965175864,156852902,False,nifty50.csv,2026-06-12T18:44:30,False
2023-11-17,19169.261738320158,19284.507800875184,19130.846384135144,19207.677092505164,19207.677092505164,226630655,False,nifty50.csv,2026-06-12T18:44:30,False
2023-11-18,19127.50504720124,19242.500067525096,19089.173373759957,19165.836720642525,19165.836720642525,334406871,False,nifty50.csv,2026-06-12T18:44:30,False
2023-11-19,19060.18699205309,19174.777294610525,19021.990224533947,19098.38375957224,19098.38375957224,169643673,False,nifty50.csv,2026-06-12T18:44:30,False
2023-11-20,19200.452981267143,19315.88656632486,19161.97511958124,19238.93084295305,19238.93084295305,202762640,False,nifty50.csv,2026-06-12T18:44:30,False
2023-11-21,19290.236124373598,19406.20948784678,19251.5783365492,19328.89391219799,19328.89391219799,230539718,False,nifty50.csv,2026-06-12T18:44:30,False
2023-11-22,19225.00871897504,19340.589933718376,19186.481647393925,19263.53579055615,19263.53579055615,222410436,False,nifty50.csv,2026-06-12T18:44:30,False
2023-11-23,19453.5160968092,19570.471103403244,19414.531094611182,19492.50109900721,19492.50109900721,213569689,False,nifty50.csv,2026-06-12T18:44:30,False
2023-11-24,19248.62750210424,19364.35071353973,19210.053098292407,19287.20190591607,19287.20190591607,238797488,False,nifty50.csv,2026-06-12T18:44:30,False
2023-11-25,19371.863507158185,19488.327616419658,19333.04213740436,19410.684876912008,19410.684876912008,222225798,False,nifty50.csv,2026-06-12T18:44:30,False
2023-11-26,19491.4372584068,19608.620247936306,19452.376261896967,19530.498254916634,19530.498254916634,248727225,False,nifty50.csv,2026-06-12T18:44:30,False
2023-11-27,19435.52064037568,19552.367457852888,19396.571701216613,19474.46957953475,19474.46957953475,183522480,False,nifty50.csv,2026-06-12T18:44:30,False
2023-11-28,19503.35000483229,19620.604614079777,19464.26513508312,19542.43487458145,19542.43487458145,209880550,False,nifty50.csv,2026-06-12T18:44:30,False
2023-11-29,19265.1482458282,19380.97078037225,19226.540734313512,19303.75575734288,19303.75575734288,340145332,False,nifty50.csv,2026-06-12T18:44:30,False
2023-11-30,19448.31640746401,19565.24015340067,19409.341825485128,19487.2909894429,19487.2909894429,263770688,False,nifty50.csv,2026-06-12T18:44:30,False
2023-12-01,19416.710239894088,19533.443968791245,19377.798996928366,19455.62148285981,19455.62148285981,227842160,False,nifty50.csv,2026-06-12T18:44:30,False
2023-12-02,19319.77882328437,19435.92979817386,19281.061831654548,19358.495814914204,19358.495814914204,333644688,False,nifty50.csv,2026-06-12T18:44:30,False
2023-12-03,19527.85750041464,19645.259449314926,19488.723517447877,19566.9914833814,19566.9914833814,342452778,False,nifty50.csv,2026-06-12T18:44:30,False
2023-12-04,19395.11367515775,19511.71756498836,19356.24571188088,19433.98163843462,19433.98163843462,178114456,False,nifty50.csv,2026-06-12T18:44:30,False
2023-12-05,19128.1125069012,19243.11117928738,19089.77961610581,19166.4453976966,19166.4453976966,307861628,False,nifty50.csv,2026-06-12T18:44:30,False
2023-12-06,18836.85613029696,18950.103762342835,18799.10691961501,18874.60534097892,18874.60534097892,292245250,False,nifty50.csv,2026-06-12T18:44:30,False
2023-12-07,18955.574282036243,19069.53565046532,18917.58715922655,18993.561404845936,18993.561404845936,195611548,False,nifty50.csv,2026-06-12T18:44:30,False
2023-12-08,18718.574414443134,18831.110933968845,18681.062241267897,18756.08658761837,18756.08658761837,164716532,False,nifty50.csv,2026-06-12T18:44:30,False
2023-12-09,19054.18609321464,19168.740318223943,19016.001351544863,19092.370834884405,19092.370834884405,297748842,False,nifty50.csv,2026-06-12T18:44:30,False
2023-12-10,18665.74617399924,18777.965088872978,18628.33986904132,18703.15247895715,18703.15247895715,154860319,False,nifty50.csv,2026-06-12T18:44:30,False
2023-12-11,18989.32948569842,19103.49379122366,18951.27471719001,19027.384254206838,19027.384254206838,266570905,False,nifty50.csv,2026-06-12T18:44:30,False
2023-12-12,19033.67831625409,19148.10924801514,18995.534672333742,19071.82196017444,19071.82196017444,164054779,False,nifty50.csv,2026-06-12T18:44:30,False
2023-12-13,19019.511720164926,19133.857482009604,18981.396466216695,19057.62697411315,19057.62697411315,178189839,False,nifty50.csv,2026-06-12T18:44:30,False
2023-12-14,18920.36314155797,19034.11281976373,18882.44658215605,18958.27970095989,18958.27970095989,192858520,False,nifty50.csv,2026-06-12T18:44:30,False
2023-12-15,19000.26033805493,19114.490360127405,18962.183664030774,19038.33701207909,19038.33701207909,338190517,False,nifty50.csv,2026-06-12T18:44:30,False
2023-12-16,18997.338625535896,19111.551082202444,18959.267806647047,19035.409444424746,19035.409444424746,304376859,False,nifty50.csv,2026-06-12T18:44:30,False
2023-12-17,19212.37262029068,19327.87786650485,19173.870871552623,19250.874369028737,19250.874369028737,191985096,False,nifty50.csv,2026-06-12T18:44:30,False
2023-12-18,19238.612326802297,19354.275326763032,19200.05799348205,19277.16666012254,19277.16666012254,303143927,False,nifty50.csv,2026-06-12T18:44:30,False
2023-12-19,19271.838761793144,19387.70151988008,19233.217842430837,19310.45968115545,19310.45968115545,161331383,False,nifty50.csv,2026-06-12T18:44:30,False
2023-12-20,19206.16535389548,19321.63328187481,19167.67604456904,19244.654663221925,19244.654663221925,251437248,False,nifty50.csv,2026-06-12T18:44:30,False
2023-12-21,19199.504019782195,19314.931899660645,19161.02805982271,19237.97997974168,19237.97997974168,268348892,False,nifty50.csv,2026-06-12T18:44:30,False
2023-12-22,19262.9782245379,19378.787712861773,19224.375061763272,19301.581387312523,19301.581387312523,188175224,False,nifty50.csv,2026-06-12T18:44:30,False
2023-12-23,18940.5647675794,19054.43589844661,18902.607723956997,18978.5218112018,18978.5218112018,282397391,False,nifty50.csv,2026-06-12T18:44:30,False
2023-12-24,18691.08392738055,18803.455173436945,18653.626845361752,18728.54100939935,18728.54100939935,218446632,False,nifty50.csv,2026-06-12T18:44:30,False
2023-12-25,18834.717055041416,18947.95182691541,18796.972131083417,18872.46197899941,18872.46197899941,160249579,False,nifty50.csv,2026-06-12T18:44:30,False
2023-12-26,18871.126132916324,18984.579797042075,18833.30824487441,18908.944020958243,18908.944020958243,240745778,False,nifty50.csv,2026-06-12T18:44:30,False
2023-12-27,18840.63108523098,18953.9014123967,18802.87430950908,18878.387860952887,18878.387860952887,302509045,False,nifty50.csv,2026-06-12T18:44:30,False
2023-12-28,18848.298941179943,18961.615367680028,18810.52679901325,18886.07108334664,18886.07108334664,328491112,False,nifty50.csv,2026-06-12T18:44:30,False
2023-12-29,18918.136176063555,19031.87246569921,18880.22407951833,18956.04827260877,18956.04827260877,285623878,False,nifty50.csv,2026-06-12T18:44:30,False
2023-12-30,18820.487067827053,18933.636288675712,18782.770660877497,18858.203474776605,18858.203474776605,209245261,False,nifty50.csv,2026-06-12T18:44:30,False
2023-12-31,18678.73161619082,18791.028599855294,18641.29928830266,18716.163944078977,18716.163944078977,195362588,False,nifty50.csv,2026-06-12T18:44:30,False
2024-01-01,18719.514677723662,18832.056850134828,18682.00062025328,18757.028735194053,18757.028735194053,184783890,False,nifty50.csv,2026-06-12T18:44:30,False
2024-01-02,18541.38722263469,18652.858488502232,18504.23013401217,18578.544311257203,18578.544311257203,332424513,False,nifty50.csv,2026-06-12T18:44:30,False
2024-01-03,18621.381641071344,18733.333835306243,18584.064242993045,18658.699039149644,18658.699039149644,276996392,False,nifty50.csv,2026-06-12T18:44:30,False
2024-01-04,18311.09569077186,18421.18243841177,18274.40010822522,18347.791273318497,18347.791273318497,182469420,False,nifty50.csv,2026-06-12T18:44:30,False
2024-01-05,18504.636408222446,18615.88672730996,18467.55296852661,18541.719847918284,18541.719847918284,273736962,False,nifty50.csv,2026-06-12T18:44:30,False
2024-01-06,18596.434245949047,18708.236455844533,18559.16684265055,18633.70164924754,18633.70164924754,207413770,False,nifty50.csv,2026-06-12T18:44:30,False
2024-01-07,18648.25759979832,18760.3713729434,18610.88634208329,18685.628857513344,18685.628857513344,206692404,False,nifty50.csv,2026-06-12T18:44:30,False
2024-01-08,18836.607581237426,18949.853719000377,18798.85886864977,18874.35629382508,18874.35629382508,299203885,False,nifty50.csv,2026-06-12T18:44:30,False
2024-01-09,19157.21669697389,19272.390344450687,19118.82548114829,19195.60791279949,19195.60791279949,205087645,False,nifty50.csv,2026-06-12T18:44:30,False
2024-01-10,19356.838333020325,19473.212110573557,19318.04707383592,19395.629592204736,19395.629592204736,247814584,False,nifty50.csv,2026-06-12T18:44:30,False
2024-01-11,19007.99309510997,19122.269606703823,18969.90092457869,19046.085265641257,19046.085265641257,216607761,False,nifty50.csv,2026-06-12T18:44:30,False
2024-01-12,18770.49783610516,18883.34652049056,18732.88160797669,18808.114064233625,18808.114064233625,264993586,False,nifty50.csv,2026-06-12T18:44:30,False
2024-01-13,18657.7339735709,18769.904718902988,18620.34372512687,18695.12422201493,18695.12422201493,282637055,False,nifty50.csv,2026-06-12T18:44:30,False
2024-01-14,18666.75667382653,18778.98166384954,18629.348343818863,18704.1650038342,18704.1650038342,218602415,False,nifty50.csv,2026-06-12T18:44:30,False
2024-01-15,18767.813918550142,18880.646467158665,18730.203069013973,18805.42476808632,18805.42476808632,237859393,False,nifty50.csv,2026-06-12T18:44:30,False
2024-01-16,18636.248007937207,18748.28957912721,18598.90081754054,18673.595198333875,18673.595198333875,169214047,False,nifty50.csv,2026-06-12T18:44:30,False
2024-01-17,18675.24280381581,18787.518812656388,18637.81746753562,18712.668140096004,18712.668140096004,330326023,False,nifty50.csv,2026-06-12T18:44:30,False
2024-01-18,18538.83027377283,18650.28616720233,18501.67830929633,18575.98223824933,18575.98223824933,160095125,False,nifty50.csv,2026-06-12T18:44:30,False
2024-01-19,18429.90931301453,18540.71037100861,18392.97562701651,18466.84299901256,18466.84299901256,329358213,False,nifty50.csv,2026-06-12T18:44:30,False
2024-01-20,18176.522758521693,18285.80045045669,18140.096861210022,18212.94865583336,18212.94865583336,211868747,False,nifty50.csv,2026-06-12T18:44:30,False
2024-01-21,18013.492015760865,18121.78956294981,17977.392833364553,18049.59119815718,18049.59119815718,329361976,False,nifty50.csv,2026-06-12T18:44:30,False
2024-01-22,17775.600356651998,17882.467693465536,17739.977911047485,17811.22280225651,17811.22280225651,281279139,False,nifty50.csv,2026-06-12T18:44:30,False
2024-01-23,17606.894897931066,17712.74797346973,17571.610539418176,17642.179256443953,17642.179256443953,302161614,False,nifty50.csv,2026-06-12T18:44:30,False
2024-01-24,17797.34985783276,17904.347953170432,17761.683826053533,17833.015889611983,17833.015889611983,167457883,False,nifty50.csv,2026-06-12T18:44:30,False
2024-01-25,17633.105612677835,17739.116267663874,17597.76872768249,17668.442497673183,17668.442497673183,345786867,False,nifty50.csv,2026-06-12T18:44:30,False
2024-01-26,18107.469261148457,18216.331801796645,18071.18174759906,18143.756774697853,18143.756774697853,250150072,False,nifty50.csv,2026-06-12T18:44:30,False
2024-01-27,18201.067778006185,18310.493035188585,18164.59269227872,18237.54286373365,18237.54286373365,339869104,False,nifty50.csv,2026-06-12T18:44:30,False
2024-01-28,18238.799866412453,18348.45196981774,18202.24916527736,18275.35056754755,18275.35056754755,199844908,False,nifty50.csv,2026-06-12T18:44:30,False
2024-01-29,18086.940723041986,18195.6798456254,18050.69434884751,18123.187097236456,18123.187097236456,205742545,False,nifty50.csv,2026-06-12T18:44:30,False
2024-01-30,18218.10413951421,18327.63181971169,18181.59491278172,18254.613366246704,18254.613366246704,152014017,False,nifty50.csv,2026-06-12T18:44:30,False
2024-01-31,18117.566949801498,18226.490197996696,18081.259200403096,18153.874699199896,18153.874699199896,207416012,False,nifty50.csv,2026-06-12T18:44:30,False
2024-02-01,18143.72332190928,18252.803822842605,18107.363154931507,18180.083488887056,18180.083488887056,339186579,False,nifty50.csv,2026-06-12T18:44:30,False
2024-02-02,18618.358066094388,18730.29208252381,18581.04672728458,18655.6694049042,18655.6694049042,171672156,False,nifty50.csv,2026-06-12T18:44:30,False
2024-02-03,18604.622116397502,18716.473551967032,18567.338304541,18641.90592825401,18641.90592825401,333985897,False,nifty50.csv,2026-06-12T18:44:30,False
2024-02-04,18823.86250118288,18937.032015218047,18786.13932983782,18861.585672527934,18861.585672527934,187203676,False,nifty50.csv,2026-06-12T18:44:30,False
2024-02-05,18696.12242989462,18808.5239675493,18658.6552506764,18733.58960911285,18733.58960911285,188168898,False,nifty50.csv,2026-06-12T18:44:30,False
2024-02-06,18693.74215483145,18806.129382215204,18656.27974570353,18731.204563959367,18731.204563959367,290064594,False,nifty50.csv,2026-06-12T18:44:30,False
2024-02-07,19031.95470480182,19146.375274169368,18993.81451501264,19070.094894591,19070.094894591,182227330,False,nifty50.csv,2026-06-12T18:44:30,False
2024-02-08,18917.21370184429,19030.94444554276,18879.303453944805,18955.123949743785,18955.123949743785,313296949,False,nifty50.csv,2026-06-12T18:44:30,False
2024-02-09,19267.492202605685,19383.328829074257,19228.87999378283,19306.104411428543,19306.104411428543,329249357,False,nifty50.csv,2026-06-12T18:44:30,False
2024-02-10,19408.661127220177,19525.34646465837,19369.76601474078,19447.556239699577,19447.556239699577,347177383,False,nifty50.csv,2026-06-12T18:44:30,False
2024-02-11,19304.096195530965,19420.15288608526,19265.410632012867,19342.781759049063,19342.781759049063,176687546,False,nifty50.csv,2026-06-12T18:44:30,False
2024-02-12,19430.88774719558,19547.70671160757,19391.94809239158,19469.827401999577,19469.827401999577,232181046,False,nifty50.csv,2026-06-12T18:44:30,False
2024-02-13,19625.15299019253,19743.139881917137,19585.82402628433,19664.48195410073,19664.48195410073,264841082,False,nifty50.csv,2026-06-12T18:44:30,False
2024-02-14,19751.95990071437,19870.70915863449,19712.37681474099,19791.542986687746,19791.542986687746,301345011,False,nifty50.csv,2026-06-12T18:44:30,False
2024-02-15,19448.56012318616,19565.4853343476,19409.58505279901,19487.53519357331,19487.53519357331,344644810,False,nifty50.csv,2026-06-12T18:44:30,False
2024-02-16,19311.95296603717,19428.05689168469,19273.251657488,19350.654274586344,19350.654274586344,286277113,False,nifty50.csv,2026-06-12T18:44:30,False
2024-02-17,19268.49936971791,19384.34205129938,19229.885142524083,19307.11359691173,19307.11359691173,310824798,False,nifty50.csv,2026-06-12T18:44:30,False
2024-02-18,19258.448241655064,19374.23049561291,19219.854157002446,19297.04232630768,19297.04232630768,241335274,False,nifty50.csv,2026-06-12T18:44:30,False
2024-02-19,19382.6651586667,19499.1942077168,19343.822142316665,19421.508175016734,19421.508175016734,185921754,False,nifty50.csv,2026-06-12T18:44:30,False
2024-02-20,19421.460986686645,19538.223277187768,19382.540223186268,19460.381750187014,19460.381750187014,168152861,False,nifty50.csv,2026-06-12T18:44:30,False
2024-02-21,19168.107120890072,19283.346241857347,19129.69408056765,19206.5201612125,19206.5201612125,279567978,False,nifty50.csv,2026-06-12T18:44:30,False
2024-02-22,19245.405403716315,19361.109243818817,19206.83745701548,19283.97335041715,19283.97335041715,231036161,False,nifty50.csv,2026-06-12T18:44:30,False
2024-02-23,19367.58461314291,19484.022997590662,19328.77181832699,19406.397407958822,19406.397407958822,307557821,False,nifty50.csv,2026-06-12T18:44:30,False
2024-02-24,19480.64171224353,19597.759798689887,19441.602350094752,19519.68107439232,19519.68107439232,278099583,False,nifty50.csv,2026-06-12T18:44:30,False
2024-02-25,19696.7098675865,19815.126960978807,19657.2375031224,19736.182232050603,19736.182232050603,349670320,False,nifty50.csv,2026-06-12T18:44:30,False
2024-02-26,19866.07284308522,19985.50815075908,19826.2610738606,19905.88461230984,19905.88461230984,172821211,False,nifty50.csv,2026-06-12T18:44:30,False
2024-02-27,19961.945942969043,20081.95764202497,19921.94204328373,20001.94984265435,20001.94984265435,180016158,False,nifty50.csv,2026-06-12T18:44:30,False
2024-02-28,19952.384582011717,20072.33879793563,19912.399843370407,19992.36932065302,19992.36932065302,291182433,False,nifty50.csv,2026-06-12T18:44:30,False
2024-02-29,19628.08831666961,19746.092855647585,19588.753470343618,19667.4231629956,19667.4231629956,247966396,False,nifty50.csv,2026-06-12T18:44:30,False
2024-03-01,19716.983341376654,19835.52231938092,19677.470348708564,19756.496334044743,19756.496334044743,326860663,False,nifty50.csv,2026-06-12T18:44:30,False
2024-03-02,19762.37352430726,19881.18538918285,19722.76956934873,19801.97747926579,19801.97747926579,167022360,False,nifty50.csv,2026-06-12T18:44:30,False
2024-03-03,19820.527717837995,19939.6892071236,19780.80722140946,19860.24821426653,19860.24821426653,229521699,False,nifty50.csv,2026-06-12T18:44:30,False
2024-03-04,19573.433855118423,19691.109810159214,19534.208536771494,19612.65917346536,19612.65917346536,220931591,False,nifty50.csv,2026-06-12T18:44:30,False
2024-03-05,19367.28357541441,19483.7201500161,19328.471383880515,19406.095766948307,19406.095766948307,241111673,False,nifty50.csv,2026-06-12T18:44:30,False
2024-03-06,19576.685058280345,19694.380559632733,19537.453224496214,19615.916892064477,19615.916892064477,287267044,False,nifty50.csv,2026-06-12T18:44:30,False
2024-03-07,19573.29880833644,19690.973951472733,19534.073760624346,19612.523856048538,19612.523856048538,240508655,False,nifty50.csv,2026-06-12T18:44:30,False
2024-03-08,19711.53311387641,19830.03932498188,19672.031043507923,19751.0351842449,19751.0351842449,157503276,False,nifty50.csv,2026-06-12T18:44:30,False
2024-03-09,19721.504678529367,19840.07083892133,19681.982625065382,19761.026731993355,19761.026731993355,311933117,False,nifty50.csv,2026-06-12T18:44:30,False
2024-03-10,19731.764981592773,19850.39282717349,19692.2223663992,19771.307596786344,19771.307596786344,227344057,False,nifty50.csv,2026-06-12T18:44:30,False
2024-03-11,19922.20968174654,20041.982485444416,19882.285413847247,19962.13394964583,19962.13394964583,186515315,False,nifty50.csv,2026-06-12T18:44:30,False
2024-03-12,19824.07859434548,19943.261431586037,19784.35098193196,19863.806206759,19863.806206759,215818320,False,nifty50.csv,2026-06-12T18:44:30,False
2024-03-13,19847.55965375505,19966.883659689447,19807.78498511025,19887.33432239985,19887.33432239985,212827874,False,nifty50.csv,2026-06-12T18:44:30,False
2024-03-14,19760.418481223267,19879.218592332825,19720.818444186745,19800.018518259785,19800.018518259785,348244836,False,nifty50.csv,2026-06-12T18:44:30,False
2024-03-15,19679.125821231773,19797.43719891453,19639.68869533752,19718.562947126025,19718.562947126025,234792530,False,nifty50.csv,2026-06-12T18:44:30,False
2024-03-16,19622.74421717215,19740.716627295427,19583.42008046439,19662.06835387991,19662.06835387991,260534699,False,nifty50.csv,2026-06-12T18:44:30,False
2024-03-17,19670.758902777423,19789.019978345223,19631.33854425482,19710.17926130002,19710.17926130002,199908282,False,nifty50.csv,2026-06-12T18:44:30,False
2024-03-18,19581.16804134618,19698.890494500563,19541.92722362805,19620.408859064308,19620.408859064308,342762438,False,nifty50.csv,2026-06-12T18:44:30,False
2024-03-19,19833.023746892835,19952.26036260562,19793.27820832191,19872.769285463764,19872.769285463764,310992347,False,nifty50.csv,2026-06-12T18:44:30,False
2024-03-20,19660.762618012875,19778.96359567628,19621.36229212507,19700.16294390068,19700.16294390068,182105736,False,nifty50.csv,2026-06-12T18:44:30,False
2024-03-21,19628.424609221376,19746.431169998257,19589.089088962413,19667.76012948033,19667.76012948033,298015998,False,nifty50.csv,2026-06-12T18:44:30,False
2024-03-22,19546.651699718343,19664.16663979681,19507.480053025523,19585.82334641117,19585.82334641117,216183387,False,nifty50.csv,2026-06-12T18:44:30,False
2024-03-23,19835.957876062235,19955.212131830143,19796.20645747293,19875.709294651537,19875.709294651537,217667845,False,nifty50.csv,2026-06-12T18:44:30,False
2024-03-24,19879.40866854884,19998.924151526087,19839.57017422309,19919.247162874588,19919.247162874588,294649657,False,nifty50.csv,2026-06-12T18:44:30,False
2024-03-25,20090.06600128377,20210.84796121133,20049.805347974587,20130.32665459296,20130.32665459296,292715280,False,nifty50.csv,2026-06-12T18:44:30,False
2024-03-26,19798.22769489718,19917.255115908585,19758.55188789338,19837.903501900983,19837.903501900983,185351951,False,nifty50.csv,2026-06-12T18:44:30,False
2024-03-27,19855.58820067642,19974.960474427982,19815.79744275923,19895.378958593607,19895.378958593607,187432022,False,nifty50.csv,2026-06-12T18:44:30,False
2024-03-28,20037.47679543946,20157.94258779681,19997.32153132034,20077.63205955857,20077.63205955857,334304606,False,nifty50.csv,2026-06-12T18:44:30,False
2024-03-29,20058.43498388921,20179.026777379528,20018.23771939244,20098.632248385984,20098.632248385984,298843394,False,nifty50.csv,2026-06-12T18:44:30,False
2024-03-30,20277.80887911388,20399.719553737807,20237.17198757257,20318.445770655188,20318.445770655188,275124159,False,nifty50.csv,2026-06-12T18:44:30,False
2024-03-31,20177.67525639705,20298.983925273187,20137.23903343834,20218.111479355764,20218.111479355764,254379225,False,nifty50.csv,2026-06-12T18:44:30,False
2024-04-01,20468.61720824698,20591.675027134235,20427.59793528456,20509.6364812094,20509.6364812094,210678947,False,nifty50.csv,2026-06-12T18:44:30,False
2024-04-02,20949.282330456936,21075.229919618,20907.29980073658,20991.26486017729,20991.26486017729,322163561,False,nifty50.csv,2026-06-12T18:44:30,False
2024-04-03,20878.054154513917,21003.573518168305,20836.21436662912,20919.89394239871,20919.89394239871,220036964,False,nifty50.csv,2026-06-12T18:44:30,False
2024-04-04,20789.875316885707,20914.864547247747,20748.21224009836,20831.53839367305,20831.53839367305,328870004,False,nifty50.csv,2026-06-12T18:44:30,False
2024-04-05,21098.933882785404,21225.781180677903,21056.65145015457,21141.21631541624,21141.21631541624,181745493,False,nifty50.csv,2026-06-12T18:44:30,False
2024-04-06,21439.623957317403,21568.51949213093,21396.658779046225,21482.58913558858,21482.58913558858,185507773,False,nifty50.csv,2026-06-12T18:44:30,False
2024-04-07,21332.5645950868,21460.816486440028,21289.813964635727,21375.31522553788,21375.31522553788,285191465,False,nifty50.csv,2026-06-12T18:44:30,False
2024-04-08,21247.844485096783,21375.5870371114,21205.26363442525,21290.425335768323,21290.425335768323,306427945,False,nifty50.csv,2026-06-12T18:44:30,False
2024-04-09,21192.77180837573,21320.183262133505,21150.30132378981,21235.24229296166,21235.24229296166,321675068,False,nifty50.csv,2026-06-12T18:44:30,False
2024-04-10,20914.406525736053,21040.14444072044,20872.493887407923,20956.31916406418,20956.31916406418,274112140,False,nifty50.csv,2026-06-12T18:44:30,False
2024-04-11,20727.7684529157,20852.384295318003,20686.2298387816,20769.3070670498,20769.3070670498,258566794,False,nifty50.csv,2026-06-12T18:44:30,False
2024-04-12,20525.241630262022,20648.639876536145,20484.108881503984,20566.374379020064,20566.374379020064,239948213,False,nifty50.csv,2026-06-12T18:44:30,False
2024-04-13,20372.786497532958,20495.26817988285,20331.95927008299,20413.61372498292,20413.61372498292,198155151,False,nifty50.csv,2026-06-12T18:44:30,False
2024-04-14,20370.25460456845,20492.721065116963,20329.43245105228,20411.076758084622,20411.076758084622,213368711,False,nifty50.csv,2026-06-12T18:44:30,False
2024-04-15,20422.56545856792,20545.346413228646,20381.638473681007,20463.492443454827,20463.492443454827,261690343,False,nifty50.csv,2026-06-12T18:44:30,False
2024-04-16,20746.301863329496,20871.029129040893,20704.726108092364,20787.87761856663,20787.87761856663,155698618,False,nifty50.csv,2026-06-12T18:44:30,False
2024-04-17,20544.78279037305,20668.29851857169,20503.61088097351,20585.9546997726,20585.9546997726,310079084,False,nifty50.csv,2026-06-12T18:44:30,False
2024-04-18,20752.626497192778,20877.39178675506,20711.038067338686,20794.214927046876,20794.214927046876,267736378,False,nifty50.csv,2026-06-12T18:44:30,False
2024-04-19,20712.875078050303,20837.401381124757,20671.366310358822,20754.383845741788,20754.383845741788,291040331,False,nifty50.csv,2026-06-12T18:44:30,False
2024-04-20,20707.240407089525,20831.732834386657,20665.742931323814,20748.73788285524,20748.73788285524,308245513,False,nifty50.csv,2026-06-12T18:44:30,False
2024-04-21,20852.08983505636,20977.45310059778,20810.302079875884,20893.877590236832,20893.877590236832,180320939,False,nifty50.csv,2026-06-12T18:44:30,False
2024-04-22,20623.877734497462,20747.86898340226,20582.547318195862,20665.208150799062,20665.208150799062,151805518,False,nifty50.csv,2026-06-12T18:44:30,False
2024-04-23,20707.50465510834,20831.99867107092,20666.006649787483,20749.0026604292,20749.0026604292,212155344,False,nifty50.csv,2026-06-12T18:44:30,False
2024-04-24,20746.618371332184,20871.347539897302,20705.041981810475,20788.19476085389,20788.19476085389,245211225,False,nifty50.csv,2026-06-12T18:44:30,False
2024-04-25,20853.678070445025,20979.050884495795,20811.8871324281,20895.469008461947,20895.469008461947,187177857,False,nifty50.csv,2026-06-12T18:44:30,False
2024-04-26,20918.72285519824,21044.48672005915,20876.80156691127,20960.64414348521,20960.64414348521,187153969,False,nifty50.csv,2026-06-12T18:44:30,False
2024-04-27,21443.469626622464,21572.38828169234,21400.49674159917,21486.44251164576,21486.44251164576,183495435,False,nifty50.csv,2026-06-12T18:44:30,False
2024-04-28,21311.893897896847,21440.02151652148,21269.184691688635,21354.603104105056,21354.603104105056,177312498,False,nifty50.csv,2026-06-12T18:44:30,False
2024-04-29,21203.746955505118,21331.22439211136,21161.254476636368,21246.239434373863,21246.239434373863,190076121,False,nifty50.csv,2026-06-12T18:44:30,False
2024-04-30,21076.719011523623,21203.432753075875,21034.48109767288,21118.956925374376,21118.956925374376,207021206,False,nifty50.csv,2026-06-12T18:44:30,False
2024-05-01,20964.63265646509,21090.672532155266,20922.61936456837,21006.645948361816,21006.645948361816,298222609,False,nifty50.csv,2026-06-12T18:44:30,False
2024-05-02,20836.068561491134,20961.3355067506,20794.31291307132,20877.82420991096,20877.82420991096,240185021,False,nifty50.csv,2026-06-12T18:44:30,False
2024-05-03,21089.98490362052,21216.778400035077,21047.72040481567,21132.24940242537,21132.24940242537,348605535,False,nifty50.csv,2026-06-12T18:44:30,False
2024-05-04,21396.468480344327,21525.104563392488,21353.58978599494,21439.347174693718,21439.347174693718,244257535,False,nifty50.csv,2026-06-12T18:44:30,False
2024-05-05,21279.43225036118,21407.364708780184,21236.788097554843,21322.076403167517,21322.076403167517,170868901,False,nifty50.csv,2026-06-12T18:44:30,False
2024-05-06,21107.744084841197,21234.64434988032,21065.443996494814,21150.04417318757,21150.04417318757,292813688,False,nifty50.csv,2026-06-12T18:44:30,False
2024-05-07,21212.204710345817,21339.73299517756,21169.695282068573,21254.714138623065,21254.714138623065,210395758,False,nifty50.csv,2026-06-12T18:44:30,False
2024-05-08,21100.08444138122,21226.938656459664,21057.799703021738,21142.3691797407,21142.3691797407,200516162,False,nifty50.csv,2026-06-12T18:44:30,False
2024-05-09,21238.78356062632,21366.47163814512,21196.220868120054,21281.346253132582,21281.346253132582,156736549,False,nifty50.csv,2026-06-12T18:44:30,False
2024-05-10,21286.66279527549,21414.6387239044,21244.004152399182,21329.321438151797,21329.321438151797,198852189,False,nifty50.csv,2026-06-12T18:44:30,False
2024-05-11,20971.11130627321,21097.190131761832,20929.085031110342,21013.137581436087,21013.137581436087,311241148,False,nifty50.csv,2026-06-12T18:44:30,False
2024-05-12,21302.905109670563,21430.97868748421,21260.21391706601,21345.596302275117,21345.596302275117,201590272,False,nifty50.csv,2026-06-12T18:44:30,False
2024-05-13,21693.762855881305,21824.18627986456,21650.28838122022,21737.23733054239,21737.23733054239,273370461,False,nifty50.csv,2026-06-12T18:44:30,False
2024-05-14,21566.031676910985,21695.687177974574,21522.81317655645,21609.25017726552,21609.25017726552,233802796,False,nifty50.csv,2026-06-12T18:44:30,False
2024-05-15,21487.36346778769,21616.54601368622,21444.30261915485,21530.424316420536,21530.424316420536,207628639,False,nifty50.csv,2026-06-12T18:44:30,False
2024-05-16,21553.67279887626,21683.253998067903,21510.47906581238,21596.86653194014,21596.86653194014,164717083,False,nifty50.csv,2026-06-12T18:44:30,False
2024-05-17,21630.694862564706,21760.739120255475,21587.346776667782,21674.04294846163,21674.04294846163,260014356,False,nifty50.csv,2026-06-12T18:44:30,False
2024-05-18,21778.45917569889,21909.391795993677,21734.814968933963,21822.103382463814,21822.103382463814,180670201,False,nifty50.csv,2026-06-12T18:44:30,False
2024-05-19,22225.62668797221,22359.247690104305,22181.086353928175,22270.16702201624,22270.16702201624,272224237,False,nifty50.csv,2026-06-12T18:44:30,False
2024-05-20,22191.2722375666,22324.686699916703,22146.80075011657,22235.74372501664,22235.74372501664,284070028,False,nifty50.csv,2026-06-12T18:44:30,False
2024-05-21,22019.725375970094,22152.108494462904,21975.59766980583,22063.853082134367,22063.853082134367,277599514,False,nifty50.csv,2026-06-12T18:44:30,False
2024-05-22,21722.922302466788,21853.521033744142,21679.389392041,21766.45521289257,21766.45521289257,290888931,False,nifty50.csv,2026-06-12T18:44:30,False
2024-05-23,21569.5218521394,21699.1983362204,21526.29635744573,21612.747346833068,21612.747346833068,198393094,False,nifty50.csv,2026-06-12T18:44:30,False
2024-05-24,21567.177226641823,21696.839614777942,21523.95643059645,21610.3980226872,21610.3980226872,212856981,False,nifty50.csv,2026-06-12T18:44:30,False
2024-05-25,21962.593872617508,22094.633515138252,21918.580658443923,22006.60708679109,22006.60708679109,152750025,False,nifty50.csv,2026-06-12T18:44:30,False
2024-05-26,21854.07007609755,21985.457270943825,21810.27434448212,21897.865807712973,21897.865807712973,308780390,False,nifty50.csv,2026-06-12T18:44:30,False
2024-05-27,21907.906962603018,22039.61782610564,21864.00334143548,21951.81058377056,21951.81058377056,265064244,False,nifty50.csv,2026-06-12T18:44:30,False
2024-05-28,21909.18497579419,22040.90352274285,21865.278793477966,21953.09115811041,21953.09115811041,160478542,False,nifty50.csv,2026-06-12T18:44:30,False
2024-05-29,22176.04051281704,22309.36340167165,22131.5995498655,22220.48147576857,22220.48147576857,189290062,False,nifty50.csv,2026-06-12T18:44:30,False
2024-05-30,22748.616653422298,22885.381883803595,22703.0282432952,22794.2050635494,22794.2050635494,270367491,False,nifty50.csv,2026-06-12T18:44:30,False
2024-05-31,22633.208090849246,22769.279482177,22587.85096040666,22678.56522129183,22678.56522129183,253177695,False,nifty50.csv,2026-06-12T18:44:30,False
2024-06-01,22527.71616933333,22663.153340692043,22482.570445547084,22572.861893119563,22572.861893119563,196606102,False,nifty50.csv,2026-06-12T18:44:30,False
2024-06-02,22769.241146330045,22906.130371658684,22723.611404553834,22814.87088810626,22814.87088810626,346733814,False,nifty50.csv,2026-06-12T18:44:30,False
2024-06-03,22930.13605793921,23067.99258734565,22884.183881470388,22976.08823440802,22976.08823440802,150955205,False,nifty50.csv,2026-06-12T18:44:30,False
2024-06-04,23362.72180260181,23503.179047908037,23315.90272083307,23409.54088437055,23409.54088437055,307661143,False,nifty50.csv,2026-06-12T18:44:30,False
2024-06-05,23504.77310817839,23646.084369349803,23457.669354454585,23551.876861902198,23551.876861902198,261174995,False,nifty50.csv,2026-06-12T18:44:30,False
2024-06-06,23425.68695859351,23566.52275193175,23378.74169414743,23472.63222303959,23472.63222303959,251629945,False,nifty50.csv,2026-06-12T18:44:30,False
2024-06-07,23569.706505621245,23711.408147939608,23522.47262484845,23616.94038639403,23616.94038639403,199172324,False,nifty50.csv,2026-06-12T18:44:30,False
2024-06-08,23837.783493503117,23981.096821119365,23790.012384297694,23885.55460270853,23885.55460270853,259985952,False,nifty50.csv,2026-06-12T18:44:30,False
2024-06-09,24039.522539519778,24184.04872713212,23991.347143649,24087.69793539056,24087.69793539056,277693191,False,nifty50.csv,2026-06-12T18:44:30,False
2024-06-10,24167.15673459834,24312.45026206085,24118.7255587775,24215.587910419177,24215.587910419177,283784320,False,nifty50.csv,2026-06-12T18:44:30,False
2024-06-11,24431.75844307356,24578.642762370597,24382.79700330788,24480.71988283924,24480.71988283924,263774244,False,nifty50.csv,2026-06-12T18:44:30,False
2024-06-12,24724.61683666337,24873.26182766536,24675.06850632937,24774.165166997365,24774.165166997365,191130558,False,nifty50.csv,2026-06-12T18:44:30,False
2024-06-13,25074.302910010098,25225.050222094327,25024.05380598202,25124.55201403817,25124.55201403817,210148245,False,nifty50.csv,2026-06-12T18:44:30,False
2024-06-14,25243.1086849434,25394.870861405987,25192.521292789206,25293.6960770976,25293.6960770976,294639045,False,nifty50.csv,2026-06-12T18:44:30,False
2024-06-15,25206.56754085219,25358.110031077755,25156.05337744367,25257.081704260712,25257.081704260712,322833660,False,nifty50.csv,2026-06-12T18:44:30,False
2024-06-16,25249.195077426502,25400.993845427063,25198.595488092986,25299.794666760023,25299.794666760023,167977748,False,nifty50.csv,2026-06-12T18:44:30,False
2024-06-17,25561.362389706905,25715.037915095923,25510.13721457723,25612.587564836576,25612.587564836576,207827935,False,nifty50.csv,2026-06-12T18:44:30,False
2024-06-18,25359.03650075072,25511.49563802978,25308.216788324367,25409.856213177078,25409.856213177078,200796110,False,nifty50.csv,2026-06-12T18:44:30,False
2024-06-19,25458.366510749605,25611.42282243748,25407.34774018698,25509.38528131223,25509.38528131223,171646139,False,nifty50.csv,2026-06-12T18:44:30,False
2024-06-20,25364.07003086858,25516.55942985176,25313.24023120752,25414.89983052964,25414.89983052964,317414903,False,nifty50.csv,2026-06-12T18:44:30,False
2024-06-21,25377.009289795307,25529.57647991432,25326.15355975564,25427.86501983498,25427.86501983498,345938093,False,nifty50.csv,2026-06-12T18:44:30,False
2024-06-22,25709.246152037755,25863.810758162228,25657.72461666293,25760.76768741258,25760.76768741258,329733169,False,nifty50.csv,2026-06-12T18:44:30,False
2024-06-23,25764.156764393072,25919.05149443952,25712.52518771092,25815.788341075226,25815.788341075226,295051311,False,nifty50.csv,2026-06-12T18:44:30,False
2024-06-24,25781.86097661689,25936.862144812985,25730.19392055153,25833.528032682258,25833.528032682258,195214597,False,nifty50.csv,2026-06-12T18:44:30,False
2024-06-25,25439.29900596417,25592.24068335474,25388.318446833982,25490.279565094363,25490.279565094363,248437175,False,nifty50.csv,2026-06-12T18:44:30,False
2024-06-26,25635.555687813205,25789.677265094648,25584.181828719396,25686.92954690702,25686.92954690702,208261869,False,nifty50.csv,2026-06-12T18:44:30,False
2024-06-27,25807.30745966517,25962.46161272929,25755.5894086438,25859.025510686544,25859.025510686544,206342202,False,nifty50.csv,2026-06-12T18:44:30,False
2024-06-28,26377.537531458373,26536.11992142706,26324.676734802146,26430.398328114603,26430.398328114603,210993015,False,nifty50.csv,2026-06-12T18:44:30,False
2024-06-29,26302.331291204508,26460.46153944822,26249.621208456603,26355.04137395241,26355.04137395241,204935271,False,nifty50.csv,2026-06-12T18:44:30,False
2024-06-30,26365.90356418944,26524.41601046713,26313.066082096877,26418.741046282,26418.741046282,261501212,False,nifty50.csv,2026-06-12T18:44:30,False
2024-07-01,26437.621262257348,26596.564877060497,26384.64005732296,26490.60246719173,26490.60246719173,329408972,False,nifty50.csv,2026-06-12T18:44:30,False
2024-07-02,26863.94731906114,27025.454016370124,26810.11175329148,26917.7828848308,26917.7828848308,205472357,False,nifty50.csv,2026-06-12T18:44:30,False
2024-07-03,26844.333261033487,27005.72203815393,26790.53700199334,26898.129520073635,26898.129520073635,286697745,False,nifty50.csv,2026-06-12T18:44:30,False
2024-07-04,26925.33123685928,27087.20697575824,26871.372657226297,26979.289816492263,26979.289816492263,289033857,False,nifty50.csv,2026-06-12T18:44:30,False
2024-07-05,27095.53768432549,27258.436708479752,27041.2380096074,27149.837359043577,27149.837359043577,150917472,False,nifty50.csv,2026-06-12T18:44:30,False
2024-07-06,27152.1900357804,27315.42965523399,27097.776829295868,27206.60324226493,27206.60324226493,210998837,False,nifty50.csv,2026-06-12T18:44:30,False
2024-07-07,27037.260529040024,27199.80918953525,26983.07764220828,27091.443415871767,27091.443415871767,233055484,False,nifty50.csv,2026-06-12T18:44:30,False
2024-07-08,27095.817959495376,27258.7186686707,27041.5177231036,27150.11819588715,27150.11819588715,170426495,False,nifty50.csv,2026-06-12T18:44:30,False
2024-07-09,27394.390813519654,27559.08654987348,27339.492234735048,27449.289392304265,27449.289392304265,277833637,False,nifty50.csv,2026-06-12T18:44:30,False
2024-07-10,27120.656976389146,27283.707018331363,27066.3069624084,27175.00699036988,27175.00699036988,289233967,False,nifty50.csv,2026-06-12T18:44:30,False
2024-07-11,27162.78797006085,27326.091304550195,27108.35352523107,27217.22241489063,27217.22241489063,210782618,False,nifty50.csv,2026-06-12T18:44:30,False
2024-07-12,26979.28372591368,27141.483828474284,26925.217025060145,27033.35042676721,27033.35042676721,270661643,False,nifty50.csv,2026-06-12T18:44:30,False
2024-07-13,27309.710402458422,27473.897038144547,27254.981523896386,27364.439281020463,27364.439281020463,210727594,False,nifty50.csv,2026-06-12T18:44:30,False
2024-07-14,26902.871423020977,27064.61213297902,26848.95785303496,26956.78499300699,26956.78499300699,345520969,False,nifty50.csv,2026-06-12T18:44:30,False
2024-07-15,26758.879702469458,26919.754730740817,26705.254693045677,26812.504711893245,26812.504711893245,174561090,False,nifty50.csv,2026-06-12T18:44:30,False
2024-07-16,26865.98669666623,27027.505654762423,26812.1470439675,26919.82634936496,26919.82634936496,271658202,False,nifty50.csv,2026-06-12T18:44:30,False
2024-07-17,27295.964062496198,27460.06805485589,27241.26273170963,27350.66539328276,27350.66539328276,187204318,False,nifty50.csv,2026-06-12T18:44:30,False
2024-07-18,27284.094546977347,27448.127179524305,27229.417002795028,27338.772091159663,27338.772091159663,323305486,False,nifty50.csv,2026-06-12T18:44:30,False
2024-07-19,27139.07259772489,27302.233354825446,27084.685678691378,27193.45951675841,27193.45951675841,305441404,False,nifty50.csv,2026-06-12T18:44:30,False
2024-07-20,27660.588893074848,27826.88501868452,27605.15685120496,27716.020934944736,27716.020934944736,174070924,False,nifty50.csv,2026-06-12T18:44:30,False
2024-07-21,27269.01403100683,27432.95599912912,27214.3667082994,27323.66135371426,27323.66135371426,171821296,False,nifty50.csv,2026-06-12T18:44:30,False
2024-07-22,26681.90295862334,26842.315200859557,26628.432211211268,26735.37370603541,26735.37370603541,251616418,False,nifty50.csv,2026-06-12T18:44:30,False
2024-07-23,26805.531118851643,26966.68661656017,26751.812619615463,26859.24961808782,26859.24961808782,246318451,False,nifty50.csv,2026-06-12T18:44:30,False
2024-07-24,26677.22678287541,26837.61091183057,26623.76540655702,26730.6881591938,26730.6881591938,221772618,False,nifty50.csv,2026-06-12T18:44:30,False
2024-07-25,26412.054261790385,26570.84416717189,26359.124293329885,26464.984230250888,26464.984230250888,307535124,False,nifty50.csv,2026-06-12T18:44:30,False
2024-07-26,26605.730747111884,26765.68504018069,26552.41264942228,26659.048844801488,26659.048844801488,294904690,False,nifty50.csv,2026-06-12T18:44:30,False
2024-07-27,26676.61140854374,26836.99183785362,26623.151265440447,26730.071551647037,26730.071551647037,283194677,False,nifty50.csv,2026-06-12T18:44:30,False
2024-07-28,26532.462438195176,26691.976240428816,26479.291170783963,26585.63370560639,26585.63370560639,165808458,False,nifty50.csv,2026-06-12T18:44:30,False
2024-07-29,26200.762147409063,26358.281759517737,26148.255610039505,26253.26868477862,26253.26868477862,208834845,False,nifty50.csv,2026-06-12T18:44:30,False
2024-07-30,26436.2357725869,26595.17105779283,26383.257344184924,26489.21420098888,26489.21420098888,151193982,False,nifty50.csv,2026-06-12T18:44:30,False
2024-07-31,26614.60728008361,26774.61493908211,26561.27139375078,26667.943166416444,26667.943166416444,226116475,False,nifty50.csv,2026-06-12T18:44:30,False
2024-08-01,26594.14331071049,26754.027939833,26540.84843433632,26647.43818708466,26647.43818708466,276022959,False,nifty50.csv,2026-06-12T18:44:30,False
2024-08-02,27095.83289041127,27258.733689351626,27041.53262409782,27150.13315672472,27150.13315672472,341204130,False,nifty50.csv,2026-06-12T18:44:30,False
2024-08-03,26813.397343406286,26974.600133046,26759.663080193048,26867.131606619525,26867.131606619525,217615317,False,nifty50.csv,2026-06-12T18:44:30,False
2024-08-04,26413.33443143713,26572.13203322934,26360.401897506395,26466.266965367868,26466.266965367868,211767845,False,nifty50.csv,2026-06-12T18:44:30,False
2024-08-05,26237.04798042582,26394.785743835197,26184.46872595603,26289.62723489561,26289.62723489561,223657758,False,nifty50.csv,2026-06-12T18:44:30,False
2024-08-06,26230.92766456056,26388.628632483767,26178.360675252818,26283.494653868293,26283.494653868293,211647309,False,nifty50.csv,2026-06-12T18:44:30,False
2024-08-07,26300.688492387417,26458.80886408513,26247.98170182151,26353.395282953323,26353.395282953323,328684823,False,nifty50.csv,2026-06-12T18:44:30,False
2024-08-08,26243.158320170594,26400.932819089456,26190.56682053097,26295.74981981021,26295.74981981021,230137648,False,nifty50.csv,2026-06-12T18:44:30,False
2024-08-09,26341.573605404847,26499.93977938524,26288.78488074472,26394.362330064974,26394.362330064974,202839391,False,nifty50.csv,2026-06-12T18:44:30,False
2024-08-10,26019.74324139855,26176.174563491128,25967.59946736769,26071.88701542941,26071.88701542941,317237535,False,nifty50.csv,2026-06-12T18:44:30,False
2024-08-11,26404.007933705914,26562.74946436948,26351.094090151397,26456.921777260435,26456.921777260435,182833206,False,nifty50.csv,2026-06-12T18:44:30,False
2024-08-12,26388.198019449206,26546.84450052806,26335.31585908959,26441.080179808825,26441.080179808825,255740494,False,nifty50.csv,2026-06-12T18:44:30,False
2024-08-13,26690.62517636177,26851.08985678077,26637.13694955543,26744.113403168103,26744.113403168103,199975039,False,nifty50.csv,2026-06-12T18:44:30,False
2024-08-14,26788.21905012043,26949.270467255425,26734.53524440877,26841.902855832097,26841.902855832097,172961593,False,nifty50.csv,2026-06-12T18:44:30,False
2024-08-15,26916.84498771373,27078.66970707874,26862.90341459206,26970.7865608354,26970.7865608354,153845474,False,nifty50.csv,2026-06-12T18:44:30,False
2024-08-16,27076.67169520455,27239.457296578526,27022.409828079893,27130.93356232921,27130.93356232921,153924482,False,nifty50.csv,2026-06-12T18:44:30,False
2024-08-17,27204.22202255129,27367.774459560616,27149.70454354818,27258.7395015544,27258.7395015544,321004612,False,nifty50.csv,2026-06-12T18:44:30,False
2024-08-18,27385.727218348075,27550.370868959384,27330.84600147764,27440.60843521851,27440.60843521851,267402748,False,nifty50.csv,2026-06-12T18:44:30,False
2024-08-19,27758.332392047705,27925.216153923742,27702.70447142236,27813.96031267305,27813.96031267305,254953993,False,nifty50.csv,2026-06-12T18:44:30,False
2024-08-20,27819.12784741543,27986.377113031154,27763.37809221019,27874.877602620672,27874.877602620672,216974034,False,nifty50.csv,2026-06-12T18:44:30,False
2024-08-21,28023.30363487476,28191.78041023473,27967.14470975477,28079.46255999475,28079.46255999475,229243800,False,nifty50.csv,2026-06-12T18:44:30,False
2024-08-22,28004.400057040453,28172.76318363589,27948.279014841977,28060.521099238933,28060.521099238933,179327427,False,nifty50.csv,2026-06-12T18:44:30,False
2024-08-23,28416.93805697522,28587.781371947018,28359.99028531796,28473.885828632487,28473.885828632487,207218588,False,nifty50.csv,2026-06-12T18:44:30,False
2024-08-24,28231.659281691056,28401.38869621024,28175.082810184664,28288.23575319745,28288.23575319745,178905854,False,nifty50.csv,2026-06-12T18:44:30,False
2024-08-25,28751.09878375529,28923.95108105241,28693.48135132292,28808.716216187662,28808.716216187662,345436562,False,nifty50.csv,2026-06-12T18:44:30,False
2024-08-26,28745.95232212324,28918.773678769267,28688.345203241228,28803.559441005247,28803.559441005247,170589226,False,nifty50.csv,2026-06-12T18:44:30,False
2024-08-27,28343.898327861785,28514.302526225685,28287.096928407154,28400.69972731642,28400.69972731642,235456969,False,nifty50.csv,2026-06-12T18:44:30,False
2024-08-28,28386.54847149408,28557.209083547143,28329.66160080972,28443.435342178436,28443.435342178436,207705020,False,nifty50.csv,2026-06-12T18:44:30,False
2024-08-29,28200.15386066266,28369.693863832978,28143.64052627256,28256.667195052767,28256.667195052767,211119402,False,nifty50.csv,2026-06-12T18:44:30,False
2024-08-30,28444.545857362984,28615.555151094624,28387.54275945244,28501.54895527353,28501.54895527353,220180504,False,nifty50.csv,2026-06-12T18:44:30,False
2024-08-31,28265.80458820388,28435.73928512695,28209.159689229524,28322.44948717824,28322.44948717824,327706259,False,nifty50.csv,2026-06-12T18:44:30,False
2024-09-01,28146.231801933485,28315.44762439,28089.82652778131,28202.63707608565,28202.63707608565,179998127,False,nifty50.csv,2026-06-12T18:44:30,False
2024-09-02,27625.53814174044,27791.62354139018,27570.176341857197,27680.899941623687,27680.899941623687,297540178,False,nifty50.csv,2026-06-12T18:44:30,False
2024-09-03,27506.9896003694,27672.362283337552,27451.865372713342,27562.11382802545,27562.11382802545,167728138,False,nifty50.csv,2026-06-12T18:44:30,False
2024-09-04,26854.24500924788,27015.693376036947,26800.428886984857,26908.0611315109,26908.0611315109,276294710,False,nifty50.csv,2026-06-12T18:44:30,False
2024-09-05,26438.134171425223,26597.080869850623,26385.151938616757,26491.11640423369,26491.11640423369,268873796,False,nifty50.csv,2026-06-12T18:44:30,False
2024-09-06,26645.869650160643,26806.065259279847,26592.47111378757,26699.26818653371,26699.26818653371,184671806,False,nifty50.csv,2026-06-12T18:44:30,False
2024-09-07,26862.055595786645,27023.55092000981,26808.22382104559,26915.8873705277,26915.8873705277,253662906,False,nifty50.csv,2026-06-12T18:44:30,False
2024-09-08,26982.59036537421,27144.810347530765,26928.517037988684,27036.663692759725,27036.663692759725,286516484,False,nifty50.csv,2026-06-12T18:44:30,False
2024-09-09,26728.88078834644,26889.575462424677,26675.315896987024,26782.44567970585,26782.44567970585,173877268,False,nifty50.csv,2026-06-12T18:44:30,False
2024-09-10,26722.0778016614,26882.731576020084,26668.52654354184,26775.62905978096,26775.62905978096,337337483,False,nifty50.csv,2026-06-12T18:44:30,False
2024-09-11,26727.06293814484,26887.746683263947,26673.5016897718,26780.624186517874,26780.624186517874,255265027,False,nifty50.csv,2026-06-12T18:44:30,False
2024-09-12,26425.132906778585,26584.00144128828,26372.176728608687,26478.08908494848,26478.08908494848,251648553,False,nifty50.csv,2026-06-12T18:44:30,False
2024-09-13,26831.380247772635,26992.691151065857,26777.609946674896,26885.150548870377,26885.150548870377,268541779,False,nifty50.csv,2026-06-12T18:44:30,False
2024-09-14,27073.849344878152,27236.617978214093,27019.59313376617,27128.10555599013,27128.10555599013,160444453,False,nifty50.csv,2026-06-12T18:44:30,False
2024-09-15,27020.104888423943,27182.55040879523,26965.956381633518,27074.25339521437,27074.25339521437,281676056,False,nifty50.csv,2026-06-12T18:44:30,False
2024-09-16,27033.38640809496,27195.9117772819,26979.211285032645,27087.561531157276,27087.561531157276,167196045,False,nifty50.csv,2026-06-12T18:44:30,False
2024-09-17,27095.80792492353,27258.70857377077,27041.50770864112,27150.108141205947,27150.108141205947,200254111,False,nifty50.csv,2026-06-12T18:44:30,False
2024-09-18,26554.102116494025,26713.74601699399,26500.88748299404,26607.316749994014,26607.316749994014,224149770,False,nifty50.csv,2026-06-12T18:44:30,False
2024-09-19,26494.44345920396,26653.72869042162,26441.348382131404,26547.538536276512,26547.538536276512,237324860,False,nifty50.csv,2026-06-12T18:44:30,False
2024-09-20,26320.22751759606,26478.46535838321,26267.48157066701,26372.973464525112,26372.973464525112,168004438,False,nifty50.csv,2026-06-12T18:44:30,False
2024-09-21,26063.71490598554,26220.410586783048,26011.48301238637,26115.946799584708,26115.946799584708,331922068,False,nifty50.csv,2026-06-12T18:44:30,False
2024-09-22,25996.337783127085,26152.628391041675,25944.24091382222,26048.434652431948,26048.434652431948,178533675,False,nifty50.csv,2026-06-12T18:44:30,False
2024-09-23,26473.787746782316,26632.948795360164,26420.73406392303,26526.8414296416,26526.8414296416,151543812,False,nifty50.csv,2026-06-12T18:44:30,False
2024-09-24,26649.918525816192,26810.1384768732,26596.511875463853,26703.325176168528,26703.325176168528,164534056,False,nifty50.csv,2026-06-12T18:44:30,False
2024-09-25,26504.03184412684,26663.37472094524,26450.91755185404,26557.14613639964,26557.14613639964,232707002,False,nifty50.csv,2026-06-12T18:44:30,False
2024-09-26,26662.158014590223,26822.45154974808,26608.72683620427,26715.58919297617,26715.58919297617,191385470,False,nifty50.csv,2026-06-12T18:44:30,False
2024-09-27,27043.89737793983,27206.485939330247,26989.70119080969,27098.09356506997,27098.09356506997,307829976,False,nifty50.csv,2026-06-12T18:44:30,False
2024-09-28,27301.18954670827,27465.32495480471,27246.47774400945,27355.90134940708,27355.90134940708,251528552,False,nifty50.csv,2026-06-12T18:44:30,False
2024-09-29,27323.55473649733,27487.82460465263,27268.7981137789,27378.311359215764,27378.311359215764,181356085,False,nifty50.csv,2026-06-12T18:44:30,False
2024-09-30,27153.40183256491,27316.64873736991,27098.98619762991,27207.81746749991,27207.81746749991,258612041,False,nifty50.csv,2026-06-12T18:44:30,False
2024-10-01,27349.74300592925,27514.170318590142,27294.933901708944,27404.552110149543,27404.552110149543,284031186,False,nifty50.csv,2026-06-12T18:44:30,False
2024-10-02,27463.68397340833,27628.79630190577,27408.646530575847,27518.72141624081,27518.72141624081,196988351,False,nifty50.csv,2026-06-12T18:44:30,False
2024-10-03,27716.80877988536,27883.442900806516,27661.26407291164,27772.35348685908,27772.35348685908,308063875,False,nifty50.csv,2026-06-12T18:44:30,False
2024-10-04,27899.627159926244,28067.36038934464,27843.716083453448,27955.538236399043,27955.538236399043,316762688,False,nifty50.csv,2026-06-12T18:44:30,False
2024-10-05,28200.266137842616,28369.80681602604,28143.752578448144,28256.77969723709,28256.77969723709,221582311,False,nifty50.csv,2026-06-12T18:44:30,False
2024-10-06,28055.975126183377,28224.648323334783,27999.75072713291,28112.19952523385,28112.19952523385,225759563,False,nifty50.csv,2026-06-12T18:44:30,False
2024-10-07,28434.355929566875,28605.303961207555,28377.373252353314,28491.338606780435,28491.338606780435,331858709,False,nifty50.csv,2026-06-12T18:44:30,False
2024-10-08,28496.939310433758,28668.26359486522,28439.831215623268,28554.047405244244,28554.047405244244,225900629,False,nifty50.csv,2026-06-12T18:44:30,False
2024-10-09,29100.980290868058,29275.93608419993,29042.66169309077,29159.29888864535,29159.29888864535,223985777,False,nifty50.csv,2026-06-12T18:44:30,False
2024-10-10,28907.54244617249,29081.335286530244,28849.611499386578,28965.47339295841,28965.47339295841,333655342,False,nifty50.csv,2026-06-12T18:44:30,False
2024-10-11,29420.295118997696,29597.1706407552,29361.336611745195,29479.2536262502,29479.2536262502,216190032,False,nifty50.csv,2026-06-12T18:44:30,False
2024-10-12,29485.140281303367,29662.405653736056,29426.051823825805,29544.22873878093,29544.22873878093,256803292,False,nifty50.csv,2026-06-12T18:44:30,False
2024-10-13,29300.213423839235,29476.367011557708,29241.49556126641,29358.93128641206,29358.93128641206,198294317,False,nifty50.csv,2026-06-12T18:44:30,False
2024-10-14,29165.26670069,29340.608985463685,29106.8192724321,29223.714128947893,29223.714128947893,342107149,False,nifty50.csv,2026-06-12T18:44:30,False
2024-10-15,29078.45711216004,29253.27749559988,29020.183651013427,29136.730573306653,29136.730573306653,232226579,False,nifty50.csv,2026-06-12T18:44:30,False
2024-10-16,29208.560000616304,29384.16256575027,29150.025812238317,29267.09418899429,29267.09418899429,274994671,False,nifty50.csv,2026-06-12T18:44:30,False
2024-10-17,29368.20818079224,29544.77055462466,29309.354056181437,29427.062305403048,29427.062305403048,257229088,False,nifty50.csv,2026-06-12T18:44:30,False
2024-10-18,29206.704754266124,29382.296165614414,29148.17428381669,29265.235224715558,29265.235224715558,349433274,False,nifty50.csv,2026-06-12T18:44:30,False
2024-10-19,29206.091917617738,29381.679644577365,29147.562675297864,29264.62115993761,29264.62115993761,202139050,False,nifty50.csv,2026-06-12T18:44:30,False
2024-10-20,29845.156977942035,30024.586779412628,29785.3470441185,29904.966911765565,29904.966911765565,219058766,False,nifty50.csv,2026-06-12T18:44:30,False
2024-10-21,30371.98313426092,30554.580227252467,30311.117436597066,30432.848831924766,30432.848831924766,260187275,False,nifty50.csv,2026-06-12T18:44:30,False
2024-10-22,30511.5828076372,30695.019177222195,30450.43735110887,30572.728264165533,30572.728264165533,224614055,False,nifty50.csv,2026-06-12T18:44:30,False
2024-10-23,30529.974559510814,30713.52150075036,30468.792245764304,30591.15687325733,30591.15687325733,250588765,False,nifty50.csv,2026-06-12T18:44:30,False
2024-10-24,30573.44585445104,30757.254146161165,30512.176423881,30634.71528502108,30634.71528502108,301238821,False,nifty50.csv,2026-06-12T18:44:30,False
2024-10-25,30768.443170930957,30953.42379119707,30706.78296417558,30830.10337768633,30830.10337768633,304339970,False,nifty50.csv,2026-06-12T18:44:30,False
2024-10-26,30462.1286867704,30645.267736991464,30401.082336696712,30523.175036844088,30523.175036844088,210267675,False,nifty50.csv,2026-06-12T18:44:30,False
2024-10-27,30390.59019007943,30573.299149138023,30329.687203726564,30451.493176432294,30451.493176432294,218870233,False,nifty50.csv,2026-06-12T18:44:30,False
2024-10-28,29894.357478696136,30074.08307476044,29834.448946674704,29954.26601071757,29954.26601071757,265479645,False,nifty50.csv,2026-06-12T18:44:30,False
2024-10-29,30020.62194536336,30201.10664643769,29960.460378338583,30080.783512388138,30080.783512388138,178413964,False,nifty50.csv,2026-06-12T18:44:30,False
2024-10-30,30222.2698854918,30403.966898831437,30161.70421437859,30282.83555660501,30282.83555660501,273227084,False,nifty50.csv,2026-06-12T18:44:30,False
2024-10-31,30083.28688013303,30264.148324302165,30022.99973207665,30143.574028189407,30143.574028189407,244488385,False,nifty50.csv,2026-06-12T18:44:30,False
2024-11-01,30567.342331824657,30751.11392900997,30506.085132762884,30628.59953088643,30628.59953088643,193410212,False,nifty50.csv,2026-06-12T18:44:30,False
2024-11-02,30201.666389650465,30383.23953427762,30141.14200810808,30262.19077119285,30262.19077119285,241448240,False,nifty50.csv,2026-06-12T18:44:30,False
2024-11-03,29769.24803293124,29948.221467998967,29709.590221242,29828.905844620484,29828.905844620484,266017893,False,nifty50.csv,2026-06-12T18:44:30,False
2024-11-04,29842.781853244127,30022.19737540792,29782.976679189527,29902.587027298723,29902.587027298723,225495233,False,nifty50.csv,2026-06-12T18:44:30,False
2024-11-05,30163.6194016434,30344.9638068637,30103.171266569967,30224.067536716837,30224.067536716837,348889251,False,nifty50.csv,2026-06-12T18:44:30,False
2024-11-06,30682.6817334256,30867.14675386704,30621.193393278456,30744.170073572743,30744.170073572743,218967861,False,nifty50.csv,2026-06-12T18:44:30,False
2024-11-07,30549.00461233426,30732.665962709016,30487.784162209344,30610.22506245918,30610.22506245918,238866329,False,nifty50.csv,2026-06-12T18:44:30,False
2024-11-08,30887.18812501041,31072.88264279604,30825.2899524152,30949.08629760562,30949.08629760562,280310087,False,nifty50.csv,2026-06-12T18:44:30,False
2024-11-09,30882.16869362374,31067.83303446717,30820.28058000926,30944.056807238216,30944.056807238216,289193195,False,nifty50.csv,2026-06-12T18:44:30,False
2024-11-10,30835.765763662308,31021.151128974907,30773.97064189144,30897.560885433173,30897.560885433173,332212519,False,nifty50.csv,2026-06-12T18:44:30,False
2024-11-11,31116.38112246696,31303.45355406496,31054.023645267625,31178.73859966629,31178.73859966629,285647018,False,nifty50.csv,2026-06-12T18:44:30,False
2024-11-12,31326.995330588823,31515.33397987092,31264.215780828126,31389.774880349523,31389.774880349523,215026707,False,nifty50.csv,2026-06-12T18:44:30,False
2024-11-13,30843.895003540943,31029.329242039184,30782.0835907082,30905.70641637369,30905.70641637369,286338439,False,nifty50.csv,2026-06-12T18:44:30,False
2024-11-14,31309.66401340706,31497.898466393475,31246.91919574492,31372.4088310692,31372.4088310692,167298460,False,nifty50.csv,2026-06-12T18:44:30,False
2024-11-15,31751.827439077828,31942.720189212567,31688.19652236625,31815.458355789408,31815.458355789408,335949145,False,nifty50.csv,2026-06-12T18:44:30,False
2024-11-16,31560.843319394997,31750.58786840939,31497.59513639019,31624.09150239979,31624.09150239979,244770077,False,nifty50.csv,2026-06-12T18:44:30,False
2024-11-17,31693.062712784857,31883.60216797194,31629.54956105583,31756.575864513885,31756.575864513885,324685904,False,nifty50.csv,2026-06-12T18:44:30,False
2024-11-18,31857.11283141318,32048.638559858548,31793.27092193139,31920.95474089497,31920.95474089497,340468735,False,nifty50.csv,2026-06-12T18:44:30,False
2024-11-19,31947.373808076336,32139.44218768401,31883.35101487378,32011.39660127889,32011.39660127889,175653875,False,nifty50.csv,2026-06-12T18:44:30,False
2024-11-20,31779.120686000093,31970.17752379168,31715.435073402896,31842.806298597287,31842.806298597287,183993871,False,nifty50.csv,2026-06-12T18:44:30,False
2024-11-21,31573.426119836186,31763.246316949426,31510.15272079844,31636.69951887393,31636.69951887393,163657005,False,nifty50.csv,2026-06-12T18:44:30,False
2024-11-22,31572.38491657926,31762.198853953483,31509.113604121183,31635.656229037333,31635.656229037333,296223933,False,nifty50.csv,2026-06-12T18:44:30,False
2024-11-23,31951.933538698904,32144.029331516733,31887.901607759628,32015.96546963818,32015.96546963818,297216106,False,nifty50.csv,2026-06-12T18:44:30,False
2024-11-24,32133.24812217992,32326.433982633906,32068.85283536192,32197.643408997912,32197.643408997912,251927430,False,nifty50.csv,2026-06-12T18:44:30,False
2024-11-25,32021.50411783174,32214.01817064436,31957.332766894204,32085.67546876928,32085.67546876928,156767567,False,nifty50.csv,2026-06-12T18:44:30,False
2024-11-26,32276.75239049955,32470.80100206568,32212.069519977507,32341.435261021597,32341.435261021597,316159290,False,nifty50.csv,2026-06-12T18:44:30,False
2024-11-27,31377.289522451967,31565.930541625024,31314.409182727617,31440.16986217632,31440.16986217632,197645934,False,nifty50.csv,2026-06-12T18:44:30,False
2024-11-28,31746.88427918846,31937.74731092707,31683.263268608924,31810.505289768,31810.505289768,189314351,False,nifty50.csv,2026-06-12T18:44:30,False
2024-11-29,31206.30047595689,31393.913504870463,31143.762799652373,31268.838152261415,31268.838152261415,151894554,False,nifty50.csv,2026-06-12T18:44:30,False
2024-11-30,31100.321797262743,31287.297679811418,31037.996503079856,31162.64709144564,31162.64709144564,306850263,False,nifty50.csv,2026-06-12T18:44:30,False
2024-12-01,30760.888536681483,30945.823738304814,30699.243469473706,30822.53360388926,30822.53360388926,191159935,False,nifty50.csv,2026-06-12T18:44:30,False
2024-12-02,30371.95891230019,30554.55585966873,30311.093263177343,30432.82456142304,30432.82456142304,150947272,False,nifty50.csv,2026-06-12T18:44:30,False
2024-12-03,30733.41838728408,30918.18843770863,30671.82837047589,30795.008404092263,30795.008404092263,206062130,False,nifty50.csv,2026-06-12T18:44:30,False
2024-12-04,30596.82239677438,30780.771228819114,30535.50611942613,30658.138674122623,30658.138674122623,278960723,False,nifty50.csv,2026-06-12T18:44:30,False
2024-12-05,30709.859583517853,30894.48799784762,30648.316778741264,30771.40238829444,30771.40238829444,273381540,False,nifty50.csv,2026-06-12T18:44:30,False
2024-12-06,30702.28615100497,30886.869033676343,30640.758523447843,30763.813778562093,30763.813778562093,246060649,False,nifty50.csv,2026-06-12T18:44:30,False
2024-12-07,30855.96512071526,31041.47192504822,30794.12951927094,30917.80072215958,30917.80072215958,165942096,False,nifty50.csv,2026-06-12T18:44:30,False
2024-12-08,30886.55180154157,31072.242493735204,30824.65490414369,30948.448698939446,30948.448698939446,324116062,False,nifty50.csv,2026-06-12T18:44:30,False
2024-12-09,30499.598302380484,30682.96262083167,30438.47686289676,30560.719741864214,30560.719741864214,304114678,False,nifty50.csv,2026-06-12T18:44:30,False
2024-12-10,30811.831143942505,30997.072613745768,30750.08398734141,30873.57830054359,30873.57830054359,268152455,False,nifty50.csv,2026-06-12T18:44:30,False
2024-12-11,30666.895226882458,30851.26533846692,30605.43852302097,30728.351930743946,30728.351930743946,164058702,False,nifty50.csv,2026-06-12T18:44:30,False
2024-12-12,30199.95654223781,30381.519407221203,30139.435587243344,30260.477497232278,30260.477497232278,299842526,False,nifty50.csv,2026-06-12T18:44:30,False
2024-12-13,30077.6357343432,30258.463203687945,30017.35991122828,30137.911557458112,30137.911557458112,261289204,False,nifty50.csv,2026-06-12T18:44:30,False
2024-12-14,30539.2291134048,30722.83169324491,30478.0282534581,30600.429973351504,30600.429973351504,162613997,False,nifty50.csv,2026-06-12T18:44:30,False
2024-12-15,30806.84291878815,30992.054399261822,30745.105758630256,30868.58007894604,30868.58007894604,247835283,False,nifty50.csv,2026-06-12T18:44:30,False
2024-12-16,30706.45458647111,30891.062529876748,30644.9186053359,30767.990567606324,30767.990567606324,300354299,False,nifty50.csv,2026-06-12T18:44:30,False
2024-12-17,30606.208040786325,30790.213299548566,30544.87295453224,30667.543127040404,30667.543127040404,169398374,False,nifty50.csv,2026-06-12T18:44:30,False
2024-12-18,30514.716577592302,30698.17178747763,30453.56484096386,30575.868314220745,30575.868314220745,312535030,False,nifty50.csv,2026-06-12T18:44:30,False
2024-12-19,31161.991180769888,31349.33782113524,31099.542300648107,31224.440060891677,31224.440060891677,240029323,False,nifty50.csv,2026-06-12T18:44:30,False
2024-12-20,31288.200269367742,31476.305681808837,31225.49846522072,31350.90207351477,31350.90207351477,169215280,False,nifty50.csv,2026-06-12T18:44:30,False
2024-12-21,31430.03667554632,31618.99481187225,31367.050630104342,31493.022720988298,31493.022720988298,340304016,False,nifty50.csv,2026-06-12T18:44:30,False
2024-12-22,31762.597401855302,31953.554901265252,31698.94490205199,31826.249901658623,31826.249901658623,322002367,False,nifty50.csv,2026-06-12T18:44:30,False
2024-12-23,31845.620535809703,32037.077172297537,31781.801656980428,31909.439414638982,31909.439414638982,222555305,False,nifty50.csv,2026-06-12T18:44:30,False
2024-12-24,31770.303817575325,31961.307648141912,31706.63587405313,31833.97176109752,31833.97176109752,151998173,False,nifty50.csv,2026-06-12T18:44:30,False
2024-12-25,31715.041884648173,31905.71347914506,31651.484686482545,31778.5990828138,31778.5990828138,247081234,False,nifty50.csv,2026-06-12T18:44:30,False
2024-12-26,31699.395969512225,31889.973500391057,31635.870125885947,31762.921813138502,31762.921813138502,195516298,False,nifty50.csv,2026-06-12T18:44:30,False
2024-12-27,31694.652211878,31885.20122317185,31631.135874780048,31758.16854897595,31758.16854897595,319262177,False,nifty50.csv,2026-06-12T18:44:30,False
2024-12-28,31933.219293302333,32125.2025756268,31869.224865860844,31997.21372074382,31997.21372074382,186657073,False,nifty50.csv,2026-06-12T18:44:30,False
2024-12-29,31956.92323219829,32149.04902317343,31892.88130187324,32020.96516252333,32020.96516252333,327030214,False,nifty50.csv,2026-06-12T18:44:30,False
2024-12-30,32199.077744645147,32392.659374372477,32134.55053473604,32263.604954554256,32263.604954554256,250043115,False,nifty50.csv,2026-06-12T18:44:30,False
2024-12-31,32180.259573557043,32373.72806798725,32115.77007541364,32244.749071700444,32244.749071700444,335190969,False,nifty50.csv,2026-06-12T18:44:30,False
,32212.7430996696,32406.40688583996,32148.18850427948,32277.29769505972,32277.29769505972,329812129,False,nifty50.csv,2026-06-12T18:44:30,False
