nav_date,open,high,low,close,adj_close,volume,is_duplicate,_source_file,_ingested_at,_schema_valid
2022-01-01,17986.67629378529,18094.812624208847,17950.630850310772,18022.72173725981,18022.72173725981,310850682,False,nifty100.csv,2026-06-12T18:44:30,False
2022-01-02,17999.265845427755,18107.477864538545,17963.195172390828,18035.336518464686,18035.336518464686,285751955,False,nifty100.csv,2026-06-12T18:44:30,False
2022-01-03,18130.56223562672,18239.56361179281,18094.228443571355,18166.896027682084,18166.896027682084,229723877,False,nifty100.csv,2026-06-12T18:44:30,False
2022-01-04,18444.0524329122,18554.93851968321,18407.090403988528,18481.01446183587,18481.01446183587,170974295,False,nifty100.csv,2026-06-12T18:44:30,False
2022-01-05,18300.254970175723,18410.276543142714,18263.58111252006,18336.928827831387,18336.928827831387,315262217,False,nifty100.csv,2026-06-12T18:44:30,False
2022-01-06,18338.588069208938,18448.84010168915,18301.837391715533,18375.338746702346,18375.338746702346,202919199,False,nifty100.csv,2026-06-12T18:44:30,False
2022-01-07,18623.74160379424,18735.707986181784,18586.41947633173,18661.06373125676,18661.06373125676,332497843,False,nifty100.csv,2026-06-12T18:44:30,False
2022-01-08,18810.110677876382,18923.19751561913,18772.415065295478,18847.8062904573,18847.8062904573,154109070,False,nifty100.csv,2026-06-12T18:44:30,False
2022-01-09,18689.38107341561,18801.742081873024,18651.92740392981,18726.834742901417,18726.834742901417,245672804,False,nifty100.csv,2026-06-12T18:44:30,False
2022-01-10,18816.29429981028,18929.41831363679,18778.58629520144,18854.002304419115,18854.002304419115,278339027,False,nifty100.csv,2026-06-12T18:44:30,False
2022-01-11,18696.13209317677,18808.53368892733,18658.664894593247,18733.59929176029,18733.59929176029,302801154,False,nifty100.csv,2026-06-12T18:44:30,False
2022-01-12,18592.205621394667,18703.98240869764,18554.946692293677,18629.464550495657,18629.464550495657,189911037,False,nifty100.csv,2026-06-12T18:44:30,False
2022-01-13,18711.789106747277,18824.28483283994,18674.29053138305,18749.28768211149,18749.28768211149,326187384,False,nifty100.csv,2026-06-12T18:44:30,False
2022-01-14,18361.48699721437,18471.876698600438,18324.69043008569,18398.283564343063,18398.283564343063,279972007,False,nifty100.csv,2026-06-12T18:44:30,False
2022-01-15,18065.699373573934,18174.31079265354,18029.495567214068,18101.903179933804,18101.903179933804,159622823,False,nifty100.csv,2026-06-12T18:44:30,False
2022-01-16,18001.719608997282,18109.946380193654,17965.64401859849,18037.795199396078,18037.795199396078,187392619,False,nifty100.csv,2026-06-12T18:44:30,False
2022-01-17,17845.638748961894,17952.927158274288,17809.875945857762,17881.401552066025,17881.401552066025,271841719,False,nifty100.csv,2026-06-12T18:44:30,False
2022-01-18,17910.180929632108,18017.85736808681,17874.28878348054,17946.073075783675,17946.073075783675,281303318,False,nifty100.csv,2026-06-12T18:44:30,False
2022-01-19,17768.51657240075,17875.34132133302,17732.90832275666,17804.12482204484,17804.12482204484,234924298,False,nifty100.csv,2026-06-12T18:44:30,False
2022-01-20,17612.370660970602,17718.25665692834,17577.075328984687,17647.665992956514,17647.665992956514,209072621,False,nifty100.csv,2026-06-12T18:44:30,False
2022-01-21,17869.251554035556,17976.6819240999,17833.441430680778,17905.06167739034,17905.06167739034,173969983,False,nifty100.csv,2026-06-12T18:44:30,False
2022-01-22,17841.018809464604,17948.279443589643,17805.265264756257,17876.77235417295,17876.77235417295,288327132,False,nifty100.csv,2026-06-12T18:44:30,False
2022-01-23,17894.331734554937,18001.912887267692,17858.47135031735,17930.19211879252,17930.19211879252,343299293,False,nifty100.csv,2026-06-12T18:44:30,False
2022-01-24,17689.17110407202,17795.518826140586,17653.721863382496,17724.62034476154,17724.62034476154,238136247,False,nifty100.csv,2026-06-12T18:44:30,False
2022-01-25,17640.74130871468,17746.79786968892,17605.389121723267,17676.093495706093,17676.093495706093,170096059,False,nifty100.csv,2026-06-12T18:44:30,False
2022-01-26,17686.47788592364,17792.809416299933,17651.034042464875,17721.921729382404,17721.921729382404,210637833,False,nifty100.csv,2026-06-12T18:44:30,False
2022-01-27,17452.402393338718,17557.326656224523,17417.42763904345,17487.377147633986,17487.377147633986,177758630,False,nifty100.csv,2026-06-12T18:44:30,False
2022-01-28,17577.872281919994,17683.55087279326,17542.646084962238,17613.09847887775,17613.09847887775,333909424,False,nifty100.csv,2026-06-12T18:44:30,False
2022-01-29,17438.922102615554,17543.765321669354,17403.974362930956,17473.869842300155,17473.869842300155,326938403,False,nifty100.csv,2026-06-12T18:44:30,False
2022-01-30,17403.64144278492,17508.272553663388,17368.76440582543,17438.51847974441,17438.51847974441,150278495,False,nifty100.csv,2026-06-12T18:44:30,False
2022-01-31,17279.364079606155,17383.248031988558,17244.736095478685,17313.99206373362,17313.99206373362,312664483,False,nifty100.csv,2026-06-12T18:44:30,False
2022-02-01,17597.711552322486,17703.50941736651,17562.44559730781,17632.97750733716,17632.97750733716,248814052,False,nifty100.csv,2026-06-12T18:44:30,False
2022-02-02,17610.970613753118,17716.84819259332,17575.67808747305,17646.263140033185,17646.263140033185,343769241,False,nifty100.csv,2026-06-12T18:44:30,False
2022-02-03,17444.54823472661,17549.425278221963,17409.58922022816,17479.507249225062,17479.507249225062,249806723,False,nifty100.csv,2026-06-12T18:44:30,False
2022-02-04,17604.57732453493,17710.4164667666,17569.297610457706,17639.857038612154,17639.857038612154,244153950,False,nifty100.csv,2026-06-12T18:44:30,False
2022-02-05,17455.19190018752,17560.132933655583,17420.21155569817,17490.172244676876,17490.172244676876,265119441,False,nifty100.csv,2026-06-12T18:44:30,False
2022-02-06,17510.798249779036,17616.07358995807,17475.706469719356,17545.890029838713,17545.890029838713,279472447,False,nifty100.csv,2026-06-12T18:44:30,False
2022-02-07,17173.342288602908,17276.588835428178,17138.926772994484,17207.75780421133,17207.75780421133,210043429,False,nifty100.csv,2026-06-12T18:44:30,False
2022-02-08,16987.738420731755,17089.86911263996,16953.69485676235,17021.781984701156,17021.781984701156,278528254,False,nifty100.csv,2026-06-12T18:44:30,False
2022-02-09,17064.824273740593,17167.418407650857,17030.62622910384,17099.02231837735,17099.02231837735,241766135,False,nifty100.csv,2026-06-12T18:44:30,False
2022-02-10,17150.795588051256,17253.906583570602,17116.425256211474,17185.16591989104,17185.16591989104,236916566,False,nifty100.csv,2026-06-12T18:44:30,False
2022-02-11,17204.03581475086,17307.46689179345,17169.558789069994,17238.512840431722,17238.512840431722,304974997,False,nifty100.csv,2026-06-12T18:44:30,False
2022-02-12,17212.52253977458,17316.004639212104,17178.028506628743,17247.016572920424,17247.016572920424,222216606,False,nifty100.csv,2026-06-12T18:44:30,False
2022-02-13,17155.61331980969,17258.753279648226,17121.233333196848,17189.993306422537,17189.993306422537,232358282,False,nifty100.csv,2026-06-12T18:44:30,False
2022-02-14,16959.103134027966,17061.061669903884,16925.11695540266,16993.089312653272,16993.089312653272,153901403,False,nifty100.csv,2026-06-12T18:44:30,False
2022-02-15,16838.75174264459,16939.98672306129,16805.006749172357,16872.496736116824,16872.496736116824,283061821,False,nifty100.csv,2026-06-12T18:44:30,False
2022-02-16,16770.97526441851,16871.80277101822,16737.366095551937,16804.58443328508,16804.58443328508,202177348,False,nifty100.csv,2026-06-12T18:44:30,False
2022-02-17,16943.704223311684,17045.570180566065,16909.748904226894,16977.65954239648,16977.65954239648,326076991,False,nifty100.csv,2026-06-12T18:44:30,False
2022-02-18,17005.316111622786,17107.55248103134,16971.237321819932,17039.394901425636,17039.394901425636,228164453,False,nifty100.csv,2026-06-12T18:44:30,False
2022-02-19,16681.45908314196,16781.748416307142,16648.029305420234,16714.888860863688,16714.888860863688,281237129,False,nifty100.csv,2026-06-12T18:44:30,False
2022-02-20,16690.49573640591,16790.83939814783,16657.047849158604,16723.943623653216,16723.943623653216,173659943,False,nifty100.csv,2026-06-12T18:44:30,False
2022-02-21,16684.32861225147,16784.635197094663,16650.893083970404,16717.764140532534,16717.764140532534,231942765,False,nifty100.csv,2026-06-12T18:44:30,False
2022-02-22,16549.92911744338,16649.427689291737,16516.76292682726,16583.0953080595,16583.0953080595,163490091,False,nifty100.csv,2026-06-12T18:44:30,False
2022-02-23,16620.462459782582,16720.385079781277,16587.154919783017,16653.769999782147,16653.769999782147,251534831,False,nifty100.csv,2026-06-12T18:44:30,False
2022-02-24,16721.317987147366,16821.846953001957,16687.8083318625,16754.82764243223,16754.82764243223,151742166,False,nifty100.csv,2026-06-12T18:44:30,False
2022-02-25,16857.078755613995,16958.4239184734,16823.29703466086,16890.86047656713,16890.86047656713,234921488,False,nifty100.csv,2026-06-12T18:44:30,False
2022-02-26,16678.903201970712,16779.17716911683,16645.478546255337,16712.327857686083,16712.327857686083,168238528,False,nifty100.csv,2026-06-12T18:44:30,False
2022-02-27,16686.719124252853,16787.040080911687,16653.278805366575,16720.15944313913,16720.15944313913,244850294,False,nifty100.csv,2026-06-12T18:44:30,False
2022-02-28,16778.532588247836,16879.405529660147,16744.90827444373,16812.15690205194,16812.15690205194,238940009,False,nifty100.csv,2026-06-12T18:44:30,False
2022-03-01,16920.440724959793,17022.16682150264,16886.532026112178,16954.34942380741,16954.34942380741,192439480,False,nifty100.csv,2026-06-12T18:44:30,False
2022-03-02,16920.73847693641,17022.4663635713,16886.829181391447,16954.647772481374,16954.647772481374,268912438,False,nifty100.csv,2026-06-12T18:44:30,False
2022-03-03,16926.92319901874,17028.688268351518,16893.001509241145,16960.84488879633,16960.84488879633,287091252,False,nifty100.csv,2026-06-12T18:44:30,False
2022-03-04,16737.44069660532,16838.066592576895,16703.89873128146,16770.982661929178,16770.982661929178,337291831,False,nifty100.csv,2026-06-12T18:44:30,False
2022-03-05,16464.10904437659,16563.09166388186,16431.114837874833,16497.103250878346,16497.103250878346,239899784,False,nifty100.csv,2026-06-12T18:44:30,False
2022-03-06,16675.41847404412,16775.67149092214,16642.00080175145,16708.836146336795,16708.836146336795,163855509,False,nifty100.csv,2026-06-12T18:44:30,False
2022-03-07,16855.766761073814,16957.10403619049,16821.987669368253,16889.54585277937,16889.54585277937,311087372,False,nifty100.csv,2026-06-12T18:44:30,False
2022-03-08,16792.696366589596,16893.65446097791,16759.04366846016,16826.349064719034,16826.349064719034,298444248,False,nifty100.csv,2026-06-12T18:44:30,False
2022-03-09,16997.134611047815,17099.32179307816,16963.072217037698,17031.19700505793,17031.19700505793,200627247,False,nifty100.csv,2026-06-12T18:44:30,False
2022-03-10,17144.459676479073,17247.532580345684,17110.10204185687,17178.817311101277,17178.817311101277,331300594,False,nifty100.csv,2026-06-12T18:44:30,False
2022-03-11,17087.356070237547,17190.085665850198,17053.1128717,17121.5992687751,17121.5992687751,266175783,False,nifty100.csv,2026-06-12T18:44:30,False
2022-03-12,17171.204686212153,17274.438381720443,17136.793454376057,17205.61591804825,17205.61591804825,318370064,False,nifty100.csv,2026-06-12T18:44:30,False
2022-03-13,17456.662015135807,17561.61188697029,17421.67872452431,17491.6453057473,17491.6453057473,200448489,False,nifty100.csv,2026-06-12T18:44:30,False
2022-03-14,17484.23726631561,17589.35292122332,17449.198714679704,17519.27581795151,17519.27581795151,155907726,False,nifty100.csv,2026-06-12T18:44:30,False
2022-03-15,17785.34347678461,17892.26938947069,17749.70150588925,17820.98544767997,17820.98544767997,343107918,False,nifty100.csv,2026-06-12T18:44:30,False
2022-03-16,17348.256192063083,17452.5543254823,17313.49014759001,17383.022236536155,17383.022236536155,313306302,False,nifty100.csv,2026-06-12T18:44:30,False
2022-03-17,17496.226160365775,17601.413892792825,17461.163582890094,17531.28873784146,17531.28873784146,155826038,False,nifty100.csv,2026-06-12T18:44:30,False
2022-03-18,17513.025635814694,17618.314367092138,17477.929392055546,17548.121879573842,17548.121879573842,268575782,False,nifty100.csv,2026-06-12T18:44:30,False
2022-03-19,17439.635139767885,17544.48264561819,17404.685971151113,17474.584308384652,17474.584308384652,150237068,False,nifty100.csv,2026-06-12T18:44:30,False
2022-03-20,17449.612298144057,17554.519786910452,17414.643135221922,17484.581461066187,17484.581461066187,215113119,False,nifty100.csv,2026-06-12T18:44:30,False
2022-03-21,17059.402662645025,17161.964201699004,17025.215482960368,17093.589842329686,17093.589842329686,212359944,False,nifty100.csv,2026-06-12T18:44:30,False
2022-03-22,17023.321613669454,17125.66623258931,16989.20674069617,17057.43648664274,17057.43648664274,162537895,False,nifty100.csv,2026-06-12T18:44:30,False
2022-03-23,17053.371211082365,17155.896488904506,17019.196118474985,17087.546303689745,17087.546303689745,217960025,False,nifty100.csv,2026-06-12T18:44:30,False
2022-03-24,17268.194991374883,17372.011794930244,17233.589390189765,17302.800592560005,17302.800592560005,182927450,False,nifty100.csv,2026-06-12T18:44:30,False
2022-03-25,17190.837188772097,17294.1889153579,17156.386613243496,17225.287764300698,17225.287764300698,247754068,False,nifty100.csv,2026-06-12T18:44:30,False
2022-03-26,17106.432227747155,17209.276509677497,17072.15080043704,17140.71365505727,17140.71365505727,293311692,False,nifty100.csv,2026-06-12T18:44:30,False
2022-03-27,17057.601979963216,17160.152693269607,17023.418408861085,17091.785551065346,17091.785551065346,283380296,False,nifty100.csv,2026-06-12T18:44:30,False
2022-03-28,17161.574882110057,17264.750683004506,17127.182948478574,17195.96681574154,17195.96681574154,346197803,False,nifty100.csv,2026-06-12T18:44:30,False
2022-03-29,17187.055372181323,17290.384362394838,17152.612375443485,17221.49836891916,17221.49836891916,260511314,False,nifty100.csv,2026-06-12T18:44:30,False
2022-03-30,17134.058036705403,17237.06840566355,17099.721247052687,17168.39482635812,17168.39482635812,292088635,False,nifty100.csv,2026-06-12T18:44:30,False
2022-03-31,17190.798852935015,17294.150349044845,17156.34835423174,17225.249351638293,17225.249351638293,286600593,False,nifty100.csv,2026-06-12T18:44:30,False
2022-04-01,17203.448360918417,17306.875906174442,17168.972512499742,17237.924209337092,17237.924209337092,217573174,False,nifty100.csv,2026-06-12T18:44:30,False
2022-04-02,17390.574681454258,17495.127234649375,17355.72383038922,17425.425532519297,17425.425532519297,197376166,False,nifty100.csv,2026-06-12T18:44:30,False
2022-04-03,17242.07274645531,17345.732502446022,17207.519494458407,17276.625998452215,17276.625998452215,220823619,False,nifty100.csv,2026-06-12T18:44:30,False
2022-04-04,17194.375188106365,17297.74818522925,17159.917522398737,17228.832853813994,17228.832853813994,326718010,False,nifty100.csv,2026-06-12T18:44:30,False
2022-04-05,17086.96997301843,17189.697247405315,17052.727548222803,17121.21239781406,17121.21239781406,203459288,False,nifty100.csv,2026-06-12T18:44:30,False
2022-04-06,16827.395521112583,16928.56222765234,16793.67328559933,16861.117756625834,16861.117756625834,209488479,False,nifty100.csv,2026-06-12T18:44:30,False
2022-04-07,16890.946945289023,16992.495724519216,16857.09735221229,16924.796538365754,16924.796538365754,154303677,False,nifty100.csv,2026-06-12T18:44:30,False
2022-04-08,16884.521805127955,16986.03195626099,16850.68508808361,16918.3585221723,16918.3585221723,271539047,False,nifty100.csv,2026-06-12T18:44:30,False
2022-04-09,16904.083030313464,17005.710784002724,16870.207112417047,16937.958948209885,16937.958948209885,188307724,False,nifty100.csv,2026-06-12T18:44:30,False
2022-04-10,16868.506681026865,16969.92054884867,16834.7020584196,16902.311303634135,16902.311303634135,213925100,False,nifty100.csv,2026-06-12T18:44:30,False
2022-04-11,16658.2967427888,16758.446823406768,16624.91338258281,16691.68010299479,16691.68010299479,209892560,False,nifty100.csv,2026-06-12T18:44:30,False
2022-04-12,16600.998902749714,16700.804507375462,16567.730367874465,16634.267437624963,16634.267437624963,173005168,False,nifty100.csv,2026-06-12T18:44:30,False
2022-04-13,16594.14770363271,16693.91211868461,16560.892898615406,16627.402508650008,16627.402508650008,193586949,False,nifty100.csv,2026-06-12T18:44:30,False
2022-04-14,16472.102221806617,16571.13289648682,16439.09199691322,16505.11244670002,16505.11244670002,172451154,False,nifty100.csv,2026-06-12T18:44:30,False
2022-04-15,16435.839456548307,16534.652118611724,16402.90190252717,16468.777010569447,16468.777010569447,222217592,False,nifty100.csv,2026-06-12T18:44:30,False
2022-04-16,16508.88241809052,16608.134216195274,16475.79848538894,16541.966350792107,16541.966350792107,205392443,False,nifty100.csv,2026-06-12T18:44:30,False
2022-04-17,16838.96505832715,16940.201321202865,16805.219637368577,16872.71047928572,16872.71047928572,234805214,False,nifty100.csv,2026-06-12T18:44:30,False
2022-04-18,16873.339912325257,16974.78283764986,16839.525603883725,16907.15422076679,16907.15422076679,269296309,False,nifty100.csv,2026-06-12T18:44:30,False
2022-04-19,16921.26035587824,17022.991380061874,16887.350014483694,16955.170697272784,16955.170697272784,331791875,False,nifty100.csv,2026-06-12T18:44:30,False
2022-04-20,16889.219831777376,16990.758227559607,16855.373699849966,16923.065963704787,16923.065963704787,290597243,False,nifty100.csv,2026-06-12T18:44:30,False
2022-04-21,16556.58053883601,16656.119099189735,16523.4010187181,16589.760058953918,16589.760058953918,307484703,False,nifty100.csv,2026-06-12T18:44:30,False
2022-04-22,16509.960527404757,16609.218807128633,16476.874434163463,16543.046620646048,16543.046620646048,276340282,False,nifty100.csv,2026-06-12T18:44:30,False
2022-04-23,16581.157342682807,16680.843659372284,16547.92857045298,16614.38611491263,16614.38611491263,219679589,False,nifty100.csv,2026-06-12T18:44:30,False
2022-04-24,16948.217750266405,17050.110842953378,16914.253386037417,16982.182114495397,16982.182114495397,178576958,False,nifty100.csv,2026-06-12T18:44:30,False
2022-04-25,16896.895271836605,16998.47981254905,16863.03375826579,16930.75678540742,16930.75678540742,185980709,False,nifty100.csv,2026-06-12T18:44:30,False
2022-04-26,16926.605242590344,17028.36840036143,16892.68418999998,16960.526295180705,16960.526295180705,331262455,False,nifty100.csv,2026-06-12T18:44:30,False
2022-04-27,16954.92876820407,17056.862207692273,16920.95095504134,16988.906581366806,16988.906581366806,323097012,False,nifty100.csv,2026-06-12T18:44:30,False
2022-04-28,16755.889376141444,16856.626186018046,16722.31043951591,16789.468312766978,16789.468312766978,273021021,False,nifty100.csv,2026-06-12T18:44:30,False
2022-04-29,16990.657834694688,17092.806078189846,16956.608420196302,17024.707249193074,17024.707249193074,329361218,False,nifty100.csv,2026-06-12T18:44:30,False
2022-04-30,17097.35173236108,17200.14142213479,17063.08850243651,17131.61496228565,17131.61496228565,284045083,False,nifty100.csv,2026-06-12T18:44:30,False
2022-05-01,17243.962813791655,17347.633932912646,17209.40577408466,17278.519853498652,17278.519853498652,285535349,False,nifty100.csv,2026-06-12T18:44:30,False
2022-05-02,17066.52593931116,17169.130303675756,17032.32448452296,17100.72739409936,17100.72739409936,206740577,False,nifty100.csv,2026-06-12T18:44:30,False
2022-05-03,17380.8041698149,17485.297982459077,17345.97289893351,17415.635440696293,17415.635440696293,271078479,False,nifty100.csv,2026-06-12T18:44:30,False
2022-05-04,17107.144291317032,17209.99285419068,17072.86143702582,17141.42714560825,17141.42714560825,303362837,False,nifty100.csv,2026-06-12T18:44:30,False
2022-05-05,17220.406756923665,17323.936256464287,17185.896923743458,17254.916590103872,17254.916590103872,327601119,False,nifty100.csv,2026-06-12T18:44:30,False
2022-05-06,17620.34145248027,17726.275369028244,17585.030146964276,17655.65275799626,17655.65275799626,210619173,False,nifty100.csv,2026-06-12T18:44:30,False
2022-05-07,17468.537517832083,17573.55878547436,17433.530428617993,17503.544607046177,17503.544607046177,289270855,False,nifty100.csv,2026-06-12T18:44:30,False
2022-05-08,17369.47204387962,17473.89772751016,17334.66348266944,17404.2806050898,17404.2806050898,187625927,False,nifty100.csv,2026-06-12T18:44:30,False
2022-05-09,17385.971448122895,17490.496326568526,17351.12982197435,17420.81307427144,17420.81307427144,227314232,False,nifty100.csv,2026-06-12T18:44:30,False
2022-05-10,17305.90856310958,17409.952101565148,17271.22738362439,17340.58974259477,17340.58974259477,303085957,False,nifty100.csv,2026-06-12T18:44:30,False
2022-05-11,17043.862369840797,17146.33048028072,17009.706333027487,17078.018406654104,17078.018406654104,162019231,False,nifty100.csv,2026-06-12T18:44:30,False
2022-05-12,17092.014854709367,17194.772459046297,17057.762319930393,17126.267389488345,17126.267389488345,155991305,False,nifty100.csv,2026-06-12T18:44:30,False
2022-05-13,16993.499857531395,17095.66518733619,16959.444747596463,17027.554967466327,17027.554967466327,231540863,False,nifty100.csv,2026-06-12T18:44:30,False
2022-05-14,17057.567291589363,17160.117796348415,17023.383790003012,17091.750793175714,17091.750793175714,255300666,False,nifty100.csv,2026-06-12T18:44:30,False
2022-05-15,16862.44428702594,16963.821707589224,16828.651813504846,16896.236760547035,16896.236760547035,257289675,False,nifty100.csv,2026-06-12T18:44:30,False
2022-05-16,17121.479897290697,17224.414646172205,17087.168314330193,17155.7914802512,17155.7914802512,330233018,False,nifty100.csv,2026-06-12T18:44:30,False
2022-05-17,17081.955936116945,17184.6530659934,17047.72355949146,17116.18831274243,17116.18831274243,290105502,False,nifty100.csv,2026-06-12T18:44:30,False
2022-05-18,17004.846927606846,17107.080476269814,16970.769078052526,17038.92477716117,17038.92477716117,196055772,False,nifty100.csv,2026-06-12T18:44:30,False
2022-05-19,17200.937715743967,17304.350166940825,17166.466898678347,17235.408532809586,17235.408532809586,347252350,False,nifty100.csv,2026-06-12T18:44:30,False
2022-05-20,17055.474321139864,17158.01224291024,17021.29501388307,17089.653628396656,17089.653628396656,258015428,False,nifty100.csv,2026-06-12T18:44:30,False
2022-05-21,17078.663251109432,17181.340585284437,17044.437473051097,17112.889029167767,17112.889029167767,258393598,False,nifty100.csv,2026-06-12T18:44:30,False
2022-05-22,17322.450833772204,17426.593824756805,17287.736503444,17357.165164100403,17357.165164100403,291752232,False,nifty100.csv,2026-06-12T18:44:30,False
2022-05-23,17111.003614508783,17213.875379726273,17076.713026102956,17145.294202914614,17145.294202914614,161364638,False,nifty100.csv,2026-06-12T18:44:30,False
2022-05-24,17133.025450518806,17236.02961154397,17098.690730177084,17167.360170860527,17167.360170860527,281887869,False,nifty100.csv,2026-06-12T18:44:30,False
2022-05-25,17173.729460850092,17276.97833536422,17139.313169345383,17208.1457523548,17208.1457523548,236217428,False,nifty100.csv,2026-06-12T18:44:30,False
2022-05-26,17289.794375262827,17393.741034833547,17255.145488739254,17324.4432617864,17324.4432617864,244287443,False,nifty100.csv,2026-06-12T18:44:30,False
2022-05-27,17050.954140047135,17153.464886380083,17016.783891269486,17085.124388824785,17085.124388824785,263529214,False,nifty100.csv,2026-06-12T18:44:30,False
2022-05-28,16813.882030502293,16914.967493611523,16780.18687613255,16847.577184872036,16847.577184872036,206896917,False,nifty100.csv,2026-06-12T18:44:30,False
2022-05-29,16862.892325228902,16964.272439408633,16829.09895383566,16896.685696622146,16896.685696622146,157199107,False,nifty100.csv,2026-06-12T18:44:30,False
2022-05-30,16917.10053538515,17018.806550627945,16883.198530304217,16951.00254046608,16951.00254046608,152806284,False,nifty100.csv,2026-06-12T18:44:30,False
2022-05-31,16936.63102929662,17038.454462338483,16902.689884949334,16970.572173643908,16970.572173643908,312270121,False,nifty100.csv,2026-06-12T18:44:30,False
2022-06-01,17006.071497696063,17108.312408503854,16971.991194093465,17040.15180129866,17040.15180129866,332943345,False,nifty100.csv,2026-06-12T18:44:30,False
2022-06-02,16844.78655395629,16946.057815803724,16811.029466673812,16878.543641238768,16878.543641238768,160002707,False,nifty100.csv,2026-06-12T18:44:30,False
2022-06-03,16898.197324861776,16999.78969354832,16864.33320196626,16932.06144775729,16932.06144775729,156572531,False,nifty100.csv,2026-06-12T18:44:30,False
2022-06-04,16978.85888065606,17080.936188555792,16944.833111356147,17012.88464995597,17012.88464995597,151141452,False,nifty100.csv,2026-06-12T18:44:30,False
2022-06-05,16797.53351515946,16898.5206906013,16763.871123345514,16831.195906973408,16831.195906973408,341365456,False,nifty100.csv,2026-06-12T18:44:30,False
2022-06-06,17124.19247574821,17227.143532716636,17089.875456758735,17158.509494737686,17158.509494737686,266172725,False,nifty100.csv,2026-06-12T18:44:30,False
2022-06-07,17249.963634035208,17353.67083023181,17215.39456863634,17284.532699434076,17284.532699434076,216014115,False,nifty100.csv,2026-06-12T18:44:30,False
2022-06-08,17012.68631703631,17114.966996297047,16978.59275728273,17046.77987678989,17046.77987678989,239436640,False,nifty100.csv,2026-06-12T18:44:30,False
2022-06-09,17183.560398479443,17286.868376827017,17149.12440569692,17217.996391261968,17217.996391261968,316298510,False,nifty100.csv,2026-06-12T18:44:30,False
2022-06-10,17038.3435437152,17140.77847483974,17004.198566673687,17072.488520756713,17072.488520756713,201562444,False,nifty100.csv,2026-06-12T18:44:30,False
2022-06-11,17150.16841930965,17253.275644275443,17115.799344321054,17184.53749429825,17184.53749429825,284331664,False,nifty100.csv,2026-06-12T18:44:30,False
2022-06-12,17348.09089444788,17452.38803409386,17313.32518123255,17382.856607663205,17382.856607663205,338759959,False,nifty100.csv,2026-06-12T18:44:30,False
2022-06-13,17232.240021442016,17335.84066285349,17197.706474304858,17266.773568579174,17266.773568579174,346450289,False,nifty100.csv,2026-06-12T18:44:30,False
2022-06-14,17402.35597501566,17506.979357630986,17367.481514143885,17437.230435887435,17437.230435887435,197257306,False,nifty100.csv,2026-06-12T18:44:30,False
2022-06-15,17495.683192460096,17600.867660551037,17460.62170309645,17530.744681823744,17530.744681823744,322052588,False,nifty100.csv,2026-06-12T18:44:30,False
2022-06-16,17608.98814825326,17714.8538084632,17573.699594849943,17644.27670165657,17644.27670165657,180776598,False,nifty100.csv,2026-06-12T18:44:30,False
2022-06-17,17949.572003542533,18057.485262080867,17913.60091736309,17985.543089721978,17985.543089721978,328073261,False,nifty100.csv,2026-06-12T18:44:30,False
2022-06-18,17860.283072826063,17967.659524165698,17824.49092237952,17896.075223272608,17896.075223272608,236075143,False,nifty100.csv,2026-06-12T18:44:30,False
2022-06-19,17729.017203601,17835.604481378163,17693.488111008613,17764.546296193388,17764.546296193388,303814126,False,nifty100.csv,2026-06-12T18:44:30,False
2022-06-20,17547.61259646928,17653.10926538593,17512.44704016373,17582.77815277483,17582.77815277483,293600314,False,nifty100.csv,2026-06-12T18:44:30,False
2022-06-21,17386.43828239081,17490.965967455282,17351.59572070265,17421.280844078967,17421.280844078967,267887756,False,nifty100.csv,2026-06-12T18:44:30,False
2022-06-22,17420.120779260673,17524.85096430633,17385.21071757879,17455.03084094256,17455.03084094256,281293094,False,nifty100.csv,2026-06-12T18:44:30,False
2022-06-23,17520.508126376615,17625.841842567253,17485.396887646402,17555.619365106828,17555.619365106828,177639012,False,nifty100.csv,2026-06-12T18:44:30,False
2022-06-24,17593.456462651076,17699.228745993667,17558.199034870213,17628.71389043194,17628.71389043194,273692528,False,nifty100.csv,2026-06-12T18:44:30,False
2022-06-25,17702.236292276513,17808.66256257076,17666.7608688451,17737.71171570793,17737.71171570793,246706715,False,nifty100.csv,2026-06-12T18:44:30,False
2022-06-26,17697.439416226916,17803.836847586997,17661.973605773554,17732.905226680276,17732.905226680276,195422040,False,nifty100.csv,2026-06-12T18:44:30,False
2022-06-27,17998.885605205407,18107.09533830283,17962.815694172932,18034.95551623788,18034.95551623788,214374460,False,nifty100.csv,2026-06-12T18:44:30,False
2022-06-28,17961.479467604677,18069.4643141033,17925.484518771802,17997.47441643755,17997.47441643755,276668047,False,nifty100.csv,2026-06-12T18:44:30,False
2022-06-29,18536.350839550934,18647.791826562265,18499.203843880496,18573.49783522138,18573.49783522138,194772085,False,nifty100.csv,2026-06-12T18:44:30,False
2022-06-30,18669.27568125688,18781.515815613137,18631.86230313813,18706.689059375632,18706.689059375632,205500286,False,nifty100.csv,2026-06-12T18:44:30,False
2022-07-01,18524.46708999277,18635.836631615974,18487.3439094517,18561.59027053384,18561.59027053384,297792784,False,nifty100.csv,2026-06-12T18:44:30,False
2022-07-02,18324.03776741217,18434.20232312808,18287.3162488402,18360.75928598414,18360.75928598414,221224605,False,nifty100.csv,2026-06-12T18:44:30,False
2022-07-03,18420.034867132494,18530.776559720467,18383.12096960317,18456.948764661814,18456.948764661814,233532383,False,nifty100.csv,2026-06-12T18:44:30,False
2022-07-04,18378.413401149453,18488.904864483015,18341.5829133716,18415.243888927307,18415.243888927307,153457521,False,nifty100.csv,2026-06-12T18:44:30,False
2022-07-05,18537.845188547937,18649.29515962137,18500.69519819013,18574.99517890575,18574.99517890575,248207452,False,nifty100.csv,2026-06-12T18:44:30,False
2022-07-06,18663.82362330268,18776.0309797554,18626.42117115177,18701.226075453586,18701.226075453586,238570093,False,nifty100.csv,2026-06-12T18:44:30,False
2022-07-07,18625.66514003879,18737.64308677249,18588.33915779422,18662.991122283354,18662.991122283354,214652381,False,nifty100.csv,2026-06-12T18:44:30,False
2022-07-08,18427.129188824445,18537.913532645038,18390.201074217584,18464.05730343131,18464.05730343131,314015441,False,nifty100.csv,2026-06-12T18:44:30,False
2022-07-09,18093.55323035407,18202.33210749047,18057.293604641935,18129.812856066204,18129.812856066204,346315916,False,nifty100.csv,2026-06-12T18:44:30,False
2022-07-10,18036.94144045267,18145.37996614677,18000.795265221303,18073.08761568404,18073.08761568404,280840532,False,nifty100.csv,2026-06-12T18:44:30,False
2022-07-11,18153.260878543475,18262.398719496643,18116.881598225755,18189.6401588612,18189.6401588612,205376477,False,nifty100.csv,2026-06-12T18:44:30,False
2022-07-12,18117.8083570608,18226.733056602247,18081.50012388032,18154.116590241283,18154.116590241283,222792724,False,nifty100.csv,2026-06-12T18:44:30,False
2022-07-13,17915.95357754679,18023.66472129957,17880.04986296253,17951.85729213105,17951.85729213105,345217007,False,nifty100.csv,2026-06-12T18:44:30,False
2022-07-14,18039.80978649324,18148.26555675272,18003.657863073415,18075.961709913063,18075.961709913063,269879222,False,nifty100.csv,2026-06-12T18:44:30,False
2022-07-15,18112.02738221139,18220.91732639302,18075.73073415084,18148.32403027193,18148.32403027193,242773200,False,nifty100.csv,2026-06-12T18:44:30,False
2022-07-16,17989.966763086664,18098.122875890796,17953.91472548529,18026.01880068804,18026.01880068804,195444007,False,nifty100.csv,2026-06-12T18:44:30,False
2022-07-17,18024.190255296857,18132.55212055916,17988.069633542753,18060.31087705096,18060.31087705096,318539602,False,nifty100.csv,2026-06-12T18:44:30,False
2022-07-18,18035.09587057537,18143.523300658984,17998.953393880824,18071.238347269904,18071.238347269904,343413262,False,nifty100.csv,2026-06-12T18:44:30,False
2022-07-19,17870.989043600886,17978.429859494277,17835.17543830309,17906.802648898683,17906.802648898683,302925384,False,nifty100.csv,2026-06-12T18:44:30,False
2022-07-20,17927.54873477322,18035.32958889009,17891.62178340093,17963.47568614551,17963.47568614551,282414643,False,nifty100.csv,2026-06-12T18:44:30,False
2022-07-21,18040.10926521721,18148.56683594998,18003.95674163962,18076.2617887948,18076.2617887948,192322633,False,nifty100.csv,2026-06-12T18:44:30,False
2022-07-22,18248.499511031,18358.20992893299,18211.929371730334,18285.06965033166,18285.06965033166,251158251,False,nifty100.csv,2026-06-12T18:44:30,False
2022-07-23,18417.69429252208,18528.421913519203,18380.785085523035,18454.60349952112,18454.60349952112,155478878,False,nifty100.csv,2026-06-12T18:44:30,False
2022-07-24,18210.82217383948,18320.30607468421,18174.32754022457,18247.31680745439,18247.31680745439,155679487,False,nifty100.csv,2026-06-12T18:44:30,False
2022-07-25,18042.10883053863,18150.5784227062,18005.952299816105,18078.26536126115,18078.26536126115,299943987,False,nifty100.csv,2026-06-12T18:44:30,False
2022-07-26,18110.340091262173,18219.21989141004,18074.04682454621,18146.633357978128,18146.633357978128,272280861,False,nifty100.csv,2026-06-12T18:44:30,False
2022-07-27,18225.414265205058,18334.985894053985,18188.89038892208,18261.938141488037,18261.938141488037,323868856,False,nifty100.csv,2026-06-12T18:44:30,False
2022-07-28,18289.14584668073,18399.100631330115,18252.494251797605,18325.79744156386,18325.79744156386,152914611,False,nifty100.csv,2026-06-12T18:44:30,False
2022-07-29,18998.344105861997,19112.562607500444,18960.27127198251,19036.41693974148,19036.41693974148,264591413,False,nifty100.csv,2026-06-12T18:44:30,False
2022-07-30,19109.00361371464,19223.887402975448,19070.709017294368,19147.298210134908,19147.298210134908,303242624,False,nifty100.csv,2026-06-12T18:44:30,False
2022-07-31,19369.124534729053,19485.572177222413,19330.308653897933,19407.940415560173,19407.940415560173,347600299,False,nifty100.csv,2026-06-12T18:44:30,False
2022-08-01,19574.062502977424,19691.742237464263,19534.835924815143,19613.289081139705,19613.289081139705,257252450,False,nifty100.csv,2026-06-12T18:44:30,False
2022-08-02,19702.989850701488,19821.4446995033,19663.50490110088,19742.47480030209,19742.47480030209,166037706,False,nifty100.csv,2026-06-12T18:44:30,False
2022-08-03,19678.74861535132,19797.05772526325,19639.31224538067,19718.18498532196,19718.18498532196,199558625,False,nifty100.csv,2026-06-12T18:44:30,False
2022-08-04,19885.183234588218,20004.733434395363,19845.33316798584,19925.0333011906,19925.0333011906,270262351,False,nifty100.csv,2026-06-12T18:44:30,False
2022-08-05,19761.63533209624,19880.442758942507,19722.03285648081,19801.23780771166,19801.23780771166,250962079,False,nifty100.csv,2026-06-12T18:44:30,False
2022-08-06,19720.79063883412,19839.352506402254,19681.2700163114,19760.31126135683,19760.31126135683,271043083,False,nifty100.csv,2026-06-12T18:44:30,False
2022-08-07,19580.56654569112,19698.28538263916,19541.3269333751,19619.80615800713,19619.80615800713,309335904,False,nifty100.csv,2026-06-12T18:44:30,False
2022-08-08,19559.31419983156,19676.905267165217,19520.11717738701,19598.511222276116,19598.511222276116,250420844,False,nifty100.csv,2026-06-12T18:44:30,False
2022-08-09,20000.53615587219,20120.77986021611,19960.454921090884,20040.617390653497,20040.617390653497,321652088,False,nifty100.csv,2026-06-12T18:44:30,False
2022-08-10,19618.601691026102,19736.54919618257,19579.285855973943,19657.917526078258,19657.917526078258,346793272,False,nifty100.csv,2026-06-12T18:44:30,False
2022-08-11,19748.20650975929,19866.93320220273,19708.63094561148,19787.782073907103,19787.782073907103,157039879,False,nifty100.csv,2026-06-12T18:44:30,False
2022-08-12,19445.23412439889,19562.13933957564,19406.26571933998,19484.20252945781,19484.20252945781,283357639,False,nifty100.csv,2026-06-12T18:44:30,False
2022-08-13,19380.40229989936,19496.917744588136,19341.563818336435,19419.24078146229,19419.24078146229,184895115,False,nifty100.csv,2026-06-12T18:44:30,False
2022-08-14,19590.113068841503,19707.889299716306,19550.854325216573,19629.37181246644,19629.37181246644,170407616,False,nifty100.csv,2026-06-12T18:44:30,False
2022-08-15,19625.98174875395,19743.97362299496,19586.65112400695,19665.312373500958,19665.312373500958,203005353,False,nifty100.csv,2026-06-12T18:44:30,False
2022-08-16,19426.767932474984,19543.562128461806,19387.836533812708,19465.699331137257,19465.699331137257,223416381,False,nifty100.csv,2026-06-12T18:44:30,False
2022-08-17,19219.819535351548,19335.36955259815,19181.302862936016,19258.336207767083,19258.336207767083,153305610,False,nifty100.csv,2026-06-12T18:44:30,False
2022-08-18,19316.58458958747,19432.716360667157,19277.873999227573,19355.295179947363,19355.295179947363,175619046,False,nifty100.csv,2026-06-12T18:44:30,False
2022-08-19,19177.75325044789,19293.050364178045,19139.32087920451,19216.18562169128,19216.18562169128,152088618,False,nifty100.csv,2026-06-12T18:44:30,False
2022-08-20,19176.703219112853,19291.99402002936,19138.272952140684,19215.133486085026,19215.133486085026,263883998,False,nifty100.csv,2026-06-12T18:44:30,False
2022-08-21,19212.62911715878,19328.13590543829,19174.126854398943,19251.131379918617,19251.131379918617,247802512,False,nifty100.csv,2026-06-12T18:44:30,False
2022-08-22,19153.002953022315,19268.15126736914,19114.620181573373,19191.385724471256,19191.385724471256,249993056,False,nifty100.csv,2026-06-12T18:44:30,False
2022-08-23,19611.70706056671,19729.613115039054,19572.40504240926,19651.00907872416,19651.00907872416,338950228,False,nifty100.csv,2026-06-12T18:44:30,False
2022-08-24,19730.103410344924,19848.721266519344,19690.564124953453,19769.6426957364,19769.6426957364,164094164,False,nifty100.csv,2026-06-12T18:44:30,False
2022-08-25,19404.342580906457,19521.001955140364,19365.45612282849,19443.229038984427,19443.229038984427,246919975,False,nifty100.csv,2026-06-12T18:44:30,False
2022-08-26,19450.08025115828,19567.014601365645,19411.10213442249,19489.058367894067,19489.058367894067,202924805,False,nifty100.csv,2026-06-12T18:44:30,False
2022-08-27,19315.85207852896,19431.97944573455,19277.1429561271,19354.561200930824,19354.561200930824,165741873,False,nifty100.csv,2026-06-12T18:44:30,False
2022-08-28,19458.62691064766,19575.61264357741,19419.631666337744,19497.62215495757,19497.62215495757,173835237,False,nifty100.csv,2026-06-12T18:44:30,False
2022-08-29,19300.926853846453,19416.964490242324,19262.247641714494,19339.60606597841,19339.60606597841,232272164,False,nifty100.csv,2026-06-12T18:44:30,False
2022-08-30,19268.804728580188,19384.64924598648,19230.18988944476,19307.41956771562,19307.41956771562,211669567,False,nifty100.csv,2026-06-12T18:44:30,False
2022-08-31,19375.447391624584,19491.933047285653,19336.61883973756,19414.27594351161,19414.27594351161,256238773,False,nifty100.csv,2026-06-12T18:44:30,False
2022-09-01,19551.30075768308,19668.84364800983,19512.119794240825,19590.48172112533,19590.48172112533,257583175,False,nifty100.csv,2026-06-12T18:44:30,False
2022-09-02,19327.253335005425,19443.44924683912,19288.521364394182,19365.98530561665,19365.98530561665,258422376,False,nifty100.csv,2026-06-12T18:44:30,False
2022-09-03,19285.215913135573,19401.159094978077,19246.56818585474,19323.863640416406,19323.863640416406,290879792,False,nifty100.csv,2026-06-12T18:44:30,False
2022-09-04,19245.64677349804,19361.352064721472,19207.078343090227,19284.21520390585,19284.21520390585,337184498,False,nifty100.csv,2026-06-12T18:44:30,False
2022-09-05,19163.416480193137,19278.62740091574,19125.01283995227,19201.820120434004,19201.820120434004,289946122,False,nifty100.csv,2026-06-12T18:44:30,False
2022-09-06,19444.822234664985,19561.724973550747,19405.8546550364,19483.789814293574,19483.789814293574,332606679,False,nifty100.csv,2026-06-12T18:44:30,False
2022-09-07,19427.675494853487,19544.47514712716,19388.742277428933,19466.608712278045,19466.608712278045,279295152,False,nifty100.csv,2026-06-12T18:44:30,False
2022-09-08,19229.24785384481,19344.85455436893,19190.71228700344,19267.783420686184,19267.783420686184,234634772,False,nifty100.csv,2026-06-12T18:44:30,False
2022-09-09,19354.765193349456,19471.126507137127,19315.978088753563,19393.552297945345,19393.552297945345,253046258,False,nifty100.csv,2026-06-12T18:44:30,False
2022-09-10,19757.234330692903,19876.0152986129,19717.64067471957,19796.827986666234,19796.827986666234,338016065,False,nifty100.csv,2026-06-12T18:44:30,False
2022-09-11,19916.34193372518,20036.079460380843,19876.42942483996,19956.2544426104,19956.2544426104,334116286,False,nifty100.csv,2026-06-12T18:44:30,False
2022-09-12,19556.272713142003,19673.84549498454,19517.081785861155,19595.463640422848,19595.463640422848,328237543,False,nifty100.csv,2026-06-12T18:44:30,False
2022-09-13,19489.177413558165,19606.34681684609,19450.120945795526,19528.233881320808,19528.233881320808,201946342,False,nifty100.csv,2026-06-12T18:44:30,False
2022-09-14,19767.06067125289,19885.90071536864,19727.447323214303,19806.67401929147,19806.67401929147,216556571,False,nifty100.csv,2026-06-12T18:44:30,False
2022-09-15,19612.47340105038,19730.384062780144,19573.169847140463,19651.776954960304,19651.776954960304,299432314,False,nifty100.csv,2026-06-12T18:44:30,False
2022-09-16,19601.1903603684,19719.033188186248,19561.909417762454,19640.47130297435,19640.47130297435,271906181,False,nifty100.csv,2026-06-12T18:44:30,False
2022-09-17,19733.662068394016,19852.301319306207,19694.11565142329,19773.208485364747,19773.208485364747,170658359,False,nifty100.csv,2026-06-12T18:44:30,False
2022-09-18,19574.99306019934,19692.67838921857,19535.764617192926,19614.22150320575,19614.22150320575,171688293,False,nifty100.csv,2026-06-12T18:44:30,False
2022-09-19,19510.59703970795,19627.89521830339,19471.497646842807,19549.6964325731,19549.6964325731,346084763,False,nifty100.csv,2026-06-12T18:44:30,False
2022-09-20,18911.863649988634,19025.56222904668,18873.96412363595,18949.76317634132,18949.76317634132,302940481,False,nifty100.csv,2026-06-12T18:44:30,False
2022-09-21,18726.71624136052,18839.30170974545,18689.187751898877,18764.244730822164,18764.244730822164,191495670,False,nifty100.csv,2026-06-12T18:44:30,False
2022-09-22,18706.293196576677,18818.75588112523,18668.80563506049,18743.78075809286,18743.78075809286,309461668,False,nifty100.csv,2026-06-12T18:44:30,False
2022-09-23,18487.61230125523,18598.76027100225,18450.562978006223,18524.66162450424,18524.66162450424,192327410,False,nifty100.csv,2026-06-12T18:44:30,False
2022-09-24,18753.74309807712,18866.49105257458,18716.160446577967,18791.325749576277,18791.325749576277,177188467,False,nifty100.csv,2026-06-12T18:44:30,False
2022-09-25,18541.10835183811,18652.57794112772,18503.95182207491,18578.264881601317,18578.264881601317,312836181,False,nifty100.csv,2026-06-12T18:44:30,False
2022-09-26,18459.76775593785,18570.74832360882,18422.77423338086,18496.76127849484,18496.76127849484,267959897,False,nifty100.csv,2026-06-12T18:44:30,False
2022-09-27,18486.70424537649,18597.84675586974,18449.65674187875,18523.751748874245,18523.751748874245,312912432,False,nifty100.csv,2026-06-12T18:44:30,False
2022-09-28,18719.21051097943,18831.75085473281,18681.697063061634,18756.723958897222,18756.723958897222,285789866,False,nifty100.csv,2026-06-12T18:44:30,False
2022-09-29,18445.63838923063,18556.53401080917,18408.673182037783,18482.60359642348,18482.60359642348,267124771,False,nifty100.csv,2026-06-12T18:44:30,False
2022-09-30,18628.588640069807,18740.584162956,18591.25679910774,18665.92048103187,18665.92048103187,261069241,False,nifty100.csv,2026-06-12T18:44:30,False
2022-10-01,18628.35279576893,18740.346900753517,18591.021427440737,18665.684164097125,18665.684164097125,227821196,False,nifty100.csv,2026-06-12T18:44:30,False
2022-10-02,18517.26332972703,18628.58956217028,18480.15458557928,18554.37207387478,18554.37207387478,194171571,False,nifty100.csv,2026-06-12T18:44:30,False
2022-10-03,18554.887455928667,18666.43988552343,18517.703312730413,18592.07159912692,18592.07159912692,272621215,False,nifty100.csv,2026-06-12T18:44:30,False
2022-10-04,18535.8052655848,18647.24297259232,18498.659363248957,18572.95116792064,18572.95116792064,334775632,False,nifty100.csv,2026-06-12T18:44:30,False
2022-10-05,18485.395018140967,18596.52965752859,18448.350138345093,18522.43989793684,18522.43989793684,230514152,False,nifty100.csv,2026-06-12T18:44:30,False
2022-10-06,18494.61645472556,18605.806533611685,18457.553095096853,18531.67981435427,18531.67981435427,297686627,False,nifty100.csv,2026-06-12T18:44:30,False
2022-10-07,18404.650734614825,18515.29993742814,18367.767667010387,18441.533802219263,18441.533802219263,341043666,False,nifty100.csv,2026-06-12T18:44:30,False
2022-10-08,18467.574380762228,18578.601882049374,18430.565213666512,18504.583547857943,18504.583547857943,270813819,False,nifty100.csv,2026-06-12T18:44:30,False
2022-10-09,18569.703207384136,18681.344709632936,18532.489373301203,18606.91704146707,18606.91704146707,267990754,False,nifty100.csv,2026-06-12T18:44:30,False
2022-10-10,18933.62203004893,19047.451421011145,18895.678899728184,18971.565160369664,18971.565160369664,224110701,False,nifty100.csv,2026-06-12T18:44:30,False
2022-10-11,18734.916258838806,18847.55102592601,18697.371336476404,18772.461181201208,18772.461181201208,220606695,False,nifty100.csv,2026-06-12T18:44:30,False
2022-10-12,19116.521707056927,19231.450695275707,19078.212044317333,19154.83136979652,19154.83136979652,152848439,False,nifty100.csv,2026-06-12T18:44:30,False
2022-10-13,18839.3301639526,18952.592669948303,18801.575995287363,18877.084332617836,18877.084332617836,172755322,False,nifty100.csv,2026-06-12T18:44:30,False
2022-10-14,18793.01159521197,18905.995632858536,18755.350249329786,18830.67294109416,18830.67294109416,309060763,False,nifty100.csv,2026-06-12T18:44:30,False
2022-10-15,18933.986803496,19047.81838748496,18896.04294216635,18971.930664825653,18971.930664825653,197453056,False,nifty100.csv,2026-06-12T18:44:30,False
2022-10-16,19001.90181427213,19116.14170493909,18963.82185071647,19039.981777827783,19039.981777827783,263772457,False,nifty100.csv,2026-06-12T18:44:30,False
2022-10-17,18939.66235859761,19053.52806416032,18901.70712341004,18977.61759378518,18977.61759378518,282657361,False,nifty100.csv,2026-06-12T18:44:30,False
2022-10-18,18964.280660765617,19078.294372152985,18926.276090303163,19002.285231228077,19002.285231228077,244797607,False,nifty100.csv,2026-06-12T18:44:30,False
2022-10-19,18878.443900151047,18991.941558869392,18840.61134724493,18916.27645305716,18916.27645305716,326106080,False,nifty100.csv,2026-06-12T18:44:30,False
2022-10-20,18745.934334703965,18858.63534272824,18708.367332029207,18783.50133737872,18783.50133737872,156427095,False,nifty100.csv,2026-06-12T18:44:30,False
2022-10-21,18924.351669942287,19038.125327276608,18886.42711749751,18962.27622238706,18962.27622238706,215771889,False,nifty100.csv,2026-06-12T18:44:30,False
2022-10-22,18969.47047929172,19083.515391992874,18931.45550839134,19007.485450192107,19007.485450192107,197206309,False,nifty100.csv,2026-06-12T18:44:30,False
2022-10-23,18921.108673408195,19034.862833769366,18883.19061995447,18959.02672686192,18959.02672686192,321303834,False,nifty100.csv,2026-06-12T18:44:30,False
2022-10-24,19098.25852928584,19213.077718840665,19059.9854661009,19136.531592470783,19136.531592470783,278249992,False,nifty100.csv,2026-06-12T18:44:30,False
2022-10-25,19146.36581433644,19261.474226045877,19107.996343766623,19184.735284906248,19184.735284906248,312311055,False,nifty100.csv,2026-06-12T18:44:30,False
2022-10-26,19311.05432186481,19427.152844841952,19272.35481420576,19349.753829523856,19349.753829523856,247206455,False,nifty100.csv,2026-06-12T18:44:30,False
2022-10-27,19383.04129683865,19499.57260724049,19344.197526704716,19421.8850669726,19421.8850669726,290500555,False,nifty100.csv,2026-06-12T18:44:30,False
2022-10-28,19193.508042571622,19308.89987449089,19155.044098598533,19231.97198654471,19231.97198654471,248569502,False,nifty100.csv,2026-06-12T18:44:30,False
2022-10-29,19138.506109817925,19253.567268794784,19100.15239015897,19176.85982947688,19176.85982947688,259402583,False,nifty100.csv,2026-06-12T18:44:30,False
2022-10-30,19258.44797682876,19374.230229194465,19219.85389270686,19297.042060950665,19297.042060950665,274233078,False,nifty100.csv,2026-06-12T18:44:30,False
2022-10-31,19338.140477282446,19454.40184287733,19299.386688750816,19376.894265814077,19376.894265814077,281324557,False,nifty100.csv,2026-06-12T18:44:30,False
2022-11-01,19359.31386019088,19475.702520672985,19320.51764003017,19398.11008035158,19398.11008035158,198442092,False,nifty100.csv,2026-06-12T18:44:30,False
2022-11-02,19431.86382376012,19548.688656367896,19392.922212890862,19470.80543462938,19470.80543462938,189576088,False,nifty100.csv,2026-06-12T18:44:30,False
2022-11-03,19709.43022313376,19827.92379160951,19669.93236697517,19748.928079292346,19748.928079292346,314208126,False,nifty100.csv,2026-06-12T18:44:30,False
2022-11-04,19638.91656890858,19756.986207599413,19599.560022678303,19678.273115138854,19678.273115138854,156519585,False,nifty100.csv,2026-06-12T18:44:30,False
2022-11-05,19719.340430914788,19837.893579798045,19679.82271462037,19758.85814720921,19758.85814720921,158132162,False,nifty100.csv,2026-06-12T18:44:30,False
2022-11-06,19629.239391807525,19747.250851076908,19589.90223871773,19668.57654489732,19668.57654489732,171588887,False,nifty100.csv,2026-06-12T18:44:30,False
2022-11-07,19650.55956797683,19768.699204658056,19611.17968908309,19689.93944687057,19689.93944687057,293710717,False,nifty100.csv,2026-06-12T18:44:30,False
2022-11-08,19855.1400247048,19974.50960401164,19815.35016493585,19894.929884473742,19894.929884473742,308542825,False,nifty100.csv,2026-06-12T18:44:30,False
2022-11-09,20011.0387668946,20131.345613188558,19970.936484796614,20051.141048992584,20051.141048992584,277845448,False,nifty100.csv,2026-06-12T18:44:30,False
2022-11-10,20229.273548769343,20350.892427820065,20188.73392241911,20269.813175119587,20269.813175119587,155055769,False,nifty100.csv,2026-06-12T18:44:30,False
2022-11-11,20517.17891100269,20640.52868401473,20476.06231999868,20558.295502006706,20558.295502006706,246707475,False,nifty100.csv,2026-06-12T18:44:30,False
2022-11-12,20544.777813170705,20668.29351144628,20503.60591374552,20585.9497125959,20585.9497125959,166613311,False,nifty100.csv,2026-06-12T18:44:30,False
2022-11-13,20776.643371118007,20901.55305070389,20735.006811256048,20818.279930979967,20818.279930979967,248958695,False,nifty100.csv,2026-06-12T18:44:30,False
2022-11-14,20691.84074141342,20816.24058555017,20650.37412670117,20733.30735612567,20733.30735612567,216104329,False,nifty100.csv,2026-06-12T18:44:30,False
2022-11-15,20800.850559939063,20925.90577372628,20759.165488676663,20842.53563120147,20842.53563120147,276099266,False,nifty100.csv,2026-06-12T18:44:30,False
2022-11-16,20781.499521279136,20906.438396156565,20739.853229653327,20823.145812904942,20823.145812904942,340124183,False,nifty100.csv,2026-06-12T18:44:30,False
2022-11-17,20817.19673145981,20942.3502188233,20775.47890233865,20858.91456058097,20858.91456058097,171079044,False,nifty100.csv,2026-06-12T18:44:30,False
2022-11-18,21007.61051544608,21133.908775057986,20965.511095575446,21049.709935316718,21049.709935316718,180271417,False,nifty100.csv,2026-06-12T18:44:30,False
2022-11-19,20865.728099334585,20991.17335844882,20823.91301296317,20907.543185706,20907.543185706,167321242,False,nifty100.csv,2026-06-12T18:44:30,False
2022-11-20,21325.761756492637,21453.97274901664,21283.02475898463,21368.498754000637,21368.498754000637,296914416,False,nifty100.csv,2026-06-12T18:44:30,False
2022-11-21,21166.554547283227,21293.808382236835,21124.13660229869,21208.972492267763,21208.972492267763,179540622,False,nifty100.csv,2026-06-12T18:44:30,False
2022-11-22,20905.833585843608,21031.5199601072,20863.938127755744,20947.72904393147,20947.72904393147,256906786,False,nifty100.csv,2026-06-12T18:44:30,False
2022-11-23,21114.0550167926,21240.993223306385,21071.742281288007,21156.3677522972,21156.3677522972,257147723,False,nifty100.csv,2026-06-12T18:44:30,False
2022-11-24,21239.21628272837,21366.90696178285,21196.652723043542,21281.7798424132,21281.7798424132,315457588,False,nifty100.csv,2026-06-12T18:44:30,False
2022-11-25,21290.98801742297,21418.98994939144,21248.32070676681,21333.655328079127,21333.655328079127,305467033,False,nifty100.csv,2026-06-12T18:44:30,False
2022-11-26,21515.3080868832,21644.65863650374,21472.191237009687,21558.424936756717,21558.424936756717,277219374,False,nifty100.csv,2026-06-12T18:44:30,False
2022-11-27,21470.51340795364,21599.594650887226,21427.486326975773,21513.5404889315,21513.5404889315,267708961,False,nifty100.csv,2026-06-12T18:44:30,False
2022-11-28,21278.09960720089,21406.024053737165,21235.45812502213,21320.741089379648,21320.741089379648,337400150,False,nifty100.csv,2026-06-12T18:44:30,False
2022-11-29,21287.107406270203,21415.086007911108,21244.4478723899,21329.766940150505,21329.766940150505,191175390,False,nifty100.csv,2026-06-12T18:44:30,False
2022-11-30,21164.142625716373,21291.38196013952,21121.729514241997,21206.55573719076,21206.55573719076,340132657,False,nifty100.csv,2026-06-12T18:44:30,False
2022-12-01,21407.023046449693,21535.722583803097,21364.123200665224,21449.92289223416,21449.92289223416,238316755,False,nifty100.csv,2026-06-12T18:44:30,False
2022-12-02,21417.780040999023,21546.544249662344,21374.858638111247,21460.701443886795,21460.701443886795,182059531,False,nifty100.csv,2026-06-12T18:44:30,False
2022-12-03,21225.48223368954,21353.09034331092,21182.94619714908,21268.01827023,21268.01827023,296781654,False,nifty100.csv,2026-06-12T18:44:30,False
2022-12-04,21156.59160300799,21283.785540501023,21114.193623843643,21198.989582172333,21198.989582172333,343584259,False,nifty100.csv,2026-06-12T18:44:30,False
2022-12-05,21259.24343142981,21387.0545141839,21216.63973717845,21301.84712568117,21301.84712568117,155918806,False,nifty100.csv,2026-06-12T18:44:30,False
2022-12-06,21136.546630615863,21263.620057252832,21094.18882173688,21178.90443949485,21178.90443949485,165272118,False,nifty100.csv,2026-06-12T18:44:30,False
2022-12-07,21038.95335846104,21165.44005199888,20996.79112728176,21081.11558964032,21081.11558964032,341371631,False,nifty100.csv,2026-06-12T18:44:30,False
2022-12-08,21114.753574819657,21241.6959810811,21072.43943939918,21157.06771024014,21157.06771024014,242913792,False,nifty100.csv,2026-06-12T18:44:30,False
2022-12-09,21201.38039047563,21328.843599236006,21158.89265422217,21243.86812672909,21243.86812672909,160986741,False,nifty100.csv,2026-06-12T18:44:30,False
2022-12-10,21129.04385813523,21256.07217792362,21086.70108487243,21171.386631398025,21171.386631398025,163356632,False,nifty100.csv,2026-06-12T18:44:30,False
2022-12-11,21085.77836615321,21212.546572763356,21043.522297283165,21128.03443502326,21128.03443502326,331298753,False,nifty100.csv,2026-06-12T18:44:30,False
2022-12-12,21146.28698435264,21273.418970230512,21103.90965572669,21188.6643129786,21188.6643129786,161685762,False,nifty100.csv,2026-06-12T18:44:30,False
2022-12-13,20799.389974740963,20924.43640745484,20757.707830503005,20841.07211897892,20841.07211897892,277163769,False,nifty100.csv,2026-06-12T18:44:30,False
2022-12-14,20535.54107599216,20659.00124278169,20494.387687062317,20576.694464922,20576.694464922,327369236,False,nifty100.csv,2026-06-12T18:44:30,False
2022-12-15,20369.758463347185,20492.22194108274,20328.937304102,20410.57962259237,20410.57962259237,229238576,False,nifty100.csv,2026-06-12T18:44:30,False
2022-12-16,20310.517810029363,20432.625131532543,20269.8153695283,20351.220250530423,20351.220250530423,192926707,False,nifty100.csv,2026-06-12T18:44:30,False
2022-12-17,20400.99814423951,20523.649435687847,20360.1143804234,20441.881908055624,20441.881908055624,285097824,False,nifty100.csv,2026-06-12T18:44:30,False
2022-12-18,20753.97273193007,20878.746115087964,20712.38160421077,20795.563859649366,20795.563859649366,312973989,False,nifty100.csv,2026-06-12T18:44:30,False
2022-12-19,20934.87217012864,21060.733125059272,20892.918518485098,20976.825821772185,20976.825821772185,203256185,False,nifty100.csv,2026-06-12T18:44:30,False
2022-12-20,20919.770727574185,21045.54089226902,20877.84733934257,20961.6941158058,20961.6941158058,201923821,False,nifty100.csv,2026-06-12T18:44:30,False
2022-12-21,20991.695343566636,21117.897920782463,20949.627817828023,21033.762869305243,21033.762869305243,294233395,False,nifty100.csv,2026-06-12T18:44:30,False
2022-12-22,20801.236219622304,20926.293752004804,20759.550375494804,20842.922063749804,20842.922063749804,349214030,False,nifty100.csv,2026-06-12T18:44:30,False
2022-12-23,20910.250384641065,21035.96331280524,20868.346075253005,20952.154694029123,20952.154694029123,181087640,False,nifty100.csv,2026-06-12T18:44:30,False
2022-12-24,20879.487067588685,21005.015045950942,20837.6444081346,20921.32972704277,20921.32972704277,319245460,False,nifty100.csv,2026-06-12T18:44:30,False
2022-12-25,20877.190077355943,21002.70424615768,20835.352021088696,20919.02813362319,20919.02813362319,240645463,False,nifty100.csv,2026-06-12T18:44:30,False
2022-12-26,20744.489821979143,20869.20619365437,20702.917698087404,20786.06194587089,20786.06194587089,214940921,False,nifty100.csv,2026-06-12T18:44:30,False
2022-12-27,20870.98602471343,20996.46289460149,20829.16040141741,20912.81164800945,20912.81164800945,333101509,False,nifty100.csv,2026-06-12T18:44:30,False
2022-12-28,21246.211493600797,21373.944228031258,21203.633915457307,21288.78907174428,21288.78907174428,267738096,False,nifty100.csv,2026-06-12T18:44:30,False
2022-12-29,21256.94308116141,21384.740334154365,21214.343996830423,21299.5421654924,21299.5421654924,344343786,False,nifty100.csv,2026-06-12T18:44:30,False
2022-12-30,21339.84622885357,21468.14189756412,21297.08100595006,21382.61145175709,21382.61145175709,285109743,False,nifty100.csv,2026-06-12T18:44:30,False
2022-12-31,21437.34173683931,21566.223550888444,21394.381132156264,21480.302341522354,21480.302341522354,280604395,False,nifty100.csv,2026-06-12T18:44:30,False
2023-01-01,21349.27208256633,21477.62441973607,21306.48797017642,21392.056194956243,21392.056194956243,345421486,False,nifty100.csv,2026-06-12T18:44:30,False
2023-01-02,21364.965418334014,21493.412104215786,21322.149856373424,21407.780980294603,21407.780980294603,215184214,False,nifty100.csv,2026-06-12T18:44:30,False
2023-01-03,21347.86730876964,21476.211200405527,21305.08601155768,21390.6486059816,21390.6486059816,294574403,False,nifty100.csv,2026-06-12T18:44:30,False
2023-01-04,21398.30126464187,21526.948366433306,21355.41889737805,21441.18363190568,21441.18363190568,231248346,False,nifty100.csv,2026-06-12T18:44:30,False
2023-01-05,21312.426891737672,21440.55771473409,21269.71661740553,21355.137166069813,21355.137166069813,336200724,False,nifty100.csv,2026-06-12T18:44:30,False
2023-01-06,21339.22918951992,21467.52114857515,21296.465203168176,21381.993175871663,21381.993175871663,186425691,False,nifty100.csv,2026-06-12T18:44:30,False
2023-01-07,21397.603818698582,21526.24672742823,21354.72284912203,21440.48478827513,21440.48478827513,167631957,False,nifty100.csv,2026-06-12T18:44:30,False
2023-01-08,21728.31207460486,21858.94320932192,21684.768363032505,21771.855786177213,21771.855786177213,249398503,False,nifty100.csv,2026-06-12T18:44:30,False
2023-01-09,21990.915772247103,22123.12568670951,21946.84580075963,22034.98574373457,22034.98574373457,287569942,False,nifty100.csv,2026-06-12T18:44:30,False
2023-01-10,22437.830545198485,22572.72732202333,22392.86495292354,22482.796137473437,22482.796137473437,202355263,False,nifty100.csv,2026-06-12T18:44:30,False
2023-01-11,22268.94072309699,22402.82213024988,22224.31358737936,22313.56785881462,22313.56785881462,250444098,False,nifty100.csv,2026-06-12T18:44:30,False
2023-01-12,22465.97854487521,22601.044548151018,22420.95654378328,22511.00054596715,22511.00054596715,304005031,False,nifty100.csv,2026-06-12T18:44:30,False
2023-01-13,22476.450976315915,22611.579940101383,22431.407988387426,22521.493964244404,22521.493964244404,255307377,False,nifty100.csv,2026-06-12T18:44:30,False
2023-01-14,22998.971148554687,23137.241516181268,22952.881026012496,23045.06127109688,23045.06127109688,211395288,False,nifty100.csv,2026-06-12T18:44:30,False
2023-01-15,22817.29244768676,22954.47055859469,22771.56641071744,22863.018484656062,22863.018484656062,172158515,False,nifty100.csv,2026-06-12T18:44:30,False
2023-01-16,22654.43159139699,22790.63057892042,22609.031928889184,22699.8312539048,22699.8312539048,196433264,False,nifty100.csv,2026-06-12T18:44:30,False
2023-01-17,22487.2069357541,22622.40056462637,22442.142392796675,22532.27147871152,22532.27147871152,236904519,False,nifty100.csv,2026-06-12T18:44:30,False
2023-01-18,22009.915836232445,22142.239979536447,21965.807788464444,22054.02388400045,22054.02388400045,210348918,False,nifty100.csv,2026-06-12T18:44:30,False
2023-01-19,21933.374072635463,22065.23804501604,21889.419415175274,21977.328730095654,21977.328730095654,166912586,False,nifty100.csv,2026-06-12T18:44:30,False
2023-01-20,21759.69036380815,21890.51014555449,21716.083769892703,21803.2969577236,21803.2969577236,278798911,False,nifty100.csv,2026-06-12T18:44:30,False
2023-01-21,21871.860019088606,22003.35416749996,21828.028636284824,21915.691401892396,21915.691401892396,330193284,False,nifty100.csv,2026-06-12T18:44:30,False
2023-01-22,21932.861481807788,22064.722372479977,21888.907851583725,21976.81511203185,21976.81511203185,305637625,False,nifty100.csv,2026-06-12T18:44:30,False
2023-01-23,22355.018595686644,22489.41750507955,22310.21895922234,22399.818232150945,22399.818232150945,211664492,False,nifty100.csv,2026-06-12T18:44:30,False
2023-01-24,22611.351102337165,22747.29108892436,22566.037773474764,22656.66443119956,22656.66443119956,206526516,False,nifty100.csv,2026-06-12T18:44:30,False
2023-01-25,22425.687993972144,22560.51176948701,22380.74673546719,22470.629252477094,22470.629252477094,263738038,False,nifty100.csv,2026-06-12T18:44:30,False
2023-01-26,22156.47706590494,22289.68233884625,22112.07530825784,22200.878823552044,22200.878823552044,277422906,False,nifty100.csv,2026-06-12T18:44:30,False
2023-01-27,22201.189668474453,22334.663754657668,22156.698306413386,22245.681030535525,22245.681030535525,334976620,False,nifty100.csv,2026-06-12T18:44:30,False
2023-01-28,21976.00805259878,22108.12834149216,21931.96795630099,22020.04814889657,22020.04814889657,246973669,False,nifty100.csv,2026-06-12T18:44:30,False
2023-01-29,22354.61173030093,22489.00819360936,22309.812909198125,22399.41055140374,22399.41055140374,266805468,False,nifty100.csv,2026-06-12T18:44:30,False
2023-01-30,22735.171269680493,22871.8556660914,22689.60980421019,22780.7327351508,22780.7327351508,316538436,False,nifty100.csv,2026-06-12T18:44:30,False
2023-01-31,22610.707437775163,22746.64355463553,22565.395398821704,22656.01947672862,22656.01947672862,170333128,False,nifty100.csv,2026-06-12T18:44:30,False
2023-02-01,22247.58186491002,22381.33486209385,22202.99753251541,22292.16619730463,22292.16619730463,238897082,False,nifty100.csv,2026-06-12T18:44:30,False
2023-02-02,22619.248463186803,22755.235928897346,22573.919307949956,22664.57761842365,22664.57761842365,288930927,False,nifty100.csv,2026-06-12T18:44:30,False
2023-02-03,22689.49503418436,22825.904823969035,22644.02510425613,22734.964964112583,22734.964964112583,293881729,False,nifty100.csv,2026-06-12T18:44:30,False
2023-02-04,23066.150525010424,23204.82477666379,23019.9257744593,23112.375275561542,23112.375275561542,202420967,False,nifty100.csv,2026-06-12T18:44:30,False
2023-02-05,22768.4689698409,22905.35355282592,22722.84077551256,22814.09716416924,22814.09716416924,289343547,False,nifty100.csv,2026-06-12T18:44:30,False
2023-02-06,22686.54088890015,22822.93291829233,22641.07687910275,22732.00489869754,22732.00489869754,294816157,False,nifty100.csv,2026-06-12T18:44:30,False
2023-02-07,22719.726414254328,22856.317955822997,22674.195900398103,22765.25692811055,22765.25692811055,288692571,False,nifty100.csv,2026-06-12T18:44:30,False
2023-02-08,22770.688000844115,22907.585924696887,22725.055359559858,22816.32064212837,22816.32064212837,302737899,False,nifty100.csv,2026-06-12T18:44:30,False
2023-02-09,22650.860024810343,22787.037539989564,22605.4675197506,22696.25252987008,22696.25252987008,325084363,False,nifty100.csv,2026-06-12T18:44:30,False
2023-02-10,22757.72775847062,22894.54776503457,22712.12108961597,22803.33442732527,22803.33442732527,319618124,False,nifty100.csv,2026-06-12T18:44:30,False
2023-02-11,22525.91868993955,22661.345054808924,22480.776568316425,22571.060811562675,22571.060811562675,173511930,False,nifty100.csv,2026-06-12T18:44:30,False
2023-02-12,22492.092878600197,22627.31588187835,22447.01854417414,22537.167213026245,22537.167213026245,349104446,False,nifty100.csv,2026-06-12T18:44:30,False
2023-02-13,22503.52623489233,22638.81797578347,22458.42898792862,22548.623481856044,22548.623481856044,153503548,False,nifty100.csv,2026-06-12T18:44:30,False
2023-02-14,22653.86610832005,22790.06169614562,22608.467579044856,22699.26463759524,22699.26463759524,176801589,False,nifty100.csv,2026-06-12T18:44:30,False
2023-02-15,22861.09596134971,22998.53742003518,22815.282141787888,22906.909780911534,22906.909780911534,347857145,False,nifty100.csv,2026-06-12T18:44:30,False
2023-02-16,22619.7235337612,22755.71385560746,22574.393426479117,22665.053641043287,22665.053641043287,337134557,False,nifty100.csv,2026-06-12T18:44:30,False
2023-02-17,22352.97431481037,22487.360933937485,22308.17877510133,22397.769854519407,22397.769854519407,191535944,False,nifty100.csv,2026-06-12T18:44:30,False
2023-02-18,22588.47691574145,22724.279382168752,22543.20942693235,22633.74440455055,22633.74440455055,286487526,False,nifty100.csv,2026-06-12T18:44:30,False
2023-02-19,22658.666802276894,22794.891251989982,22613.258652372533,22704.074952181258,22704.074952181258,288399454,False,nifty100.csv,2026-06-12T18:44:30,False
2023-02-20,22466.20109916516,22601.268440442705,22421.178652072645,22511.223546257675,22511.223546257675,287657017,False,nifty100.csv,2026-06-12T18:44:30,False
2023-02-21,22731.01175450269,22867.67114380832,22685.458624734147,22776.564884271236,22776.564884271236,300404590,False,nifty100.csv,2026-06-12T18:44:30,False
2023-02-22,22758.312005629672,22895.1355247016,22712.70416593903,22803.919845320317,22803.919845320317,232932385,False,nifty100.csv,2026-06-12T18:44:30,False
2023-02-23,23022.603480720427,23161.015926496304,22976.46599879513,23068.74096264572,23068.74096264572,267037912,False,nifty100.csv,2026-06-12T18:44:30,False
2023-02-24,23112.67377496213,23251.627725513004,23066.35579144517,23158.99175847909,23158.99175847909,169375691,False,nifty100.csv,2026-06-12T18:44:30,False
2023-02-25,23619.271275974657,23761.270902884324,23571.93806700477,23666.604484944542,23666.604484944542,251303168,False,nifty100.csv,2026-06-12T18:44:30,False
2023-02-26,23985.71407888662,24129.916768739644,23937.64651560228,24033.78164217096,24033.78164217096,237741878,False,nifty100.csv,2026-06-12T18:44:30,False
2023-02-27,24021.26234694814,24165.678753843626,23973.123544649647,24069.401149246634,24069.401149246634,282112661,False,nifty100.csv,2026-06-12T18:44:30,False
2023-02-28,24315.68960743392,24461.87611809985,24266.96077054527,24364.41844432256,24364.41844432256,317596583,False,nifty100.csv,2026-06-12T18:44:30,False
2023-03-01,24503.992485281327,24651.31107737721,24454.886287916037,24553.09868264662,24553.09868264662,201267968,False,nifty100.csv,2026-06-12T18:44:30,False
2023-03-02,24829.418210833563,24978.693270217333,24779.65985770564,24879.17656396149,24879.17656396149,162275520,False,nifty100.csv,2026-06-12T18:44:30,False
2023-03-03,24554.493505882965,24702.11571132916,24505.28610406757,24603.700907698363,24603.700907698363,205341816,False,nifty100.csv,2026-06-12T18:44:30,False
2023-03-04,24707.54613279406,24856.088494313863,24658.032012287465,24757.060253300664,24757.060253300664,214990398,False,nifty100.csv,2026-06-12T18:44:30,False
2023-03-05,25025.093580791632,25175.54504520521,24974.94309265377,25075.244068929493,25075.244068929493,155422569,False,nifty100.csv,2026-06-12T18:44:30,False
2023-03-06,24695.59557693772,24844.06609142833,24646.10540544085,24745.08574843459,24745.08574843459,247682857,False,nifty100.csv,2026-06-12T18:44:30,False
2023-03-07,24491.624631393985,24638.86886765487,24442.543219307023,24540.706043480943,24540.706043480943,197468948,False,nifty100.csv,2026-06-12T18:44:30,False
2023-03-08,23989.23403455283,24133.45788646397,23941.159417249117,24037.30865185654,24037.30865185654,185202256,False,nifty100.csv,2026-06-12T18:44:30,False
2023-03-09,23878.25385418066,24021.81049057854,23830.40164204804,23926.10606631329,23926.10606631329,209871253,False,nifty100.csv,2026-06-12T18:44:30,False
2023-03-10,24059.0602759483,24203.703924901896,24010.845726297102,24107.2748255995,24107.2748255995,321156133,False,nifty100.csv,2026-06-12T18:44:30,False
2023-03-11,24335.758584236097,24482.065750073187,24286.989528957067,24384.527639515127,24384.527639515127,239696866,False,nifty100.csv,2026-06-12T18:44:30,False
2023-03-12,24374.73764959425,24521.27915850965,24325.890479955782,24423.58481923272,24423.58481923272,314579308,False,nifty100.csv,2026-06-12T18:44:30,False
2023-03-13,24765.341969728404,24914.23180120974,24715.71202590129,24814.97191355552,24814.97191355552,338675279,False,nifty100.csv,2026-06-12T18:44:30,False
2023-03-14,24415.64201784091,24562.42944480188,24366.712875520585,24464.57116016123,24464.57116016123,293039165,False,nifty100.csv,2026-06-12T18:44:30,False
2023-03-15,23940.908301584856,24084.841618027247,23892.93052943739,23988.88607373232,23988.88607373232,217342864,False,nifty100.csv,2026-06-12T18:44:30,False
2023-03-16,23957.88597466947,24101.92136129073,23909.87417912905,24005.89777020989,24005.89777020989,242596825,False,nifty100.csv,2026-06-12T18:44:30,False
2023-03-17,24028.305516342163,24172.764266941413,23980.152599475747,24076.45843320858,24076.45843320858,283297804,False,nifty100.csv,2026-06-12T18:44:30,False
2023-03-18,23970.29204575652,24114.40201797549,23922.25538835019,24018.32870316284,24018.32870316284,245298192,False,nifty100.csv,2026-06-12T18:44:30,False
2023-03-19,23361.04248409417,23501.48963329714,23314.22676769318,23407.85820049516,23407.85820049516,244879909,False,nifty100.csv,2026-06-12T18:44:30,False
2023-03-20,23344.767460816085,23485.116764187725,23297.984359692207,23391.550561939966,23391.550561939966,275383504,False,nifty100.csv,2026-06-12T18:44:30,False
2023-03-21,23135.009114424483,23274.09734557333,23088.646370708204,23181.371858140767,23181.371858140767,346858351,False,nifty100.csv,2026-06-12T18:44:30,False
2023-03-22,23369.85362816331,23510.353750176317,23323.02025415897,23416.687002167644,23416.687002167644,341693389,False,nifty100.csv,2026-06-12T18:44:30,False
2023-03-23,23438.058948944115,23578.969122985865,23391.0888909302,23485.029006958037,23485.029006958037,312746796,False,nifty100.csv,2026-06-12T18:44:30,False
2023-03-24,23200.716389500325,23340.19965436706,23154.22196787808,23247.21081112257,23247.21081112257,272014469,False,nifty100.csv,2026-06-12T18:44:30,False
2023-03-25,23111.06077015993,23250.005023287144,23064.746019117527,23157.37552120233,23157.37552120233,163693090,False,nifty100.csv,2026-06-12T18:44:30,False
2023-03-26,22832.28364037724,22969.55187869614,22786.527560937604,22878.039719816872,22878.039719816872,294906605,False,nifty100.csv,2026-06-12T18:44:30,False
2023-03-27,22837.250591274034,22974.548691021173,22791.484558024986,22883.01662452308,22883.01662452308,175732334,False,nifty100.csv,2026-06-12T18:44:30,False
2023-03-28,23092.527717556663,23231.360549525943,23046.25010690024,23138.80532821309,23138.80532821309,212701639,False,nifty100.csv,2026-06-12T18:44:30,False
2023-03-29,22931.73489957032,23069.601041251102,22885.779519010062,22977.690280130584,22977.690280130584,210011150,False,nifty100.csv,2026-06-12T18:44:30,False
2023-03-30,23046.02539103169,23184.578649895608,22999.840971410384,23092.209810653,23092.209810653,197775541,False,nifty100.csv,2026-06-12T18:44:30,False
2023-03-31,22922.5857988965,23060.39693596401,22876.64875320733,22968.52284458567,22968.52284458567,201039740,False,nifty100.csv,2026-06-12T18:44:30,False
2023-04-01,22710.70957746248,22847.246909591515,22665.197133419468,22756.22202150549,22756.22202150549,191279258,False,nifty100.csv,2026-06-12T18:44:30,False
2023-04-02,22654.838422911136,22791.03985631541,22609.43794510971,22700.23890071256,22700.23890071256,285315724,False,nifty100.csv,2026-06-12T18:44:30,False
2023-04-03,22421.23717438453,22556.034191464994,22376.304835357707,22466.16951341135,22466.16951341135,242874480,False,nifty100.csv,2026-06-12T18:44:30,False
2023-04-04,22321.3829714732,22455.57966268446,22276.650741069447,22366.115201876957,22366.115201876957,260627230,False,nifty100.csv,2026-06-12T18:44:30,False
2023-04-05,22106.133803391236,22239.036411427653,22061.83293404576,22150.434672736705,22150.434672736705,221926775,False,nifty100.csv,2026-06-12T18:44:30,False
2023-04-06,22505.108591374585,22640.409845430942,22460.0081733558,22550.209009393373,22550.209009393373,221967803,False,nifty100.csv,2026-06-12T18:44:30,False
2023-04-07,22585.080680271763,22720.86272844975,22539.81999754577,22630.34136299776,22630.34136299776,210422713,False,nifty100.csv,2026-06-12T18:44:30,False
2023-04-08,22423.82290253646,22558.63546507676,22378.88538168969,22468.760423383228,22468.760423383228,346542870,False,nifty100.csv,2026-06-12T18:44:30,False
2023-04-09,22475.13557947069,22610.256635058693,22430.095227608028,22520.17593133336,22520.17593133336,285601368,False,nifty100.csv,2026-06-12T18:44:30,False
2023-04-10,22422.234526483266,22557.03753966853,22377.30018875484,22467.16886421169,22467.16886421169,318286113,False,nifty100.csv,2026-06-12T18:44:30,False
2023-04-11,22271.205567374345,22405.100590825496,22226.57389289063,22315.837241858066,22315.837241858066,290269593,False,nifty100.csv,2026-06-12T18:44:30,False
2023-04-12,22450.29803560466,22585.269767281643,22405.307458379,22495.28861283032,22495.28861283032,313621892,False,nifty100.csv,2026-06-12T18:44:30,False
2023-04-13,22656.005945175493,22792.2143977517,22610.60312765009,22701.408762700896,22701.408762700896,290652051,False,nifty100.csv,2026-06-12T18:44:30,False
2023-04-14,22531.119619104957,22666.577252085543,22485.967074778087,22576.27216343181,22576.27216343181,305558597,False,nifty100.csv,2026-06-12T18:44:30,False
2023-04-15,22412.502551605397,22547.247055923664,22367.58771683264,22457.41738637815,22457.41738637815,275241914,False,nifty100.csv,2026-06-12T18:44:30,False
2023-04-16,22380.30578532156,22514.856721906657,22335.455473126527,22425.156097516592,22425.156097516592,284903231,False,nifty100.csv,2026-06-12T18:44:30,False
2023-04-17,21818.196546791634,21949.368069117038,21774.4727060165,21861.920387566766,21861.920387566766,294529553,False,nifty100.csv,2026-06-12T18:44:30,False
2023-04-18,21478.960305379373,21608.09233126341,21435.91629675136,21522.004314007387,21522.004314007387,234223363,False,nifty100.csv,2026-06-12T18:44:30,False
2023-04-19,21808.09026503491,21939.20102815135,21764.38667732943,21851.79385274039,21851.79385274039,267051917,False,nifty100.csv,2026-06-12T18:44:30,False
2023-04-20,22112.36395520273,22245.304019061667,22068.05060058309,22156.67730982238,22156.67730982238,288995149,False,nifty100.csv,2026-06-12T18:44:30,False
2023-04-21,22076.45687001377,22209.181059613056,22032.21547348068,22120.698266546868,22120.698266546868,175557004,False,nifty100.csv,2026-06-12T18:44:30,False
2023-04-22,22146.814009766174,22279.961188181605,22102.43161696104,22191.19640257132,22191.19640257132,306691334,False,nifty100.csv,2026-06-12T18:44:30,False
2023-04-23,22240.240840184066,22373.9497029507,22195.671219261847,22284.810461106277,22284.810461106277,333253375,False,nifty100.csv,2026-06-12T18:44:30,False
2023-04-24,22925.197167049584,23063.024003725237,22879.2548881577,22971.139445941462,22971.139445941462,202829582,False,nifty100.csv,2026-06-12T18:44:30,False
2023-04-25,23109.079561787432,23248.011903842264,23062.768781102488,23155.390342472376,23155.390342472376,251241406,False,nifty100.csv,2026-06-12T18:44:30,False
2023-04-26,23139.03500592212,23278.147440827463,23092.664194287005,23185.405817557235,23185.405817557235,154218346,False,nifty100.csv,2026-06-12T18:44:30,False
2023-04-27,22895.17334233677,23032.819675056227,22849.29123143028,22941.05545324325,22941.05545324325,339151982,False,nifty100.csv,2026-06-12T18:44:30,False
2023-04-28,22506.44640877493,22641.75570582167,22461.343309759344,22551.549507790507,22551.549507790507,307959147,False,nifty100.csv,2026-06-12T18:44:30,False
2023-04-29,22565.587310082425,22701.252163650057,22520.365692226547,22610.808927938306,22610.808927938306,175061794,False,nifty100.csv,2026-06-12T18:44:30,False
2023-04-30,22455.392739933373,22590.39510109529,22410.3919528794,22500.393526987347,22500.393526987347,211431120,False,nifty100.csv,2026-06-12T18:44:30,False
2023-05-01,22104.969867373147,22237.86547779824,22060.671330564783,22149.268404181512,22149.268404181512,249797410,False,nifty100.csv,2026-06-12T18:44:30,False
2023-05-02,21973.122569756302,22105.225511057444,21929.08825598926,22017.156883523352,22017.156883523352,331102482,False,nifty100.csv,2026-06-12T18:44:30,False
2023-05-03,21765.04804876208,21895.900041039204,21721.43071800304,21808.66537952112,21808.66537952112,338893075,False,nifty100.csv,2026-06-12T18:44:30,False
2023-05-04,22163.567723629887,22296.81562577596,22119.151756247866,22207.983691011912,22207.983691011912,271151391,False,nifty100.csv,2026-06-12T18:44:30,False
2023-05-05,22368.91440019064,22503.396851494388,22324.08691642272,22413.741883958555,22413.741883958555,161524217,False,nifty100.csv,2026-06-12T18:44:30,False
2023-05-06,22356.00468305161,22490.409520825477,22311.20307046033,22400.806295642906,22400.806295642906,240812847,False,nifty100.csv,2026-06-12T18:44:30,False
2023-05-07,22650.518275627663,22786.69373620258,22605.126455436024,22695.9100958193,22695.9100958193,159324391,False,nifty100.csv,2026-06-12T18:44:30,False
2023-05-08,22676.827339949457,22813.16097125176,22631.382796182024,22722.27188371689,22722.27188371689,180717847,False,nifty100.csv,2026-06-12T18:44:30,False
2023-05-09,22443.491923003607,22578.42273616796,22398.51498528216,22488.468860725057,22488.468860725057,152906492,False,nifty100.csv,2026-06-12T18:44:30,False
2023-05-10,22654.19616414491,22790.39373627404,22608.7969734352,22699.595354854617,22699.595354854617,254197446,False,nifty100.csv,2026-06-12T18:44:30,False
2023-05-11,22799.221057767376,22936.290523044536,22753.531236008323,22844.91087952643,22844.91087952643,172919530,False,nifty100.csv,2026-06-12T18:44:30,False
2023-05-12,22614.50196703296,22750.460896694483,22569.182323812453,22659.821610253468,22659.821610253468,256349617,False,nifty100.csv,2026-06-12T18:44:30,False
2023-05-13,22471.66313190493,22606.763311054663,22426.629738855027,22516.696524954845,22516.696524954845,336291264,False,nifty100.csv,2026-06-12T18:44:30,False
2023-05-14,22240.076639516727,22373.784515105,22195.50734765397,22284.645931379484,22284.645931379484,178412258,False,nifty100.csv,2026-06-12T18:44:30,False
2023-05-15,21972.8542411771,22104.95556928037,21928.82046514268,22016.888017211524,22016.888017211524,332096671,False,nifty100.csv,2026-06-12T18:44:30,False
2023-05-16,22269.31922162374,22403.202904318878,22224.69132739203,22313.94711585545,22313.94711585545,150122019,False,nifty100.csv,2026-06-12T18:44:30,False
2023-05-17,22696.138217217904,22832.58794597873,22650.654974297628,22741.62146013818,22741.62146013818,313949708,False,nifty100.csv,2026-06-12T18:44:30,False
2023-05-18,22359.94819747305,22494.376743750443,22315.13868204725,22404.75771289885,22404.75771289885,285983045,False,nifty100.csv,2026-06-12T18:44:30,False
2023-05-19,22480.66675769306,22615.82106685755,22435.615321304896,22525.718194081222,22525.718194081222,312276479,False,nifty100.csv,2026-06-12T18:44:30,False
2023-05-20,22404.158094909628,22538.852432153573,22359.25998249498,22449.05620732428,22449.05620732428,292420365,False,nifty100.csv,2026-06-12T18:44:30,False
2023-05-21,22273.96490838716,22407.876521062837,22229.327704161937,22318.602112612385,22318.602112612385,270686500,False,nifty100.csv,2026-06-12T18:44:30,False
2023-05-22,22114.950763682897,22247.90637949662,22070.63222507832,22159.26930228747,22159.26930228747,182676719,False,nifty100.csv,2026-06-12T18:44:30,False
2023-05-23,21912.50200641944,22044.240495435988,21868.589176747257,21956.414836091622,21956.414836091622,276513614,False,nifty100.csv,2026-06-12T18:44:30,False
2023-05-24,21886.433449661898,22018.01521388832,21842.57286158642,21930.29403773737,21930.29403773737,237013102,False,nifty100.csv,2026-06-12T18:44:30,False
2023-05-25,21719.250373563144,21849.827029115622,21675.72482171232,21762.77592541397,21762.77592541397,313231741,False,nifty100.csv,2026-06-12T18:44:30,False
2023-05-26,21852.46525252988,21983.84279913828,21808.67273699375,21896.25776806601,21896.25776806601,286634554,False,nifty100.csv,2026-06-12T18:44:30,False
2023-05-27,21860.810117944933,21992.237834084885,21817.00087923162,21904.61935665825,21904.61935665825,275220559,False,nifty100.csv,2026-06-12T18:44:30,False
2023-05-28,21803.769928478123,21934.854717627288,21760.07499876173,21847.46485819451,21847.46485819451,213574747,False,nifty100.csv,2026-06-12T18:44:30,False
2023-05-29,21603.153086329945,21733.031762199666,21559.860194373374,21646.44597828652,21646.44597828652,288508175,False,nifty100.csv,2026-06-12T18:44:30,False
2023-05-30,21419.62214719332,21548.39743064338,21376.69705270997,21462.547241676675,21462.547241676675,330024509,False,nifty100.csv,2026-06-12T18:44:30,False
2023-05-31,21621.730245199866,21751.72060739545,21578.400124468,21665.060365931724,21665.060365931724,284362499,False,nifty100.csv,2026-06-12T18:44:30,False
2023-06-01,21729.79036842979,21860.43039068488,21686.24369434476,21773.337042514817,21773.337042514817,339764012,False,nifty100.csv,2026-06-12T18:44:30,False
2023-06-02,21519.858696392246,21649.236604386588,21476.7327270608,21562.98466572369,21562.98466572369,289967321,False,nifty100.csv,2026-06-12T18:44:30,False
2023-06-03,21683.140941147954,21813.5005059244,21639.68775288914,21726.594129406767,21726.594129406767,335558299,False,nifty100.csv,2026-06-12T18:44:30,False
2023-06-04,21861.440166152835,21992.87167015776,21817.629664817858,21905.25066748781,21905.25066748781,228495583,False,nifty100.csv,2026-06-12T18:44:30,False
2023-06-05,21479.50787991156,21608.64319782686,21436.46277393979,21522.552985883325,21522.552985883325,168598124,False,nifty100.csv,2026-06-12T18:44:30,False
2023-06-06,21580.865414300988,21710.610096150493,21537.617187017822,21624.11364158416,21624.11364158416,247129665,False,nifty100.csv,2026-06-12T18:44:30,False
2023-06-07,21495.206156276225,21624.435852606544,21452.129590832785,21538.282721719665,21538.282721719665,292717698,False,nifty100.csv,2026-06-12T18:44:30,False
2023-06-08,21625.61359852604,21755.62730753521,21582.27569552298,21668.951501529096,21668.951501529096,338465909,False,nifty100.csv,2026-06-12T18:44:30,False
2023-06-09,21408.06165702592,21536.76743853109,21365.159729857533,21450.96358419431,21450.96358419431,172311047,False,nifty100.csv,2026-06-12T18:44:30,False
2023-06-10,21076.110090313407,21202.82017101669,21033.873396745646,21118.34678388117,21118.34678388117,160425111,False,nifty100.csv,2026-06-12T18:44:30,False
2023-06-11,20719.84390634207,20844.4121061798,20678.321173062828,20761.366639621312,20761.366639621312,283893902,False,nifty100.csv,2026-06-12T18:44:30,False
2023-06-12,20811.84187799364,20936.963171849307,20770.134780041742,20853.548975945527,20853.548975945527,338919978,False,nifty100.csv,2026-06-12T18:44:30,False
2023-06-13,20914.608972489383,21040.34810458852,20872.69592845634,20956.52201652243,20956.52201652243,203012638,False,nifty100.csv,2026-06-12T18:44:30,False
2023-06-14,20716.420782702688,20840.968402638777,20674.904909390654,20757.93665601472,20757.93665601472,238553672,False,nifty100.csv,2026-06-12T18:44:30,False
2023-06-15,20904.517222927385,21030.195683185462,20862.62440284136,20946.410043013413,20946.410043013413,152362854,False,nifty100.csv,2026-06-12T18:44:30,False
2023-06-16,20574.421277969595,20698.11519346841,20533.189972803324,20615.652583135867,20615.652583135867,291501996,False,nifty100.csv,2026-06-12T18:44:30,False
2023-06-17,20600.78637856804,20724.638801685684,20559.502237528828,20642.070519607256,20642.070519607256,253072705,False,nifty100.csv,2026-06-12T18:44:30,False
2023-06-18,20382.100924588813,20504.638605498167,20341.25503095236,20422.946818225264,20422.946818225264,198025351,False,nifty100.csv,2026-06-12T18:44:30,False
2023-06-19,20222.909624970194,20344.49024395799,20182.382751974263,20263.43649796613,20263.43649796613,266450155,False,nifty100.csv,2026-06-12T18:44:30,False
2023-06-20,20211.08415546277,20332.593679443507,20170.58098080253,20251.587330123017,20251.587330123017,327899890,False,nifty100.csv,2026-06-12T18:44:30,False
2023-06-21,20087.14249552585,20207.906879266488,20046.88770094564,20127.397290106062,20127.397290106062,169828838,False,nifty100.csv,2026-06-12T18:44:30,False
2023-06-22,20002.88090851068,20123.13870956385,19962.79497482629,20042.96684219507,20042.96684219507,194729321,False,nifty100.csv,2026-06-12T18:44:30,False
2023-06-23,20189.5661095593,20310.9462665306,20149.10605723553,20230.026161883063,20230.026161883063,167552508,False,nifty100.csv,2026-06-12T18:44:30,False
2023-06-24,20042.258016995773,20162.7525541721,20002.093171270328,20082.42286272121,20082.42286272121,170704568,False,nifty100.csv,2026-06-12T18:44:30,False
2023-06-25,20228.79113739834,20350.407116180297,20188.252477804355,20269.32979699233,20269.32979699233,303328591,False,nifty100.csv,2026-06-12T18:44:30,False
2023-06-26,20092.997131521297,20213.79671347433,20052.73060420362,20133.263658838976,20133.263658838976,271163746,False,nifty100.csv,2026-06-12T18:44:30,False
2023-06-27,20159.392001707856,20280.59075121712,20118.9924185381,20199.79158487761,20199.79158487761,274013341,False,nifty100.csv,2026-06-12T18:44:30,False
2023-06-28,20451.9261555636,20574.883627440733,20410.940331604557,20492.911979522643,20492.911979522643,160298825,False,nifty100.csv,2026-06-12T18:44:30,False
2023-06-29,20023.29704328137,20143.67758662776,19983.17019549925,20063.423891063503,20063.423891063503,159989349,False,nifty100.csv,2026-06-12T18:44:30,False
2023-06-30,19868.977660419907,19988.43043192544,19829.160069918064,19908.79525092175,19908.79525092175,284406801,False,nifty100.csv,2026-06-12T18:44:30,False
2023-07-01,20004.28164867576,20124.547871012484,19964.19290789685,20044.370389454667,20044.370389454667,334908657,False,nifty100.csv,2026-06-12T18:44:30,False
2023-07-02,19926.95954241293,20046.760902387352,19887.02575575478,19966.893329071067,19966.893329071067,282988788,False,nifty100.csv,2026-06-12T18:44:30,False
2023-07-03,20021.25240400899,20141.620654934894,19981.12965370035,20061.375154317622,20061.375154317622,249762598,False,nifty100.csv,2026-06-12T18:44:30,False
2023-07-04,19900.285458027,20019.92645276464,19860.40512644779,19940.165789606213,19940.165789606213,338963387,False,nifty100.csv,2026-06-12T18:44:30,False
2023-07-05,19960.90175536391,20080.90717673884,19920.89994823893,20000.90356248889,20000.90356248889,177504225,False,nifty100.csv,2026-06-12T18:44:30,False
2023-07-06,19982.24028643397,20102.37399557085,19942.19571672168,20022.284856146267,20022.284856146267,201417258,False,nifty100.csv,2026-06-12T18:44:30,False
2023-07-07,20321.35976547644,20443.5322690765,20280.63559760975,20362.083933343125,20362.083933343125,229863165,False,nifty100.csv,2026-06-12T18:44:30,False
2023-07-08,20400.318871275384,20522.96607891832,20359.436468727738,20441.20127382303,20441.20127382303,242068012,False,nifty100.csv,2026-06-12T18:44:30,False
2023-07-09,20485.935512730444,20609.09744968073,20444.88153374702,20526.989491713877,20526.989491713877,291970070,False,nifty100.csv,2026-06-12T18:44:30,False
2023-07-10,20416.026754750423,20538.76839856656,20375.112873478374,20456.940636022468,20456.940636022468,237744964,False,nifty100.csv,2026-06-12T18:44:30,False
2023-07-11,20309.121061068978,20431.21998528382,20268.421419664028,20349.820702473924,20349.820702473924,184613597,False,nifty100.csv,2026-06-12T18:44:30,False
2023-07-12,20241.51749153272,20363.209981461776,20200.953328223037,20282.081654842405,20282.081654842405,323072261,False,nifty100.csv,2026-06-12T18:44:30,False
2023-07-13,20312.6698112209,20434.790070607,20271.9630580922,20353.3765643496,20353.3765643496,174373175,False,nifty100.csv,2026-06-12T18:44:30,False
2023-07-14,20240.50144542365,20362.187826859063,20199.939318278517,20281.06357256879,20281.06357256879,288151545,False,nifty100.csv,2026-06-12T18:44:30,False
2023-07-15,20356.059110630635,20478.440227528212,20315.26540499811,20396.852816263163,20396.852816263163,343763947,False,nifty100.csv,2026-06-12T18:44:30,False
2023-07-16,20737.543639102627,20862.21825015936,20695.985435417053,20779.101842788205,20779.101842788205,167353731,False,nifty100.csv,2026-06-12T18:44:30,False
2023-07-17,20967.68253711163,21093.740748757587,20925.66313322964,21009.70194099361,21009.70194099361,227859932,False,nifty100.csv,2026-06-12T18:44:30,False
2023-07-18,20960.49623956023,21086.5112470125,20918.49123707614,21002.50124204432,21002.50124204432,322059542,False,nifty100.csv,2026-06-12T18:44:30,False
2023-07-19,21208.61976336204,21336.126495406297,21166.117519347285,21251.12200737679,21251.12200737679,152050053,False,nifty100.csv,2026-06-12T18:44:30,False
2023-07-20,21039.83044113189,21166.32240771184,20997.666452271904,21081.99442999187,21081.99442999187,155021983,False,nifty100.csv,2026-06-12T18:44:30,False
2023-07-21,20603.59081313357,20727.460096579263,20562.301051985007,20644.88057428213,20644.88057428213,286203409,False,nifty100.csv,2026-06-12T18:44:30,False
2023-07-22,20458.497595631943,20581.4945751648,20417.49860245432,20499.49658880956,20499.49658880956,349804327,False,nifty100.csv,2026-06-12T18:44:30,False
2023-07-23,20090.564414384706,20211.34937078381,20050.30276225167,20130.82606651774,20130.82606651774,210539487,False,nifty100.csv,2026-06-12T18:44:30,False
2023-07-24,19986.320572089666,20106.47881200203,19946.26782545221,20026.37331872712,20026.37331872712,254731080,False,nifty100.csv,2026-06-12T18:44:30,False
2023-07-25,19974.4766836379,20094.563717808065,19934.447672247843,20014.505695027958,20014.505695027958,264173129,False,nifty100.csv,2026-06-12T18:44:30,False
2023-07-26,20344.04835588706,20466.357263838283,20303.27871990332,20384.8179918708,20384.8179918708,195278419,False,nifty100.csv,2026-06-12T18:44:30,False
2023-07-27,20436.27469806732,20559.1380730056,20395.32023975456,20477.22915638008,20477.22915638008,268989829,False,nifty100.csv,2026-06-12T18:44:30,False
2023-07-28,20387.46096081236,20510.030866388388,20346.604325620352,20428.31759600437,20428.31759600437,204594159,False,nifty100.csv,2026-06-12T18:44:30,False
2023-07-29,20543.600275283487,20667.10889417297,20502.43073565366,20584.769814913318,20584.769814913318,190180087,False,nifty100.csv,2026-06-12T18:44:30,False
2023-07-30,20092.20581179585,20213.000636315668,20051.94087028925,20132.47075330246,20132.47075330246,318660858,False,nifty100.csv,2026-06-12T18:44:30,False
2023-07-31,20106.36904488228,20227.24901910001,20066.07572014304,20146.662369621525,20146.662369621525,244483266,False,nifty100.csv,2026-06-12T18:44:30,False
2023-08-01,20328.765090960667,20450.98211555562,20288.02608276235,20369.504099158985,20369.504099158985,218668521,False,nifty100.csv,2026-06-12T18:44:30,False
2023-08-02,20028.10509096268,20148.51454040734,19987.96860781445,20068.241574110896,20068.241574110896,177397770,False,nifty100.csv,2026-06-12T18:44:30,False
2023-08-03,20307.67026091884,20429.76046288829,20266.973526929025,20348.366994908654,20348.366994908654,258860202,False,nifty100.csv,2026-06-12T18:44:30,False
2023-08-04,20441.650680829905,20564.54637630584,20400.685449004595,20482.615912655216,20482.615912655216,325469968,False,nifty100.csv,2026-06-12T18:44:30,False
2023-08-05,20403.827899817992,20526.496203824918,20362.938465149015,20444.71733448697,20444.71733448697,189492703,False,nifty100.csv,2026-06-12T18:44:30,False
2023-08-06,20517.86741996879,20641.22133231329,20476.74944918729,20558.985390750287,20558.985390750287,271320835,False,nifty100.csv,2026-06-12T18:44:30,False
2023-08-07,21001.28244431561,21127.54265941169,20959.19570595025,21043.36918268097,21043.36918268097,200877374,False,nifty100.csv,2026-06-12T18:44:30,False
2023-08-08,21042.597996765904,21169.10660195688,21000.42846170225,21084.76753182956,21084.76753182956,236566339,False,nifty100.csv,2026-06-12T18:44:30,False
2023-08-09,21060.81680935332,21187.4349464837,21018.61076364319,21103.02285506345,21103.02285506345,349273296,False,nifty100.csv,2026-06-12T18:44:30,False
2023-08-10,20984.60838026048,21110.768350482485,20942.555056853143,21026.66170366781,21026.66170366781,325538984,False,nifty100.csv,2026-06-12T18:44:30,False
2023-08-11,20766.595584775663,20891.44485682842,20724.97916075808,20808.21200879325,20808.21200879325,250443090,False,nifty100.csv,2026-06-12T18:44:30,False
2023-08-12,20990.66198131514,21116.858345932265,20948.59652644277,21032.72743618752,21032.72743618752,293048580,False,nifty100.csv,2026-06-12T18:44:30,False
2023-08-13,20800.86738261862,20925.922697544185,20759.182277643435,20842.55248759381,20842.55248759381,341949215,False,nifty100.csv,2026-06-12T18:44:30,False
2023-08-14,20828.61062975992,20953.832737754467,20786.86992709507,20870.35133242477,20870.35133242477,347968597,False,nifty100.csv,2026-06-12T18:44:30,False
2023-08-15,20747.825775161906,20872.562202667887,20706.246965993243,20789.404584330565,20789.404584330565,184045431,False,nifty100.csv,2026-06-12T18:44:30,False
2023-08-16,20839.525774008736,20964.813504113,20797.76319730732,20881.28835071016,20881.28835071016,163200674,False,nifty100.csv,2026-06-12T18:44:30,False
2023-08-17,20937.044822119216,21062.918839085865,20895.086816463667,20979.00282777477,20979.00282777477,189755285,False,nifty100.csv,2026-06-12T18:44:30,False
2023-08-18,21135.92350331379,21262.993183694434,21093.566943186903,21178.28006344067,21178.28006344067,181802560,False,nifty100.csv,2026-06-12T18:44:30,False
2023-08-19,21071.913529689977,21198.59838056988,21029.685246063345,21114.14181331661,21114.14181331661,258285907,False,nifty100.csv,2026-06-12T18:44:30,False
2023-08-20,20964.88751444747,21090.92892234996,20922.873711813307,21006.901317081632,21006.901317081632,181148181,False,nifty100.csv,2026-06-12T18:44:30,False
2023-08-21,20774.781783385657,20899.680271061323,20733.148954160435,20816.41461261088,20816.41461261088,293013743,False,nifty100.csv,2026-06-12T18:44:30,False
2023-08-22,20769.288825074345,20894.154288952548,20727.66700378161,20810.91064636708,20810.91064636708,218412170,False,nifty100.csv,2026-06-12T18:44:30,False
2023-08-23,20809.581326418283,20934.689029783523,20767.878758629868,20851.283894206696,20851.283894206696,222598476,False,nifty100.csv,2026-06-12T18:44:30,False
2023-08-24,20941.11660857804,21067.0151052228,20899.150443029783,20983.08277412629,20983.08277412629,279661929,False,nifty100.csv,2026-06-12T18:44:30,False
2023-08-25,20778.757392466126,20903.67978159919,20737.11659608844,20820.39818884381,20820.39818884381,260679554,False,nifty100.csv,2026-06-12T18:44:30,False
2023-08-26,20968.93172878265,21094.99745059898,20926.90982151054,21010.95363605476,21010.95363605476,326217403,False,nifty100.csv,2026-06-12T18:44:30,False
2023-08-27,21269.116921292505,21396.987363705084,21226.49344048831,21311.740402096697,21311.740402096697,165599691,False,nifty100.csv,2026-06-12T18:44:30,False
2023-08-28,21381.209099418276,21509.75344270135,21338.36098499058,21424.057213845965,21424.057213845965,298202070,False,nifty100.csv,2026-06-12T18:44:30,False
2023-08-29,21810.671087485764,21941.797366568844,21766.962327791403,21854.379847180124,21854.379847180124,245137037,False,nifty100.csv,2026-06-12T18:44:30,False
2023-08-30,21698.772757674786,21829.226301308096,21655.288243130344,21742.25727221922,21742.25727221922,152343136,False,nifty100.csv,2026-06-12T18:44:30,False
2023-08-31,21458.156524199934,21587.16347725124,21415.15420651617,21501.158841883705,21501.158841883705,154422888,False,nifty100.csv,2026-06-12T18:44:30,False
2023-09-01,21082.10316678141,21208.84927800454,21039.854463040363,21124.35187052245,21124.35187052245,195507400,False,nifty100.csv,2026-06-12T18:44:30,False
2023-09-02,21427.07570838555,21555.895802824743,21384.13567690582,21470.01573986528,21470.01573986528,163710025,False,nifty100.csv,2026-06-12T18:44:30,False
2023-09-03,21651.615204838097,21781.78523612971,21608.22519440756,21695.005215268637,21695.005215268637,202052092,False,nifty100.csv,2026-06-12T18:44:30,False
2023-09-04,21639.11600864426,21769.21089446777,21595.751046703088,21682.48097058543,21682.48097058543,301080110,False,nifty100.csv,2026-06-12T18:44:30,False
2023-09-05,21661.53746608312,21791.76715024795,21618.12757136151,21704.94736080473,21704.94736080473,342623684,False,nifty100.csv,2026-06-12T18:44:30,False
2023-09-06,21476.14329378285,21605.25838372543,21433.104930468657,21519.181657097044,21519.181657097044,349537919,False,nifty100.csv,2026-06-12T18:44:30,False
2023-09-07,21996.926358394798,22129.172408645663,21952.844341644504,22041.008375145084,22041.008375145084,330139734,False,nifty100.csv,2026-06-12T18:44:30,False
2023-09-08,21934.85131779689,22066.724171410897,21890.893699925557,21978.808935668225,21978.808935668225,331219357,False,nifty100.csv,2026-06-12T18:44:30,False
2023-09-09,22000.526546699155,22132.794241368687,21956.437315142644,22044.615778255666,22044.615778255666,262916760,False,nifty100.csv,2026-06-12T18:44:30,False
2023-09-10,22139.089996086142,22272.190737545578,22094.723082266333,22183.456909905955,22183.456909905955,301292827,False,nifty100.csv,2026-06-12T18:44:30,False
2023-09-11,22244.833281714717,22378.569754350272,22200.254457502862,22289.412105926567,22289.412105926567,173627745,False,nifty100.csv,2026-06-12T18:44:30,False
2023-09-12,22313.584857836977,22447.73466660153,22268.868254915466,22358.301460758496,22358.301460758496,347295340,False,nifty100.csv,2026-06-12T18:44:30,False
2023-09-13,22154.91422913816,22288.11010626724,22110.515603428463,22199.312854847853,22199.312854847853,162541175,False,nifty100.csv,2026-06-12T18:44:30,False
2023-09-14,22294.114688681235,22428.1474423206,22249.437104134777,22338.79227322769,22338.79227322769,335305455,False,nifty100.csv,2026-06-12T18:44:30,False
2023-09-15,22694.694514735,22831.135563921784,22649.21416500607,22740.174864463926,22740.174864463926,170410862,False,nifty100.csv,2026-06-12T18:44:30,False
2023-09-16,23024.72349911567,23163.14869049312,22978.58176865652,23070.865229574814,23070.865229574814,181280152,False,nifty100.csv,2026-06-12T18:44:30,False
2023-09-17,23380.364000642057,23520.92731126716,23333.509563767024,23427.21843751709,23427.21843751709,248632397,False,nifty100.csv,2026-06-12T18:44:30,False
2023-09-18,23303.138227347303,23443.237254766227,23256.438551541,23349.837903153613,23349.837903153613,307765097,False,nifty100.csv,2026-06-12T18:44:30,False
2023-09-19,23111.855058030145,23250.80408643513,23065.53871522848,23158.17140083181,23158.17140083181,242890104,False,nifty100.csv,2026-06-12T18:44:30,False
2023-09-20,23045.780507012507,23184.332293627813,22999.596578140736,23091.964435884274,23091.964435884274,162479981,False,nifty100.csv,2026-06-12T18:44:30,False
2023-09-21,23113.597704964108,23252.557210204373,23067.27786988402,23159.9175400442,23159.9175400442,227755705,False,nifty100.csv,2026-06-12T18:44:30,False
2023-09-22,23343.27249057587,23483.61280615047,23296.492385384336,23390.052595767404,23390.052595767404,270451677,False,nifty100.csv,2026-06-12T18:44:30,False
2023-09-23,23001.556827816155,23139.84274060864,22955.461523551992,23047.652132080315,23047.652132080315,312115958,False,nifty100.csv,2026-06-12T18:44:30,False
2023-09-24,23371.412824719453,23511.92232065965,23324.57632607272,23418.249323366184,23418.249323366184,221264168,False,nifty100.csv,2026-06-12T18:44:30,False
2023-09-25,23426.18179876976,23567.02056709904,23379.235542660004,23473.12805487952,23473.12805487952,307705549,False,nifty100.csv,2026-06-12T18:44:30,False
2023-09-26,23323.405048061893,23463.62592009433,23276.664757384417,23370.14533873937,23370.14533873937,298712802,False,nifty100.csv,2026-06-12T18:44:30,False
2023-09-27,23082.501606434213,23221.274161182315,23036.244088184845,23128.75912468358,23128.75912468358,321581555,False,nifty100.csv,2026-06-12T18:44:30,False
2023-09-28,22715.55195918084,22852.11840382521,22670.029810966047,22761.07410739563,22761.07410739563,249313711,False,nifty100.csv,2026-06-12T18:44:30,False
2023-09-29,22891.021597630108,23028.64296996055,22845.147806853296,22936.895388406923,22936.895388406923,313290849,False,nifty100.csv,2026-06-12T18:44:30,False
2023-09-30,22949.27528394061,23087.24687883404,22903.284752309468,22995.265815571755,22995.265815571755,211449993,False,nifty100.csv,2026-06-12T18:44:30,False
2023-10-01,22593.438619235258,22729.27091554329,22548.161187132584,22638.71605133793,22638.71605133793,348912098,False,nifty100.csv,2026-06-12T18:44:30,False
2023-10-02,22266.92019763304,22400.789457338247,22222.29711106464,22311.54328420144,22311.54328420144,251824010,False,nifty100.csv,2026-06-12T18:44:30,False
2023-10-03,22151.778811578577,22284.955838501894,22107.386469270805,22196.17115388635,22196.17115388635,225810388,False,nifty100.csv,2026-06-12T18:44:30,False
2023-10-04,22564.920584442087,22700.581429639133,22519.700302709734,22610.140866174435,22610.140866174435,246410004,False,nifty100.csv,2026-06-12T18:44:30,False
2023-10-05,22589.55903984809,22725.368012031544,22544.289382453604,22634.82869724257,22634.82869724257,196177493,False,nifty100.csv,2026-06-12T18:44:30,False
2023-10-06,22259.755718461245,22393.581905145384,22215.14698956653,22304.36444735596,22304.36444735596,309732396,False,nifty100.csv,2026-06-12T18:44:30,False
2023-10-07,22203.886755986783,22337.37705712498,22159.389988940715,22248.383523032848,22248.383523032848,194923382,False,nifty100.csv,2026-06-12T18:44:30,False
2023-10-08,22152.83053255583,22286.01388245096,22108.436082590782,22197.22498252087,22197.22498252087,212344912,False,nifty100.csv,2026-06-12T18:44:30,False
2023-10-09,21629.95395116511,21759.993754478728,21586.607350060567,21673.300552269648,21673.300552269648,338872127,False,nifty100.csv,2026-06-12T18:44:30,False
2023-10-10,21583.57968437861,21713.34068448509,21540.32601767645,21626.83335108077,21626.83335108077,278387965,False,nifty100.csv,2026-06-12T18:44:30,False
2023-10-11,21549.9873507766,21679.54639296564,21506.801003380257,21593.17369817295,21593.17369817295,269052545,False,nifty100.csv,2026-06-12T18:44:30,False
2023-10-12,21744.69641101354,21875.426048755107,21701.11986509969,21788.2729569274,21788.2729569274,304318968,False,nifty100.csv,2026-06-12T18:44:30,False
2023-10-13,22169.51247447218,22302.79611660328,22125.08459376181,22213.940355182545,22213.940355182545,341673129,False,nifty100.csv,2026-06-12T18:44:30,False
2023-10-14,22429.271000181405,22564.11631681576,22384.32256130329,22474.219439059525,22474.219439059525,262520186,False,nifty100.csv,2026-06-12T18:44:30,False
2023-10-15,22420.035660203528,22554.825453751848,22375.10572902076,22464.965591386303,22464.965591386303,319186634,False,nifty100.csv,2026-06-12T18:44:30,False
2023-10-16,22064.34382137878,22196.99518703837,22020.126699492248,22108.56094326531,22108.56094326531,343291023,False,nifty100.csv,2026-06-12T18:44:30,False
2023-10-17,22663.642730536423,22799.89709564987,22618.22460883194,22709.060852240906,22709.060852240906,199176816,False,nifty100.csv,2026-06-12T18:44:30,False
2023-10-18,22652.53936824765,22788.72697968,22607.143497770197,22697.93523872509,22697.93523872509,191604850,False,nifty100.csv,2026-06-12T18:44:30,False
2023-10-19,22578.469303955742,22714.21160438033,22533.221870480887,22623.71673743061,22623.71673743061,226858897,False,nifty100.csv,2026-06-12T18:44:30,False
2023-10-20,22601.331825821217,22737.21157627705,22556.03857566927,22646.625075973163,22646.625075973163,345228130,False,nifty100.csv,2026-06-12T18:44:30,False
2023-10-21,22712.48618411934,22849.03419725032,22666.97017974235,22758.00218849633,22758.00218849633,273061236,False,nifty100.csv,2026-06-12T18:44:30,False
2023-10-22,22679.417343197296,22815.76654566141,22633.96760904259,22724.867077352,22724.867077352,337506874,False,nifty100.csv,2026-06-12T18:44:30,False
2023-10-23,22600.3029448538,22736.17650965252,22555.011756587563,22645.59413312004,22645.59413312004,239130841,False,nifty100.csv,2026-06-12T18:44:30,False
2023-10-24,22556.960779214103,22692.5737698707,22511.756448995235,22602.165109432968,22602.165109432968,189754383,False,nifty100.csv,2026-06-12T18:44:30,False
2023-10-25,22614.031555106685,22749.987656640395,22568.71285459545,22659.350255617923,22659.350255617923,198544005,False,nifty100.csv,2026-06-12T18:44:30,False
2023-10-26,22572.66629304656,22708.37370563001,22527.43048885208,22617.902097241044,22617.902097241044,285787448,False,nifty100.csv,2026-06-12T18:44:30,False
2023-10-27,22453.8447644442,22588.83781914026,22408.847079545518,22498.842449342887,22498.842449342887,310511339,False,nifty100.csv,2026-06-12T18:44:30,False
2023-10-28,22485.84948740757,22621.034955267736,22440.78766478752,22530.911310027623,22530.911310027623,155181930,False,nifty100.csv,2026-06-12T18:44:30,False
2023-10-29,22363.513408831062,22497.96338924488,22318.696748693128,22408.330068969004,22408.330068969004,322906799,False,nifty100.csv,2026-06-12T18:44:30,False
2023-10-30,22689.70851163579,22826.11958485204,22644.23815389704,22735.178869374537,22735.178869374537,193878697,False,nifty100.csv,2026-06-12T18:44:30,False
2023-10-31,22075.869240038934,22208.589896792677,22031.629021121014,22120.10945895685,22120.10945895685,261034443,False,nifty100.csv,2026-06-12T18:44:30,False
2023-11-01,22415.063821948992,22549.82372468616,22370.143854369933,22459.983789528047,22459.983789528047,247428812,False,nifty100.csv,2026-06-12T18:44:30,False
2023-11-02,22687.771192082822,22824.170618087333,22642.304716747996,22733.237667417663,22733.237667417663,165955843,False,nifty100.csv,2026-06-12T18:44:30,False
2023-11-03,22242.0185946119,22375.73814528091,22197.445411055563,22286.59177816824,22286.59177816824,305909094,False,nifty100.csv,2026-06-12T18:44:30,False
2023-11-04,22196.920142261333,22330.36855995028,22152.437336365016,22241.402948157647,22241.402948157647,176875637,False,nifty100.csv,2026-06-12T18:44:30,False
2023-11-05,22123.301245973173,22256.30706508724,22078.965972935148,22167.636519011197,22167.636519011197,339831809,False,nifty100.csv,2026-06-12T18:44:30,False
2023-11-06,21899.02502379045,22030.68248886334,21855.139202099486,21942.91084548141,21942.91084548141,258401466,False,nifty100.csv,2026-06-12T18:44:30,False
2023-11-07,21710.839894728237,21841.365986279707,21667.33119754441,21754.348591912058,21754.348591912058,301904154,False,nifty100.csv,2026-06-12T18:44:30,False
2023-11-08,21489.11450216483,21618.30757532414,21446.05014444506,21532.1788598846,21532.1788598846,244226714,False,nifty100.csv,2026-06-12T18:44:30,False
2023-11-09,21834.089154198708,21965.356223262024,21790.33346451093,21877.84484388648,21877.84484388648,165340110,False,nifty100.csv,2026-06-12T18:44:30,False
2023-11-10,21982.49646891625,22114.65576632457,21938.443369780147,22026.54956805236,22026.54956805236,242307454,False,nifty100.csv,2026-06-12T18:44:30,False
2023-11-11,22236.19953015455,22369.884096468104,22191.638008050035,22280.76105225907,22280.76105225907,156240327,False,nifty100.csv,2026-06-12T18:44:30,False
2023-11-12,22397.547542793352,22532.202137239005,22352.662677978133,22442.43240760857,22442.43240760857,275598982,False,nifty100.csv,2026-06-12T18:44:30,False
2023-11-13,22137.293479276075,22270.38342003325,22092.93016569035,22181.6567928618,22181.6567928618,179915838,False,nifty100.csv,2026-06-12T18:44:30,False
2023-11-14,21998.553231646707,22130.80906269869,21954.46795462938,22042.63850866404,22042.63850866404,206620918,False,nifty100.csv,2026-06-12T18:44:30,False
2023-11-15,22047.632735031893,22180.183633238496,22003.44910229636,22091.816367767427,22091.816367767427,179839934,False,nifty100.csv,2026-06-12T18:44:30,False
2023-11-16,21786.580798079507,21917.56224576335,21742.920315518222,21830.24128064079,21830.24128064079,281838843,False,nifty100.csv,2026-06-12T18:44:30,False
2023-11-17,21878.8072608949,22010.343176291062,21834.961955762847,21922.652566026954,21922.652566026954,302453260,False,nifty100.csv,2026-06-12T18:44:30,False
2023-11-18,21865.432837471624,21996.888345512536,21821.61433479132,21909.251340151928,21909.251340151928,235313277,False,nifty100.csv,2026-06-12T18:44:30,False
2023-11-19,21793.875797142857,21924.901102536503,21750.20069534497,21837.55089894074,21837.55089894074,314654634,False,nifty100.csv,2026-06-12T18:44:30,False
2023-11-20,21887.75032219429,22019.340003490044,21843.887095095703,21931.613549292877,21931.613549292877,297239998,False,nifty100.csv,2026-06-12T18:44:30,False
2023-11-21,21974.8102860848,22106.92337397709,21930.772590120698,22018.847982048894,22018.847982048894,308134524,False,nifty100.csv,2026-06-12T18:44:30,False
2023-11-22,21869.51774547026,22000.997812076293,21825.691056601583,21913.34443433894,21913.34443433894,171709264,False,nifty100.csv,2026-06-12T18:44:30,False
2023-11-23,22138.57536841978,22271.67301592531,22094.209485917934,22182.941250921624,22182.941250921624,315695863,False,nifty100.csv,2026-06-12T18:44:30,False
2023-11-24,21968.856453946853,22100.933747257157,21924.830689510087,22012.88221838362,22012.88221838362,190322851,False,nifty100.csv,2026-06-12T18:44:30,False
2023-11-25,22024.63658209107,22157.04922687318,21980.499033830365,22068.77413035177,22068.77413035177,170638676,False,nifty100.csv,2026-06-12T18:44:30,False
2023-11-26,22163.220409743957,22296.46622383059,22118.805138381744,22207.635681106167,22207.635681106167,257766279,False,nifty100.csv,2026-06-12T18:44:30,False
2023-11-27,22094.15679656156,22226.987398544898,22049.879929233783,22138.43366388934,22138.43366388934,267751897,False,nifty100.csv,2026-06-12T18:44:30,False
2023-11-28,22199.648215735968,22333.113034668248,22155.15994275854,22244.136488713397,22244.136488713397,291136591,False,nifty100.csv,2026-06-12T18:44:30,False
2023-11-29,21943.50068659596,22075.42554042319,21899.52573532022,21987.475637871707,21987.475637871707,174693539,False,nifty100.csv,2026-06-12T18:44:30,False
2023-11-30,22115.11426139695,22248.07086016286,22070.79539514165,22159.433127652253,22159.433127652253,203938971,False,nifty100.csv,2026-06-12T18:44:30,False
2023-12-01,22066.16724551557,22198.829573644925,22021.946469472456,22110.38802155869,22110.38802155869,257177820,False,nifty100.csv,2026-06-12T18:44:30,False
2023-12-02,21923.73847662918,22055.544519574847,21879.803128980624,21967.673824277736,21967.673824277736,156257838,False,nifty100.csv,2026-06-12T18:44:30,False
2023-12-03,22202.89598080163,22336.380325375587,22158.401199276977,22247.39076232628,22247.39076232628,310317028,False,nifty100.csv,2026-06-12T18:44:30,False
2023-12-04,22056.20096650821,22188.8033771285,22012.00016296812,22100.40177004831,22100.40177004831,240301341,False,nifty100.csv,2026-06-12T18:44:30,False
2023-12-05,21841.3595678244,21972.67034678928,21797.58930816944,21885.12982747936,21885.12982747936,277757974,False,nifty100.csv,2026-06-12T18:44:30,False
2023-12-06,21513.075965604723,21642.41309565846,21469.96358892014,21556.1883422893,21556.1883422893,251472655,False,nifty100.csv,2026-06-12T18:44:30,False
2023-12-07,21615.73095258459,21745.685246888705,21572.412854483217,21659.04905068596,21659.04905068596,233744525,False,nifty100.csv,2026-06-12T18:44:30,False
2023-12-08,21286.90483331745,21414.88221708489,21244.245705394977,21329.56396123993,21329.56396123993,160601417,False,nifty100.csv,2026-06-12T18:44:30,False
2023-12-09,21583.56361594917,21713.324519451864,21540.309981448267,21626.817250450065,21626.817250450065,312333766,False,nifty100.csv,2026-06-12T18:44:30,False
2023-12-10,21085.972232652188,21212.74160479238,21043.71577527212,21128.22869003225,21128.22869003225,189028092,False,nifty100.csv,2026-06-12T18:44:30,False
2023-12-11,21455.82258921397,21584.81551059201,21412.824948754624,21498.82022967332,21498.82022967332,169787044,False,nifty100.csv,2026-06-12T18:44:30,False
2023-12-12,21526.99207361217,21656.41286764191,21483.8518089356,21570.132338288757,21570.132338288757,321924252,False,nifty100.csv,2026-06-12T18:44:30,False
2023-12-13,21443.991479641416,21572.91327210419,21401.01754882049,21486.96541046234,21486.96541046234,244064834,False,nifty100.csv,2026-06-12T18:44:30,False
2023-12-14,21372.74686055173,21501.24032865124,21329.915704518564,21415.578016584903,21415.578016584903,234062435,False,nifty100.csv,2026-06-12T18:44:30,False
2023-12-15,21440.85186007789,21569.754777072347,21397.884221079737,21483.81949907604,21483.81949907604,177082158,False,nifty100.csv,2026-06-12T18:44:30,False
2023-12-16,21444.164903779976,21573.08773887284,21401.19062541569,21487.139182144263,21487.139182144263,278593837,False,nifty100.csv,2026-06-12T18:44:30,False
2023-12-17,21751.972145668555,21882.745525301834,21708.38101912413,21795.56327221298,21795.56327221298,306196626,False,nifty100.csv,2026-06-12T18:44:30,False
2023-12-18,21820.27883822528,21951.46287933685,21776.55082452142,21864.00685192913,21864.00685192913,273482572,False,nifty100.csv,2026-06-12T18:44:30,False
2023-12-19,21845.8191778279,21977.15676807536,21802.039981078746,21889.598374577054,21889.598374577054,190784489,False,nifty100.csv,2026-06-12T18:44:30,False
2023-12-20,21734.566627857195,21865.235365098823,21691.010382109984,21778.122873604403,21778.122873604403,240573844,False,nifty100.csv,2026-06-12T18:44:30,False
2023-12-21,21634.62441656492,21764.69229882884,21591.26845581028,21677.98037731956,21677.98037731956,349252132,False,nifty100.csv,2026-06-12T18:44:30,False
2023-12-22,21673.96103508034,21804.265410040745,21630.526243426877,21717.39582673381,21717.39582673381,193640858,False,nifty100.csv,2026-06-12T18:44:30,False
2023-12-23,21309.71362517865,21437.828135951277,21267.00878825445,21352.41846210286,21352.41846210286,303771318,False,nifty100.csv,2026-06-12T18:44:30,False
2023-12-24,20993.598161687296,21119.812178691427,20951.52682268592,21035.669500688677,21035.669500688677,274124147,False,nifty100.csv,2026-06-12T18:44:30,False
2023-12-25,21146.439491237128,21273.572393990056,21104.061856986154,21188.817125488105,21188.817125488105,254150675,False,nifty100.csv,2026-06-12T18:44:30,False
2023-12-26,21190.016993878187,21317.411885624948,21147.5520299626,21232.48195779377,21232.48195779377,349309592,False,nifty100.csv,2026-06-12T18:44:30,False
2023-12-27,21147.2715765892,21274.409481859275,21104.89227483251,21189.65087834589,21189.65087834589,228058309,False,nifty100.csv,2026-06-12T18:44:30,False
2023-12-28,21128.635885012714,21255.66175205688,21086.29392933133,21170.977840694104,21170.977840694104,296281278,False,nifty100.csv,2026-06-12T18:44:30,False
2023-12-29,21212.749756155245,21340.281317815497,21170.239235601824,21255.26027670866,21255.26027670866,290513153,False,nifty100.csv,2026-06-12T18:44:30,False
2023-12-30,21124.287065918543,21251.286787757734,21081.95382530548,21166.620306531608,21166.620306531608,293690645,False,nifty100.csv,2026-06-12T18:44:30,False
2023-12-31,20923.17476585502,21048.96539570986,20881.24455590341,20965.104975806637,20965.104975806637,152429151,False,nifty100.csv,2026-06-12T18:44:30,False
2024-01-01,21027.174027009554,21153.58990292344,20985.03540170493,21069.312652314184,21069.312652314184,348835345,False,nifty100.csv,2026-06-12T18:44:30,False
2024-01-02,20827.25728630193,20952.471257963065,20785.51929574822,20868.995276855643,20868.995276855643,213808437,False,nifty100.csv,2026-06-12T18:44:30,False
2024-01-03,20916.371474146985,21042.12120244847,20874.45489804649,20958.28805024748,20958.28805024748,298918115,False,nifty100.csv,2026-06-12T18:44:30,False
2024-01-04,20604.04467428424,20727.916686354085,20562.75400359429,20645.335344974188,20645.335344974188,245943709,False,nifty100.csv,2026-06-12T18:44:30,False
2024-01-05,20827.37929350542,20952.59399867679,20785.64105844829,20869.117528562543,20869.117528562543,222630316,False,nifty100.csv,2026-06-12T18:44:30,False
2024-01-06,20968.63648217008,21094.70042895668,20926.61516657455,21010.65779776561,21010.65779776561,257513618,False,nifty100.csv,2026-06-12T18:44:30,False
2024-01-07,21038.19290541421,21164.67502709004,20996.032198188925,21080.353612639483,21080.353612639483,191505238,False,nifty100.csv,2026-06-12T18:44:30,False
2024-01-08,21220.81089573595,21348.39092116121,21178.2842205942,21263.337570877706,21263.337570877706,175492108,False,nifty100.csv,2026-06-12T18:44:30,False
2024-01-09,21590.52568098948,21720.32844059463,21547.258094454435,21633.79326752453,21633.79326752453,220886205,False,nifty100.csv,2026-06-12T18:44:30,False
2024-01-10,21761.6804746466,21892.51222098716,21718.06989253308,21805.29105676012,21805.29105676012,315496693,False,nifty100.csv,2026-06-12T18:44:30,False
2024-01-11,21382.16844000511,21510.718550866863,21339.31840305119,21425.018476959027,21425.018476959027,192211548,False,nifty100.csv,2026-06-12T18:44:30,False
2024-01-12,21119.19952809623,21246.168663535685,21076.87648294974,21161.522573242717,21161.522573242717,288803043,False,nifty100.csv,2026-06-12T18:44:30,False
2024-01-13,20986.437620748,21112.60858840781,20944.38063152806,21028.494609967933,21028.494609967933,197614485,False,nifty100.csv,2026-06-12T18:44:30,False
2024-01-14,20991.28856188917,21117.488693523774,20949.2218513443,21033.35527243404,21033.35527243404,256562227,False,nifty100.csv,2026-06-12T18:44:30,False
2024-01-15,21024.048753574927,21150.445840269767,20981.91639134331,21066.18111580654,21066.18111580654,238862643,False,nifty100.csv,2026-06-12T18:44:30,False
2024-01-16,20857.08997060236,20982.48329707892,20815.292195110167,20898.887746094544,20898.887746094544,332509286,False,nifty100.csv,2026-06-12T18:44:30,False
2024-01-17,20903.99364480076,21029.66895729455,20862.101873969496,20945.885415632023,20945.885415632023,305924370,False,nifty100.csv,2026-06-12T18:44:30,False
2024-01-18,20761.219421383303,20886.036371812464,20719.613771240256,20802.82507152636,20802.82507152636,249235365,False,nifty100.csv,2026-06-12T18:44:30,False
2024-01-19,20599.773637730326,20723.6199722257,20558.49152623187,20641.055749228784,20641.055749228784,150506995,False,nifty100.csv,2026-06-12T18:44:30,False
2024-01-20,20373.697877288723,20496.18503887563,20332.86882342642,20414.526931151024,20414.526931151024,324034254,False,nifty100.csv,2026-06-12T18:44:30,False
2024-01-21,20160.08402535671,20281.2869353288,20119.68305536602,20200.484995347408,20200.484995347408,208259896,False,nifty100.csv,2026-06-12T18:44:30,False
2024-01-22,19937.821610485145,20057.68827347404,19897.866056155515,19977.777164814772,19977.777164814772,219181587,False,nifty100.csv,2026-06-12T18:44:30,False
2024-01-23,19769.41948673169,19888.27371210283,19729.801411607983,19809.037561855406,19809.037561855406,345773727,False,nifty100.csv,2026-06-12T18:44:30,False
2024-01-24,19953.55256269078,20073.51380054263,19913.56548340683,19993.53964197473,19993.53964197473,200897283,False,nifty100.csv,2026-06-12T18:44:30,False
2024-01-25,19843.314108264727,19962.612589877543,19803.54794772712,19883.08026880233,19883.08026880233,335076785,False,nifty100.csv,2026-06-12T18:44:30,False
2024-01-26,20318.26795168583,20440.421867227025,20277.549979838765,20358.98592353289,20358.98592353289,244455633,False,nifty100.csv,2026-06-12T18:44:30,False
2024-01-27,20458.84287627946,20581.84193164788,20417.84319115666,20499.842561402267,20499.842561402267,344539012,False,nifty100.csv,2026-06-12T18:44:30,False
2024-01-28,20541.53522910457,20665.031432886768,20500.36982784385,20582.700630365307,20582.700630365307,284505363,False,nifty100.csv,2026-06-12T18:44:30,False
2024-01-29,20347.005178296185,20469.33186273484,20306.229616816632,20387.78073977573,20387.78073977573,284801238,False,nifty100.csv,2026-06-12T18:44:30,False
2024-01-30,20548.72627039483,20672.265706890183,20507.54645822971,20589.906082559948,20589.906082559948,300978122,False,nifty100.csv,2026-06-12T18:44:30,False
2024-01-31,20427.690011031544,20550.50177462492,20386.75275650042,20468.62726556267,20468.62726556267,233853589,False,nifty100.csv,2026-06-12T18:44:30,False
2024-02-01,20468.6149941186,20591.67279969446,20427.59572559331,20509.634262643885,20509.634262643885,348731705,False,nifty100.csv,2026-06-12T18:44:30,False
2024-02-02,21004.376345024382,21130.65516072593,20962.2834064572,21046.469283591567,21046.469283591567,300062915,False,nifty100.csv,2026-06-12T18:44:30,False
2024-02-03,20983.855770850783,21110.01121636692,20941.803955678737,21025.90758602283,21025.90758602283,238665052,False,nifty100.csv,2026-06-12T18:44:30,False
2024-02-04,21260.713857270806,21388.53378026041,21218.10721627427,21303.32049826734,21303.32049826734,230443169,False,nifty100.csv,2026-06-12T18:44:30,False
2024-02-05,21152.964420085467,21280.136550867544,21110.573709824777,21195.35513034616,21195.35513034616,278940620,False,nifty100.csv,2026-06-12T18:44:30,False
2024-02-06,21077.13596427196,21203.852212554157,21034.89721484456,21119.374713699355,21119.374713699355,180186120,False,nifty100.csv,2026-06-12T18:44:30,False
2024-02-07,21506.80751891379,21636.10696291528,21463.707704246623,21549.90733358095,21549.90733358095,284009449,False,nifty100.csv,2026-06-12T18:44:30,False
2024-02-08,21309.39666141361,21437.509266592453,21266.692459687336,21352.10086313989,21352.10086313989,169838558,False,nifty100.csv,2026-06-12T18:44:30,False
2024-02-09,21740.91749777449,21871.62441659879,21697.34852483306,21784.486470715925,21784.486470715925,320853522,False,nifty100.csv,2026-06-12T18:44:30,False
2024-02-10,21946.449704870058,22078.39228826607,21902.468843738054,21990.430566002065,21990.430566002065,339243881,False,nifty100.csv,2026-06-12T18:44:30,False
2024-02-11,21783.513571327832,21914.47657877069,21739.859235513548,21827.16790714212,21827.16790714212,338197341,False,nifty100.csv,2026-06-12T18:44:30,False
2024-02-12,21906.09098053004,22037.79092630477,21862.19099860513,21949.99096245495,21949.99096245495,318813726,False,nifty100.csv,2026-06-12T18:44:30,False
2024-02-13,22072.371059787696,22205.07068539764,22028.13785125105,22116.604268324343,22116.604268324343,297845503,False,nifty100.csv,2026-06-12T18:44:30,False
2024-02-14,22202.922229658176,22336.40673204089,22158.4273955306,22247.417063785742,22247.417063785742,200147490,False,nifty100.csv,2026-06-12T18:44:30,False
2024-02-15,21855.529225665105,21986.925192953677,21811.73056990225,21899.32788142796,21899.32788142796,215743288,False,nifty100.csv,2026-06-12T18:44:30,False
2024-02-16,21739.061636682876,21869.757398025657,21695.496382901947,21782.6268904638,21782.6268904638,180418772,False,nifty100.csv,2026-06-12T18:44:30,False
2024-02-17,21748.04200063584,21878.791752142668,21704.458750133566,21791.62525113812,21791.62525113812,205413150,False,nifty100.csv,2026-06-12T18:44:30,False
2024-02-18,21797.665404585907,21928.713493190637,21753.982708384334,21841.348100787483,21841.348100787483,319391442,False,nifty100.csv,2026-06-12T18:44:30,False
2024-02-19,21911.201119886064,22042.93178794149,21867.29089720092,21955.111342571206,21955.111342571206,279627316,False,nifty100.csv,2026-06-12T18:44:30,False
2024-02-20,21945.32889262547,22077.26473767132,21901.350277610192,21989.307507640755,21989.307507640755,227332767,False,nifty100.csv,2026-06-12T18:44:30,False
2024-02-21,21592.56731390044,21722.38234785174,21549.295635916667,21635.838991884204,21635.838991884204,305436915,False,nifty100.csv,2026-06-12T18:44:30,False
2024-02-22,21643.44508748818,21773.56599983781,21600.071450038304,21686.818724938057,21686.818724938057,188405257,False,nifty100.csv,2026-06-12T18:44:30,False
2024-02-23,21820.23228786952,21951.416049119234,21776.504367452948,21863.96020828609,21863.96020828609,226384571,False,nifty100.csv,2026-06-12T18:44:30,False
2024-02-24,22016.006467138624,22148.367227462106,21971.886213697464,22060.126720579785,22060.126720579785,323367255,False,nifty100.csv,2026-06-12T18:44:30,False
2024-02-25,22200.977007602465,22334.4498152634,22156.486071715484,22245.46794348944,22245.46794348944,157438096,False,nifty100.csv,2026-06-12T18:44:30,False
2024-02-26,22361.95235903881,22496.392954383733,22317.138827257168,22406.76589082045,22406.76589082045,153053407,False,nifty100.csv,2026-06-12T18:44:30,False
2024-02-27,22466.820831381232,22601.891898503767,22421.797142340387,22511.84452042208,22511.84452042208,313528847,False,nifty100.csv,2026-06-12T18:44:30,False
2024-02-28,22469.09242241642,22604.17714639888,22424.06418108893,22514.120663743903,22514.120663743903,235303311,False,nifty100.csv,2026-06-12T18:44:30,False
2024-02-29,22075.831235171467,22208.55166343903,22031.59109241561,22120.07137792732,22120.07137792732,210251437,False,nifty100.csv,2026-06-12T18:44:30,False
2024-03-01,22192.81846761392,22326.242225936247,22148.34388150648,22237.29305372136,22237.29305372136,251071270,False,nifty100.csv,2026-06-12T18:44:30,False
2024-03-02,22222.21288254789,22355.81336079969,22177.679389797297,22266.74637529849,22266.74637529849,156818922,False,nifty100.csv,2026-06-12T18:44:30,False
2024-03-03,22285.9468957332,22419.93054440494,22241.28567950928,22330.60811195711,22330.60811195711,274288087,False,nifty100.csv,2026-06-12T18:44:30,False
2024-03-04,22037.872829685,22170.365051105957,21993.70875587802,22082.036903491982,22082.036903491982,196270592,False,nifty100.csv,2026-06-12T18:44:30,False
2024-03-05,21810.949307172086,21942.077258918613,21767.239989923244,21854.65862442093,21854.65862442093,167929098,False,nifty100.csv,2026-06-12T18:44:30,False
2024-03-06,22023.186284597752,22155.590210156457,21979.051642744853,22067.32092645065,22067.32092645065,309113556,False,nifty100.csv,2026-06-12T18:44:30,False
2024-03-07,22014.93910267801,22147.29344598069,21970.820988243788,22059.05721711224,22059.05721711224,276773251,False,nifty100.csv,2026-06-12T18:44:30,False
2024-03-08,22163.689765663334,22296.938401529045,22119.2735537081,22208.10597761857,22208.10597761857,324771526,False,nifty100.csv,2026-06-12T18:44:30,False
2024-03-09,22158.64635647142,22291.864671239782,22114.24025154864,22203.05246139421,22203.05246139421,219580185,False,nifty100.csv,2026-06-12T18:44:30,False
2024-03-10,22158.819779549664,22292.039136941745,22114.41332708564,22203.22623201369,22203.22623201369,251363566,False,nifty100.csv,2026-06-12T18:44:30,False
2024-03-11,22439.959241257744,22574.868815854486,22394.98938305883,22484.929099456655,22484.929099456655,175256241,False,nifty100.csv,2026-06-12T18:44:30,False
2024-03-12,22356.8655084425,22491.27552151931,22312.06217075023,22401.66884613477,22401.66884613477,165393675,False,nifty100.csv,2026-06-12T18:44:30,False
2024-03-13,22369.95255488825,22504.44124760301,22325.12299065,22414.782119126503,22414.782119126503,322395102,False,nifty100.csv,2026-06-12T18:44:30,False
2024-03-14,22304.902389332623,22438.999998887728,22260.203186147588,22349.601592517654,22349.601592517654,293666896,False,nifty100.csv,2026-06-12T18:44:30,False
2024-03-15,22200.51198189313,22333.98199380832,22156.0219779214,22245.00198586486,22245.00198586486,214052448,False,nifty100.csv,2026-06-12T18:44:30,False
2024-03-16,22190.20924274974,22323.61731434944,22145.73988554984,22234.67859994964,22234.67859994964,182250847,False,nifty100.csv,2026-06-12T18:44:30,False
2024-03-17,22260.078448386423,22393.90657533063,22215.469072738357,22304.68782403449,22304.68782403449,339268288,False,nifty100.csv,2026-06-12T18:44:30,False
2024-03-18,22156.276479527816,22289.480546539005,22111.875123857422,22200.67783519821,22200.67783519821,266363822,False,nifty100.csv,2026-06-12T18:44:30,False
2024-03-19,22455.8102286594,22590.81509977358,22410.80860495467,22500.811852364124,22500.811852364124,248004955,False,nifty100.csv,2026-06-12T18:44:30,False
2024-03-20,22195.45296437709,22328.89256135732,22150.97309871702,22239.932830037167,22239.932830037167,282797620,False,nifty100.csv,2026-06-12T18:44:30,False
2024-03-21,22110.333519362004,22243.26137619184,22066.024233752058,22154.642804971947,22154.642804971947,215985129,False,nifty100.csv,2026-06-12T18:44:30,False
2024-03-22,21968.09224462842,22100.16494349392,21924.06801167325,22012.116477583582,22012.116477583582,328084550,False,nifty100.csv,2026-06-12T18:44:30,False
2024-03-23,22293.32036488909,22427.348343034715,22248.64437217388,22337.996357604297,22337.996357604297,162998017,False,nifty100.csv,2026-06-12T18:44:30,False
2024-03-24,22418.627775842306,22553.409105155984,22373.70066607108,22463.55488561353,22463.55488561353,321669097,False,nifty100.csv,2026-06-12T18:44:30,False
2024-03-25,22752.51598478569,22889.304658040917,22706.91976036728,22798.112209204097,22798.112209204097,199987331,False,nifty100.csv,2026-06-12T18:44:30,False
2024-03-26,22457.35460605768,22592.368762005925,22412.34988740827,22502.359324707097,22502.359324707097,323270123,False,nifty100.csv,2026-06-12T18:44:30,False
2024-03-27,22543.86877586807,22679.403057085718,22498.690682128858,22589.04686960729,22589.04686960729,154102553,False,nifty100.csv,2026-06-12T18:44:30,False
2024-03-28,22665.15380518459,22801.41725491516,22619.7326552744,22710.57495509478,22710.57495509478,312484170,False,nifty100.csv,2026-06-12T18:44:30,False
2024-03-29,22664.194857427847,22800.45254194144,22618.77562925665,22709.614085599045,22709.614085599045,328892071,False,nifty100.csv,2026-06-12T18:44:30,False
2024-03-30,22871.50040849093,23009.00441896282,22825.66573833363,22917.335078648222,22917.335078648222,282162353,False,nifty100.csv,2026-06-12T18:44:30,False
2024-03-31,22733.007149421304,22869.67853508917,22687.45002086535,22778.56427797726,22778.56427797726,263057098,False,nifty100.csv,2026-06-12T18:44:30,False
2024-04-01,23046.78187310409,23185.33967995641,23000.595937486643,23092.96780872153,23092.96780872153,297692012,False,nifty100.csv,2026-06-12T18:44:30,False
2024-04-02,23555.21198679522,23696.82648771784,23508.00715315435,23602.41682043609,23602.41682043609,193293890,False,nifty100.csv,2026-06-12T18:44:30,False
2024-04-03,23384.74182390847,23525.33145411233,23337.87861384052,23431.605033976422,23431.605033976422,200806795,False,nifty100.csv,2026-06-12T18:44:30,False
2024-04-04,23322.93853295023,23463.1566002826,23276.199177172773,23369.677888727685,23369.677888727685,264999490,False,nifty100.csv,2026-06-12T18:44:30,False
2024-04-05,23612.518416569717,23754.47744512625,23565.198740384203,23659.838092755224,23659.838092755224,212606106,False,nifty100.csv,2026-06-12T18:44:30,False
2024-04-06,23997.847262945983,24142.122897793357,23949.755384663524,24045.93914122844,24045.93914122844,286330096,False,nifty100.csv,2026-06-12T18:44:30,False
2024-04-07,23979.485331795917,24123.65057427164,23931.43025097067,24027.540412621154,24027.540412621154,177609269,False,nifty100.csv,2026-06-12T18:44:30,False
2024-04-08,23842.80555202561,23986.149072378463,23795.024378574657,23890.58672547656,23890.58672547656,324590913,False,nifty100.csv,2026-06-12T18:44:30,False
2024-04-09,23663.103813684556,23805.36696286502,23615.682763957728,23710.52486341137,23710.52486341137,217985200,False,nifty100.csv,2026-06-12T18:44:30,False
2024-04-10,23345.48238748214,23485.83598901009,23298.69785363949,23392.26692132479,23392.26692132479,173213953,False,nifty100.csv,2026-06-12T18:44:30,False
2024-04-11,23192.357318117225,23331.790328045783,23145.87964814104,23238.83498809341,23238.83498809341,205229755,False,nifty100.csv,2026-06-12T18:44:30,False
2024-04-12,23060.253205356035,23198.892002181823,23014.040273080773,23106.466137631294,23106.466137631294,155782197,False,nifty100.csv,2026-06-12T18:44:30,False
2024-04-13,22836.737201805267,22974.03221504257,22790.97219739283,22882.5022062177,22882.5022062177,163317715,False,nifty100.csv,2026-06-12T18:44:30,False
2024-04-14,22856.835997817343,22994.25184549961,22811.030715256587,22902.6412803781,22902.6412803781,261337125,False,nifty100.csv,2026-06-12T18:44:30,False
2024-04-15,22893.44907743672,23031.085043834133,22847.57042197091,22939.32773290252,22939.32773290252,229007515,False,nifty100.csv,2026-06-12T18:44:30,False
2024-04-16,23244.442874368782,23384.189023914085,23197.86082452035,23291.024924217218,23291.024924217218,229806232,False,nifty100.csv,2026-06-12T18:44:30,False
2024-04-17,23144.92672163376,23284.07457767565,23098.54410295313,23191.30934031439,23191.30934031439,228967903,False,nifty100.csv,2026-06-12T18:44:30,False
2024-04-18,23304.868998447117,23444.97843130351,23258.165854161645,23351.572142732577,23351.572142732577,316526332,False,nifty100.csv,2026-06-12T18:44:30,False
2024-04-19,23273.17401379736,23413.09289564384,23226.534386515203,23319.81364107952,23319.81364107952,264103049,False,nifty100.csv,2026-06-12T18:44:30,False
2024-04-20,23288.93918110151,23428.95284351294,23242.2679602977,23335.61040190532,23335.61040190532,170849083,False,nifty100.csv,2026-06-12T18:44:30,False
2024-04-21,23499.60628134994,23640.88647943421,23452.51288198852,23546.699680711365,23546.699680711365,173888169,False,nifty100.csv,2026-06-12T18:44:30,False
2024-04-22,23252.372948366046,23392.16677370692,23205.775006585754,23298.97089014634,23298.97089014634,346850471,False,nifty100.csv,2026-06-12T18:44:30,False
2024-04-23,23359.38969061271,23499.82690318152,23312.577286423104,23406.202094802316,23406.202094802316,198617184,False,nifty100.csv,2026-06-12T18:44:30,False
2024-04-24,23384.703361016476,23525.292759980497,23337.840228028464,23431.56649400448,23431.56649400448,151418060,False,nifty100.csv,2026-06-12T18:44:30,False
2024-04-25,23515.855557611016,23657.23344673493,23468.72959456971,23562.98152065232,23562.98152065232,305223031,False,nifty100.csv,2026-06-12T18:44:30,False
2024-04-26,23571.93998203286,23713.655052065125,23524.701625355443,23619.178338710284,23619.178338710284,266974965,False,nifty100.csv,2026-06-12T18:44:30,False
2024-04-27,24181.480909284557,24326.860554029758,24133.02102770282,24229.940790866287,24229.940790866287,284062633,False,nifty100.csv,2026-06-12T18:44:30,False
2024-04-28,24018.7058045997,24163.1068415011,23970.572125632567,24066.839483566837,24066.839483566837,154639022,False,nifty100.csv,2026-06-12T18:44:30,False
2024-04-29,23917.50934613301,24061.301987492527,23869.57846567984,23965.440226586183,23965.440226586183,259200629,False,nifty100.csv,2026-06-12T18:44:30,False
2024-04-30,23776.007971407264,23918.94990309909,23728.36066084332,23823.655281971205,23823.655281971205,175657039,False,nifty100.csv,2026-06-12T18:44:30,False
2024-05-01,23705.458868872072,23847.976657662886,23657.95293927513,23752.96479846901,23752.96479846901,256661100,False,nifty100.csv,2026-06-12T18:44:30,False
2024-05-02,23560.884522211836,23702.533126553782,23513.668320764515,23608.10072365915,23608.10072365915,336818069,False,nifty100.csv,2026-06-12T18:44:30,False
2024-05-03,23758.56714431461,23901.40422133453,23710.954785307964,23806.179503321247,23806.179503321247,308683603,False,nifty100.csv,2026-06-12T18:44:30,False
2024-05-04,24157.781291917767,24303.018453993423,24109.36890455921,24206.19367927632,24206.19367927632,209628273,False,nifty100.csv,2026-06-12T18:44:30,False
2024-05-05,23985.32177641324,24129.52210773436,23937.2549993062,24033.38855352028,24033.38855352028,343259882,False,nifty100.csv,2026-06-12T18:44:30,False
2024-05-06,23765.03068594252,23907.906621930157,23717.405373946647,23812.6559979384,23812.6559979384,273775137,False,nifty100.csv,2026-06-12T18:44:30,False
2024-05-07,23852.306866688185,23995.707509173284,23804.506652526485,23900.107080849884,23900.107080849884,326215513,False,nifty100.csv,2026-06-12T18:44:30,False
2024-05-08,23794.04791888376,23937.09830717364,23746.36445612046,23841.73138164705,23841.73138164705,285900760,False,nifty100.csv,2026-06-12T18:44:30,False
2024-05-09,23846.071091161863,23989.434244014545,23798.28337354431,23893.858808779427,23893.858808779427,306227595,False,nifty100.csv,2026-06-12T18:44:30,False
2024-05-10,24048.75841066008,24193.340124551825,24000.5645060295,24096.952315290662,24096.952315290662,233629479,False,nifty100.csv,2026-06-12T18:44:30,False
2024-05-11,23749.508082857195,23892.290696581786,23701.91387828233,23797.10228743206,23797.10228743206,155954632,False,nifty100.csv,2026-06-12T18:44:30,False
2024-05-12,24128.719769165444,24273.78221266744,24080.365621331443,24177.07391699944,24177.07391699944,269558731,False,nifty100.csv,2026-06-12T18:44:30,False
2024-05-13,24560.130089545703,24707.786182268424,24510.911391971465,24609.348787119943,24609.348787119943,269588697,False,nifty100.csv,2026-06-12T18:44:30,False
2024-05-14,24432.605475353263,24579.494887028737,24383.64233812811,24481.568612578423,24481.568612578423,208765512,False,nifty100.csv,2026-06-12T18:44:30,False
2024-05-15,24370.838872241573,24517.356941613765,24321.999515784173,24419.67822869897,24419.67822869897,232028383,False,nifty100.csv,2026-06-12T18:44:30,False
2024-05-16,24476.266821777208,24623.418726517357,24427.21618686383,24525.31745669059,24525.31745669059,186900577,False,nifty100.csv,2026-06-12T18:44:30,False
2024-05-17,24589.474272391213,24737.30678304687,24540.196768839327,24638.7517759431,24638.7517759431,276768815,False,nifty100.csv,2026-06-12T18:44:30,False
2024-05-18,24758.81747880723,24907.66808489224,24709.200610112224,24808.434347502232,24808.434347502232,269624467,False,nifty100.csv,2026-06-12T18:44:30,False
2024-05-19,25247.324941904284,25399.11246660511,25196.72910033734,25297.920783471225,25297.920783471225,344190374,False,nifty100.csv,2026-06-12T18:44:30,False
2024-05-20,25201.82237182457,25353.336333979834,25151.317717772825,25252.32702587633,25252.32702587633,177381819,False,nifty100.csv,2026-06-12T18:44:30,False
2024-05-21,25001.513088121774,25151.822786046352,24951.409855480248,25051.6163207633,25051.6163207633,267920321,False,nifty100.csv,2026-06-12T18:44:30,False
2024-05-22,24727.26314617739,24875.92404685581,24677.70951261792,24776.816779736862,24776.816779736862,307859491,False,nifty100.csv,2026-06-12T18:44:30,False
2024-05-23,24585.471240676216,24733.279685008936,24536.20175923197,24634.740722120456,24634.740722120456,347276570,False,nifty100.csv,2026-06-12T18:44:30,False
2024-05-24,24439.75081703792,24586.68318667943,24390.773360490748,24488.72827358509,24488.72827358509,186128129,False,nifty100.csv,2026-06-12T18:44:30,False
2024-05-25,24911.61213511573,25061.38134634889,24861.68906470468,24961.535205526787,24961.535205526787,316749854,False,nifty100.csv,2026-06-12T18:44:30,False
2024-05-26,24800.906101855635,24950.009745754567,24751.20488722265,24850.60731648861,24850.60731648861,269411789,False,nifty100.csv,2026-06-12T18:44:30,False
2024-05-27,24860.179207702757,25009.63920293944,24810.359209290524,24909.999206114982,24909.999206114982,248286785,False,nifty100.csv,2026-06-12T18:44:30,False
2024-05-28,24842.71181209246,24992.06679292668,24792.926818481053,24892.496805703868,24892.496805703868,216075147,False,nifty100.csv,2026-06-12T18:44:30,False
2024-05-29,25195.83860925923,25347.316596890047,25145.345946715624,25246.33127180284,25246.33127180284,276773860,False,nifty100.csv,2026-06-12T18:44:30,False
2024-05-30,25882.305550412613,26037.91059380187,25830.437202616195,25934.173898209032,25934.173898209032,211766811,False,nifty100.csv,2026-06-12T18:44:30,False
2024-05-31,25714.376814816227,25868.972266608707,25662.844997552067,25765.908632080387,25765.908632080387,325668563,False,nifty100.csv,2026-06-12T18:44:30,False
2024-06-01,25617.99350325312,25772.00949625865,25566.654838917944,25669.332167588294,25669.332167588294,156097020,False,nifty100.csv,2026-06-12T18:44:30,False
2024-06-02,25837.4604376806,25992.795871173672,25785.68195984958,25889.238915511625,25889.238915511625,256017638,False,nifty100.csv,2026-06-12T18:44:30,False
2024-06-03,25945.384663358884,26101.368939892105,25893.38990451448,25997.37942220329,25997.37942220329,151196311,False,nifty100.csv,2026-06-12T18:44:30,False
2024-06-04,26392.385300857804,26551.05695597318,26339.49474915268,26445.27585256293,26445.27585256293,179609865,False,nifty100.csv,2026-06-12T18:44:30,False
2024-06-05,26595.58925148144,26755.48257363464,26542.29147743037,26648.887025532506,26648.887025532506,267582669,False,nifty100.csv,2026-06-12T18:44:30,False
2024-06-06,26558.563305221924,26718.234026495804,26505.33973146397,26611.786878979885,26611.786878979885,267340004,False,nifty100.csv,2026-06-12T18:44:30,False
2024-06-07,26746.21288829923,26907.011763379185,26692.61326327257,26799.81251332588,26799.81251332588,314978321,False,nifty100.csv,2026-06-12T18:44:30,False
2024-06-08,27083.70675790891,27246.534654249044,27029.4307924622,27137.98272335562,27137.98272335562,160675927,False,nifty100.csv,2026-06-12T18:44:30,False
2024-06-09,27336.73607844256,27501.08519314261,27281.95304020921,27391.51911667591,27391.51911667591,272228621,False,nifty100.csv,2026-06-12T18:44:30,False
2024-06-10,27444.27015556001,27609.26576771769,27389.27161817412,27499.268692945905,27499.268692945905,331539967,False,nifty100.csv,2026-06-12T18:44:30,False
2024-06-11,27762.926443804696,27929.837825230377,27707.2893166628,27818.56357094659,27818.56357094659,285680331,False,nifty100.csv,2026-06-12T18:44:30,False
2024-06-12,28134.16446387591,28303.307737205825,28077.783372765934,28190.54555498588,28190.54555498588,260326933,False,nifty100.csv,2026-06-12T18:44:30,False
2024-06-13,28567.281168465783,28739.02834983933,28510.03210800794,28624.530228923635,28624.530228923635,228518263,False,nifty100.csv,2026-06-12T18:44:30,False
2024-06-14,28824.23500117632,28997.526995171367,28766.47100317797,28881.99899917467,28881.99899917467,317908805,False,nifty100.csv,2026-06-12T18:44:30,False
2024-06-15,28824.320423824665,28997.61293138273,28766.556254638646,28882.084593010688,28882.084593010688,266903971,False,nifty100.csv,2026-06-12T18:44:30,False
2024-06-16,28892.668305181123,29066.37172184554,28834.767166292982,28950.56944406926,28950.56944406926,336201507,False,nifty100.csv,2026-06-12T18:44:30,False
2024-06-17,29305.41891779396,29481.603801067267,29246.690623369523,29364.147212218395,29364.147212218395,318958997,False,nifty100.csv,2026-06-12T18:44:30,False
2024-06-18,29076.92524149591,29251.73641529248,29018.654850230385,29135.19563276143,29135.19563276143,259394125,False,nifty100.csv,2026-06-12T18:44:30,False
2024-06-19,29137.739282846644,29312.91607212228,29079.34701975477,29196.13154593852,29196.13154593852,299334654,False,nifty100.csv,2026-06-12T18:44:30,False
2024-06-20,29022.93010693103,29197.416660680115,28964.767922348,29081.092291514055,29081.092291514055,194378959,False,nifty100.csv,2026-06-12T18:44:30,False
2024-06-21,28994.80820389689,29169.12568808865,28936.70237583297,29052.91403196081,29052.91403196081,258508515,False,nifty100.csv,2026-06-12T18:44:30,False
2024-06-22,29327.72284451057,29504.041819527665,29268.949852838203,29386.49583618293,29386.49583618293,334603063,False,nifty100.csv,2026-06-12T18:44:30,False
2024-06-23,29381.042019635493,29557.68155081567,29322.16217590877,29439.92186336222,29439.92186336222,331209816,False,nifty100.csv,2026-06-12T18:44:30,False
2024-06-24,29354.88680457079,29531.36908996901,29296.05937610472,29413.714233036862,29413.714233036862,257506604,False,nifty100.csv,2026-06-12T18:44:30,False
2024-06-25,28955.22934622864,29129.308881376302,28897.20283451275,29013.25585794453,29013.25585794453,186183569,False,nifty100.csv,2026-06-12T18:44:30,False
2024-06-26,29064.778336820324,29239.516483133877,29006.53228804914,29123.024385591507,29123.024385591507,230296229,False,nifty100.csv,2026-06-12T18:44:30,False
2024-06-27,29268.401373153225,29444.363706057957,29209.747262184985,29327.05548412147,29327.05548412147,346812994,False,nifty100.csv,2026-06-12T18:44:30,False
2024-06-28,29902.497092103014,30082.27162371887,29842.57224823107,29962.42193597497,29962.42193597497,165614614,False,nifty100.csv,2026-06-12T18:44:30,False
2024-06-29,29770.887695490645,29949.870988249106,29711.226597904493,29830.5487930768,29830.5487930768,154776415,False,nifty100.csv,2026-06-12T18:44:30,False
2024-06-30,29880.96819334472,30060.613292703503,29821.086493558458,29940.84989313098,29940.84989313098,177205484,False,nifty100.csv,2026-06-12T18:44:30,False
2024-07-01,30016.963668616736,30197.42637604329,29956.809432807884,30077.117904425588,30077.117904425588,244294138,False,nifty100.csv,2026-06-12T18:44:30,False
2024-07-02,30394.26471034448,30576.99576070727,30333.354360223548,30455.175060465408,30455.175060465408,232322831,False,nifty100.csv,2026-06-12T18:44:30,False
2024-07-03,30326.84956209685,30509.17531096717,30266.074312473407,30387.62481172029,30387.62481172029,280529978,False,nifty100.csv,2026-06-12T18:44:30,False
2024-07-04,30370.401376783164,30552.98896021072,30309.53884897398,30431.26390459235,30431.26390459235,308203331,False,nifty100.csv,2026-06-12T18:44:30,False
2024-07-05,30501.830900307927,30685.20864119154,30440.70498668005,30562.9568139358,30562.9568139358,207223828,False,nifty100.csv,2026-06-12T18:44:30,False
2024-07-06,30615.221769588366,30799.28121910493,30553.86861974951,30676.57491942722,30676.57491942722,187416039,False,nifty100.csv,2026-06-12T18:44:30,False
2024-07-07,30476.86234400841,30660.08997333111,30415.78646756752,30537.938220449312,30537.938220449312,161917042,False,nifty100.csv,2026-06-12T18:44:30,False
2024-07-08,30525.875530284447,30709.39782806171,30464.70143102536,30587.049629543533,30587.049629543533,282978125,False,nifty100.csv,2026-06-12T18:44:30,False
2024-07-09,30733.08837051767,30917.856436873488,30671.49901506573,30794.67772596961,30794.67772596961,170901606,False,nifty100.csv,2026-06-12T18:44:30,False
2024-07-10,30471.008821995907,30654.201259803496,30409.944676060044,30532.07296793177,30532.07296793177,219765086,False,nifty100.csv,2026-06-12T18:44:30,False
2024-07-11,30442.629879535267,30625.651702458323,30381.62260522758,30503.637153842952,30503.637153842952,332406861,False,nifty100.csv,2026-06-12T18:44:30,False
2024-07-12,30245.07069944748,30426.904791828925,30184.459335320327,30305.682063574623,30305.682063574623,327287877,False,nifty100.csv,2026-06-12T18:44:30,False
2024-07-13,30625.342825640157,30809.463123189093,30563.96939312384,30686.716258156463,30686.716258156463,197375247,False,nifty100.csv,2026-06-12T18:44:30,False
2024-07-14,30260.38773577724,30442.31391454945,30199.745676186503,30321.029795367976,30321.029795367976,268994256,False,nifty100.csv,2026-06-12T18:44:30,False
2024-07-15,30023.75140238865,30204.254917833878,29963.583563906912,30083.919240870397,30083.919240870397,322039148,False,nifty100.csv,2026-06-12T18:44:30,False
2024-07-16,29961.341043607423,30141.469346474805,29901.29827598497,30021.383811229887,30021.383811229887,256356310,False,nifty100.csv,2026-06-12T18:44:30,False
2024-07-17,30442.72727658841,30625.749685064893,30381.71980709625,30503.73474608057,30503.73474608057,160176828,False,nifty100.csv,2026-06-12T18:44:30,False
2024-07-18,30539.378752298475,30722.982231771213,30478.17759247423,30600.57991212272,30600.57991212272,279840838,False,nifty100.csv,2026-06-12T18:44:30,False
2024-07-19,30455.68536219787,30638.785674996656,30394.651924598274,30516.718799797465,30516.718799797465,155459501,False,nifty100.csv,2026-06-12T18:44:30,False
2024-07-20,31042.475940946744,31229.10405281616,30980.266570323605,31104.685311569883,31104.685311569883,191129759,False,nifty100.csv,2026-06-12T18:44:30,False
2024-07-21,30582.219937352493,30766.080979060025,30520.932923449986,30643.506951255004,30643.506951255004,154013582,False,nifty100.csv,2026-06-12T18:44:30,False
2024-07-22,29985.31798877014,30165.59044160844,29925.227171157378,30045.408806382908,30045.408806382908,287090603,False,nifty100.csv,2026-06-12T18:44:30,False
2024-07-23,30063.562326943884,30244.305186624908,30003.31470705021,30123.80994683756,30123.80994683756,231683112,False,nifty100.csv,2026-06-12T18:44:30,False
2024-07-24,29951.30532271114,30131.373290583157,29891.282666753807,30011.32797866848,30011.32797866848,249513653,False,nifty100.csv,2026-06-12T18:44:30,False
2024-07-25,29689.751300810374,29868.246799612843,29630.252801209557,29749.2498004112,29749.2498004112,336391022,False,nifty100.csv,2026-06-12T18:44:30,False
2024-07-26,29966.64142141868,30146.80159028492,29906.588031796597,30026.69481104076,30026.69481104076,256463841,False,nifty100.csv,2026-06-12T18:44:30,False
2024-07-27,30210.72293376271,30392.350526550865,30150.180402833328,30271.265464692096,30271.265464692096,174747780,False,nifty100.csv,2026-06-12T18:44:30,False
2024-07-28,30074.60315575053,30255.41239315985,30014.333409947427,30134.87290155364,30134.87290155364,325810668,False,nifty100.csv,2026-06-12T18:44:30,False
2024-07-29,29676.410548115527,29854.825841991973,29616.938783490048,29735.88231274101,29735.88231274101,232743066,False,nifty100.csv,2026-06-12T18:44:30,False
2024-07-30,29936.631851459297,30116.611602069275,29876.63860125597,29996.625101662623,29996.625101662623,266081011,False,nifty100.csv,2026-06-12T18:44:30,False
2024-07-31,30029.061964336583,30209.597407007943,29968.88348344613,30089.24044522704,30089.24044522704,235482326,False,nifty100.csv,2026-06-12T18:44:30,False
2024-08-01,29965.37275887372,30145.525300510235,29905.32191166155,30025.423606085893,30025.423606085893,327980007,False,nifty100.csv,2026-06-12T18:44:30,False
2024-08-02,30494.802776666435,30678.138264301702,30433.69094745468,30555.91460587819,30555.91460587819,314289279,False,nifty100.csv,2026-06-12T18:44:30,False
2024-08-03,30152.195168609225,30333.470891065797,30091.769927790367,30212.62040942808,30212.62040942808,278079738,False,nifty100.csv,2026-06-12T18:44:30,False
2024-08-04,29720.64666980589,29899.32791230973,29661.086255637943,29780.20708397384,29780.20708397384,219578794,False,nifty100.csv,2026-06-12T18:44:30,False
2024-08-05,29478.34417969589,29655.56869380228,29419.269341660427,29537.419017731358,29537.419017731358,150131936,False,nifty100.csv,2026-06-12T18:44:30,False
2024-08-06,29537.81160584122,29715.393639543672,29478.61759460707,29597.00561707537,29597.00561707537,208557684,False,nifty100.csv,2026-06-12T18:44:30,False
2024-08-07,29615.19412041985,29793.241379660853,29555.845034006183,29674.54320683352,29674.54320683352,255815326,False,nifty100.csv,2026-06-12T18:44:30,False
2024-08-08,29551.548276681595,29729.21289557948,29492.326737048967,29610.769816314223,29610.769816314223,193922786,False,nifty100.csv,2026-06-12T18:44:30,False
2024-08-09,29641.19130693697,29819.394861888493,29581.790121953123,29700.59249192081,29700.59249192081,339391632,False,nifty100.csv,2026-06-12T18:44:30,False
2024-08-10,29295.6764956708,29471.802807268017,29236.96772513839,29354.385266203204,29354.385266203204,169247186,False,nifty100.csv,2026-06-12T18:44:30,False
2024-08-11,29768.833100249485,29947.804040731942,29709.176120088665,29828.490080410305,29828.490080410305,249718253,False,nifty100.csv,2026-06-12T18:44:30,False
2024-08-12,29700.460243214533,29879.020124436265,29640.94028280729,29759.980203621777,29759.980203621777,205394229,False,nifty100.csv,2026-06-12T18:44:30,False
2024-08-13,29995.087548150623,30175.418735814856,29934.977152262545,30055.1979440387,30055.1979440387,277125693,False,nifty100.csv,2026-06-12T18:44:30,False
2024-08-14,30084.772146370626,30265.642519996098,30024.4820218288,30145.062270912447,30145.062270912447,323084630,False,nifty100.csv,2026-06-12T18:44:30,False
2024-08-15,30145.88052298441,30327.118281639632,30085.467936766006,30206.29310920282,30206.29310920282,161924255,False,nifty100.csv,2026-06-12T18:44:30,False
2024-08-16,30272.29421244114,30454.291973237378,30211.628292175723,30332.96013270655,30332.96013270655,316003623,False,nifty100.csv,2026-06-12T18:44:30,False
2024-08-17,30383.630773570934,30566.29789245012,30322.741733944546,30444.51981319733,30444.51981319733,233341196,False,nifty100.csv,2026-06-12T18:44:30,False
2024-08-18,30635.94250814332,30820.126531238373,30574.547833778302,30697.337182508338,30697.337182508338,236464762,False,nifty100.csv,2026-06-12T18:44:30,False
2024-08-19,31061.009244341098,31247.748778876216,30998.76273282939,31123.2557558528,31123.2557558528,197701715,False,nifty100.csv,2026-06-12T18:44:30,False
2024-08-20,31140.07799277724,31327.292890529407,31077.67302685985,31202.48295869463,31202.48295869463,163936930,False,nifty100.csv,2026-06-12T18:44:30,False
2024-08-21,31417.604455946457,31606.48784946918,31354.643324772216,31480.5655871207,31480.5655871207,252168196,False,nifty100.csv,2026-06-12T18:44:30,False
2024-08-22,31388.664512601736,31577.37391848912,31325.76137730594,31451.56764789753,31451.56764789753,212110920,False,nifty100.csv,2026-06-12T18:44:30,False
2024-08-23,31866.911129877422,32058.495765928797,31803.04958452697,31930.772675227883,31930.772675227883,246878917,False,nifty100.csv,2026-06-12T18:44:30,False
2024-08-24,31657.1921669964,31847.515967599586,31593.75090012867,31720.633433864128,31720.633433864128,188837854,False,nifty100.csv,2026-06-12T18:44:30,False
2024-08-25,32245.350360602675,32439.210182409905,32180.730420000265,32309.970301205085,32309.970301205085,171384981,False,nifty100.csv,2026-06-12T18:44:30,False
2024-08-26,32202.749879024286,32396.353585711808,32138.21531012845,32267.284447920127,32267.284447920127,327244097,False,nifty100.csv,2026-06-12T18:44:30,False
2024-08-27,31607.937694052704,31797.965375580075,31544.595133543586,31671.28025456183,31671.28025456183,341707052,False,nifty100.csv,2026-06-12T18:44:30,False
2024-08-28,31646.50471352403,31836.764260899927,31583.08486439873,31709.92456264933,31709.92456264933,208954235,False,nifty100.csv,2026-06-12T18:44:30,False
2024-08-29,31532.40816534129,31721.981761525705,31469.216966613152,31595.59936406943,31595.59936406943,314186842,False,nifty100.csv,2026-06-12T18:44:30,False
2024-08-30,31859.273892252248,32050.81261304735,31795.42765198721,31923.12013251728,31923.12013251728,213993927,False,nifty100.csv,2026-06-12T18:44:30,False
2024-08-31,31724.369176235214,31915.09684663342,31660.79328610248,31787.94506636795,31787.94506636795,289437302,False,nifty100.csv,2026-06-12T18:44:30,False
2024-09-01,31671.069009006267,31861.476237517327,31607.599932835918,31734.53808517662,31734.53808517662,332739584,False,nifty100.csv,2026-06-12T18:44:30,False
2024-09-02,31102.672740946087,31289.66275742472,31040.342735453207,31165.002746438964,31165.002746438964,160387155,False,nifty100.csv,2026-06-12T18:44:30,False
2024-09-03,30984.43621963851,31170.71539530768,30922.34316108212,31046.5292781949,31046.5292781949,205901099,False,nifty100.csv,2026-06-12T18:44:30,False
2024-09-04,30226.925672520974,30408.65067656419,30166.35067117324,30287.500673868715,30287.500673868715,296650966,False,nifty100.csv,2026-06-12T18:44:30,False
2024-09-05,29749.522900432585,29928.377747529372,29689.90461806699,29809.141182798183,29809.141182798183,229622751,False,nifty100.csv,2026-06-12T18:44:30,False
2024-09-06,30015.73492145008,30196.19024161912,29955.5831480604,30075.88669483976,30075.88669483976,223971622,False,nifty100.csv,2026-06-12T18:44:30,False
2024-09-07,30327.336386922238,30509.665062595115,30266.56016169794,30388.112612146528,30388.112612146528,318768053,False,nifty100.csv,2026-06-12T18:44:30,False
2024-09-08,30452.64031312882,30635.722319019373,30391.61297783197,30513.66764842567,30513.66764842567,178362071,False,nifty100.csv,2026-06-12T18:44:30,False
2024-09-09,30145.3801492865,30326.61489968301,30084.968565821,30205.791732752004,30205.791732752004,277668170,False,nifty100.csv,2026-06-12T18:44:30,False
2024-09-10,30138.287571706354,30319.479681355893,30077.89020182317,30198.68494158953,30198.68494158953,286888220,False,nifty100.csv,2026-06-12T18:44:30,False
2024-09-11,30180.278193797378,30361.722752076723,30119.79667437093,30240.759713223822,30240.759713223822,258017717,False,nifty100.csv,2026-06-12T18:44:30,False
2024-09-12,29760.87692957976,29939.80003737282,29701.235893648736,29820.51796551078,29820.51796551078,164223887,False,nifty100.csv,2026-06-12T18:44:30,False
2024-09-13,30071.86001024566,30252.65275579824,30011.59576172813,30132.124258763182,30132.124258763182,220086163,False,nifty100.csv,2026-06-12T18:44:30,False
2024-09-14,30305.33170636474,30487.528089368938,30244.59957869668,30366.063834032808,30366.063834032808,236820397,False,nifty100.csv,2026-06-12T18:44:30,False
2024-09-15,30173.384832582386,30354.78794780833,30112.91712750707,30233.8525376577,30233.8525376577,263018818,False,nifty100.csv,2026-06-12T18:44:30,False
2024-09-16,30157.80457143972,30339.114017761,30097.36808933262,30218.241053546808,30218.241053546808,182329598,False,nifty100.csv,2026-06-12T18:44:30,False
2024-09-17,30217.554612287586,30399.22327729132,30156.99839061967,30278.11083395549,30278.11083395549,212023737,False,nifty100.csv,2026-06-12T18:44:30,False
2024-09-18,29599.08040041893,29777.030783587783,29539.763606029315,29658.39719480855,29658.39719480855,317337396,False,nifty100.csv,2026-06-12T18:44:30,False
2024-09-19,29619.784778860703,29797.859637250647,29560.42649273072,29679.143064990683,29679.143064990683,174928384,False,nifty100.csv,2026-06-12T18:44:30,False
2024-09-20,29448.42784711915,29625.47250351465,29389.41296165398,29507.44273258432,29507.44273258432,268986576,False,nifty100.csv,2026-06-12T18:44:30,False
2024-09-21,29184.96849307872,29360.42922550204,29126.481582270942,29243.45540388649,29243.45540388649,277995911,False,nifty100.csv,2026-06-12T18:44:30,False
2024-09-22,29147.478456446283,29322.713797867804,29089.066675972445,29205.890236920124,29205.890236920124,161765788,False,nifty100.csv,2026-06-12T18:44:30,False
2024-09-23,29605.220063253197,29783.20735822265,29545.89096493004,29664.549161576346,29664.549161576346,180725231,False,nifty100.csv,2026-06-12T18:44:30,False
2024-09-24,29860.3041985532,30039.82506547837,29800.463909578142,29920.144487528258,29920.144487528258,185261362,False,nifty100.csv,2026-06-12T18:44:30,False
2024-09-25,29696.015255319053,29874.548413166664,29636.504202703185,29755.526307934924,29755.526307934924,181766658,False,nifty100.csv,2026-06-12T18:44:30,False
2024-09-26,29909.90316387492,30089.72222097236,29849.96347817577,29969.842849574063,29969.842849574063,164284450,False,nifty100.csv,2026-06-12T18:44:30,False
2024-09-27,30265.29157197081,30447.24723272415,30204.63968505304,30325.943458888592,30325.943458888592,328744004,False,nifty100.csv,2026-06-12T18:44:30,False
2024-09-28,30453.540084904605,30636.62750024471,30392.510946457904,30514.569223351307,30514.569223351307,218687322,False,nifty100.csv,2026-06-12T18:44:30,False
2024-09-29,30528.03426668701,30711.569542839432,30466.855841302862,30589.21269207115,30589.21269207115,175435339,False,nifty100.csv,2026-06-12T18:44:30,False
2024-09-30,30364.85022059924,30547.40443034232,30303.998817351545,30425.701623846933,30425.701623846933,193563219,False,nifty100.csv,2026-06-12T18:44:30,False
2024-10-01,30525.562249623174,30709.082663949564,30464.38877818104,30586.735721065303,30586.735721065303,206313452,False,nifty100.csv,2026-06-12T18:44:30,False
2024-10-02,30597.588606175523,30781.54204468961,30536.27079333749,30658.90641901355,30658.90641901355,178963091,False,nifty100.csv,2026-06-12T18:44:30,False
2024-10-03,30943.5598945448,31129.593320764507,30881.548752471565,31005.57103661804,31005.57103661804,164912584,False,nifty100.csv,2026-06-12T18:44:30,False
2024-10-04,31070.347081507,31257.142755343717,31008.08185689476,31132.61230611924,31132.61230611924,333606373,False,nifty100.csv,2026-06-12T18:44:30,False
2024-10-05,31501.63983413027,31691.028450367525,31438.51029538452,31564.76937287602,31564.76937287602,278850906,False,nifty100.csv,2026-06-12T18:44:30,False
2024-10-06,31287.958119073304,31476.062075701,31225.256800197403,31350.6594379492,31350.6594379492,280343082,False,nifty100.csv,2026-06-12T18:44:30,False
2024-10-07,31742.14707479942,31932.98162635132,31678.53555761545,31805.758591983387,31805.758591983387,260336187,False,nifty100.csv,2026-06-12T18:44:30,False
2024-10-08,31790.23305672747,31981.3567023591,31726.52517485026,31853.94093860468,31853.94093860468,225156920,False,nifty100.csv,2026-06-12T18:44:30,False
2024-10-09,32489.865317077183,32685.195168682854,32424.75536654196,32554.975267612408,32554.975267612408,298354133,False,nifty100.csv,2026-06-12T18:44:30,False
2024-10-10,32243.697712926107,32437.547598975765,32179.081084242887,32308.314341609326,32308.314341609326,173767091,False,nifty100.csv,2026-06-12T18:44:30,False
2024-10-11,32793.89302401529,32991.05069750637,32728.17379951827,32859.61224851232,32859.61224851232,349752556,False,nifty100.csv,2026-06-12T18:44:30,False
2024-10-12,32867.833602766834,33065.43580879549,32801.96620075728,32933.70100477638,32933.70100477638,310886613,False,nifty100.csv,2026-06-12T18:44:30,False
2024-10-13,32601.14684562439,32797.1457244558,32535.81388601392,32666.47980523486,32666.47980523486,343451050,False,nifty100.csv,2026-06-12T18:44:30,False
2024-10-14,32502.29888058076,32697.70348306922,32437.164013084606,32567.433748076917,32567.433748076917,187562578,False,nifty100.csv,2026-06-12T18:44:30,False
2024-10-15,32374.832614322087,32569.47088655248,32309.953190245287,32439.712038398884,32439.712038398884,315498823,False,nifty100.csv,2026-06-12T18:44:30,False
2024-10-16,32502.4178474009,32697.823165120742,32437.282741494284,32567.552953307517,32567.552953307517,152361331,False,nifty100.csv,2026-06-12T18:44:30,False
2024-10-17,32612.34029095216,32808.40646504606,32546.98489958752,32677.69568231679,32677.69568231679,261583017,False,nifty100.csv,2026-06-12T18:44:30,False
2024-10-18,32272.02408528291,32466.04427016437,32207.35069032242,32336.697480243394,32336.697480243394,251204825,False,nifty100.csv,2026-06-12T18:44:30,False
2024-10-19,32259.517822341928,32453.462819269836,32194.869490032623,32324.16615465123,32324.16615465123,345612399,False,nifty100.csv,2026-06-12T18:44:30,False
2024-10-20,33110.141773813135,33309.20074239317,33043.78878428645,33176.49476333981,33176.49476333981,288566258,False,nifty100.csv,2026-06-12T18:44:30,False
2024-10-21,33735.885189462584,33938.70614250545,33668.27820511496,33803.492173810206,33803.492173810206,326055321,False,nifty100.csv,2026-06-12T18:44:30,False
2024-10-22,33886.98344298841,34090.71280236509,33819.07365652951,33954.8932294473,33954.8932294473,249057962,False,nifty100.csv,2026-06-12T18:44:30,False
2024-10-23,33889.711517147334,34093.457277771464,33821.79626360595,33957.62677068871,33957.62677068871,269594060,False,nifty100.csv,2026-06-12T18:44:30,False
2024-10-24,33938.962840158594,34143.00470092107,33870.9488865711,34006.976793746086,34006.976793746086,327701787,False,nifty100.csv,2026-06-12T18:44:30,False
2024-10-25,34188.73295502687,34394.27643972643,34120.21846012702,34257.24744992673,34257.24744992673,242393608,False,nifty100.csv,2026-06-12T18:44:30,False
2024-10-26,33776.12537151759,33979.188249502666,33708.43774552256,33843.812997512614,33843.812997512614,251069843,False,nifty100.csv,2026-06-12T18:44:30,False
2024-10-27,33773.63940511806,33976.68733741336,33705.956761019625,33841.32204921649,33841.32204921649,265538359,False,nifty100.csv,2026-06-12T18:44:30,False
2024-10-28,33280.88738351051,33480.97287880216,33214.1922184133,33347.58254860773,33347.58254860773,235543663,False,nifty100.csv,2026-06-12T18:44:30,False
2024-10-29,33466.87192574316,33668.07556457529,33399.80404613245,33533.93980535387,33533.93980535387,334612390,False,nifty100.csv,2026-06-12T18:44:30,False
2024-10-30,33717.00608294888,33919.71353434937,33649.43693248204,33784.57523341571,33784.57523341571,313092914,False,nifty100.csv,2026-06-12T18:44:30,False
2024-10-31,33566.79602542984,33768.600410352265,33499.52789712237,33634.06415373732,33634.06415373732,249160843,False,nifty100.csv,2026-06-12T18:44:30,False
2024-11-01,34142.147767042195,34347.4111804713,34073.72662923249,34210.5689048519,34210.5689048519,307471950,False,nifty100.csv,2026-06-12T18:44:30,False
2024-11-02,33782.03092261963,33985.12930491995,33714.33146185286,33849.730383386406,33849.730383386406,340459870,False,nifty100.csv,2026-06-12T18:44:30,False
2024-11-03,33284.933247381945,33485.043066504484,33218.2299743411,33351.63652042279,33351.63652042279,168012598,False,nifty100.csv,2026-06-12T18:44:30,False
2024-11-04,33327.878141236375,33528.24614609351,33261.088806284,33394.667476188755,33394.667476188755,348602701,False,nifty100.csv,2026-06-12T18:44:30,False
2024-11-05,33686.24847274628,33888.77100865457,33618.74096077685,33753.75598471571,33753.75598471571,204864537,False,nifty100.csv,2026-06-12T18:44:30,False
2024-11-06,34360.44036838083,34567.016162178705,34291.5817704482,34429.29896631345,34429.29896631345,346129833,False,nifty100.csv,2026-06-12T18:44:30,False
2024-11-07,34129.91490019748,34335.10476933694,34061.51827715099,34198.31152324397,34198.31152324397,182502170,False,nifty100.csv,2026-06-12T18:44:30,False
2024-11-08,34399.98805596835,34606.80161141505,34331.05020415278,34468.92590778392,34468.92590778392,328580261,False,nifty100.csv,2026-06-12T18:44:30,False
2024-11-09,34406.23913014369,34613.090267198655,34337.288751125365,34475.18950916201,34475.18950916201,249699297,False,nifty100.csv,2026-06-12T18:44:30,False
2024-11-10,34359.50358688684,34566.073748731855,34290.64686627184,34428.36030750185,34428.36030750185,243572370,False,nifty100.csv,2026-06-12T18:44:30,False
2024-11-11,34678.31891124632,34886.80579848828,34608.823282165664,34747.814540326974,34747.814540326974,157775679,False,nifty100.csv,2026-06-12T18:44:30,False
2024-11-12,34925.74077165125,35135.715165067995,34855.749307179,34995.7322361235,34995.7322361235,253795589,False,nifty100.csv,2026-06-12T18:44:30,False
2024-11-13,34383.00904160562,34589.72051880966,34314.10521587094,34451.9128673403,34451.9128673403,159929645,False,nifty100.csv,2026-06-12T18:44:30,False
2024-11-14,34995.819772321054,35206.21548237509,34925.687868969704,35065.9516756724,35065.9516756724,305027315,False,nifty100.csv,2026-06-12T18:44:30,False
2024-11-15,35367.699841095855,35580.33130306637,35296.82268710568,35438.57699508603,35438.57699508603,270042864,False,nifty100.csv,2026-06-12T18:44:30,False
2024-11-16,35101.74979390872,35312.78235779996,35031.40560594497,35172.093981872466,35172.093981872466,274208347,False,nifty100.csv,2026-06-12T18:44:30,False
2024-11-17,35239.076512053536,35450.93468747671,35168.45712024582,35309.69590386126,35309.69590386126,248506304,False,nifty100.csv,2026-06-12T18:44:30,False
2024-11-18,35302.66300476656,35514.90346371305,35231.916185117734,35373.409824415394,35373.409824415394,319787234,False,nifty100.csv,2026-06-12T18:44:30,False
2024-11-19,35388.76055481727,35601.518634305154,35317.841194987974,35459.679914646564,35459.679914646564,342295239,False,nifty100.csv,2026-06-12T18:44:30,False
2024-11-20,35323.15784838524,35535.521522824434,35252.36995690552,35393.945739864976,35393.945739864976,238606138,False,nifty100.csv,2026-06-12T18:44:30,False
2024-11-21,35101.00094511594,35312.02900691023,35030.65825785118,35171.343632380704,35171.343632380704,195905971,False,nifty100.csv,2026-06-12T18:44:30,False
2024-11-22,35116.44432415715,35327.565231917615,35046.070688237,35186.81796007731,35186.81796007731,333488373,False,nifty100.csv,2026-06-12T18:44:30,False
2024-11-23,35441.5826563699,35654.65830360259,35370.55744062567,35512.60787211413,35512.60787211413,230037806,False,nifty100.csv,2026-06-12T18:44:30,False
2024-11-24,35595.44690600864,35809.4475888103,35524.11334507475,35666.780466942524,35666.780466942524,202134150,False,nifty100.csv,2026-06-12T18:44:30,False
2024-11-25,35448.12271950218,35661.237685751694,35377.08439741901,35519.16104158535,35519.16104158535,218571402,False,nifty100.csv,2026-06-12T18:44:30,False
2024-11-26,35702.899788235,35917.54648034864,35631.35089086379,35774.448685606214,35774.448685606214,290597606,False,nifty100.csv,2026-06-12T18:44:30,False
2024-11-27,34816.724040229856,35026.043022435646,34746.95104616126,34886.49703429845,34886.49703429845,273186492,False,nifty100.csv,2026-06-12T18:44:30,False
2024-11-28,35258.15169088474,35470.12454674176,35187.494072265734,35328.80930950375,35328.80930950375,160463128,False,nifty100.csv,2026-06-12T18:44:30,False
2024-11-29,34593.54145947973,34801.518662642935,34524.215725092,34662.86719386747,34662.86719386747,205541643,False,nifty100.csv,2026-06-12T18:44:30,False
2024-11-30,34495.774304316314,34703.16372899156,34426.64449609123,34564.90411254139,34564.90411254139,211152921,False,nifty100.csv,2026-06-12T18:44:30,False
2024-12-01,34161.0713212017,34366.4485034935,34092.61226043777,34229.53038196563,34229.53038196563,237820133,False,nifty100.csv,2026-06-12T18:44:30,False
2024-12-02,33814.812078219635,34018.10754161575,33747.046923754264,33882.577232685006,33882.577232685006,256527371,False,nifty100.csv,2026-06-12T18:44:30,False
2024-12-03,34317.364726932814,34523.681548938424,34248.59245293095,34386.13700093469,34386.13700093469,348090666,False,nifty100.csv,2026-06-12T18:44:30,False
2024-12-04,34099.38048435147,34304.38677984858,34031.045052519105,34167.71591618384,34167.71591618384,167509938,False,nifty100.csv,2026-06-12T18:44:30,False
2024-12-05,34168.10417264585,34373.52363660966,34099.63101799125,34236.57732730045,34236.57732730045,306075636,False,nifty100.csv,2026-06-12T18:44:30,False
2024-12-06,34074.913063460655,34279.77226023497,34006.626664535885,34143.199462385426,34143.199462385426,277620516,False,nifty100.csv,2026-06-12T18:44:30,False
2024-12-07,34226.559854864536,34432.330755795585,34157.96955455419,34295.15015517489,34295.15015517489,239911341,False,nifty100.csv,2026-06-12T18:44:30,False
2024-12-08,34292.067406766975,34498.2321406754,34223.3458287975,34360.78898473645,34360.78898473645,342794420,False,nifty100.csv,2026-06-12T18:44:30,False
2024-12-09,33938.04706903552,34142.08342415998,33870.0349506607,34006.05918741034,34006.05918741034,164058071,False,nifty100.csv,2026-06-12T18:44:30,False
2024-12-10,34273.76544048623,34479.820142533245,34205.0805398039,34342.45034116857,34342.45034116857,311834252,False,nifty100.csv,2026-06-12T18:44:30,False
2024-12-11,34094.50120843264,34299.47816960558,34026.17555470832,34162.82686215695,34162.82686215695,220984280,False,nifty100.csv,2026-06-12T18:44:30,False
2024-12-12,33596.262386354094,33798.243923747,33528.93520722312,33663.58956548506,33663.58956548506,238924540,False,nifty100.csv,2026-06-12T18:44:30,False
2024-12-13,33407.772891380584,33608.6212253969,33340.823446708484,33474.72233605269,33474.72233605269,212738549,False,nifty100.csv,2026-06-12T18:44:30,False
2024-12-14,34051.884753965285,34256.60550398913,33983.64450395734,34120.12500397323,34120.12500397323,230969656,False,nifty100.csv,2026-06-12T18:44:30,False
2024-12-15,34235.03604763513,34440.85790764095,34166.42876096652,34303.643334303735,34303.643334303735,274758131,False,nifty100.csv,2026-06-12T18:44:30,False
2024-12-16,34138.69929896861,34343.941980124735,34070.285071916565,34207.11352602065,34207.11352602065,163398275,False,nifty100.csv,2026-06-12T18:44:30,False
2024-12-17,34167.231159976305,34372.64537536695,34098.75975484609,34235.70256510652,34235.70256510652,239924682,False,nifty100.csv,2026-06-12T18:44:30,False
2024-12-18,34068.04177291816,34272.85965932849,33999.76914411472,34136.314401721604,34136.314401721604,176859824,False,nifty100.csv,2026-06-12T18:44:30,False
2024-12-19,34763.3935853318,34972.391943560244,34693.72746592232,34833.05970474128,34833.05970474128,221655789,False,nifty100.csv,2026-06-12T18:44:30,False
2024-12-20,34877.007408464604,35086.68881572992,34807.11360604283,34946.901210886375,34946.901210886375,310115210,False,nifty100.csv,2026-06-12T18:44:30,False
2024-12-21,35019.829062499586,35230.36911698355,34949.649044338265,35090.00908066091,35090.00908066091,153775702,False,nifty100.csv,2026-06-12T18:44:30,False
2024-12-22,35480.18499246088,35693.49271786645,35409.082417325684,35551.28756759607,35551.28756759607,321862444,False,nifty100.csv,2026-06-12T18:44:30,False
2024-12-23,35415.30847443678,35628.22616065584,35344.33591236376,35486.2810365098,35486.2810365098,173547377,False,nifty100.csv,2026-06-12T18:44:30,False
2024-12-24,35441.67064939044,35654.74682563928,35370.6452573075,35512.69604147339,35512.69604147339,244674459,False,nifty100.csv,2026-06-12T18:44:30,False
2024-12-25,35281.601047120304,35493.714881070926,35210.896435803435,35352.30565843718,35352.30565843718,224007274,False,nifty100.csv,2026-06-12T18:44:30,False
2024-12-26,35246.29796167967,35458.19955263166,35175.66409802901,35316.931825330335,35316.931825330335,286673646,False,nifty100.csv,2026-06-12T18:44:30,False
2024-12-27,35211.500632077834,35423.19302064744,35140.93650255464,35282.06476160104,35282.06476160104,292270776,False,nifty100.csv,2026-06-12T18:44:30,False
2024-12-28,35513.25266715393,35726.75919621498,35442.08382413358,35584.42151017428,35584.42151017428,162194329,False,nifty100.csv,2026-06-12T18:44:30,False
2024-12-29,35426.70795397889,35639.69417414309,35355.712547257484,35497.70336070029,35497.70336070029,164042008,False,nifty100.csv,2026-06-12T18:44:30,False
2024-12-30,35723.07349132395,35937.8414682257,35651.48416569004,35794.66281695787,35794.66281695787,275533724,False,nifty100.csv,2026-06-12T18:44:30,False
2024-12-31,35847.19470199533,36062.70889860051,35775.356636460274,35919.03276753039,35919.03276753039,265127762,False,nifty100.csv,2026-06-12T18:44:30,False
,35785.918202760404,36001.0640035786,35714.202935821006,35857.6334696998,35857.6334696998,211086560,False,nifty100.csv,2026-06-12T18:44:30,False
